ID,date_time,hum,temp,ppm
1,1/2/2013 0:00,14,30,513
2,1/2/2013 1:00,16,30,514
3,1/2/2013 2:00,16,30,513
4,1/2/2013 3:00,15,30,510
5,1/2/2013 4:00,15,30,510
6,1/2/2013 5:00,15,30,510
7,1/2/2013 6:00,15,30,510
8,1/2/2013 7:00,15,30,509
9,1/2/2013 8:00,15,30,509
10,1/2/2013 9:00,15,30,509
11,1/2/2013 10:00,15,30,509
12,1/2/2013 11:00,15,30,509
13,1/2/2013 12:00,15,30,515
14,1/2/2013 13:00,15,30,515
15,1/2/2013 14:00,15,30,515
16,1/2/2013 15:00,15,30,514
17,1/2/2013 16:00,15,30,513
18,1/2/2013 17:00,15,30,512
19,1/2/2013 18:00,15,30,511
20,1/2/2013 19:00,15,30,509
21,1/2/2013 20:00,15,30,508
22,1/2/2013 21:00,15,30,507
23,1/2/2013 22:00,15,30,492
24,1/2/2013 23:00,15,30,413
25,1/3/2013 0:00,15,30,396
26,1/3/2013 1:00,15,30,433
27,1/3/2013 2:00,15,30,444
28,1/3/2013 3:00,15,30,435
29,1/3/2013 4:00,15,30,441
30,1/3/2013 5:00,15,30,418
31,1/3/2013 6:00,15,30,425
32,1/3/2013 7:00,15,31,421
33,1/3/2013 8:00,15,30,421
34,1/3/2013 9:00,14,31,399
35,1/3/2013 10:00,15,30,439
36,1/3/2013 11:00,14,31,462
37,1/3/2013 12:00,14,31,465
38,1/3/2013 13:00,14,31,469
39,1/3/2013 14:00,15,30,473
40,1/3/2013 15:00,14,31,468
41,1/3/2013 16:00,14,31,483
42,1/3/2013 17:00,13,31,476
43,1/3/2013 18:00,13,31,475
44,1/3/2013 19:00,13,31,482
45,1/3/2013 20:00,13,31,477
46,1/3/2013 21:00,13,31,496
47,1/3/2013 22:00,15,31,508
48,1/3/2013 23:00,14,31,508
49,1/4/2013 0:00,14,31,508
50,1/4/2013 1:00,13,31,508
51,1/4/2013 2:00,13,31,508
52,1/4/2013 3:00,15,31,508
53,1/4/2013 4:00,13,31,507
54,1/4/2013 5:00,13,31,507
55,1/4/2013 6:00,13,31,508
56,1/4/2013 7:00,13,31,507
57,1/4/2013 8:00,13,31,507
58,1/4/2013 9:00,13,31,506
59,1/4/2013 10:00,13,31,506
60,1/4/2013 11:00,13,31,506
61,1/4/2013 12:00,13,31,506
62,1/4/2013 13:00,13,31,505
63,1/4/2013 14:00,13,31,504
64,1/4/2013 15:00,13,31,503
65,1/4/2013 16:00,13,31,502
66,1/4/2013 17:00,15,31,504
67,1/4/2013 18:00,13,31,504
68,1/4/2013 19:00,13,31,503
69,1/4/2013 20:00,13,31,502
70,1/4/2013 21:00,13,31,502
71,1/4/2013 22:00,13,31,502
72,1/4/2013 23:00,14,31,502
73,1/5/2013 0:00,13,31,502
74,1/5/2013 1:00,13,31,502
75,1/5/2013 2:00,13,31,501
76,1/5/2013 3:00,13,31,501
77,1/5/2013 4:00,13,31,501
78,1/5/2013 5:00,13,31,501
79,1/5/2013 6:00,13,31,501
80,1/5/2013 7:00,15,31,500
81,1/5/2013 8:00,13,31,500
82,1/5/2013 9:00,13,31,500
83,1/5/2013 10:00,13,31,500
84,1/5/2013 11:00,13,31,500
85,1/5/2013 12:00,13,31,499
86,1/5/2013 13:00,14,31,499
87,1/5/2013 14:00,13,31,498
88,1/5/2013 15:00,13,31,498
89,1/5/2013 16:00,13,31,497
90,1/5/2013 17:00,13,31,497
91,1/5/2013 18:00,13,31,497
92,1/5/2013 19:00,13,31,497
93,1/5/2013 20:00,13,31,496
94,1/5/2013 21:00,13,31,496
95,1/5/2013 22:00,13,31,496
96,1/5/2013 23:00,13,31,496
97,1/6/2013 0:00,13,31,496
98,1/6/2013 1:00,13,31,496
99,1/6/2013 2:00,13,31,495
100,1/6/2013 3:00,13,31,495
101,1/6/2013 4:00,13,31,494
102,1/6/2013 5:00,13,31,494
103,1/6/2013 6:00,13,31,494
104,1/6/2013 7:00,13,31,494
105,1/6/2013 8:00,13,31,493
106,1/6/2013 9:00,13,31,492
107,1/6/2013 10:00,13,31,492
108,1/6/2013 11:00,13,31,492
109,1/6/2013 12:00,13,31,492
110,1/6/2013 13:00,13,31,491
111,1/6/2013 14:00,13,31,491
112,1/6/2013 15:00,13,31,491
113,1/6/2013 16:00,13,31,491
114,1/6/2013 17:00,13,31,490
115,1/6/2013 18:00,14,33,490
116,1/6/2013 19:00,13,31,490
117,1/6/2013 20:00,13,31,490
118,1/6/2013 21:00,13,31,490
119,1/6/2013 22:00,13,31,489
120,1/6/2013 23:00,13,31,489
121,1/7/2013 0:00,13,31,489
122,1/7/2013 1:00,13,31,489
123,1/7/2013 2:00,13,31,489
124,1/7/2013 3:00,13,31,488
125,1/7/2013 4:00,13,31,488
126,1/7/2013 5:00,13,31,488
127,1/7/2013 6:00,13,31,487
128,1/7/2013 7:00,13,31,487
129,1/7/2013 8:00,13,31,485
130,1/7/2013 9:00,13,31,485
131,1/7/2013 10:00,13,31,485
132,1/7/2013 11:00,13,31,485
133,1/7/2013 12:00,13,31,484
134,1/7/2013 13:00,13,31,484
135,1/7/2013 14:00,13,31,484
136,1/7/2013 15:00,13,31,483
137,1/7/2013 16:00,13,31,483
138,1/7/2013 17:00,13,31,483
139,1/7/2013 18:00,13,31,483
140,1/7/2013 19:00,13,31,483
141,1/7/2013 20:00,13,31,483
142,1/7/2013 21:00,13,31,483
143,1/7/2013 22:00,13,31,483
144,1/7/2013 23:00,13,31,482
145,1/8/2013 0:00,13,31,482
146,1/8/2013 1:00,13,31,482
147,1/8/2013 2:00,14,31,482
148,1/8/2013 3:00,13,31,481
149,1/8/2013 4:00,13,31,480
150,1/8/2013 5:00,13,31,480
151,1/8/2013 6:00,13,31,480
152,1/8/2013 7:00,13,31,480
153,1/8/2013 8:00,13,31,480
154,1/8/2013 9:00,13,31,479
155,1/8/2013 10:00,13,31,479
156,1/8/2013 11:00,13,31,479
157,1/8/2013 12:00,14,31,479
158,1/8/2013 13:00,13,31,479
159,1/8/2013 14:00,13,31,479
160,1/8/2013 15:00,13,31,478
161,1/8/2013 16:00,13,31,478
162,1/8/2013 17:00,13,31,478
163,1/8/2013 18:00,13,31,478
164,1/8/2013 19:00,13,31,478
165,1/8/2013 20:00,13,31,478
166,1/8/2013 21:00,13,31,477
167,1/8/2013 22:00,13,31,476
168,1/8/2013 23:00,13,31,476
169,1/9/2013 0:00,13,31,476
170,1/9/2013 1:00,13,31,476
171,1/9/2013 2:00,14,31,476
172,1/9/2013 3:00,13,31,475
173,1/9/2013 4:00,13,31,475
174,1/9/2013 5:00,13,31,475
175,1/9/2013 6:00,13,31,475
176,1/9/2013 7:00,13,31,475
177,1/9/2013 8:00,13,31,474
178,1/9/2013 9:00,13,31,474
179,1/9/2013 10:00,13,31,474
180,1/9/2013 11:00,13,31,473
181,1/9/2013 12:00,13,31,473
182,1/9/2013 13:00,13,31,472
183,1/9/2013 14:00,13,31,470
184,1/9/2013 15:00,13,31,469
185,1/9/2013 16:00,13,31,467
186,1/9/2013 17:00,13,31,463
187,1/9/2013 18:00,13,31,456
188,1/9/2013 19:00,13,31,456
189,1/9/2013 20:00,13,31,405
190,1/9/2013 21:00,13,31,443
191,1/9/2013 22:00,13,32,438
192,1/9/2013 23:00,13,31,459
193,1/10/2013 0:00,13,31,465
194,1/10/2013 1:00,13,31,466
195,1/10/2013 2:00,13,31,466
196,1/10/2013 3:00,13,32,465
197,1/10/2013 4:00,13,32,465
198,1/10/2013 5:00,13,31,466
199,1/10/2013 6:00,14,31,466
200,1/10/2013 7:00,13,31,467
201,1/10/2013 8:00,13,31,465
202,1/10/2013 9:00,13,32,466
203,1/10/2013 10:00,13,31,467
204,1/10/2013 11:00,13,32,467
205,1/10/2013 12:00,13,32,467
206,1/10/2013 13:00,13,32,467
207,1/10/2013 14:00,13,32,467
208,1/10/2013 15:00,13,32,467
209,1/10/2013 16:00,13,32,467
210,1/10/2013 17:00,13,32,467
211,1/10/2013 18:00,13,32,467
212,1/10/2013 19:00,13,32,466
213,1/10/2013 20:00,13,32,466
214,1/10/2013 21:00,13,32,466
215,1/10/2013 22:00,13,32,466
216,1/10/2013 23:00,13,32,466
217,1/11/2013 0:00,13,32,466
218,1/11/2013 1:00,13,32,465
219,1/11/2013 2:00,13,32,465
220,1/11/2013 3:00,13,32,465
221,1/11/2013 4:00,13,32,465
222,1/11/2013 5:00,13,32,465
223,1/11/2013 6:00,13,32,465
224,1/11/2013 7:00,13,32,464
225,1/11/2013 8:00,13,32,464
226,1/11/2013 9:00,13,32,464
227,1/11/2013 10:00,13,32,464
228,1/11/2013 11:00,13,32,464
229,1/11/2013 12:00,13,32,464
230,1/11/2013 13:00,13,32,463
231,1/11/2013 14:00,13,32,463
232,1/11/2013 15:00,13,32,463
233,1/11/2013 16:00,13,32,463
234,1/11/2013 17:00,13,32,462
235,1/11/2013 18:00,13,32,462
236,1/11/2013 19:00,13,32,462
237,1/11/2013 20:00,13,32,461
238,1/11/2013 21:00,13,32,461
239,1/11/2013 22:00,13,32,461
240,1/11/2013 23:00,13,32,461
241,1/12/2013 0:00,13,32,461
242,1/12/2013 1:00,13,32,460
243,1/12/2013 2:00,13,32,459
244,1/12/2013 3:00,13,32,459
245,1/12/2013 4:00,13,32,459
246,1/12/2013 5:00,13,32,459
247,1/12/2013 6:00,13,32,458
248,1/12/2013 7:00,13,32,458
249,1/12/2013 8:00,13,32,458
250,1/12/2013 9:00,13,32,458
251,1/12/2013 10:00,13,32,458
252,1/12/2013 11:00,13,32,458
253,1/12/2013 12:00,13,32,458
254,1/12/2013 13:00,13,32,457
255,1/12/2013 14:00,13,30,457
256,1/12/2013 15:00,13,32,456
257,1/12/2013 16:00,13,32,456
258,1/12/2013 17:00,13,32,456
259,1/12/2013 18:00,13,32,456
260,1/12/2013 19:00,13,32,456
261,1/12/2013 20:00,13,32,455
262,1/12/2013 21:00,13,32,455
263,1/12/2013 22:00,13,32,455
264,1/12/2013 23:00,13,32,455
265,1/13/2013 0:00,13,32,455
266,1/13/2013 1:00,13,32,454
267,1/13/2013 2:00,13,30,454
268,1/13/2013 3:00,13,32,454
269,1/13/2013 4:00,13,32,454
270,1/13/2013 5:00,13,32,454
271,1/13/2013 6:00,13,32,454
272,1/13/2013 7:00,13,32,454
273,1/13/2013 8:00,13,32,453
274,1/13/2013 9:00,13,32,453
275,1/13/2013 10:00,13,32,453
276,1/13/2013 11:00,13,32,453
277,1/13/2013 12:00,13,32,452
278,1/13/2013 13:00,13,32,452
279,1/13/2013 14:00,13,32,452
280,1/13/2013 15:00,13,32,452
281,1/13/2013 16:00,13,32,452
282,1/13/2013 17:00,13,32,452
283,1/13/2013 18:00,13,30,450
284,1/13/2013 19:00,13,32,450
285,1/13/2013 20:00,13,32,450
286,1/13/2013 21:00,13,32,450
287,1/13/2013 22:00,13,32,450
288,1/13/2013 23:00,13,32,449
289,1/14/2013 0:00,13,32,450
290,1/14/2013 1:00,13,32,449
291,1/14/2013 2:00,13,32,449
292,1/14/2013 3:00,13,32,449
293,1/14/2013 4:00,13,32,448
294,1/14/2013 5:00,13,32,448
295,1/14/2013 6:00,13,32,448
296,1/14/2013 7:00,13,32,448
297,1/14/2013 8:00,13,32,447
298,1/14/2013 9:00,13,32,448
299,1/14/2013 10:00,13,32,448
300,1/14/2013 11:00,13,32,447
301,1/14/2013 12:00,13,32,447
302,1/14/2013 13:00,13,32,447
303,1/14/2013 14:00,13,32,446
304,1/14/2013 15:00,13,32,446
305,1/14/2013 16:00,13,32,446
306,1/14/2013 17:00,13,32,446
307,1/14/2013 18:00,13,32,446
308,1/14/2013 19:00,13,32,446
309,1/14/2013 20:00,13,32,445
310,1/14/2013 21:00,13,32,445
311,1/14/2013 22:00,13,32,445
312,1/14/2013 23:00,13,32,444
313,1/15/2013 0:00,13,32,444
314,1/15/2013 1:00,13,32,444
315,1/15/2013 2:00,13,32,444
316,1/15/2013 3:00,13,32,444
317,1/15/2013 4:00,13,32,443
318,1/15/2013 5:00,14,32,443
319,1/15/2013 6:00,13,32,443
320,1/15/2013 7:00,13,32,443
321,1/15/2013 8:00,13,32,443
322,1/15/2013 9:00,13,32,443
323,1/15/2013 10:00,13,32,442
324,1/15/2013 11:00,13,32,442
325,1/15/2013 12:00,13,32,441
326,1/15/2013 13:00,13,32,441
327,1/15/2013 14:00,13,32,441
328,1/15/2013 15:00,13,32,441
329,1/15/2013 16:00,13,32,441
330,1/15/2013 17:00,13,32,441
331,1/15/2013 18:00,13,32,441
332,1/15/2013 19:00,13,32,441
333,1/15/2013 20:00,14,32,441
334,1/15/2013 21:00,13,32,441
335,1/15/2013 22:00,13,32,440
336,1/15/2013 23:00,13,32,440
337,1/16/2013 0:00,13,32,440
338,1/16/2013 1:00,13,32,440
339,1/16/2013 2:00,12,32,440
340,1/16/2013 3:00,13,32,440
341,1/16/2013 4:00,13,30,440
342,1/16/2013 5:00,12,32,440
343,1/16/2013 6:00,12,32,440
344,1/16/2013 7:00,12,32,440
345,1/16/2013 8:00,12,32,439
346,1/16/2013 9:00,12,32,439
347,1/16/2013 10:00,12,32,439
348,1/16/2013 11:00,12,32,439
349,1/16/2013 12:00,12,32,439
350,1/16/2013 13:00,12,32,439
351,1/16/2013 14:00,12,32,439
352,1/16/2013 15:00,12,32,438
353,1/16/2013 16:00,12,32,438
354,1/16/2013 17:00,12,32,438
355,1/16/2013 18:00,12,32,438
356,1/16/2013 19:00,12,32,437
357,1/16/2013 20:00,12,32,437
358,1/16/2013 21:00,11,34,437
359,1/16/2013 22:00,12,32,437
360,1/16/2013 23:00,12,32,437
361,1/17/2013 0:00,12,32,437
362,1/17/2013 1:00,12,32,437
363,1/17/2013 2:00,12,32,437
364,1/17/2013 3:00,12,32,437
365,1/17/2013 4:00,12,32,437
366,1/17/2013 5:00,12,32,437
367,1/17/2013 6:00,12,32,437
368,1/17/2013 7:00,12,32,437
369,1/17/2013 8:00,12,32,437
370,1/17/2013 9:00,12,32,436
371,1/17/2013 10:00,12,32,436
372,1/17/2013 11:00,12,32,436
373,1/17/2013 12:00,12,32,436
374,1/17/2013 13:00,12,32,436
375,1/17/2013 14:00,12,32,435
376,1/17/2013 15:00,12,32,436
377,1/17/2013 16:00,12,32,436
378,1/17/2013 17:00,11,33,435
379,1/17/2013 18:00,13,32,435
380,1/17/2013 19:00,13,32,435
381,1/17/2013 20:00,13,32,435
382,1/17/2013 21:00,13,32,435
383,1/17/2013 22:00,12,32,435
384,1/17/2013 23:00,12,32,434
385,1/18/2013 0:00,12,32,434
386,1/18/2013 1:00,12,32,434
387,1/18/2013 2:00,12,32,433
388,1/18/2013 3:00,12,32,432
389,1/18/2013 4:00,13,32,432
390,1/18/2013 5:00,13,32,432
391,1/18/2013 6:00,12,32,432
392,1/18/2013 7:00,13,32,432
393,1/18/2013 8:00,12,32,432
394,1/18/2013 9:00,12,32,432
395,1/18/2013 10:00,13,32,432
396,1/18/2013 11:00,13,32,431
397,1/18/2013 12:00,12,32,431
398,1/18/2013 13:00,13,32,431
399,1/18/2013 14:00,12,32,431
400,1/18/2013 15:00,13,32,431
401,1/18/2013 16:00,13,32,431
402,1/18/2013 17:00,13,32,431
403,1/18/2013 18:00,12,32,431
404,1/18/2013 19:00,12,32,431
405,1/18/2013 20:00,12,32,431
406,1/18/2013 21:00,12,32,431
407,1/18/2013 22:00,13,32,431
408,1/18/2013 23:00,12,32,430
409,1/19/2013 0:00,14,32,430
410,1/19/2013 1:00,13,32,430
411,1/19/2013 2:00,12,32,430
412,1/19/2013 3:00,12,32,430
413,1/19/2013 4:00,13,32,430
414,1/19/2013 5:00,12,32,430
415,1/19/2013 6:00,13,32,430
416,1/19/2013 7:00,12,32,430
417,1/19/2013 8:00,12,32,429
418,1/19/2013 9:00,12,32,429
419,1/19/2013 10:00,12,32,429
420,1/19/2013 11:00,12,32,429
421,1/19/2013 12:00,12,32,429
422,1/19/2013 13:00,12,32,429
423,1/19/2013 14:00,12,32,429
424,1/19/2013 15:00,12,32,428
425,1/19/2013 16:00,13,32,428
426,1/19/2013 17:00,12,32,428
427,1/19/2013 18:00,12,32,428
428,1/19/2013 19:00,13,32,428
429,1/19/2013 20:00,12,32,428
430,1/19/2013 21:00,14,32,428
431,1/19/2013 22:00,13,32,428
432,1/19/2013 23:00,13,32,428
433,1/20/2013 0:00,13,32,428
434,1/20/2013 1:00,13,32,428
435,1/20/2013 2:00,12,32,427
436,1/20/2013 3:00,12,32,427
437,1/20/2013 4:00,12,32,427
438,1/20/2013 5:00,12,32,427
439,1/20/2013 6:00,12,32,427
440,1/20/2013 7:00,12,32,427
441,1/20/2013 8:00,12,32,427
442,1/20/2013 9:00,12,32,427
443,1/20/2013 10:00,12,32,426
444,1/20/2013 11:00,12,32,427
445,1/20/2013 12:00,12,32,427
446,1/20/2013 13:00,13,32,427
447,1/20/2013 14:00,13,32,427
448,1/20/2013 15:00,13,32,427
449,1/20/2013 16:00,13,32,427
450,1/20/2013 17:00,13,32,427
451,1/20/2013 18:00,13,32,427
452,1/20/2013 19:00,13,32,427
453,1/20/2013 20:00,12,32,427
454,1/20/2013 21:00,12,32,426
455,1/20/2013 22:00,12,32,427
456,1/20/2013 23:00,12,32,426
457,1/21/2013 0:00,12,32,426
458,1/21/2013 1:00,12,32,426
459,1/21/2013 2:00,12,32,426
460,1/21/2013 3:00,12,32,426
461,1/21/2013 4:00,11,33,426
462,1/21/2013 5:00,12,32,426
463,1/21/2013 6:00,12,32,426
464,1/21/2013 7:00,12,32,426
465,1/21/2013 8:00,12,32,426
466,1/21/2013 9:00,12,32,426
467,1/21/2013 10:00,12,32,426
468,1/21/2013 11:00,12,32,426
469,1/21/2013 12:00,12,32,426
470,1/21/2013 13:00,12,32,426
471,1/21/2013 14:00,13,30,426
472,1/21/2013 15:00,12,32,426
473,1/21/2013 16:00,12,32,425
474,1/21/2013 17:00,12,32,425
475,1/21/2013 18:00,12,32,425
476,1/21/2013 19:00,12,32,426
477,1/21/2013 20:00,12,32,426
478,1/21/2013 21:00,12,32,426
479,1/21/2013 22:00,12,32,426
480,1/21/2013 23:00,12,32,426
481,1/22/2013 0:00,12,32,425
482,1/22/2013 1:00,12,32,426
483,1/22/2013 2:00,12,32,426
484,1/22/2013 3:00,12,32,426
485,1/22/2013 4:00,12,32,426
486,1/22/2013 5:00,12,32,425
487,1/22/2013 6:00,12,32,426
488,1/22/2013 7:00,12,32,426
489,1/22/2013 8:00,12,32,426
490,1/22/2013 9:00,12,32,426
491,1/22/2013 10:00,12,32,426
492,1/22/2013 11:00,12,32,426
493,1/22/2013 12:00,12,32,426
494,1/22/2013 13:00,12,32,426
495,1/22/2013 14:00,12,32,426
496,1/22/2013 15:00,11,33,426
497,1/22/2013 16:00,12,32,426
498,1/22/2013 17:00,12,32,426
499,1/22/2013 18:00,12,32,426
500,1/22/2013 19:00,12,32,427
501,1/22/2013 20:00,12,32,427
502,1/22/2013 21:00,12,32,427
503,1/22/2013 22:00,12,32,428
504,1/22/2013 23:00,12,32,428
505,1/23/2013 0:00,12,32,429
506,1/23/2013 1:00,12,32,428
507,1/23/2013 2:00,12,32,428
508,1/23/2013 3:00,12,32,428
509,1/23/2013 4:00,12,32,428
510,1/23/2013 5:00,12,32,428
511,1/23/2013 6:00,12,32,427
512,1/23/2013 7:00,12,32,427
513,1/23/2013 8:00,12,32,427
514,1/23/2013 9:00,12,32,426
515,1/23/2013 10:00,12,32,427
516,1/23/2013 11:00,12,32,428
517,1/23/2013 12:00,12,32,427
518,1/23/2013 13:00,12,32,427
519,1/23/2013 14:00,12,32,427
520,1/23/2013 15:00,12,32,427
521,1/23/2013 16:00,12,32,427
522,1/23/2013 17:00,12,32,427
523,1/23/2013 18:00,12,32,427
524,1/23/2013 19:00,12,32,428
525,1/23/2013 20:00,12,32,428
526,1/23/2013 21:00,12,32,428
527,1/23/2013 22:00,11,33,429
528,1/23/2013 23:00,12,32,428
529,1/24/2013 0:00,12,32,429
530,1/24/2013 1:00,12,32,429
531,1/24/2013 2:00,12,32,429
532,1/24/2013 3:00,12,32,429
533,1/24/2013 4:00,12,32,430
534,1/24/2013 5:00,12,32,430
535,1/24/2013 6:00,11,33,429
536,1/24/2013 7:00,12,32,429
537,1/24/2013 8:00,12,32,430
538,1/24/2013 9:00,12,32,429
539,1/24/2013 10:00,12,32,430
540,1/24/2013 11:00,12,32,428
541,1/24/2013 12:00,12,32,429
542,1/24/2013 13:00,13,32,429
543,1/24/2013 14:00,12,32,429
544,1/24/2013 15:00,12,32,429
545,1/24/2013 16:00,12,32,429
546,1/24/2013 17:00,12,32,429
547,1/24/2013 18:00,12,32,429
548,1/24/2013 19:00,12,32,430
549,1/24/2013 20:00,12,32,430
550,1/24/2013 21:00,12,32,430
551,1/24/2013 22:00,12,32,430
552,1/24/2013 23:00,12,32,430
553,1/25/2013 0:00,12,32,431
554,1/25/2013 1:00,12,32,431
555,1/25/2013 2:00,12,32,430
556,1/25/2013 3:00,12,32,430
557,1/25/2013 4:00,12,32,431
558,1/25/2013 5:00,12,32,430
559,1/25/2013 6:00,12,32,431
560,1/25/2013 7:00,12,32,430
561,1/25/2013 8:00,12,32,431
562,1/25/2013 9:00,12,32,430
563,1/25/2013 10:00,12,32,431
564,1/25/2013 11:00,14,32,431
565,1/25/2013 12:00,12,32,431
566,1/25/2013 13:00,12,32,431
567,1/25/2013 14:00,12,32,431
568,1/25/2013 15:00,12,32,431
569,1/25/2013 16:00,12,32,431
570,1/25/2013 17:00,12,32,431
571,1/25/2013 18:00,12,32,431
572,1/25/2013 19:00,12,32,431
573,1/25/2013 20:00,12,32,431
574,1/25/2013 21:00,12,32,429
575,1/25/2013 22:00,12,32,429
576,1/25/2013 23:00,12,32,429
577,1/26/2013 0:00,12,32,428
578,1/26/2013 1:00,12,32,428
579,1/26/2013 2:00,11,33,429
580,1/26/2013 3:00,14,32,428
581,1/26/2013 4:00,12,32,428
582,1/26/2013 5:00,12,32,428
583,1/26/2013 6:00,11,33,429
584,1/26/2013 7:00,12,32,429
585,1/26/2013 8:00,12,32,429
586,1/26/2013 9:00,12,32,428
587,1/26/2013 10:00,12,32,429
588,1/26/2013 11:00,12,32,429
589,1/26/2013 12:00,12,32,428
590,1/26/2013 13:00,12,32,429
591,1/26/2013 14:00,12,32,428
592,1/26/2013 15:00,12,32,428
593,1/26/2013 16:00,12,32,428
594,1/26/2013 17:00,12,32,430
595,1/26/2013 18:00,12,32,429
596,1/26/2013 19:00,12,32,429
597,1/26/2013 20:00,12,32,429
598,1/26/2013 21:00,12,32,429
599,1/26/2013 22:00,12,32,429
600,1/26/2013 23:00,12,32,429
601,1/27/2013 0:00,13,32,431
602,1/27/2013 1:00,11,33,326
603,1/27/2013 2:00,13,32,410
604,1/27/2013 3:00,12,32,410
605,1/27/2013 4:00,13,32,420
606,1/27/2013 5:00,13,32,397
607,1/27/2013 6:00,13,32,397
608,1/27/2013 7:00,13,32,397
609,1/27/2013 8:00,12,32,395
610,1/27/2013 9:00,12,32,392
611,1/27/2013 10:00,12,32,391
612,1/27/2013 11:00,12,32,383
613,1/27/2013 12:00,12,32,381
614,1/27/2013 13:00,12,32,382
615,1/27/2013 14:00,12,32,381
616,1/27/2013 15:00,12,32,380
617,1/27/2013 16:00,12,32,374
618,1/27/2013 17:00,12,32,368
619,1/27/2013 18:00,12,32,361
620,1/27/2013 19:00,12,32,376
621,1/27/2013 20:00,12,32,388
622,1/27/2013 21:00,12,32,390
623,1/27/2013 22:00,12,32,382
624,1/27/2013 23:00,13,32,363
625,1/28/2013 0:00,12,32,362
626,1/28/2013 1:00,12,32,359
627,1/28/2013 2:00,12,32,359
628,1/28/2013 3:00,12,32,351
629,1/28/2013 4:00,12,32,359
630,1/28/2013 5:00,12,32,359
631,1/28/2013 6:00,12,32,361
632,1/28/2013 7:00,12,32,360
633,1/28/2013 8:00,12,32,357
634,1/28/2013 9:00,12,32,355
635,1/28/2013 10:00,12,32,359
636,1/28/2013 11:00,12,32,360
637,1/28/2013 12:00,12,32,360
638,1/28/2013 13:00,12,32,360
639,1/28/2013 14:00,12,32,360
640,1/28/2013 15:00,12,32,360
641,1/28/2013 16:00,12,32,361
642,1/28/2013 17:00,12,32,360
643,1/28/2013 18:00,12,32,360
644,1/28/2013 19:00,12,32,360
645,1/28/2013 20:00,12,32,359
646,1/28/2013 21:00,12,32,356
647,1/28/2013 22:00,12,32,355
648,1/28/2013 23:00,12,32,355
649,1/29/2013 0:00,12,32,356
650,1/29/2013 1:00,12,32,357
651,1/29/2013 2:00,12,32,356
652,1/29/2013 3:00,12,32,353
653,1/29/2013 4:00,12,32,354
654,1/29/2013 5:00,12,32,355
655,1/29/2013 6:00,12,32,355
656,1/29/2013 7:00,12,32,360
657,1/29/2013 8:00,12,32,359
658,1/29/2013 9:00,12,32,360
659,1/29/2013 10:00,12,32,360
660,1/29/2013 11:00,12,32,359
661,1/29/2013 12:00,12,32,360
662,1/29/2013 13:00,12,32,360
663,1/29/2013 14:00,12,32,359
664,1/29/2013 15:00,12,32,357
665,1/29/2013 16:00,12,32,356
666,1/29/2013 17:00,13,30,356
667,1/29/2013 18:00,12,32,355
668,1/29/2013 19:00,12,32,356
669,1/29/2013 20:00,12,32,356
670,1/29/2013 21:00,12,32,357
671,1/29/2013 22:00,12,32,357
672,1/29/2013 23:00,12,32,359
673,1/30/2013 0:00,12,32,363
674,1/30/2013 1:00,12,32,366
675,1/30/2013 2:00,12,32,366
676,1/30/2013 3:00,12,32,368
677,1/30/2013 4:00,12,32,369
678,1/30/2013 5:00,12,32,369
679,1/30/2013 6:00,12,32,369
680,1/30/2013 7:00,12,32,370
681,1/30/2013 8:00,11,34,371
682,1/30/2013 9:00,12,32,372
683,1/30/2013 10:00,12,32,372
684,1/30/2013 11:00,12,32,372
685,1/30/2013 12:00,12,32,373
686,1/30/2013 13:00,12,32,373
687,1/30/2013 14:00,12,32,373
688,1/30/2013 15:00,12,32,373
689,1/30/2013 16:00,12,32,374
690,1/30/2013 17:00,12,32,374
691,1/30/2013 18:00,12,32,374
692,1/30/2013 19:00,12,32,374
693,1/30/2013 20:00,12,32,374
694,1/30/2013 21:00,12,32,374
695,1/30/2013 22:00,12,32,374
696,1/30/2013 23:00,12,32,374
697,1/31/2013 0:00,12,32,374
698,1/31/2013 1:00,12,32,374
699,1/31/2013 2:00,12,32,374
700,1/31/2013 3:00,12,32,374
701,1/31/2013 4:00,12,32,374
702,1/31/2013 5:00,12,32,374
703,1/31/2013 6:00,12,31,374
704,1/31/2013 7:00,12,32,374
705,1/31/2013 8:00,12,32,374
706,1/31/2013 9:00,12,32,374
707,1/31/2013 10:00,12,32,374
708,1/31/2013 11:00,12,32,373
709,1/31/2013 12:00,12,32,373
710,1/31/2013 13:00,12,32,373
711,1/31/2013 14:00,12,32,373
712,1/31/2013 15:00,12,31,374
713,1/31/2013 16:00,12,31,373
714,1/31/2013 17:00,12,31,372
715,1/31/2013 18:00,12,31,372
716,1/31/2013 19:00,12,31,372
717,1/31/2013 20:00,12,31,371
718,1/31/2013 21:00,12,31,371
719,1/31/2013 22:00,12,31,370
720,1/31/2013 23:00,12,31,370
721,2/1/2013 0:00,12,31,371
722,2/1/2013 1:00,12,31,371
723,2/1/2013 2:00,12,31,371
724,2/1/2013 3:00,12,31,370
725,2/1/2013 4:00,12,31,370
726,2/1/2013 5:00,13,31,370
727,2/1/2013 6:00,12,31,370
728,2/1/2013 7:00,12,31,371
729,2/1/2013 8:00,12,31,372
730,2/1/2013 9:00,12,31,371
731,2/1/2013 10:00,12,31,371
732,2/1/2013 11:00,12,31,372
733,2/1/2013 12:00,12,31,371
734,2/1/2013 13:00,13,31,371
735,2/1/2013 14:00,12,31,372
736,2/1/2013 15:00,12,31,373
737,2/1/2013 16:00,12,31,372
738,2/1/2013 17:00,12,31,373
739,2/1/2013 18:00,12,31,374
740,2/1/2013 19:00,12,31,380
741,2/1/2013 20:00,12,31,381
742,2/1/2013 21:00,12,31,382
743,2/1/2013 22:00,12,31,383
744,2/1/2013 23:00,12,32,383
745,2/2/2013 0:00,12,31,383
746,2/2/2013 1:00,12,31,383
747,2/2/2013 2:00,12,31,383
748,2/2/2013 3:00,12,31,388
749,2/2/2013 4:00,12,31,388
750,2/2/2013 5:00,12,31,388
751,2/2/2013 6:00,12,31,389
752,2/2/2013 7:00,12,31,389
753,2/2/2013 8:00,12,31,389
754,2/2/2013 9:00,12,31,389
755,2/2/2013 10:00,12,31,390
756,2/2/2013 11:00,12,31,390
757,2/2/2013 12:00,12,31,389
758,2/2/2013 13:00,12,31,389
759,2/2/2013 14:00,12,31,389
760,2/2/2013 15:00,12,31,389
761,2/2/2013 16:00,12,31,388
762,2/2/2013 17:00,12,31,388
763,2/2/2013 18:00,12,31,388
764,2/2/2013 19:00,12,31,387
765,2/2/2013 20:00,12,31,387
766,2/2/2013 21:00,12,31,387
767,2/2/2013 22:00,12,31,386
768,2/2/2013 23:00,12,31,383
769,2/3/2013 0:00,12,31,383
770,2/3/2013 1:00,12,31,383
771,2/3/2013 2:00,12,31,383
772,2/3/2013 3:00,12,31,383
773,2/3/2013 4:00,12,31,383
774,2/3/2013 5:00,12,31,382
775,2/3/2013 6:00,12,31,382
776,2/3/2013 7:00,12,31,382
777,2/3/2013 8:00,12,31,382
778,2/3/2013 9:00,12,31,382
779,2/3/2013 10:00,12,31,382
780,2/3/2013 11:00,13,31,382
781,2/3/2013 12:00,12,31,382
782,2/3/2013 13:00,12,31,382
783,2/3/2013 14:00,12,31,382
784,2/3/2013 15:00,12,31,382
785,2/3/2013 16:00,12,31,382
786,2/3/2013 17:00,12,31,382
787,2/3/2013 18:00,12,31,382
788,2/3/2013 19:00,12,31,382
789,2/3/2013 20:00,12,31,382
790,2/3/2013 21:00,12,31,382
791,2/3/2013 22:00,12,31,382
792,2/3/2013 23:00,13,31,382
793,2/4/2013 0:00,12,31,382
794,2/4/2013 1:00,12,31,382
795,2/4/2013 2:00,12,31,382
796,2/4/2013 3:00,12,31,382
797,2/4/2013 4:00,12,31,382
798,2/4/2013 5:00,12,31,381
799,2/4/2013 6:00,12,31,381
800,2/4/2013 7:00,12,31,381
801,2/4/2013 8:00,12,31,381
802,2/4/2013 9:00,12,31,381
803,2/4/2013 10:00,12,31,381
804,2/4/2013 11:00,12,31,381
805,2/4/2013 12:00,12,31,381
806,2/4/2013 13:00,12,31,381
807,2/4/2013 14:00,12,31,381
808,2/4/2013 15:00,12,31,381
809,2/4/2013 16:00,12,31,381
810,2/4/2013 17:00,12,31,381
811,2/4/2013 18:00,12,31,381
812,2/4/2013 19:00,12,31,381
813,2/4/2013 20:00,12,31,380
814,2/4/2013 21:00,12,31,380
815,2/4/2013 22:00,12,31,380
816,2/4/2013 23:00,12,31,380
817,2/5/2013 0:00,12,31,380
818,2/5/2013 1:00,12,31,380
819,2/5/2013 2:00,12,31,380
820,2/5/2013 3:00,12,31,380
821,2/5/2013 4:00,12,31,380
822,2/5/2013 5:00,12,31,379
823,2/5/2013 6:00,12,31,379
824,2/5/2013 7:00,12,31,379
825,2/5/2013 8:00,12,31,379
826,2/5/2013 9:00,12,31,379
827,2/5/2013 10:00,12,31,379
828,2/5/2013 11:00,12,31,379
829,2/5/2013 12:00,12,31,379
830,2/5/2013 13:00,12,31,379
831,2/5/2013 14:00,12,31,379
832,2/5/2013 15:00,12,31,378
833,2/5/2013 16:00,12,31,378
834,2/5/2013 17:00,12,31,378
835,2/5/2013 18:00,12,31,378
836,2/5/2013 19:00,12,31,378
837,2/5/2013 20:00,12,31,377
838,2/5/2013 21:00,12,31,376
839,2/5/2013 22:00,12,31,376
840,2/5/2013 23:00,12,31,376
841,2/6/2013 0:00,12,31,375
842,2/6/2013 1:00,12,31,374
843,2/6/2013 2:00,12,31,374
844,2/6/2013 3:00,12,31,374
845,2/6/2013 4:00,12,31,374
846,2/6/2013 5:00,12,31,373
847,2/6/2013 6:00,12,31,373
848,2/6/2013 7:00,12,31,373
849,2/6/2013 8:00,12,31,373
850,2/6/2013 9:00,12,31,372
851,2/6/2013 10:00,12,31,372
852,2/6/2013 11:00,12,31,372
853,2/6/2013 12:00,12,31,372
854,2/6/2013 13:00,12,31,372
855,2/6/2013 14:00,12,31,371
856,2/6/2013 15:00,12,31,370
857,2/6/2013 16:00,12,31,370
858,2/6/2013 17:00,12,31,370
859,2/6/2013 18:00,12,31,369
860,2/6/2013 19:00,12,31,369
861,2/6/2013 20:00,12,31,369
862,2/6/2013 21:00,12,31,368
863,2/6/2013 22:00,13,31,366
864,2/6/2013 23:00,12,31,365
865,2/7/2013 0:00,12,31,364
866,2/7/2013 1:00,12,31,364
867,2/7/2013 2:00,12,31,363
868,2/7/2013 3:00,12,31,363
869,2/7/2013 4:00,12,31,363
870,2/7/2013 5:00,12,31,362
871,2/7/2013 6:00,12,31,362
872,2/7/2013 7:00,12,31,361
873,2/7/2013 8:00,12,31,361
874,2/7/2013 9:00,12,31,361
875,2/7/2013 10:00,12,31,361
876,2/7/2013 11:00,12,31,361
877,2/7/2013 12:00,12,31,360
878,2/7/2013 13:00,12,31,360
879,2/7/2013 14:00,12,31,360
880,2/7/2013 15:00,12,31,360
881,2/7/2013 16:00,12,31,360
882,2/7/2013 17:00,12,31,359
883,2/7/2013 18:00,12,31,359
884,2/7/2013 19:00,12,31,359
885,2/7/2013 20:00,12,31,358
886,2/7/2013 21:00,12,31,358
887,2/7/2013 22:00,12,31,357
888,2/7/2013 23:00,12,31,357
889,2/8/2013 0:00,12,31,356
890,2/8/2013 1:00,12,31,356
891,2/8/2013 2:00,12,31,356
892,2/8/2013 3:00,12,31,355
893,2/8/2013 4:00,12,32,355
894,2/8/2013 5:00,12,31,355
895,2/8/2013 6:00,12,31,355
896,2/8/2013 7:00,12,31,354
897,2/8/2013 8:00,12,31,354
898,2/8/2013 9:00,12,31,355
899,2/8/2013 10:00,12,31,355
900,2/8/2013 11:00,12,31,355
901,2/8/2013 12:00,12,31,354
902,2/8/2013 13:00,12,31,354
903,2/8/2013 14:00,12,31,354
904,2/8/2013 15:00,12,31,354
905,2/8/2013 16:00,12,31,354
906,2/8/2013 17:00,12,31,353
907,2/8/2013 18:00,12,31,354
908,2/8/2013 19:00,12,31,354
909,2/8/2013 20:00,12,31,354
910,2/8/2013 21:00,12,31,355
911,2/8/2013 22:00,12,31,354
912,2/8/2013 23:00,12,31,354
913,2/9/2013 0:00,12,31,355
914,2/9/2013 1:00,12,31,356
915,2/9/2013 2:00,12,31,356
916,2/9/2013 3:00,12,31,355
917,2/9/2013 4:00,12,31,354
918,2/9/2013 5:00,12,31,354
919,2/9/2013 6:00,12,31,354
920,2/9/2013 7:00,12,31,354
921,2/9/2013 8:00,12,31,354
922,2/9/2013 9:00,12,31,355
923,2/9/2013 10:00,12,31,354
924,2/9/2013 11:00,12,31,355
925,2/9/2013 12:00,12,31,355
926,2/9/2013 13:00,12,31,355
927,2/9/2013 14:00,12,31,355
928,2/9/2013 15:00,12,31,355
929,2/9/2013 16:00,12,31,355
930,2/9/2013 17:00,12,31,355
931,2/9/2013 18:00,12,31,355
932,2/9/2013 19:00,12,31,354
933,2/9/2013 20:00,12,31,354
934,2/9/2013 21:00,12,31,354
935,2/9/2013 22:00,12,31,354
936,2/9/2013 23:00,12,31,355
937,2/10/2013 0:00,12,31,355
938,2/10/2013 1:00,12,31,355
939,2/10/2013 2:00,12,31,354
940,2/10/2013 3:00,12,31,353
941,2/10/2013 4:00,12,31,352
942,2/10/2013 5:00,12,31,348
943,2/10/2013 6:00,12,31,348
944,2/10/2013 7:00,12,31,348
945,2/10/2013 8:00,12,31,348
946,2/10/2013 9:00,12,31,348
947,2/10/2013 10:00,12,31,348
948,2/10/2013 11:00,12,31,346
949,2/10/2013 12:00,12,31,345
950,2/10/2013 13:00,12,31,343
951,2/10/2013 14:00,12,31,345
952,2/10/2013 15:00,11,33,342
953,2/10/2013 16:00,12,31,339
954,2/10/2013 17:00,12,31,342
955,2/10/2013 18:00,12,31,342
956,2/10/2013 19:00,12,31,339
957,2/10/2013 20:00,12,31,339
958,2/10/2013 21:00,12,31,342
959,2/10/2013 22:00,12,31,345
960,2/10/2013 23:00,12,31,345
961,2/11/2013 0:00,12,31,344
962,2/11/2013 1:00,12,31,345
963,2/11/2013 2:00,12,31,346
964,2/11/2013 3:00,12,31,345
965,2/11/2013 4:00,12,31,344
966,2/11/2013 5:00,12,31,339
967,2/11/2013 6:00,12,31,337
968,2/11/2013 7:00,12,31,335
969,2/11/2013 8:00,12,31,337
970,2/11/2013 9:00,12,31,344
971,2/11/2013 10:00,12,31,344
972,2/11/2013 11:00,14,31,344
973,2/11/2013 12:00,12,31,344
974,2/11/2013 13:00,12,31,345
975,2/11/2013 14:00,12,31,345
976,2/11/2013 15:00,12,31,345
977,2/11/2013 16:00,12,31,345
978,2/11/2013 17:00,12,31,344
979,2/11/2013 18:00,12,31,344
980,2/11/2013 19:00,12,31,342
981,2/11/2013 20:00,12,31,343
982,2/11/2013 21:00,12,31,345
983,2/11/2013 22:00,12,31,347
984,2/11/2013 23:00,12,31,346
985,2/12/2013 0:00,12,31,345
986,2/12/2013 1:00,12,31,344
987,2/12/2013 2:00,12,31,343
988,2/12/2013 3:00,12,31,342
989,2/12/2013 4:00,12,31,339
990,2/12/2013 5:00,12,31,339
991,2/12/2013 6:00,12,31,342
992,2/12/2013 7:00,12,31,339
993,2/12/2013 8:00,12,31,339
994,2/12/2013 9:00,12,31,338
995,2/12/2013 10:00,12,31,341
996,2/12/2013 11:00,12,31,341
997,2/12/2013 12:00,12,31,339
998,2/12/2013 13:00,12,31,340
999,2/12/2013 14:00,12,31,341
1000,2/12/2013 15:00,12,31,338
1001,2/12/2013 16:00,12,31,337
1002,2/12/2013 17:00,12,31,335
1003,2/12/2013 18:00,12,31,335
1004,2/12/2013 19:00,12,31,336
1005,2/12/2013 20:00,12,31,335
1006,2/12/2013 21:00,12,31,336
1007,2/12/2013 22:00,12,31,335
1008,2/12/2013 23:00,12,31,336
1009,2/13/2013 0:00,12,31,336
1010,2/13/2013 1:00,12,31,335
1011,2/13/2013 2:00,12,31,335
1012,2/13/2013 3:00,12,31,333
1013,2/13/2013 4:00,12,31,338
1014,2/13/2013 5:00,12,31,338
1015,2/13/2013 6:00,12,31,338
1016,2/13/2013 7:00,12,31,339
1017,2/13/2013 8:00,12,31,339
1018,2/13/2013 9:00,12,31,344
1019,2/13/2013 10:00,12,31,344
1020,2/13/2013 11:00,12,31,344
1021,2/13/2013 12:00,12,31,344
1022,2/13/2013 13:00,12,31,344
1023,2/13/2013 14:00,12,31,344
1024,2/13/2013 15:00,12,31,344
1025,2/13/2013 16:00,12,31,345
1026,2/13/2013 17:00,12,31,345
1027,2/13/2013 18:00,12,31,345
1028,2/13/2013 19:00,12,31,346
1029,2/13/2013 20:00,12,31,346
1030,2/13/2013 21:00,12,31,346
1031,2/13/2013 22:00,12,31,345
1032,2/13/2013 23:00,12,31,345
1033,2/14/2013 0:00,12,31,346
1034,2/14/2013 1:00,12,31,345
1035,2/14/2013 2:00,13,31,345
1036,2/14/2013 3:00,12,31,346
1037,2/14/2013 4:00,12,31,346
1038,2/14/2013 5:00,12,31,346
1039,2/14/2013 6:00,12,31,346
1040,2/14/2013 7:00,12,31,346
1041,2/14/2013 8:00,12,31,346
1042,2/14/2013 9:00,12,31,347
1043,2/14/2013 10:00,12,32,347
1044,2/14/2013 11:00,12,31,347
1045,2/14/2013 12:00,12,31,347
1046,2/14/2013 13:00,12,31,347
1047,2/14/2013 14:00,12,31,346
1048,2/14/2013 15:00,12,31,333
1049,2/14/2013 16:00,12,31,332
1050,2/14/2013 17:00,12,31,326
1051,2/14/2013 18:00,12,31,328
1052,2/14/2013 19:00,12,31,335
1053,2/14/2013 20:00,13,31,328
1054,2/14/2013 21:00,13,31,328
1055,2/14/2013 22:00,12,31,327
1056,2/14/2013 23:00,12,31,330
1057,2/15/2013 0:00,12,31,328
1058,2/15/2013 1:00,12,31,326
1059,2/15/2013 2:00,12,31,327
1060,2/15/2013 3:00,12,31,326
1061,2/15/2013 4:00,12,31,328
1062,2/15/2013 5:00,12,31,327
1063,2/15/2013 6:00,12,31,328
1064,2/15/2013 7:00,12,31,327
1065,2/15/2013 8:00,12,31,326
1066,2/15/2013 9:00,12,31,324
1067,2/15/2013 10:00,12,31,321
1068,2/15/2013 11:00,12,31,324
1069,2/15/2013 12:00,12,31,326
1070,2/15/2013 13:00,12,31,325
1071,2/15/2013 14:00,12,31,325
1072,2/15/2013 15:00,12,31,324
1073,2/15/2013 16:00,12,31,327
1074,2/15/2013 17:00,12,31,324
1075,2/15/2013 18:00,12,31,324
1076,2/15/2013 19:00,12,31,325
1077,2/15/2013 20:00,12,31,324
1078,2/15/2013 21:00,12,31,321
1079,2/15/2013 22:00,12,31,324
1080,2/15/2013 23:00,13,31,333
1081,2/16/2013 0:00,12,31,334
1082,2/16/2013 1:00,12,31,337
1083,2/16/2013 2:00,12,31,339
1084,2/16/2013 3:00,12,31,340
1085,2/16/2013 4:00,12,31,342
1086,2/16/2013 5:00,12,31,343
1087,2/16/2013 6:00,12,31,343
1088,2/16/2013 7:00,12,31,344
1089,2/16/2013 8:00,12,31,344
1090,2/16/2013 9:00,12,31,345
1091,2/16/2013 10:00,12,31,345
1092,2/16/2013 11:00,12,31,345
1093,2/16/2013 12:00,12,31,346
1094,2/16/2013 13:00,12,31,346
1095,2/16/2013 14:00,12,31,346
1096,2/16/2013 15:00,12,31,346
1097,2/16/2013 16:00,12,31,346
1098,2/16/2013 17:00,12,31,347
1099,2/16/2013 18:00,12,31,347
1100,2/16/2013 19:00,12,31,347
1101,2/16/2013 20:00,12,31,347
1102,2/16/2013 21:00,12,31,347
1103,2/16/2013 22:00,12,31,348
1104,2/16/2013 23:00,12,31,348
1105,2/17/2013 0:00,12,31,348
1106,2/17/2013 1:00,12,31,348
1107,2/17/2013 2:00,12,31,348
1108,2/17/2013 3:00,12,31,348
1109,2/17/2013 4:00,12,31,348
1110,2/17/2013 5:00,12,31,348
1111,2/17/2013 6:00,12,31,348
1112,2/17/2013 7:00,12,31,348
1113,2/17/2013 8:00,12,31,348
1114,2/17/2013 9:00,12,31,348
1115,2/17/2013 10:00,12,31,348
1116,2/17/2013 11:00,12,31,348
1117,2/17/2013 12:00,12,31,348
1118,2/17/2013 13:00,12,31,348
1119,2/17/2013 14:00,12,31,348
1120,2/17/2013 15:00,12,31,348
1121,2/17/2013 16:00,12,31,348
1122,2/17/2013 17:00,12,31,348
1123,2/17/2013 18:00,12,31,348
1124,2/17/2013 19:00,12,31,348
1125,2/17/2013 20:00,12,31,348
1126,2/17/2013 21:00,12,31,348
1127,2/17/2013 22:00,12,31,348
1128,2/17/2013 23:00,12,31,349
1129,2/18/2013 0:00,12,31,349
1130,2/18/2013 1:00,12,31,348
1131,2/18/2013 2:00,12,31,348
1132,2/18/2013 3:00,12,31,348
1133,2/18/2013 4:00,12,31,348
1134,2/18/2013 5:00,12,31,352
1135,2/18/2013 6:00,12,31,348
1136,2/18/2013 7:00,12,31,347
1137,2/18/2013 8:00,13,31,346
1138,2/18/2013 9:00,13,31,345
1139,2/18/2013 10:00,12,31,345
1140,2/18/2013 11:00,12,31,344
1141,2/18/2013 12:00,12,31,343
1142,2/18/2013 13:00,12,31,419
1143,2/18/2013 14:00,12,31,418
1144,2/18/2013 15:00,13,31,350
1145,2/18/2013 16:00,13,31,364
1146,2/18/2013 17:00,12,31,404
1147,2/18/2013 18:00,12,31,404
1148,2/18/2013 19:00,12,31,403
1149,2/18/2013 20:00,12,31,398
1150,2/18/2013 21:00,12,31,401
1151,2/18/2013 22:00,12,31,401
1152,2/18/2013 23:00,12,31,398
1153,2/19/2013 0:00,12,31,398
1154,2/19/2013 1:00,12,31,400
1155,2/19/2013 2:00,12,31,398
1156,2/19/2013 3:00,12,31,398
1157,2/19/2013 4:00,12,31,398
1158,2/19/2013 5:00,12,31,397
1159,2/19/2013 6:00,12,31,399
1160,2/19/2013 7:00,12,31,397
1161,2/19/2013 8:00,12,31,397
1162,2/19/2013 9:00,12,31,402
1163,2/19/2013 10:00,12,31,396
1164,2/19/2013 11:00,13,31,382
1165,2/19/2013 12:00,12,31,369
1166,2/19/2013 13:00,12,31,335
1167,2/19/2013 14:00,12,31,335
1168,2/19/2013 15:00,12,31,337
1169,2/19/2013 16:00,12,31,338
1170,2/19/2013 17:00,12,31,338
1171,2/19/2013 18:00,12,31,337
1172,2/19/2013 19:00,12,31,337
1173,2/19/2013 20:00,12,31,338
1174,2/19/2013 21:00,12,31,337
1175,2/19/2013 22:00,11,33,337
1176,2/19/2013 23:00,12,31,338
1177,2/20/2013 0:00,12,31,338
1178,2/20/2013 1:00,12,31,338
1179,2/20/2013 2:00,12,31,360
1180,2/20/2013 3:00,12,31,380
1181,2/20/2013 4:00,12,31,393
1182,2/20/2013 5:00,12,31,346
1183,2/20/2013 6:00,12,31,374
1184,2/20/2013 7:00,12,31,360
1185,2/20/2013 8:00,12,31,368
1186,2/20/2013 9:00,12,31,347
1187,2/20/2013 10:00,11,33,343
1188,2/20/2013 11:00,12,31,338
1189,2/20/2013 12:00,12,31,344
1190,2/20/2013 13:00,12,31,345
1191,2/20/2013 14:00,12,31,345
1192,2/20/2013 15:00,12,31,344
1193,2/20/2013 16:00,12,31,344
1194,2/20/2013 17:00,12,31,344
1195,2/20/2013 18:00,12,31,344
1196,2/20/2013 19:00,13,31,345
1197,2/20/2013 20:00,12,31,344
1198,2/20/2013 21:00,12,31,344
1199,2/20/2013 22:00,12,31,344
1200,2/20/2013 23:00,12,31,344
1201,2/21/2013 0:00,11,33,344
1202,2/21/2013 1:00,12,31,343
1203,2/21/2013 2:00,12,31,343
1204,2/21/2013 3:00,12,31,343
1205,2/21/2013 4:00,12,31,342
1206,2/21/2013 5:00,12,31,342
1207,2/21/2013 6:00,12,31,342
1208,2/21/2013 7:00,12,31,342
1209,2/21/2013 8:00,12,31,342
1210,2/21/2013 9:00,12,31,340
1211,2/21/2013 10:00,12,31,339
1212,2/21/2013 11:00,12,31,339
1213,2/21/2013 12:00,12,31,339
1214,2/21/2013 13:00,12,31,338
1215,2/21/2013 14:00,12,31,339
1216,2/21/2013 15:00,12,31,338
1217,2/21/2013 16:00,12,31,338
1218,2/21/2013 17:00,12,31,338
1219,2/21/2013 18:00,12,31,338
1220,2/21/2013 19:00,12,31,338
1221,2/21/2013 20:00,12,31,337
1222,2/21/2013 21:00,11,33,337
1223,2/21/2013 22:00,12,31,337
1224,2/21/2013 23:00,12,31,337
1225,2/22/2013 0:00,12,31,337
1226,2/22/2013 1:00,12,31,337
1227,2/22/2013 2:00,12,31,337
1228,2/22/2013 3:00,12,31,337
1229,2/22/2013 4:00,12,31,337
1230,2/22/2013 5:00,12,31,337
1231,2/22/2013 6:00,12,31,337
1232,2/22/2013 7:00,12,31,337
1233,2/22/2013 8:00,12,31,337
1234,2/22/2013 9:00,12,31,336
1235,2/22/2013 10:00,13,31,336
1236,2/22/2013 11:00,12,31,336
1237,2/22/2013 12:00,12,31,336
1238,2/22/2013 13:00,12,31,336
1239,2/22/2013 14:00,12,31,336
1240,2/22/2013 15:00,12,31,335
1241,2/22/2013 16:00,12,31,335
1242,2/22/2013 17:00,12,31,335
1243,2/22/2013 18:00,12,31,335
1244,2/22/2013 19:00,12,31,335
1245,2/22/2013 20:00,12,31,335
1246,2/22/2013 21:00,12,31,335
1247,2/22/2013 22:00,12,31,335
1248,2/22/2013 23:00,13,31,335
1249,2/23/2013 0:00,12,31,334
1250,2/23/2013 1:00,12,31,334
1251,2/23/2013 2:00,12,31,335
1252,2/23/2013 3:00,12,31,335
1253,2/23/2013 4:00,12,31,335
1254,2/23/2013 5:00,12,31,334
1255,2/23/2013 6:00,12,31,335
1256,2/23/2013 7:00,12,31,335
1257,2/23/2013 8:00,12,31,335
1258,2/23/2013 9:00,12,31,335
1259,2/23/2013 10:00,12,31,335
1260,2/23/2013 11:00,12,31,335
1261,2/23/2013 12:00,13,31,335
1262,2/23/2013 13:00,12,31,335
1263,2/23/2013 14:00,12,31,335
1264,2/23/2013 15:00,12,31,335
1265,2/23/2013 16:00,12,31,335
1266,2/23/2013 17:00,12,31,335
1267,2/23/2013 18:00,12,31,335
1268,2/23/2013 19:00,12,31,335
1269,2/23/2013 20:00,12,31,335
1270,2/23/2013 21:00,12,31,334
1271,2/23/2013 22:00,12,31,335
1272,2/23/2013 23:00,12,31,334
1273,2/24/2013 0:00,12,31,335
1274,2/24/2013 1:00,12,31,334
1275,2/24/2013 2:00,12,31,335
1276,2/24/2013 3:00,12,31,334
1277,2/24/2013 4:00,12,31,335
1278,2/24/2013 5:00,12,31,334
1279,2/24/2013 6:00,12,31,334
1280,2/24/2013 7:00,12,31,335
1281,2/24/2013 8:00,12,31,335
1282,2/24/2013 9:00,12,31,335
1283,2/24/2013 10:00,12,31,335
1284,2/24/2013 11:00,12,31,335
1285,2/24/2013 12:00,12,31,335
1286,2/24/2013 13:00,12,31,335
1287,2/24/2013 14:00,12,31,335
1288,2/24/2013 15:00,14,31,335
1289,2/24/2013 16:00,12,31,335
1290,2/24/2013 17:00,12,31,335
1291,2/24/2013 18:00,12,31,335
1292,2/24/2013 19:00,12,31,335
1293,2/24/2013 20:00,12,31,335
1294,2/24/2013 21:00,12,31,335
1295,2/24/2013 22:00,12,31,335
1296,2/24/2013 23:00,12,31,335
1297,2/25/2013 0:00,12,31,335
1298,2/25/2013 1:00,12,31,335
1299,2/25/2013 2:00,12,31,336
1300,2/25/2013 3:00,12,31,336
1301,2/25/2013 4:00,12,31,336
1302,2/25/2013 5:00,12,31,336
1303,2/25/2013 6:00,14,31,336
1304,2/25/2013 7:00,12,31,336
1305,2/25/2013 8:00,12,31,336
1306,2/25/2013 9:00,12,31,336
1307,2/25/2013 10:00,12,31,336
1308,2/25/2013 11:00,12,31,336
1309,2/25/2013 12:00,12,31,336
1310,2/25/2013 13:00,12,31,336
1311,2/25/2013 14:00,12,31,336
1312,2/25/2013 15:00,12,31,336
1313,2/25/2013 16:00,12,31,336
1314,2/25/2013 17:00,12,31,336
1315,2/25/2013 18:00,12,31,336
1316,2/25/2013 19:00,12,31,336
1317,2/25/2013 20:00,12,31,335
1318,2/25/2013 21:00,11,33,336
1319,2/25/2013 22:00,12,31,335
1320,2/25/2013 23:00,12,31,335
1321,2/26/2013 0:00,12,31,335
1322,2/26/2013 1:00,12,31,335
1323,2/26/2013 2:00,12,31,335
1324,2/26/2013 3:00,12,31,335
1325,2/26/2013 4:00,12,31,335
1326,2/26/2013 5:00,12,31,335
1327,2/26/2013 6:00,14,31,335
1328,2/26/2013 7:00,12,31,335
1329,2/26/2013 8:00,12,31,335
1330,2/26/2013 9:00,12,31,335
1331,2/26/2013 10:00,12,31,335
1332,2/26/2013 11:00,12,31,335
1333,2/26/2013 12:00,12,31,334
1334,2/26/2013 13:00,12,31,335
1335,2/26/2013 14:00,12,31,335
1336,2/26/2013 15:00,12,31,335
1337,2/26/2013 16:00,12,31,335
1338,2/26/2013 17:00,12,31,335
1339,2/26/2013 18:00,12,31,335
1340,2/26/2013 19:00,12,31,335
1341,2/26/2013 20:00,12,31,335
1342,2/26/2013 21:00,12,31,335
1343,2/26/2013 22:00,12,31,334
1344,2/26/2013 23:00,12,31,334
1345,2/27/2013 0:00,12,31,334
1346,2/27/2013 1:00,13,31,334
1347,2/27/2013 2:00,12,31,334
1348,2/27/2013 3:00,12,31,334
1349,2/27/2013 4:00,12,31,334
1350,2/27/2013 5:00,12,31,334
1351,2/27/2013 6:00,12,31,334
1352,2/27/2013 7:00,12,31,334
1353,2/27/2013 8:00,12,31,334
1354,2/27/2013 9:00,12,31,334
1355,2/27/2013 10:00,13,31,334
1356,2/27/2013 11:00,12,31,334
1357,2/27/2013 12:00,12,31,334
1358,2/27/2013 13:00,12,31,334
1359,2/27/2013 14:00,12,31,334
1360,2/27/2013 15:00,12,31,334
1361,2/27/2013 16:00,12,31,334
1362,2/27/2013 17:00,12,31,334
1363,2/27/2013 18:00,12,31,334
1364,2/27/2013 19:00,12,31,334
1365,2/27/2013 20:00,12,31,334
1366,2/27/2013 21:00,12,31,334
1367,2/27/2013 22:00,12,31,334
1368,2/27/2013 23:00,12,31,334
1369,2/28/2013 0:00,12,31,334
1370,2/28/2013 1:00,12,31,334
1371,2/28/2013 2:00,12,31,334
1372,2/28/2013 3:00,14,31,334
1373,2/28/2013 4:00,12,31,334
1374,2/28/2013 5:00,12,31,334
1375,2/28/2013 6:00,12,31,334
1376,2/28/2013 7:00,12,31,334
1377,2/28/2013 8:00,12,31,334
1378,2/28/2013 9:00,12,31,334
1379,2/28/2013 10:00,12,31,334
1380,2/28/2013 11:00,12,31,334
1381,2/28/2013 12:00,12,31,333
1382,2/28/2013 13:00,12,31,334
1383,2/28/2013 14:00,12,31,333
1384,2/28/2013 15:00,12,31,333
1385,2/28/2013 16:00,12,31,333
1386,2/28/2013 17:00,12,31,333
1387,2/28/2013 18:00,12,31,333
1388,2/28/2013 19:00,12,31,333
1389,2/28/2013 20:00,12,31,333
1390,2/28/2013 21:00,12,31,333
1391,2/28/2013 22:00,12,31,333
1392,2/28/2013 23:00,12,31,333
1393,3/1/2013 0:00,12,31,333
1394,3/1/2013 1:00,12,31,333
1395,3/1/2013 2:00,12,31,333
1396,3/1/2013 3:00,12,31,333
1397,3/1/2013 4:00,13,31,333
1398,3/1/2013 5:00,12,31,333
1399,3/1/2013 6:00,12,31,333
1400,3/1/2013 7:00,12,31,333
1401,3/1/2013 8:00,12,31,333
1402,3/1/2013 9:00,12,31,333
1403,3/1/2013 10:00,12,31,333
1404,3/1/2013 11:00,12,31,333
1405,3/1/2013 12:00,12,31,333
1406,3/1/2013 13:00,12,31,333
1407,3/1/2013 14:00,12,31,333
1408,3/1/2013 15:00,12,31,333
1409,3/1/2013 16:00,12,31,334
1410,3/1/2013 17:00,12,31,334
1411,3/1/2013 18:00,13,31,334
1412,3/1/2013 19:00,12,31,333
1413,3/1/2013 20:00,12,31,333
1414,3/1/2013 21:00,12,31,333
1415,3/1/2013 22:00,12,31,333
1416,3/1/2013 23:00,12,31,333
1417,3/2/2013 0:00,12,31,333
1418,3/2/2013 1:00,13,31,333
1419,3/2/2013 2:00,12,31,333
1420,3/2/2013 3:00,12,31,333
1421,3/2/2013 4:00,12,31,333
1422,3/2/2013 5:00,12,31,333
1423,3/2/2013 6:00,12,31,333
1424,3/2/2013 7:00,12,31,333
1425,3/2/2013 8:00,12,31,333
1426,3/2/2013 9:00,12,31,333
1427,3/2/2013 10:00,12,31,333
1428,3/2/2013 11:00,12,31,333
1429,3/2/2013 12:00,12,31,333
1430,3/2/2013 13:00,12,31,333
1431,3/2/2013 14:00,12,31,333
1432,3/2/2013 15:00,12,31,333
1433,3/2/2013 16:00,12,31,333
1434,3/2/2013 17:00,12,31,333
1435,3/2/2013 18:00,12,31,332
1436,3/2/2013 19:00,13,30,333
1437,3/2/2013 20:00,12,32,332
1438,3/2/2013 21:00,12,32,332
1439,3/2/2013 22:00,12,31,331
1440,3/2/2013 23:00,12,31,331
1441,3/3/2013 0:00,12,32,331
1442,3/3/2013 1:00,12,31,331
1443,3/3/2013 2:00,12,31,331
1444,3/3/2013 3:00,12,31,331
1445,3/3/2013 4:00,12,31,331
1446,3/3/2013 5:00,12,32,331
1447,3/3/2013 6:00,12,32,331
1448,3/3/2013 7:00,12,32,331
1449,3/3/2013 8:00,12,32,331
1450,3/3/2013 9:00,12,32,331
1451,3/3/2013 10:00,12,32,331
1452,3/3/2013 11:00,12,32,331
1453,3/3/2013 12:00,12,32,331
1454,3/3/2013 13:00,12,32,331
1455,3/3/2013 14:00,12,32,331
1456,3/3/2013 15:00,12,32,331
1457,3/3/2013 16:00,12,31,331
1458,3/3/2013 17:00,12,32,330
1459,3/3/2013 18:00,12,32,331
1460,3/3/2013 19:00,12,32,331
1461,3/3/2013 20:00,12,32,330
1462,3/3/2013 21:00,12,31,330
1463,3/3/2013 22:00,12,32,330
1464,3/3/2013 23:00,12,32,330
1465,3/4/2013 0:00,13,30,330
1466,3/4/2013 1:00,12,32,330
1467,3/4/2013 2:00,12,32,330
1468,3/4/2013 3:00,13,30,330
1469,3/4/2013 4:00,12,32,330
1470,3/4/2013 5:00,12,32,330
1471,3/4/2013 6:00,12,32,330
1472,3/4/2013 7:00,12,32,330
1473,3/4/2013 8:00,12,32,330
1474,3/4/2013 9:00,12,32,330
1475,3/4/2013 10:00,12,32,330
1476,3/4/2013 11:00,12,32,330
1477,3/4/2013 12:00,12,31,330
1478,3/4/2013 13:00,12,32,330
1479,3/4/2013 14:00,12,32,330
1480,3/4/2013 15:00,12,31,330
1481,3/4/2013 16:00,12,31,330
1482,3/4/2013 17:00,12,32,329
1483,3/4/2013 18:00,12,32,329
1484,3/4/2013 19:00,12,31,329
1485,3/4/2013 20:00,12,32,329
1486,3/4/2013 21:00,12,31,328
1487,3/4/2013 22:00,12,31,328
1488,3/4/2013 23:00,12,32,328
1489,3/5/2013 0:00,12,32,328
1490,3/5/2013 1:00,12,32,328
1491,3/5/2013 2:00,12,32,328
1492,3/5/2013 3:00,12,32,328
1493,3/5/2013 4:00,13,30,328
1494,3/5/2013 5:00,12,32,328
1495,3/5/2013 6:00,12,32,328
1496,3/5/2013 7:00,12,31,328
1497,3/5/2013 8:00,13,30,328
1498,3/5/2013 9:00,12,31,327
1499,3/5/2013 10:00,12,31,327
1500,3/5/2013 11:00,12,32,327
1501,3/5/2013 12:00,12,32,327
1502,3/5/2013 13:00,12,32,327
1503,3/5/2013 14:00,13,30,327
1504,3/5/2013 15:00,12,32,327
1505,3/5/2013 16:00,12,31,327
1506,3/5/2013 17:00,12,31,327
1507,3/5/2013 18:00,12,32,327
1508,3/5/2013 19:00,12,32,327
1509,3/5/2013 20:00,12,32,327
1510,3/5/2013 21:00,13,30,326
1511,3/5/2013 22:00,12,31,326
1512,3/5/2013 23:00,12,32,326
1513,3/6/2013 0:00,12,31,326
1514,3/6/2013 1:00,12,32,326
1515,3/6/2013 2:00,12,31,326
1516,3/6/2013 3:00,12,32,326
1517,3/6/2013 4:00,12,32,326
1518,3/6/2013 5:00,12,32,326
1519,3/6/2013 6:00,12,31,326
1520,3/6/2013 7:00,12,31,326
1521,3/6/2013 8:00,12,32,326
1522,3/6/2013 9:00,12,32,326
1523,3/6/2013 10:00,12,32,326
1524,3/6/2013 11:00,12,32,326
1525,3/6/2013 12:00,12,31,326
1526,3/6/2013 13:00,12,32,326
1527,3/6/2013 14:00,12,31,325
1528,3/6/2013 15:00,12,31,325
1529,3/6/2013 16:00,12,32,325
1530,3/6/2013 17:00,13,31,325
1531,3/6/2013 18:00,12,31,325
1532,3/6/2013 19:00,12,31,325
1533,3/6/2013 20:00,12,32,324
1534,3/6/2013 21:00,12,31,324
1535,3/6/2013 22:00,12,32,324
1536,3/6/2013 23:00,12,31,325
1537,3/7/2013 0:00,12,31,325
1538,3/7/2013 1:00,12,32,325
1539,3/7/2013 2:00,13,30,325
1540,3/7/2013 3:00,12,32,324
1541,3/7/2013 4:00,12,31,324
1542,3/7/2013 5:00,12,31,324
1543,3/7/2013 6:00,12,31,322
1544,3/7/2013 7:00,12,32,324
1545,3/7/2013 8:00,12,32,324
1546,3/7/2013 9:00,12,32,322
1547,3/7/2013 10:00,12,31,324
1548,3/7/2013 11:00,12,32,324
1549,3/7/2013 12:00,12,31,323
1550,3/7/2013 13:00,12,31,321
1551,3/7/2013 14:00,13,30,321
1552,3/7/2013 15:00,12,32,322
1553,3/7/2013 16:00,12,31,322
1554,3/7/2013 17:00,12,32,322
1555,3/7/2013 18:00,12,31,321
1556,3/7/2013 19:00,12,31,321
1557,3/7/2013 20:00,13,30,322
1558,3/7/2013 21:00,13,30,321
1559,3/7/2013 22:00,13,30,321
1560,3/7/2013 23:00,11,34,321
1561,3/8/2013 0:00,12,31,321
1562,3/8/2013 1:00,12,31,321
1563,3/8/2013 2:00,12,32,322
1564,3/8/2013 3:00,12,32,321
1565,3/8/2013 4:00,12,31,322
1566,3/8/2013 5:00,12,31,322
1567,3/8/2013 6:00,12,32,322
1568,3/8/2013 7:00,12,31,322
1569,3/8/2013 8:00,12,32,322
1570,3/8/2013 9:00,12,31,321
1571,3/8/2013 10:00,12,31,322
1572,3/8/2013 11:00,12,31,322
1573,3/8/2013 12:00,12,32,322
1574,3/8/2013 13:00,12,31,322
1575,3/8/2013 14:00,12,31,322
1576,3/8/2013 15:00,12,31,322
1577,3/8/2013 16:00,12,32,322
1578,3/8/2013 17:00,13,30,322
1579,3/8/2013 18:00,12,32,322
1580,3/8/2013 19:00,12,31,321
1581,3/8/2013 20:00,12,31,322
1582,3/8/2013 21:00,12,32,322
1583,3/8/2013 22:00,12,31,321
1584,3/8/2013 23:00,12,31,322
1585,3/9/2013 0:00,14,32,322
1586,3/9/2013 1:00,12,31,322
1587,3/9/2013 2:00,12,32,322
1588,3/9/2013 3:00,12,32,322
1589,3/9/2013 4:00,12,32,322
1590,3/9/2013 5:00,12,31,322
1591,3/9/2013 6:00,12,31,322
1592,3/9/2013 7:00,13,30,322
1593,3/9/2013 8:00,12,31,322
1594,3/9/2013 9:00,12,32,322
1595,3/9/2013 10:00,12,31,322
1596,3/9/2013 11:00,12,32,322
1597,3/9/2013 12:00,12,32,322
1598,3/9/2013 13:00,12,32,322
1599,3/9/2013 14:00,12,31,322
1600,3/9/2013 15:00,13,30,322
1601,3/9/2013 16:00,13,30,322
1602,3/9/2013 17:00,12,31,322
1603,3/9/2013 18:00,12,32,321
1604,3/9/2013 19:00,12,31,322
1605,3/9/2013 20:00,12,31,322
1606,3/9/2013 21:00,12,31,322
1607,3/9/2013 22:00,12,31,322
1608,3/9/2013 23:00,11,33,322
1609,3/10/2013 0:00,13,30,322
1610,3/10/2013 1:00,13,30,322
1611,3/10/2013 2:00,12,31,322
1612,3/10/2013 3:00,13,31,322
1613,3/10/2013 4:00,13,30,322
1614,3/10/2013 5:00,12,31,322
1615,3/10/2013 6:00,12,31,322
1616,3/10/2013 7:00,12,31,322
1617,3/10/2013 8:00,12,31,322
1618,3/10/2013 9:00,13,30,322
1619,3/10/2013 10:00,12,31,322
1620,3/10/2013 11:00,12,31,322
1621,3/10/2013 12:00,12,31,323
1622,3/10/2013 13:00,12,31,323
1623,3/10/2013 14:00,12,31,324
1624,3/10/2013 15:00,12,31,324
1625,3/10/2013 16:00,13,30,324
1626,3/10/2013 17:00,12,31,324
1627,3/10/2013 18:00,12,31,324
1628,3/10/2013 19:00,12,31,324
1629,3/10/2013 20:00,12,31,324
1630,3/10/2013 21:00,12,31,324
1631,3/10/2013 22:00,12,31,324
1632,3/10/2013 23:00,12,31,324
1633,3/11/2013 0:00,12,31,324
1634,3/11/2013 1:00,12,31,324
1635,3/11/2013 2:00,13,30,324
1636,3/11/2013 3:00,12,31,324
1637,3/11/2013 4:00,13,30,324
1638,3/11/2013 5:00,12,31,324
1639,3/11/2013 6:00,12,31,324
1640,3/11/2013 7:00,12,31,324
1641,3/11/2013 8:00,12,31,324
1642,3/11/2013 9:00,13,30,324
1643,3/11/2013 10:00,12,31,324
1644,3/11/2013 11:00,12,31,324
1645,3/11/2013 12:00,12,31,324
1646,3/11/2013 13:00,13,31,324
1647,3/11/2013 14:00,12,31,324
1648,3/11/2013 15:00,12,31,324
1649,3/11/2013 16:00,12,31,324
1650,3/11/2013 17:00,12,31,324
1651,3/11/2013 18:00,12,31,324
1652,3/11/2013 19:00,12,31,324
1653,3/11/2013 20:00,12,31,324
1654,3/11/2013 21:00,12,31,324
1655,3/11/2013 22:00,13,30,324
1656,3/11/2013 23:00,12,31,324
1657,3/12/2013 0:00,12,31,324
1658,3/12/2013 1:00,12,31,324
1659,3/12/2013 2:00,12,31,324
1660,3/12/2013 3:00,12,31,324
1661,3/12/2013 4:00,12,31,324
1662,3/12/2013 5:00,12,31,324
1663,3/12/2013 6:00,12,31,323
1664,3/12/2013 7:00,12,31,323
1665,3/12/2013 8:00,12,31,323
1666,3/12/2013 9:00,12,31,323
1667,3/12/2013 10:00,13,30,323
1668,3/12/2013 11:00,12,31,323
1669,3/12/2013 12:00,12,31,323
1670,3/12/2013 13:00,12,31,324
1671,3/12/2013 14:00,12,31,323
1672,3/12/2013 15:00,12,31,323
1673,3/12/2013 16:00,12,31,323
1674,3/12/2013 17:00,12,31,323
1675,3/12/2013 18:00,12,31,324
1676,3/12/2013 19:00,12,31,322
1677,3/12/2013 20:00,12,31,322
1678,3/12/2013 21:00,12,31,322
1679,3/12/2013 22:00,12,31,322
1680,3/12/2013 23:00,12,31,322
1681,3/13/2013 0:00,12,31,322
1682,3/13/2013 1:00,12,31,322
1683,3/13/2013 2:00,12,31,323
1684,3/13/2013 3:00,12,31,322
1685,3/13/2013 4:00,12,31,322
1686,3/13/2013 5:00,12,31,322
1687,3/13/2013 6:00,12,31,322
1688,3/13/2013 7:00,12,31,322
1689,3/13/2013 8:00,13,30,322
1690,3/13/2013 9:00,13,30,322
1691,3/13/2013 10:00,12,31,322
1692,3/13/2013 11:00,12,31,322
1693,3/13/2013 12:00,12,31,322
1694,3/13/2013 13:00,12,31,322
1695,3/13/2013 14:00,12,31,322
1696,3/13/2013 15:00,13,30,322
1697,3/13/2013 16:00,13,30,322
1698,3/13/2013 17:00,12,31,322
1699,3/13/2013 18:00,13,31,322
1700,3/13/2013 19:00,12,31,322
1701,3/13/2013 20:00,12,31,322
1702,3/13/2013 21:00,12,31,322
1703,3/13/2013 22:00,12,31,322
1704,3/13/2013 23:00,12,31,322
1705,3/14/2013 0:00,12,31,322
1706,3/14/2013 1:00,12,31,322
1707,3/14/2013 2:00,13,30,322
1708,3/14/2013 3:00,12,31,322
1709,3/14/2013 4:00,12,31,322
1710,3/14/2013 5:00,12,31,322
1711,3/14/2013 6:00,12,31,321
1712,3/14/2013 7:00,12,31,322
1713,3/14/2013 8:00,12,31,322
1714,3/14/2013 9:00,13,30,322
1715,3/14/2013 10:00,12,31,322
1716,3/14/2013 11:00,12,31,322
1717,3/14/2013 12:00,12,31,321
1718,3/14/2013 13:00,12,31,321
1719,3/14/2013 14:00,13,30,321
1720,3/14/2013 15:00,13,30,321
1721,3/14/2013 16:00,12,31,321
1722,3/14/2013 17:00,12,31,321
1723,3/14/2013 18:00,12,31,321
1724,3/14/2013 19:00,13,30,321
1725,3/14/2013 20:00,12,31,321
1726,3/14/2013 21:00,12,31,321
1727,3/14/2013 22:00,12,31,321
1728,3/14/2013 23:00,12,31,321
1729,3/15/2013 0:00,12,31,321
1730,3/15/2013 1:00,12,31,321
1731,3/15/2013 2:00,12,31,321
1732,3/15/2013 3:00,12,31,321
1733,3/15/2013 4:00,12,31,321
1734,3/15/2013 5:00,12,31,321
1735,3/15/2013 6:00,12,31,321
1736,3/15/2013 7:00,12,31,321
1737,3/15/2013 8:00,12,31,321
1738,3/15/2013 9:00,12,31,321
1739,3/15/2013 10:00,12,31,321
1740,3/15/2013 11:00,12,31,321
1741,3/15/2013 12:00,12,31,321
1742,3/15/2013 13:00,12,31,321
1743,3/15/2013 14:00,12,31,321
1744,3/15/2013 15:00,12,31,321
1745,3/15/2013 16:00,12,31,321
1746,3/15/2013 17:00,12,31,321
1747,3/15/2013 18:00,12,31,321
1748,3/15/2013 19:00,12,31,321
1749,3/15/2013 20:00,13,30,321
1750,3/15/2013 21:00,12,31,321
1751,3/15/2013 22:00,12,31,321
1752,3/15/2013 23:00,13,30,321
1753,3/16/2013 0:00,12,31,321
1754,3/16/2013 1:00,12,31,321
1755,3/16/2013 2:00,13,30,321
1756,3/16/2013 3:00,12,31,321
1757,3/16/2013 4:00,12,31,321
1758,3/16/2013 5:00,12,31,320
1759,3/16/2013 6:00,13,30,321
1760,3/16/2013 7:00,12,31,321
1761,3/16/2013 8:00,12,31,321
1762,3/16/2013 9:00,12,31,321
1763,3/16/2013 10:00,12,31,320
1764,3/16/2013 11:00,12,31,321
1765,3/16/2013 12:00,12,31,321
1766,3/16/2013 13:00,12,31,320
1767,3/16/2013 14:00,13,30,321
1768,3/16/2013 15:00,12,31,321
1769,3/16/2013 16:00,12,31,321
1770,3/16/2013 17:00,12,31,321
1771,3/16/2013 18:00,12,31,320
1772,3/16/2013 19:00,12,31,321
1773,3/16/2013 20:00,12,31,321
1774,3/16/2013 21:00,12,31,321
1775,3/16/2013 22:00,12,31,321
1776,3/16/2013 23:00,12,31,321
1777,3/17/2013 0:00,12,31,321
1778,3/17/2013 1:00,12,31,321
1779,3/17/2013 2:00,13,31,321
1780,3/17/2013 3:00,12,31,321
1781,3/17/2013 4:00,12,31,321
1782,3/17/2013 5:00,12,31,321
1783,3/17/2013 6:00,13,30,320
1784,3/17/2013 7:00,13,30,320
1785,3/17/2013 8:00,12,31,320
1786,3/17/2013 9:00,12,31,320
1787,3/17/2013 10:00,12,31,320
1788,3/17/2013 11:00,13,30,321
1789,3/17/2013 12:00,13,30,320
1790,3/17/2013 13:00,12,31,320
1791,3/17/2013 14:00,12,31,320
1792,3/17/2013 15:00,12,31,320
1793,3/17/2013 16:00,12,31,320
1794,3/17/2013 17:00,12,31,320
1795,3/17/2013 18:00,12,31,320
1796,3/17/2013 19:00,12,31,320
1797,3/17/2013 20:00,12,31,320
1798,3/17/2013 21:00,12,31,320
1799,3/17/2013 22:00,12,31,320
1800,3/17/2013 23:00,12,31,320
1801,3/18/2013 0:00,12,31,320
1802,3/18/2013 1:00,12,31,320
1803,3/18/2013 2:00,12,31,320
1804,3/18/2013 3:00,12,31,320
1805,3/18/2013 4:00,12,31,320
1806,3/18/2013 5:00,12,31,319
1807,3/18/2013 6:00,12,31,320
1808,3/18/2013 7:00,12,31,320
1809,3/18/2013 8:00,12,31,320
1810,3/18/2013 9:00,12,31,320
1811,3/18/2013 10:00,12,31,320
1812,3/18/2013 11:00,12,31,320
1813,3/18/2013 12:00,12,31,320
1814,3/18/2013 13:00,12,31,320
1815,3/18/2013 14:00,12,31,320
1816,3/18/2013 15:00,12,31,320
1817,3/18/2013 16:00,12,31,319
1818,3/18/2013 17:00,12,31,320
1819,3/18/2013 18:00,12,31,319
1820,3/18/2013 19:00,12,31,319
1821,3/18/2013 20:00,12,31,319
1822,3/18/2013 21:00,12,31,319
1823,3/18/2013 22:00,12,31,319
1824,3/18/2013 23:00,13,30,319
1825,3/19/2013 0:00,13,30,319
1826,3/19/2013 1:00,13,30,319
1827,3/19/2013 2:00,12,31,319
1828,3/19/2013 3:00,12,31,319
1829,3/19/2013 4:00,12,31,319
1830,3/19/2013 5:00,12,31,319
1831,3/19/2013 6:00,12,31,319
1832,3/19/2013 7:00,12,31,319
1833,3/19/2013 8:00,12,31,319
1834,3/19/2013 9:00,12,31,319
1835,3/19/2013 10:00,12,31,319
1836,3/19/2013 11:00,13,30,319
1837,3/19/2013 12:00,12,31,319
1838,3/19/2013 13:00,12,31,319
1839,3/19/2013 14:00,12,31,319
1840,3/19/2013 15:00,12,31,319
1841,3/19/2013 16:00,13,30,319
1842,3/19/2013 17:00,12,31,319
1843,3/19/2013 18:00,12,31,319
1844,3/19/2013 19:00,12,31,319
1845,3/19/2013 20:00,12,31,319
1846,3/19/2013 21:00,12,31,319
1847,3/19/2013 22:00,12,31,319
1848,3/19/2013 23:00,12,31,319
1849,3/20/2013 0:00,12,31,319
1850,3/20/2013 1:00,12,31,319
1851,3/20/2013 2:00,12,31,319
1852,3/20/2013 3:00,12,31,319
1853,3/20/2013 4:00,12,31,319
1854,3/20/2013 5:00,12,31,319
1855,3/20/2013 6:00,13,30,319
1856,3/20/2013 7:00,14,31,318
1857,3/20/2013 8:00,12,31,319
1858,3/20/2013 9:00,13,30,319
1859,3/20/2013 10:00,13,30,318
1860,3/20/2013 11:00,12,31,319
1861,3/20/2013 12:00,13,30,318
1862,3/20/2013 13:00,12,31,318
1863,3/20/2013 14:00,13,30,318
1864,3/20/2013 15:00,13,30,318
1865,3/20/2013 16:00,12,31,318
1866,3/20/2013 17:00,13,30,318
1867,3/20/2013 18:00,12,31,318
1868,3/20/2013 19:00,12,31,318
1869,3/20/2013 20:00,13,31,318
1870,3/20/2013 21:00,12,31,318
1871,3/20/2013 22:00,12,32,318
1872,3/20/2013 23:00,12,31,318
1873,3/21/2013 0:00,12,31,318
1874,3/21/2013 1:00,12,31,318
1875,3/21/2013 2:00,12,31,318
1876,3/21/2013 3:00,12,31,318
1877,3/21/2013 4:00,12,31,318
1878,3/21/2013 5:00,12,32,318
1879,3/21/2013 6:00,12,32,318
1880,3/21/2013 7:00,12,31,318
1881,3/21/2013 8:00,12,31,318
1882,3/21/2013 9:00,12,32,318
1883,3/21/2013 10:00,12,31,318
1884,3/21/2013 11:00,12,31,318
1885,3/21/2013 12:00,12,31,318
1886,3/21/2013 13:00,12,31,318
1887,3/21/2013 14:00,12,32,317
1888,3/21/2013 15:00,12,31,318
1889,3/21/2013 16:00,12,31,318
1890,3/21/2013 17:00,12,31,318
1891,3/21/2013 18:00,13,30,318
1892,3/21/2013 19:00,12,31,318
1893,3/21/2013 20:00,12,31,318
1894,3/21/2013 21:00,12,32,318
1895,3/21/2013 22:00,12,31,317
1896,3/21/2013 23:00,12,32,317
1897,3/22/2013 0:00,12,32,317
1898,3/22/2013 1:00,12,32,317
1899,3/22/2013 2:00,12,32,316
1900,3/22/2013 3:00,12,32,316
1901,3/22/2013 4:00,12,32,317
1902,3/22/2013 5:00,12,32,316
1903,3/22/2013 6:00,12,32,316
1904,3/22/2013 7:00,12,32,316
1905,3/22/2013 8:00,12,32,316
1906,3/22/2013 9:00,12,32,316
1907,3/22/2013 10:00,12,32,316
1908,3/22/2013 11:00,12,32,316
1909,3/22/2013 12:00,12,32,316
1910,3/22/2013 13:00,12,32,316
1911,3/22/2013 14:00,12,32,316
1912,3/22/2013 15:00,12,32,316
1913,3/22/2013 16:00,13,30,316
1914,3/22/2013 17:00,12,32,316
1915,3/22/2013 18:00,13,30,316
1916,3/22/2013 19:00,12,32,316
1917,3/22/2013 20:00,12,32,316
1918,3/22/2013 21:00,12,32,316
1919,3/22/2013 22:00,12,32,316
1920,3/22/2013 23:00,12,32,316
1921,3/23/2013 0:00,12,32,316
1922,3/23/2013 1:00,12,32,316
1923,3/23/2013 2:00,12,32,316
1924,3/23/2013 3:00,12,32,316
1925,3/23/2013 4:00,12,32,316
1926,3/23/2013 5:00,12,32,316
1927,3/23/2013 6:00,12,32,316
1928,3/23/2013 7:00,12,32,316
1929,3/23/2013 8:00,12,32,316
1930,3/23/2013 9:00,12,32,316
1931,3/23/2013 10:00,12,32,316
1932,3/23/2013 11:00,12,32,316
1933,3/23/2013 12:00,12,32,316
1934,3/23/2013 13:00,12,31,316
1935,3/23/2013 14:00,12,32,316
1936,3/23/2013 15:00,12,32,316
1937,3/23/2013 16:00,12,32,316
1938,3/23/2013 17:00,13,30,316
1939,3/23/2013 18:00,12,32,316
1940,3/23/2013 19:00,12,32,316
1941,3/23/2013 20:00,13,30,316
1942,3/23/2013 21:00,12,32,316
1943,3/23/2013 22:00,12,32,316
1944,3/23/2013 23:00,12,32,316
1945,3/24/2013 0:00,13,30,316
1946,3/24/2013 1:00,12,32,316
1947,3/24/2013 2:00,12,32,316
1948,3/24/2013 3:00,12,32,316
1949,3/24/2013 4:00,12,32,316
1950,3/24/2013 5:00,12,32,316
1951,3/24/2013 6:00,12,32,316
1952,3/24/2013 7:00,12,32,316
1953,3/24/2013 8:00,12,32,316
1954,3/24/2013 9:00,12,32,316
1955,3/24/2013 10:00,12,32,316
1956,3/24/2013 11:00,12,32,316
1957,3/24/2013 12:00,12,32,316
1958,3/24/2013 13:00,13,30,316
1959,3/24/2013 14:00,12,32,316
1960,3/24/2013 15:00,12,32,316
1961,3/24/2013 16:00,12,32,316
1962,3/24/2013 17:00,12,32,316
1963,3/24/2013 18:00,12,32,316
1964,3/24/2013 19:00,12,32,316
1965,3/24/2013 20:00,12,32,316
1966,3/24/2013 21:00,12,32,316
1967,3/24/2013 22:00,12,32,316
1968,3/24/2013 23:00,12,32,316
1969,3/25/2013 0:00,13,32,316
1970,3/25/2013 1:00,12,32,316
1971,3/25/2013 2:00,12,32,316
1972,3/25/2013 3:00,12,32,316
1973,3/25/2013 4:00,12,32,316
1974,3/25/2013 5:00,12,32,316
1975,3/25/2013 6:00,12,32,316
1976,3/25/2013 7:00,12,32,316
1977,3/25/2013 8:00,12,32,316
1978,3/25/2013 9:00,12,32,316
1979,3/25/2013 10:00,12,32,316
1980,3/25/2013 11:00,12,32,316
1981,3/25/2013 12:00,12,32,316
1982,3/25/2013 13:00,12,32,316
1983,3/25/2013 14:00,12,32,316
1984,3/25/2013 15:00,12,32,316
1985,3/25/2013 16:00,12,32,316
1986,3/25/2013 17:00,12,32,316
1987,3/25/2013 18:00,12,32,316
1988,3/25/2013 19:00,12,32,316
1989,3/25/2013 20:00,12,32,316
1990,3/25/2013 21:00,12,32,316
1991,3/25/2013 22:00,12,32,316
1992,3/25/2013 23:00,12,32,316
1993,3/26/2013 0:00,12,32,316
1994,3/26/2013 1:00,12,32,316
1995,3/26/2013 2:00,12,32,316
1996,3/26/2013 3:00,12,32,316
1997,3/26/2013 4:00,12,32,316
1998,3/26/2013 5:00,12,32,316
1999,3/26/2013 6:00,12,32,316
2000,3/26/2013 7:00,12,32,315
2001,3/26/2013 8:00,12,32,315
2002,3/26/2013 9:00,12,32,315
2003,3/26/2013 10:00,13,30,315
2004,3/26/2013 11:00,12,32,315
2005,3/26/2013 12:00,12,32,315
2006,3/26/2013 13:00,12,32,315
2007,3/26/2013 14:00,12,32,315
2008,3/26/2013 15:00,13,30,315
2009,3/26/2013 16:00,12,32,315
2010,3/26/2013 17:00,12,32,315
2011,3/26/2013 18:00,12,32,315
2012,3/26/2013 19:00,12,32,315
2013,3/26/2013 20:00,12,32,315
2014,3/26/2013 21:00,12,32,315
2015,3/26/2013 22:00,12,32,315
2016,3/26/2013 23:00,12,32,315
2017,3/27/2013 0:00,12,32,315
2018,3/27/2013 1:00,12,32,315
2019,3/27/2013 2:00,12,32,315
2020,3/27/2013 3:00,12,32,315
2021,3/27/2013 4:00,12,32,315
2022,3/27/2013 5:00,12,32,315
2023,3/27/2013 6:00,12,32,315
2024,3/27/2013 7:00,12,32,315
2025,3/27/2013 8:00,12,32,315
2026,3/27/2013 9:00,12,32,315
2027,3/27/2013 10:00,12,32,315
2028,3/27/2013 11:00,12,32,315
2029,3/27/2013 12:00,12,32,315
2030,3/27/2013 13:00,12,32,315
2031,3/27/2013 14:00,12,32,315
2032,3/27/2013 15:00,12,32,315
2033,3/27/2013 16:00,12,32,315
2034,3/27/2013 17:00,12,32,315
2035,3/27/2013 18:00,12,32,314
2036,3/27/2013 19:00,12,32,314
2037,3/27/2013 20:00,12,32,314
2038,3/27/2013 21:00,13,30,314
2039,3/27/2013 22:00,12,32,314
2040,3/27/2013 23:00,12,32,314
2041,3/28/2013 0:00,12,31,313
2042,3/28/2013 1:00,12,31,313
2043,3/28/2013 2:00,12,32,313
2044,3/28/2013 3:00,12,32,313
2045,3/28/2013 4:00,12,31,313
2046,3/28/2013 5:00,12,32,313
2047,3/28/2013 6:00,12,32,313
2048,3/28/2013 7:00,12,31,313
2049,3/28/2013 8:00,12,32,313
2050,3/28/2013 9:00,13,30,313
2051,3/28/2013 10:00,12,31,313
2052,3/28/2013 11:00,12,31,313
2053,3/28/2013 12:00,12,31,313
2054,3/28/2013 13:00,12,32,313
2055,3/28/2013 14:00,12,32,313
2056,3/28/2013 15:00,13,30,313
2057,3/28/2013 16:00,12,32,313
2058,3/28/2013 17:00,12,32,313
2059,3/28/2013 18:00,12,32,313
2060,3/28/2013 19:00,13,30,313
2061,3/28/2013 20:00,12,32,313
2062,3/28/2013 21:00,12,32,313
2063,3/28/2013 22:00,12,32,313
2064,3/28/2013 23:00,12,32,313
2065,3/29/2013 0:00,12,32,313
2066,3/29/2013 1:00,12,32,313
2067,3/29/2013 2:00,12,31,313
2068,3/29/2013 3:00,12,31,313
2069,3/29/2013 4:00,12,32,313
2070,3/29/2013 5:00,12,32,313
2071,3/29/2013 6:00,12,32,313
2072,3/29/2013 7:00,12,31,313
2073,3/29/2013 8:00,13,30,313
2074,3/29/2013 9:00,12,32,313
2075,3/29/2013 10:00,12,32,313
2076,3/29/2013 11:00,12,31,313
2077,3/29/2013 12:00,13,30,312
2078,3/29/2013 13:00,12,32,313
2079,3/29/2013 14:00,12,32,313
2080,3/29/2013 15:00,12,32,313
2081,3/29/2013 16:00,12,31,312
2082,3/29/2013 17:00,12,31,313
2083,3/29/2013 18:00,12,31,312
2084,3/29/2013 19:00,12,32,312
2085,3/29/2013 20:00,12,31,312
2086,3/29/2013 21:00,12,31,312
2087,3/29/2013 22:00,12,32,312
2088,3/29/2013 23:00,12,31,312
2089,3/30/2013 0:00,13,30,312
2090,3/30/2013 1:00,13,32,312
2091,3/30/2013 2:00,12,32,312
2092,3/30/2013 3:00,12,31,312
2093,3/30/2013 4:00,12,31,312
2094,3/30/2013 5:00,12,32,312
2095,3/30/2013 6:00,13,30,312
2096,3/30/2013 7:00,12,32,312
2097,3/30/2013 8:00,12,32,312
2098,3/30/2013 9:00,12,32,312
2099,3/30/2013 10:00,12,32,312
2100,3/30/2013 11:00,12,32,312
2101,3/30/2013 12:00,12,31,312
2102,3/30/2013 13:00,12,32,312
2103,3/30/2013 14:00,12,32,312
2104,3/30/2013 15:00,12,32,312
2105,3/30/2013 16:00,12,31,312
2106,3/30/2013 17:00,12,32,312
2107,3/30/2013 18:00,12,32,312
2108,3/30/2013 19:00,12,32,312
2109,3/30/2013 20:00,12,32,312
2110,3/30/2013 21:00,12,32,312
2111,3/30/2013 22:00,12,32,312
2112,3/30/2013 23:00,12,32,312
2113,3/31/2013 0:00,12,32,312
2114,3/31/2013 1:00,13,31,312
2115,3/31/2013 2:00,12,31,312
2116,3/31/2013 3:00,12,32,312
2117,3/31/2013 4:00,12,31,312
2118,3/31/2013 5:00,12,32,312
2119,3/31/2013 6:00,12,31,312
2120,3/31/2013 7:00,12,31,312
2121,3/31/2013 8:00,12,32,312
2122,3/31/2013 9:00,12,32,312
2123,3/31/2013 10:00,12,31,312
2124,3/31/2013 11:00,12,32,311
2125,3/31/2013 12:00,12,31,312
2126,3/31/2013 13:00,12,31,311
2127,3/31/2013 14:00,12,32,311
2128,3/31/2013 15:00,12,31,311
2129,3/31/2013 16:00,12,31,311
2130,3/31/2013 17:00,13,31,311
2131,3/31/2013 18:00,12,32,311
2132,3/31/2013 19:00,12,31,311
2133,3/31/2013 20:00,12,32,311
2134,3/31/2013 21:00,12,31,311
2135,3/31/2013 22:00,12,31,311
2136,3/31/2013 23:00,12,32,311
2137,4/1/2013 0:00,12,32,311
2138,4/1/2013 1:00,12,31,311
2139,4/1/2013 2:00,12,31,311
2140,4/1/2013 3:00,12,31,311
2141,4/1/2013 4:00,12,31,311
2142,4/1/2013 5:00,12,32,311
2143,4/1/2013 6:00,12,31,311
2144,4/1/2013 7:00,12,31,311
2145,4/1/2013 8:00,12,31,311
2146,4/1/2013 9:00,12,31,311
2147,4/1/2013 10:00,12,31,311
2148,4/1/2013 11:00,12,31,311
2149,4/1/2013 12:00,12,31,311
2150,4/1/2013 13:00,12,31,311
2151,4/1/2013 14:00,12,31,311
2152,4/1/2013 15:00,12,31,311
2153,4/1/2013 16:00,13,30,310
2154,4/1/2013 17:00,12,31,310
2155,4/1/2013 18:00,12,31,310
2156,4/1/2013 19:00,12,31,310
2157,4/1/2013 20:00,12,31,310
2158,4/1/2013 21:00,12,31,310
2159,4/1/2013 22:00,12,31,310
2160,4/1/2013 23:00,12,31,310
2161,4/2/2013 0:00,12,31,309
2162,4/2/2013 1:00,12,31,309
2163,4/2/2013 2:00,12,31,309
2164,4/2/2013 3:00,12,31,309
2165,4/2/2013 4:00,12,31,309
2166,4/2/2013 5:00,12,31,309
2167,4/2/2013 6:00,12,31,309
2168,4/2/2013 7:00,12,31,309
2169,4/2/2013 8:00,12,31,309
2170,4/2/2013 9:00,12,31,308
2171,4/2/2013 10:00,12,31,308
2172,4/2/2013 11:00,12,31,308
2173,4/2/2013 12:00,13,30,308
2174,4/2/2013 13:00,12,31,308
2175,4/2/2013 14:00,12,31,308
2176,4/2/2013 15:00,12,31,308
2177,4/2/2013 16:00,12,31,308
2178,4/2/2013 17:00,12,31,307
2179,4/2/2013 18:00,12,31,307
2180,4/2/2013 19:00,12,31,307
2181,4/2/2013 20:00,12,31,306
2182,4/2/2013 21:00,12,31,306
2183,4/2/2013 22:00,12,31,306
2184,4/2/2013 23:00,12,31,304
2185,4/3/2013 0:00,12,31,304
2186,4/3/2013 1:00,12,31,304
2187,4/3/2013 2:00,12,31,304
2188,4/3/2013 3:00,12,31,303
2189,4/3/2013 4:00,12,31,303
2190,4/3/2013 5:00,12,31,303
2191,4/3/2013 6:00,12,31,303
2192,4/3/2013 7:00,12,31,303
2193,4/3/2013 8:00,12,31,302
2194,4/3/2013 9:00,12,31,302
2195,4/3/2013 10:00,12,31,301
2196,4/3/2013 11:00,12,31,302
2197,4/3/2013 12:00,12,31,301
2198,4/3/2013 13:00,12,31,302
2199,4/3/2013 14:00,12,31,303
2200,4/3/2013 15:00,12,31,303
2201,4/3/2013 16:00,12,31,303
2202,4/3/2013 17:00,12,31,304
2203,4/3/2013 18:00,12,31,304
2204,4/3/2013 19:00,12,31,304
2205,4/3/2013 20:00,12,31,304
2206,4/3/2013 21:00,12,31,304
2207,4/3/2013 22:00,12,31,305
2208,4/3/2013 23:00,12,31,306
2209,4/4/2013 0:00,12,31,306
2210,4/4/2013 1:00,12,31,307
2211,4/4/2013 2:00,12,31,307
2212,4/4/2013 3:00,12,31,306
2213,4/4/2013 4:00,12,31,307
2214,4/4/2013 5:00,12,31,307
2215,4/4/2013 6:00,12,31,307
2216,4/4/2013 7:00,12,31,306
2217,4/4/2013 8:00,13,30,307
2218,4/4/2013 9:00,12,31,306
2219,4/4/2013 10:00,12,31,305
2220,4/4/2013 11:00,12,31,307
2221,4/4/2013 12:00,12,31,308
2222,4/4/2013 13:00,12,31,307
2223,4/4/2013 14:00,12,31,308
2224,4/4/2013 15:00,12,31,308
2225,4/4/2013 16:00,12,31,308
2226,4/4/2013 17:00,12,31,308
2227,4/4/2013 18:00,12,31,308
2228,4/4/2013 19:00,12,31,308
2229,4/4/2013 20:00,12,31,308
2230,4/4/2013 21:00,12,31,308
2231,4/4/2013 22:00,12,31,308
2232,4/4/2013 23:00,12,31,308
2233,4/5/2013 0:00,12,31,308
2234,4/5/2013 1:00,12,31,308
2235,4/5/2013 2:00,12,31,308
2236,4/5/2013 3:00,12,31,308
2237,4/5/2013 4:00,12,31,308
2238,4/5/2013 5:00,12,31,308
2239,4/5/2013 6:00,12,31,308
2240,4/5/2013 7:00,12,31,308
2241,4/5/2013 8:00,12,31,308
2242,4/5/2013 9:00,13,31,308
2243,4/5/2013 10:00,12,31,308
2244,4/5/2013 11:00,12,31,308
2245,4/5/2013 12:00,12,31,308
2246,4/5/2013 13:00,12,31,308
2247,4/5/2013 14:00,12,31,308
2248,4/5/2013 15:00,12,31,308
2249,4/5/2013 16:00,12,31,308
2250,4/5/2013 17:00,12,32,308
2251,4/5/2013 18:00,12,31,307
2252,4/5/2013 19:00,12,31,308
2253,4/5/2013 20:00,13,30,307
2254,4/5/2013 21:00,12,31,308
2255,4/5/2013 22:00,12,31,307
2256,4/5/2013 23:00,12,31,307
2257,4/6/2013 0:00,12,31,307
2258,4/6/2013 1:00,12,32,307
2259,4/6/2013 2:00,12,31,307
2260,4/6/2013 3:00,12,31,306
2261,4/6/2013 4:00,12,31,306
2262,4/6/2013 5:00,12,31,306
2263,4/6/2013 6:00,13,31,306
2264,4/6/2013 7:00,12,31,306
2265,4/6/2013 8:00,12,32,305
2266,4/6/2013 9:00,12,31,305
2267,4/6/2013 10:00,12,32,304
2268,4/6/2013 11:00,12,32,304
2269,4/6/2013 12:00,12,32,306
2270,4/6/2013 13:00,12,31,304
2271,4/6/2013 14:00,12,31,305
2272,4/6/2013 15:00,12,31,305
2273,4/6/2013 16:00,12,32,304
2274,4/6/2013 17:00,12,31,304
2275,4/6/2013 18:00,12,31,306
2276,4/6/2013 19:00,12,31,306
2277,4/6/2013 20:00,12,32,306
2278,4/6/2013 21:00,12,32,307
2279,4/6/2013 22:00,12,32,307
2280,4/6/2013 23:00,12,31,307
2281,4/7/2013 0:00,12,32,307
2282,4/7/2013 1:00,12,31,307
2283,4/7/2013 2:00,12,31,307
2284,4/7/2013 3:00,12,32,307
2285,4/7/2013 4:00,12,31,306
2286,4/7/2013 5:00,12,31,306
2287,4/7/2013 6:00,12,32,305
2288,4/7/2013 7:00,12,31,304
2289,4/7/2013 8:00,12,32,305
2290,4/7/2013 9:00,13,32,304
2291,4/7/2013 10:00,12,32,304
2292,4/7/2013 11:00,12,31,304
2293,4/7/2013 12:00,12,31,305
2294,4/7/2013 13:00,12,31,306
2295,4/7/2013 14:00,12,31,306
2296,4/7/2013 15:00,12,32,304
2297,4/7/2013 16:00,12,32,304
2298,4/7/2013 17:00,12,32,304
2299,4/7/2013 18:00,12,32,304
2300,4/7/2013 19:00,12,31,304
2301,4/7/2013 20:00,12,31,304
2302,4/7/2013 21:00,12,32,304
2303,4/7/2013 22:00,12,32,304
2304,4/7/2013 23:00,12,32,304
2305,4/8/2013 0:00,12,32,304
2306,4/8/2013 1:00,12,32,304
2307,4/8/2013 2:00,12,31,304
2308,4/8/2013 3:00,12,31,304
2309,4/8/2013 4:00,12,32,304
2310,4/8/2013 5:00,12,31,304
2311,4/8/2013 6:00,12,32,304
2312,4/8/2013 7:00,12,32,304
2313,4/8/2013 8:00,12,32,304
2314,4/8/2013 9:00,12,32,304
2315,4/8/2013 10:00,12,32,303
2316,4/8/2013 11:00,12,32,303
2317,4/8/2013 12:00,12,32,303
2318,4/8/2013 13:00,12,32,303
2319,4/8/2013 14:00,12,32,304
2320,4/8/2013 15:00,12,32,303
2321,4/8/2013 16:00,12,32,303
2322,4/8/2013 17:00,12,31,303
2323,4/8/2013 18:00,12,31,302
2324,4/8/2013 19:00,12,31,302
2325,4/8/2013 20:00,12,32,302
2326,4/8/2013 21:00,12,32,302
2327,4/8/2013 22:00,12,32,302
2328,4/8/2013 23:00,12,31,302
2329,4/9/2013 0:00,14,32,301
2330,4/9/2013 1:00,14,32,301
2331,4/9/2013 2:00,12,31,301
2332,4/9/2013 3:00,12,32,302
2333,4/9/2013 4:00,12,32,301
2334,4/9/2013 5:00,12,31,302
2335,4/9/2013 6:00,12,32,301
2336,4/9/2013 7:00,12,32,301
2337,4/9/2013 8:00,12,31,301
2338,4/9/2013 9:00,12,31,301
2339,4/9/2013 10:00,12,31,301
2340,4/9/2013 11:00,12,32,301
2341,4/9/2013 12:00,12,31,301
2342,4/9/2013 13:00,12,32,301
2343,4/9/2013 14:00,12,31,300
2344,4/9/2013 15:00,12,32,300
2345,4/9/2013 16:00,12,32,300
2346,4/9/2013 17:00,12,31,300
2347,4/9/2013 18:00,12,31,301
2348,4/9/2013 19:00,12,32,300
2349,4/9/2013 20:00,12,31,300
2350,4/9/2013 21:00,12,32,300
2351,4/9/2013 22:00,12,32,300
2352,4/9/2013 23:00,12,32,300
2353,4/10/2013 0:00,12,31,300
2354,4/10/2013 1:00,12,32,300
2355,4/10/2013 2:00,12,32,300
2356,4/10/2013 3:00,12,32,301
2357,4/10/2013 4:00,12,32,300
2358,4/10/2013 5:00,12,32,301
2359,4/10/2013 6:00,12,32,300
2360,4/10/2013 7:00,12,32,300
2361,4/10/2013 8:00,12,31,300
2362,4/10/2013 9:00,14,31,300
2363,4/10/2013 10:00,12,31,300
2364,4/10/2013 11:00,12,32,300
2365,4/10/2013 12:00,12,32,300
2366,4/10/2013 13:00,12,32,300
2367,4/10/2013 14:00,12,31,300
2368,4/10/2013 15:00,12,32,300
2369,4/10/2013 16:00,12,31,300
2370,4/10/2013 17:00,12,32,300
2371,4/10/2013 18:00,12,31,300
2372,4/10/2013 19:00,12,32,300
2373,4/10/2013 20:00,12,32,300
2374,4/10/2013 21:00,12,32,300
2375,4/10/2013 22:00,12,32,301
2376,4/10/2013 23:00,12,32,301
2377,4/11/2013 0:00,12,32,301
2378,4/11/2013 1:00,12,32,302
2379,4/11/2013 2:00,12,32,301
2380,4/11/2013 3:00,12,32,301
2381,4/11/2013 4:00,12,32,301
2382,4/11/2013 5:00,12,32,300
2383,4/11/2013 6:00,12,32,300
2384,4/11/2013 7:00,12,32,300
2385,4/11/2013 8:00,12,32,299
2386,4/11/2013 9:00,13,32,300
2387,4/11/2013 10:00,12,32,300
2388,4/11/2013 11:00,12,32,300
2389,4/11/2013 12:00,12,32,300
2390,4/11/2013 13:00,12,32,299
2391,4/11/2013 14:00,12,32,299
2392,4/11/2013 15:00,12,32,298
2393,4/11/2013 16:00,12,31,299
2394,4/11/2013 17:00,12,32,300
2395,4/11/2013 18:00,12,32,300
2396,4/11/2013 19:00,12,32,300
2397,4/11/2013 20:00,12,32,299
2398,4/11/2013 21:00,12,32,301
2399,4/11/2013 22:00,12,32,300
2400,4/11/2013 23:00,12,32,299
2401,4/12/2013 0:00,12,32,299
2402,4/12/2013 1:00,12,32,299
2403,4/12/2013 2:00,12,32,300
2404,4/12/2013 3:00,14,32,299
2405,4/12/2013 4:00,12,32,299
2406,4/12/2013 5:00,12,32,299
2407,4/12/2013 6:00,12,32,299
2408,4/12/2013 7:00,12,32,299
2409,4/12/2013 8:00,12,32,299
2410,4/12/2013 9:00,12,32,299
2411,4/12/2013 10:00,12,32,298
2412,4/12/2013 11:00,12,32,299
2413,4/12/2013 12:00,14,32,299
2414,4/12/2013 13:00,12,32,299
2415,4/12/2013 14:00,12,32,299
2416,4/12/2013 15:00,12,32,299
2417,4/12/2013 16:00,12,32,299
2418,4/12/2013 17:00,12,32,299
2419,4/12/2013 18:00,12,32,300
2420,4/12/2013 19:00,12,32,298
2421,4/12/2013 20:00,12,32,298
2422,4/12/2013 21:00,12,32,299
2423,4/12/2013 22:00,12,32,299
2424,4/12/2013 23:00,12,32,298
2425,4/13/2013 0:00,12,32,298
2426,4/13/2013 1:00,12,32,298
2427,4/13/2013 2:00,12,32,298
2428,4/13/2013 3:00,12,32,297
2429,4/13/2013 4:00,12,32,295
2430,4/13/2013 5:00,12,32,296
2431,4/13/2013 6:00,12,32,297
2432,4/13/2013 7:00,12,32,296
2433,4/13/2013 8:00,12,32,296
2434,4/13/2013 9:00,12,32,296
2435,4/13/2013 10:00,12,32,297
2436,4/13/2013 11:00,12,32,296
2437,4/13/2013 12:00,12,32,297
2438,4/13/2013 13:00,12,32,295
2439,4/13/2013 14:00,12,32,296
2440,4/13/2013 15:00,12,32,296
2441,4/13/2013 16:00,13,32,296
2442,4/13/2013 17:00,12,32,295
2443,4/13/2013 18:00,12,32,295
2444,4/13/2013 19:00,12,32,295
2445,4/13/2013 20:00,12,32,295
2446,4/13/2013 21:00,12,32,294
2447,4/13/2013 22:00,12,32,294
2448,4/13/2013 23:00,12,32,295
2449,4/14/2013 0:00,12,32,294
2450,4/14/2013 1:00,12,32,295
2451,4/14/2013 2:00,12,32,295
2452,4/14/2013 3:00,12,32,295
2453,4/14/2013 4:00,12,32,294
2454,4/14/2013 5:00,12,32,294
2455,4/14/2013 6:00,12,32,293
2456,4/14/2013 7:00,12,32,294
2457,4/14/2013 8:00,12,32,294
2458,4/14/2013 9:00,12,32,294
2459,4/14/2013 10:00,12,32,291
2460,4/14/2013 11:00,12,32,292
2461,4/14/2013 12:00,12,32,291
2462,4/14/2013 13:00,12,32,293
2463,4/14/2013 14:00,12,32,291
2464,4/14/2013 15:00,12,32,291
2465,4/14/2013 16:00,12,32,291
2466,4/14/2013 17:00,12,32,288
2467,4/14/2013 18:00,12,32,288
2468,4/14/2013 19:00,12,32,287
2469,4/14/2013 20:00,13,32,274
2470,4/14/2013 21:00,12,32,282
2471,4/14/2013 22:00,12,32,283
2472,4/14/2013 23:00,12,32,282
2473,4/15/2013 0:00,12,32,283
2474,4/15/2013 1:00,13,32,283
2475,4/15/2013 2:00,12,32,283
2476,4/15/2013 3:00,12,32,283
2477,4/15/2013 4:00,12,32,283
2478,4/15/2013 5:00,12,32,283
2479,4/15/2013 6:00,13,30,283
2480,4/15/2013 7:00,13,32,283
2481,4/15/2013 8:00,12,32,283
2482,4/15/2013 9:00,12,32,283
2483,4/15/2013 10:00,12,32,283
2484,4/15/2013 11:00,12,32,283
2485,4/15/2013 12:00,12,32,284
2486,4/15/2013 13:00,12,32,283
2487,4/15/2013 14:00,12,32,283
2488,4/15/2013 15:00,13,32,284
2489,4/15/2013 16:00,12,32,285
2490,4/15/2013 17:00,12,32,285
2491,4/15/2013 18:00,12,32,285
2492,4/15/2013 19:00,12,32,284
2493,4/15/2013 20:00,12,32,284
2494,4/15/2013 21:00,12,32,284
2495,4/15/2013 22:00,12,32,284
2496,4/15/2013 23:00,12,32,284
2497,4/16/2013 0:00,12,32,283
2498,4/16/2013 1:00,12,32,284
2499,4/16/2013 2:00,12,32,283
2500,4/16/2013 3:00,12,32,283
2501,4/16/2013 4:00,12,32,283
2502,4/16/2013 5:00,12,32,283
2503,4/16/2013 6:00,12,32,283
2504,4/16/2013 7:00,12,32,283
2505,4/16/2013 8:00,12,32,283
2506,4/16/2013 9:00,12,32,283
2507,4/16/2013 10:00,12,32,283
2508,4/16/2013 11:00,12,32,283
2509,4/16/2013 12:00,12,32,283
2510,4/16/2013 13:00,12,32,283
2511,4/16/2013 14:00,12,32,283
2512,4/16/2013 15:00,12,32,283
2513,4/16/2013 16:00,12,32,283
2514,4/16/2013 17:00,12,32,283
2515,4/16/2013 18:00,13,32,283
2516,4/16/2013 19:00,12,32,284
2517,4/16/2013 20:00,12,32,284
2518,4/16/2013 21:00,12,32,283
2519,4/16/2013 22:00,12,32,283
2520,4/16/2013 23:00,12,32,283
2521,4/17/2013 0:00,13,32,283
2522,4/17/2013 1:00,12,32,283
2523,4/17/2013 2:00,12,32,283
2524,4/17/2013 3:00,12,32,283
2525,4/17/2013 4:00,12,32,283
2526,4/17/2013 5:00,12,32,283
2527,4/17/2013 6:00,12,32,283
2528,4/17/2013 7:00,12,32,283
2529,4/17/2013 8:00,12,32,283
2530,4/17/2013 9:00,12,32,283
2531,4/17/2013 10:00,12,32,283
2532,4/17/2013 11:00,12,32,284
2533,4/17/2013 12:00,12,32,283
2534,4/17/2013 13:00,12,32,283
2535,4/17/2013 14:00,12,32,283
2536,4/17/2013 15:00,12,32,283
2537,4/17/2013 16:00,12,32,283
2538,4/17/2013 17:00,12,32,283
2539,4/17/2013 18:00,12,32,283
2540,4/17/2013 19:00,12,32,283
2541,4/17/2013 20:00,12,32,283
2542,4/17/2013 21:00,12,32,283
2543,4/17/2013 22:00,12,32,283
2544,4/17/2013 23:00,12,32,283
2545,4/18/2013 0:00,13,30,283
2546,4/18/2013 1:00,12,32,282
2547,4/18/2013 2:00,12,32,283
2548,4/18/2013 3:00,12,32,283
2549,4/18/2013 4:00,12,32,283
2550,4/18/2013 5:00,12,32,283
2551,4/18/2013 6:00,12,32,283
2552,4/18/2013 7:00,12,32,283
2553,4/18/2013 8:00,12,32,283
2554,4/18/2013 9:00,12,32,283
2555,4/18/2013 10:00,12,32,283
2556,4/18/2013 11:00,12,32,283
2557,4/18/2013 12:00,12,32,282
2558,4/18/2013 13:00,12,32,283
2559,4/18/2013 14:00,12,32,283
2560,4/18/2013 15:00,12,32,283
2561,4/18/2013 16:00,12,32,283
2562,4/18/2013 17:00,12,32,283
2563,4/18/2013 18:00,12,32,283
2564,4/18/2013 19:00,12,32,283
2565,4/18/2013 20:00,12,32,283
2566,4/18/2013 21:00,12,32,283
2567,4/18/2013 22:00,12,32,283
2568,4/18/2013 23:00,12,32,283
2569,4/19/2013 0:00,12,32,282
2570,4/19/2013 1:00,12,32,282
2571,4/19/2013 2:00,12,32,283
2572,4/19/2013 3:00,12,32,283
2573,4/19/2013 4:00,12,32,282
2574,4/19/2013 5:00,12,32,282
2575,4/19/2013 6:00,12,32,282
2576,4/19/2013 7:00,12,32,282
2577,4/19/2013 8:00,12,32,282
2578,4/19/2013 9:00,12,32,282
2579,4/19/2013 10:00,12,32,282
2580,4/19/2013 11:00,12,32,282
2581,4/19/2013 12:00,12,32,282
2582,4/19/2013 13:00,12,32,282
2583,4/19/2013 14:00,12,32,282
2584,4/19/2013 15:00,12,32,282
2585,4/19/2013 16:00,12,32,283
2586,4/19/2013 17:00,12,32,283
2587,4/19/2013 18:00,12,32,283
2588,4/19/2013 19:00,12,32,283
2589,4/19/2013 20:00,12,32,283
2590,4/19/2013 21:00,12,32,283
2591,4/19/2013 22:00,12,32,283
2592,4/19/2013 23:00,12,32,283
2593,4/20/2013 0:00,12,32,283
2594,4/20/2013 1:00,12,32,283
2595,4/20/2013 2:00,12,32,283
2596,4/20/2013 3:00,12,32,283
2597,4/20/2013 4:00,12,32,283
2598,4/20/2013 5:00,12,32,283
2599,4/20/2013 6:00,12,32,283
2600,4/20/2013 7:00,12,32,283
2601,4/20/2013 8:00,12,32,283
2602,4/20/2013 9:00,12,32,283
2603,4/20/2013 10:00,12,32,283
2604,4/20/2013 11:00,12,32,282
2605,4/20/2013 12:00,12,32,282
2606,4/20/2013 13:00,12,32,283
2607,4/20/2013 14:00,12,32,282
2608,4/20/2013 15:00,12,32,283
2609,4/20/2013 16:00,12,32,283
2610,4/20/2013 17:00,12,32,283
2611,4/20/2013 18:00,12,32,282
2612,4/20/2013 19:00,12,32,282
2613,4/20/2013 20:00,12,32,282
2614,4/20/2013 21:00,12,32,282
2615,4/20/2013 22:00,12,32,282
2616,4/20/2013 23:00,12,32,282
2617,4/21/2013 0:00,12,32,282
2618,4/21/2013 1:00,12,32,282
2619,4/21/2013 2:00,12,32,282
2620,4/21/2013 3:00,12,32,282
2621,4/21/2013 4:00,12,32,282
2622,4/21/2013 5:00,12,32,282
2623,4/21/2013 6:00,12,32,282
2624,4/21/2013 7:00,12,32,282
2625,4/21/2013 8:00,12,32,282
2626,4/21/2013 9:00,12,32,282
2627,4/21/2013 10:00,12,32,282
2628,4/21/2013 11:00,12,32,282
2629,4/21/2013 12:00,12,32,282
2630,4/21/2013 13:00,12,32,282
2631,4/21/2013 14:00,12,32,282
2632,4/21/2013 15:00,12,32,282
2633,4/21/2013 16:00,12,32,282
2634,4/21/2013 17:00,12,32,282
2635,4/21/2013 18:00,12,32,282
2636,4/21/2013 19:00,14,32,282
2637,4/21/2013 20:00,12,32,282
2638,4/21/2013 21:00,12,32,282
2639,4/21/2013 22:00,11,34,282
2640,4/21/2013 23:00,12,32,282
2641,4/22/2013 0:00,12,32,282
2642,4/22/2013 1:00,13,30,282
2643,4/22/2013 2:00,13,32,282
2644,4/22/2013 3:00,12,32,282
2645,4/22/2013 4:00,12,32,282
2646,4/22/2013 5:00,12,32,282
2647,4/22/2013 6:00,13,30,282
2648,4/22/2013 7:00,12,32,282
2649,4/22/2013 8:00,12,32,282
2650,4/22/2013 9:00,12,32,282
2651,4/22/2013 10:00,12,32,282
2652,4/22/2013 11:00,12,32,282
2653,4/22/2013 12:00,12,32,282
2654,4/22/2013 13:00,12,32,282
2655,4/22/2013 14:00,12,32,282
2656,4/22/2013 15:00,13,30,282
2657,4/22/2013 16:00,12,32,282
2658,4/22/2013 17:00,12,32,282
2659,4/22/2013 18:00,12,32,282
2660,4/22/2013 19:00,12,32,281
2661,4/22/2013 20:00,12,32,281
2662,4/22/2013 21:00,12,32,281
2663,4/22/2013 22:00,12,32,281
2664,4/22/2013 23:00,12,32,281
2665,4/23/2013 0:00,12,32,281
2666,4/23/2013 1:00,12,32,281
2667,4/23/2013 2:00,12,32,281
2668,4/23/2013 3:00,13,32,280
2669,4/23/2013 4:00,12,32,278
2670,4/23/2013 5:00,12,32,278
2671,4/23/2013 6:00,12,32,278
2672,4/23/2013 7:00,12,32,277
2673,4/23/2013 8:00,12,32,277
2674,4/23/2013 9:00,12,32,276
2675,4/23/2013 10:00,12,32,276
2676,4/23/2013 11:00,12,32,276
2677,4/23/2013 12:00,12,32,276
2678,4/23/2013 13:00,12,32,276
2679,4/23/2013 14:00,12,32,275
2680,4/23/2013 15:00,12,32,273
2681,4/23/2013 16:00,12,32,266
2682,4/23/2013 17:00,13,32,264
2683,4/23/2013 18:00,12,32,283
2684,4/23/2013 19:00,12,32,283
2685,4/23/2013 20:00,12,32,276
2686,4/23/2013 21:00,12,32,267
2687,4/23/2013 22:00,12,32,267
2688,4/23/2013 23:00,12,32,251
2689,4/24/2013 0:00,12,32,291
2690,4/24/2013 1:00,12,32,294
2691,4/24/2013 2:00,12,32,295
2692,4/24/2013 3:00,12,32,294
2693,4/24/2013 4:00,12,32,296
2694,4/24/2013 5:00,12,32,296
2695,4/24/2013 6:00,12,32,298
2696,4/24/2013 7:00,12,32,300
2697,4/24/2013 8:00,12,32,296
2698,4/24/2013 9:00,12,32,301
2699,4/24/2013 10:00,12,32,301
2700,4/24/2013 11:00,12,32,299
2701,4/24/2013 12:00,12,32,299
2702,4/24/2013 13:00,12,32,301
2703,4/24/2013 14:00,12,32,299
2704,4/24/2013 15:00,13,30,299
2705,4/24/2013 16:00,12,32,296
2706,4/24/2013 17:00,12,32,299
2707,4/24/2013 18:00,12,32,299
2708,4/24/2013 19:00,13,30,300
2709,4/24/2013 20:00,12,32,301
2710,4/24/2013 21:00,12,32,301
2711,4/24/2013 22:00,12,32,301
2712,4/24/2013 23:00,12,32,298
2713,4/25/2013 0:00,12,32,300
2714,4/25/2013 1:00,12,32,300
2715,4/25/2013 2:00,12,32,299
2716,4/25/2013 3:00,13,30,300
2717,4/25/2013 4:00,13,32,300
2718,4/25/2013 5:00,12,32,300
2719,4/25/2013 6:00,12,32,300
2720,4/25/2013 7:00,12,32,299
2721,4/25/2013 8:00,12,32,299
2722,4/25/2013 9:00,12,32,299
2723,4/25/2013 10:00,12,32,300
2724,4/25/2013 11:00,12,32,300
2725,4/25/2013 12:00,12,32,300
2726,4/25/2013 13:00,12,32,299
2727,4/25/2013 14:00,13,30,299
2728,4/25/2013 15:00,12,32,301
2729,4/25/2013 16:00,12,32,302
2730,4/25/2013 17:00,12,32,298
2731,4/25/2013 18:00,12,32,301
2732,4/25/2013 19:00,12,32,298
2733,4/25/2013 20:00,12,32,298
2734,4/25/2013 21:00,13,30,299
2735,4/25/2013 22:00,12,32,296
2736,4/25/2013 23:00,12,32,298
2737,4/26/2013 0:00,12,32,298
2738,4/26/2013 1:00,12,32,298
2739,4/26/2013 2:00,12,32,298
2740,4/26/2013 3:00,12,32,298
2741,4/26/2013 4:00,12,32,298
2742,4/26/2013 5:00,12,32,298
2743,4/26/2013 6:00,12,32,296
2744,4/26/2013 7:00,12,32,296
2745,4/26/2013 8:00,12,32,296
2746,4/26/2013 9:00,13,30,298
2747,4/26/2013 10:00,12,32,296
2748,4/26/2013 11:00,11,34,296
2749,4/26/2013 12:00,12,32,296
2750,4/26/2013 13:00,12,32,296
2751,4/26/2013 14:00,12,32,296
2752,4/26/2013 15:00,12,32,296
2753,4/26/2013 16:00,12,32,296
2754,4/26/2013 17:00,12,32,296
2755,4/26/2013 18:00,13,30,298
2756,4/26/2013 19:00,12,32,298
2757,4/26/2013 20:00,12,32,296
2758,4/26/2013 21:00,13,30,296
2759,4/26/2013 22:00,12,32,296
2760,4/26/2013 23:00,12,32,295
2761,4/27/2013 0:00,13,32,300
2762,4/27/2013 1:00,12,32,295
2763,4/27/2013 2:00,12,32,296
2764,4/27/2013 3:00,12,32,296
2765,4/27/2013 4:00,12,32,295
2766,4/27/2013 5:00,12,32,295
2767,4/27/2013 6:00,12,32,295
2768,4/27/2013 7:00,12,32,298
2769,4/27/2013 8:00,12,32,295
2770,4/27/2013 9:00,12,32,295
2771,4/27/2013 10:00,12,32,295
2772,4/27/2013 11:00,12,32,295
2773,4/27/2013 12:00,12,32,295
2774,4/27/2013 13:00,12,32,296
2775,4/27/2013 14:00,12,32,293
2776,4/27/2013 15:00,12,32,294
2777,4/27/2013 16:00,12,32,296
2778,4/27/2013 17:00,12,32,298
2779,4/27/2013 18:00,12,32,299
2780,4/27/2013 19:00,12,32,299
2781,4/27/2013 20:00,13,30,299
2782,4/27/2013 21:00,12,32,299
2783,4/27/2013 22:00,12,32,299
2784,4/27/2013 23:00,13,30,299
2785,4/28/2013 0:00,12,32,295
2786,4/28/2013 1:00,12,32,296
2787,4/28/2013 2:00,12,32,298
2788,4/28/2013 3:00,12,32,298
2789,4/28/2013 4:00,12,32,299
2790,4/28/2013 5:00,12,32,299
2791,4/28/2013 6:00,13,30,295
2792,4/28/2013 7:00,12,32,298
2793,4/28/2013 8:00,12,32,298
2794,4/28/2013 9:00,12,32,298
2795,4/28/2013 10:00,13,30,299
2796,4/28/2013 11:00,12,32,295
2797,4/28/2013 12:00,12,32,298
2798,4/28/2013 13:00,13,32,297
2799,4/28/2013 14:00,12,32,298
2800,4/28/2013 15:00,12,32,299
2801,4/28/2013 16:00,12,32,299
2802,4/28/2013 17:00,13,30,299
2803,4/28/2013 18:00,13,32,299
2804,4/28/2013 19:00,12,32,299
2805,4/28/2013 20:00,12,32,295
2806,4/28/2013 21:00,12,32,294
2807,4/28/2013 22:00,12,32,294
2808,4/28/2013 23:00,12,32,293
2809,4/29/2013 0:00,12,32,285
2810,4/29/2013 1:00,13,30,293
2811,4/29/2013 2:00,12,32,293
2812,4/29/2013 3:00,12,32,291
2813,4/29/2013 4:00,12,32,292
2814,4/29/2013 5:00,12,32,285
2815,4/29/2013 6:00,12,32,291
2816,4/29/2013 7:00,12,32,292
2817,4/29/2013 8:00,12,32,291
2818,4/29/2013 9:00,12,32,291
2819,4/29/2013 10:00,12,32,291
2820,4/29/2013 11:00,12,32,291
2821,4/29/2013 12:00,13,30,292
2822,4/29/2013 13:00,12,32,292
2823,4/29/2013 14:00,13,30,293
2824,4/29/2013 15:00,12,32,293
2825,4/29/2013 16:00,12,32,293
2826,4/29/2013 17:00,12,32,293
2827,4/29/2013 18:00,12,32,291
2828,4/29/2013 19:00,12,32,291
2829,4/29/2013 20:00,12,32,284
2830,4/29/2013 21:00,13,30,287
2831,4/29/2013 22:00,12,32,286
2832,4/29/2013 23:00,12,32,289
2833,4/30/2013 0:00,13,30,289
2834,4/30/2013 1:00,12,32,289
2835,4/30/2013 2:00,12,32,294
2836,4/30/2013 3:00,12,32,290
2837,4/30/2013 4:00,13,30,290
2838,4/30/2013 5:00,12,32,295
2839,4/30/2013 6:00,12,32,295
2840,4/30/2013 7:00,12,32,287
2841,4/30/2013 8:00,12,32,290
2842,4/30/2013 9:00,11,33,290
2843,4/30/2013 10:00,12,32,289
2844,4/30/2013 11:00,12,32,291
2845,4/30/2013 12:00,12,32,294
2846,4/30/2013 13:00,12,32,290
2847,4/30/2013 14:00,12,32,289
2848,4/30/2013 15:00,12,32,293
2849,4/30/2013 16:00,12,32,293
2850,4/30/2013 17:00,12,32,293
2851,4/30/2013 18:00,12,32,293
2852,4/30/2013 19:00,12,32,293
2853,4/30/2013 20:00,12,32,293
2854,4/30/2013 21:00,12,32,292
2855,4/30/2013 22:00,12,32,293
2856,4/30/2013 23:00,12,32,293
2857,5/1/2013 0:00,12,32,293
2858,5/1/2013 1:00,12,32,293
2859,5/1/2013 2:00,12,32,292
2860,5/1/2013 3:00,12,32,291
2861,5/1/2013 4:00,13,30,291
2862,5/1/2013 5:00,12,32,291
2863,5/1/2013 6:00,13,30,290
2864,5/1/2013 7:00,12,32,285
2865,5/1/2013 8:00,12,32,294
2866,5/1/2013 9:00,12,32,293
2867,5/1/2013 10:00,13,30,293
2868,5/1/2013 11:00,13,30,293
2869,5/1/2013 12:00,12,32,294
2870,5/1/2013 13:00,12,32,293
2871,5/1/2013 14:00,12,32,293
2872,5/1/2013 15:00,12,32,293
2873,5/1/2013 16:00,13,30,291
2874,5/1/2013 17:00,12,32,295
2875,5/1/2013 18:00,12,32,296
2876,5/1/2013 19:00,12,32,297
2877,5/1/2013 20:00,12,32,298
2878,5/1/2013 21:00,12,32,298
2879,5/1/2013 22:00,12,32,298
2880,5/1/2013 23:00,12,32,298
2881,5/2/2013 0:00,12,32,298
2882,5/2/2013 1:00,12,32,297
2883,5/2/2013 2:00,12,32,292
2884,5/2/2013 3:00,12,32,291
2885,5/2/2013 4:00,12,32,293
2886,5/2/2013 5:00,13,30,291
2887,5/2/2013 6:00,12,32,293
2888,5/2/2013 7:00,12,32,292
2889,5/2/2013 8:00,12,32,291
2890,5/2/2013 9:00,12,32,293
2891,5/2/2013 10:00,12,32,294
2892,5/2/2013 11:00,12,32,294
2893,5/2/2013 12:00,12,32,295
2894,5/2/2013 13:00,12,32,295
2895,5/2/2013 14:00,12,32,296
2896,5/2/2013 15:00,12,32,296
2897,5/2/2013 16:00,12,31,296
2898,5/2/2013 17:00,12,31,297
2899,5/2/2013 18:00,12,32,297
2900,5/2/2013 19:00,12,32,297
2901,5/2/2013 20:00,12,32,296
2902,5/2/2013 21:00,12,32,295
2903,5/2/2013 22:00,12,32,295
2904,5/2/2013 23:00,12,32,296
2905,5/3/2013 0:00,12,32,296
2906,5/3/2013 1:00,12,32,296
2907,5/3/2013 2:00,12,32,295
2908,5/3/2013 3:00,14,32,295
2909,5/3/2013 4:00,12,32,295
2910,5/3/2013 5:00,12,32,297
2911,5/3/2013 6:00,12,31,295
2912,5/3/2013 7:00,12,32,295
2913,5/3/2013 8:00,12,32,295
2914,5/3/2013 9:00,14,32,295
2915,5/3/2013 10:00,12,32,295
2916,5/3/2013 11:00,12,32,295
2917,5/3/2013 12:00,12,32,294
2918,5/3/2013 13:00,11,34,295
2919,5/3/2013 14:00,12,32,294
2920,5/3/2013 15:00,12,32,295
2921,5/3/2013 16:00,12,32,290
2922,5/3/2013 17:00,12,32,287
2923,5/3/2013 18:00,12,32,287
2924,5/3/2013 19:00,12,32,287
2925,5/3/2013 20:00,12,32,287
2926,5/3/2013 21:00,12,32,286
2927,5/3/2013 22:00,11,34,294
2928,5/3/2013 23:00,12,32,294
2929,5/4/2013 0:00,12,32,294
2930,5/4/2013 1:00,12,32,295
2931,5/4/2013 2:00,12,32,295
2932,5/4/2013 3:00,12,32,295
2933,5/4/2013 4:00,12,32,295
2934,5/4/2013 5:00,13,30,295
2935,5/4/2013 6:00,12,32,295
2936,5/4/2013 7:00,12,32,295
2937,5/4/2013 8:00,12,32,296
2938,5/4/2013 9:00,12,32,296
2939,5/4/2013 10:00,12,32,295
2940,5/4/2013 11:00,13,33,296
2941,5/4/2013 12:00,12,32,296
2942,5/4/2013 13:00,12,32,296
2943,5/4/2013 14:00,12,32,296
2944,5/4/2013 15:00,12,32,295
2945,5/4/2013 16:00,12,32,296
2946,5/4/2013 17:00,12,32,296
2947,5/4/2013 18:00,12,32,295
2948,5/4/2013 19:00,13,30,294
2949,5/4/2013 20:00,12,32,296
2950,5/4/2013 21:00,12,32,296
2951,5/4/2013 22:00,13,30,296
2952,5/4/2013 23:00,12,32,296
2953,5/5/2013 0:00,12,32,296
2954,5/5/2013 1:00,12,32,295
2955,5/5/2013 2:00,12,32,297
2956,5/5/2013 3:00,12,32,297
2957,5/5/2013 4:00,12,32,298
2958,5/5/2013 5:00,12,32,298
2959,5/5/2013 6:00,13,30,298
2960,5/5/2013 7:00,12,32,298
2961,5/5/2013 8:00,12,32,298
2962,5/5/2013 9:00,12,32,298
2963,5/5/2013 10:00,12,32,298
2964,5/5/2013 11:00,12,32,297
2965,5/5/2013 12:00,12,32,295
2966,5/5/2013 13:00,12,32,295
2967,5/5/2013 14:00,12,32,295
2968,5/5/2013 15:00,12,32,296
2969,5/5/2013 16:00,12,32,296
2970,5/5/2013 17:00,12,32,296
2971,5/5/2013 18:00,12,32,294
2972,5/5/2013 19:00,12,32,294
2973,5/5/2013 20:00,12,32,295
2974,5/5/2013 21:00,13,32,295
2975,5/5/2013 22:00,12,32,295
2976,5/5/2013 23:00,12,32,296
2977,5/6/2013 0:00,12,32,295
2978,5/6/2013 1:00,12,32,293
2979,5/6/2013 2:00,12,32,295
2980,5/6/2013 3:00,12,32,295
2981,5/6/2013 4:00,12,32,296
2982,5/6/2013 5:00,12,32,296
2983,5/6/2013 6:00,12,32,296
2984,5/6/2013 7:00,12,31,297
2985,5/6/2013 8:00,12,32,297
2986,5/6/2013 9:00,12,32,297
2987,5/6/2013 10:00,12,32,298
2988,5/6/2013 11:00,12,34,298
2989,5/6/2013 12:00,12,32,298
2990,5/6/2013 13:00,12,32,298
2991,5/6/2013 14:00,12,32,298
2992,5/6/2013 15:00,12,32,297
2993,5/6/2013 16:00,12,32,297
2994,5/6/2013 17:00,12,32,296
2995,5/6/2013 18:00,12,32,296
2996,5/6/2013 19:00,14,32,295
2997,5/6/2013 20:00,12,32,295
2998,5/6/2013 21:00,12,32,295
2999,5/6/2013 22:00,12,32,296
3000,5/6/2013 23:00,12,32,296
3001,5/7/2013 0:00,12,32,296
3002,5/7/2013 1:00,12,32,296
3003,5/7/2013 2:00,12,32,297
3004,5/7/2013 3:00,12,32,297
3005,5/7/2013 4:00,12,32,297
3006,5/7/2013 5:00,12,32,297
3007,5/7/2013 6:00,12,32,297
3008,5/7/2013 7:00,12,32,298
3009,5/7/2013 8:00,11,33,298
3010,5/7/2013 9:00,12,32,298
3011,5/7/2013 10:00,12,32,298
3012,5/7/2013 11:00,12,32,297
3013,5/7/2013 12:00,12,32,298
3014,5/7/2013 13:00,12,32,298
3015,5/7/2013 14:00,12,32,297
3016,5/7/2013 15:00,12,32,298
3017,5/7/2013 16:00,12,32,297
3018,5/7/2013 17:00,12,32,297
3019,5/7/2013 18:00,12,31,297
3020,5/7/2013 19:00,14,32,296
3021,5/7/2013 20:00,12,32,296
3022,5/7/2013 21:00,12,32,296
3023,5/7/2013 22:00,12,32,295
3024,5/7/2013 23:00,12,32,296
3025,5/8/2013 0:00,12,32,295
3026,5/8/2013 1:00,12,32,295
3027,5/8/2013 2:00,12,32,295
3028,5/8/2013 3:00,12,32,295
3029,5/8/2013 4:00,12,32,295
3030,5/8/2013 5:00,11,33,294
3031,5/8/2013 6:00,12,32,294
3032,5/8/2013 7:00,12,32,294
3033,5/8/2013 8:00,12,32,295
3034,5/8/2013 9:00,12,32,295
3035,5/8/2013 10:00,12,32,295
3036,5/8/2013 11:00,12,32,295
3037,5/8/2013 12:00,12,32,296
3038,5/8/2013 13:00,12,32,296
3039,5/8/2013 14:00,12,32,296
3040,5/8/2013 15:00,11,33,296
3041,5/8/2013 16:00,11,33,295
3042,5/8/2013 17:00,12,32,296
3043,5/8/2013 18:00,13,32,296
3044,5/8/2013 19:00,12,32,295
3045,5/8/2013 20:00,11,33,296
3046,5/8/2013 21:00,11,33,296
3047,5/8/2013 22:00,12,32,296
3048,5/8/2013 23:00,11,33,296
3049,5/9/2013 0:00,12,32,295
3050,5/9/2013 1:00,12,32,296
3051,5/9/2013 2:00,12,32,296
3052,5/9/2013 3:00,11,33,295
3053,5/9/2013 4:00,11,33,295
3054,5/9/2013 5:00,12,33,295
3055,5/9/2013 6:00,11,33,295
3056,5/9/2013 7:00,12,32,296
3057,5/9/2013 8:00,11,33,295
3058,5/9/2013 9:00,11,34,296
3059,5/9/2013 10:00,12,32,296
3060,5/9/2013 11:00,11,33,295
3061,5/9/2013 12:00,12,32,295
3062,5/9/2013 13:00,12,32,294
3063,5/9/2013 14:00,11,33,291
3064,5/9/2013 15:00,12,32,290
3065,5/9/2013 16:00,12,32,290
3066,5/9/2013 17:00,11,33,295
3067,5/9/2013 18:00,12,32,296
3068,5/9/2013 19:00,12,32,296
3069,5/9/2013 20:00,11,33,297
3070,5/9/2013 21:00,12,32,296
3071,5/9/2013 22:00,11,33,297
3072,5/9/2013 23:00,11,33,298
3073,5/10/2013 0:00,12,32,298
3074,5/10/2013 1:00,12,32,298
3075,5/10/2013 2:00,12,32,298
3076,5/10/2013 3:00,12,32,299
3077,5/10/2013 4:00,11,33,299
3078,5/10/2013 5:00,12,32,299
3079,5/10/2013 6:00,13,32,299
3080,5/10/2013 7:00,12,32,299
3081,5/10/2013 8:00,12,32,299
3082,5/10/2013 9:00,10,35,299
3083,5/10/2013 10:00,11,33,300
3084,5/10/2013 11:00,12,32,300
3085,5/10/2013 12:00,12,32,300
3086,5/10/2013 13:00,13,32,299
3087,5/10/2013 14:00,12,32,299
3088,5/10/2013 15:00,12,32,299
3089,5/10/2013 16:00,11,33,299
3090,5/10/2013 17:00,11,33,298
3091,5/10/2013 18:00,12,32,294
3092,5/10/2013 19:00,12,32,299
3093,5/10/2013 20:00,12,32,299
3094,5/10/2013 21:00,12,32,300
3095,5/10/2013 22:00,12,32,300
3096,5/10/2013 23:00,12,32,300
3097,5/11/2013 0:00,12,31,300
3098,5/11/2013 1:00,12,32,300
3099,5/11/2013 2:00,12,32,300
3100,5/11/2013 3:00,12,32,294
3101,5/11/2013 4:00,12,32,294
3102,5/11/2013 5:00,12,32,296
3103,5/11/2013 6:00,12,32,297
3104,5/11/2013 7:00,12,32,298
3105,5/11/2013 8:00,12,32,299
3106,5/11/2013 9:00,12,32,299
3107,5/11/2013 10:00,12,32,299
3108,5/11/2013 11:00,12,32,299
3109,5/11/2013 12:00,12,32,299
3110,5/11/2013 13:00,12,32,299
3111,5/11/2013 14:00,12,32,299
3112,5/11/2013 15:00,12,32,299
3113,5/11/2013 16:00,12,32,299
3114,5/11/2013 17:00,12,32,299
3115,5/11/2013 18:00,12,32,299
3116,5/11/2013 19:00,11,33,299
3117,5/11/2013 20:00,12,32,299
3118,5/11/2013 21:00,12,32,298
3119,5/11/2013 22:00,12,32,298
3120,5/11/2013 23:00,12,32,297
3121,5/12/2013 0:00,13,32,296
3122,5/12/2013 1:00,12,32,296
3123,5/12/2013 2:00,12,32,296
3124,5/12/2013 3:00,12,32,296
3125,5/12/2013 4:00,12,32,296
3126,5/12/2013 5:00,12,32,296
3127,5/12/2013 6:00,12,32,296
3128,5/12/2013 7:00,12,32,296
3129,5/12/2013 8:00,12,32,296
3130,5/12/2013 9:00,12,32,296
3131,5/12/2013 10:00,12,32,296
3132,5/12/2013 11:00,11,33,296
3133,5/12/2013 12:00,11,33,296
3134,5/12/2013 13:00,11,33,296
3135,5/12/2013 14:00,12,32,296
3136,5/12/2013 15:00,11,33,296
3137,5/12/2013 16:00,11,33,296
3138,5/12/2013 17:00,12,32,296
3139,5/12/2013 18:00,12,32,296
3140,5/12/2013 19:00,12,32,291
3141,5/12/2013 20:00,12,32,296
3142,5/12/2013 21:00,12,32,297
3143,5/12/2013 22:00,12,32,294
3144,5/12/2013 23:00,12,32,296
3145,5/13/2013 0:00,12,32,296
3146,5/13/2013 1:00,12,32,297
3147,5/13/2013 2:00,12,31,297
3148,5/13/2013 3:00,12,32,298
3149,5/13/2013 4:00,12,32,297
3150,5/13/2013 5:00,12,32,297
3151,5/13/2013 6:00,12,32,298
3152,5/13/2013 7:00,12,32,297
3153,5/13/2013 8:00,12,32,298
3154,5/13/2013 9:00,11,33,298
3155,5/13/2013 10:00,13,32,297
3156,5/13/2013 11:00,13,32,296
3157,5/13/2013 12:00,12,32,296
3158,5/13/2013 13:00,12,32,296
3159,5/13/2013 14:00,12,32,296
3160,5/13/2013 15:00,12,32,294
3161,5/13/2013 16:00,12,32,295
3162,5/13/2013 17:00,10,35,295
3163,5/13/2013 18:00,12,32,295
3164,5/13/2013 19:00,12,32,295
3165,5/13/2013 20:00,12,32,294
3166,5/13/2013 21:00,12,32,294
3167,5/13/2013 22:00,12,32,293
3168,5/13/2013 23:00,12,32,295
3169,5/14/2013 0:00,12,32,294
3170,5/14/2013 1:00,12,32,294
3171,5/14/2013 2:00,12,32,294
3172,5/14/2013 3:00,12,32,293
3173,5/14/2013 4:00,12,32,293
3174,5/14/2013 5:00,12,32,294
3175,5/14/2013 6:00,12,32,294
3176,5/14/2013 7:00,12,32,293
3177,5/14/2013 8:00,12,32,293
3178,5/14/2013 9:00,12,32,294
3179,5/14/2013 10:00,12,32,294
3180,5/14/2013 11:00,12,32,294
3181,5/14/2013 12:00,12,32,294
3182,5/14/2013 13:00,12,32,294
3183,5/14/2013 14:00,12,32,293
3184,5/14/2013 15:00,12,32,291
3185,5/14/2013 16:00,12,32,294
3186,5/14/2013 17:00,12,32,294
3187,5/14/2013 18:00,12,32,294
3188,5/14/2013 19:00,12,32,294
3189,5/14/2013 20:00,12,32,294
3190,5/14/2013 21:00,12,32,295
3191,5/14/2013 22:00,12,32,294
3192,5/14/2013 23:00,12,32,294
3193,5/15/2013 0:00,12,32,294
3194,5/15/2013 1:00,12,32,293
3195,5/15/2013 2:00,12,32,291
3196,5/15/2013 3:00,12,32,295
3197,5/15/2013 4:00,10,35,295
3198,5/15/2013 5:00,12,32,294
3199,5/15/2013 6:00,12,32,291
3200,5/15/2013 7:00,12,32,291
3201,5/15/2013 8:00,12,32,291
3202,5/15/2013 9:00,12,32,293
3203,5/15/2013 10:00,12,32,294
3204,5/15/2013 11:00,12,32,296
3205,5/15/2013 12:00,12,32,296
3206,5/15/2013 13:00,12,32,297
3207,5/15/2013 14:00,12,32,298
3208,5/15/2013 15:00,12,32,298
3209,5/15/2013 16:00,12,32,298
3210,5/15/2013 17:00,12,32,298
3211,5/15/2013 18:00,12,32,298
3212,5/15/2013 19:00,12,32,298
3213,5/15/2013 20:00,12,32,298
3214,5/15/2013 21:00,12,32,298
3215,5/15/2013 22:00,12,32,298
3216,5/15/2013 23:00,10,36,298
3217,5/16/2013 0:00,11,34,298
3218,5/16/2013 1:00,12,31,298
3219,5/16/2013 2:00,10,35,298
3220,5/16/2013 3:00,12,32,298
3221,5/16/2013 4:00,15,32,298
3222,5/16/2013 5:00,12,32,298
3223,5/16/2013 6:00,12,32,298
3224,5/16/2013 7:00,12,32,297
3225,5/16/2013 8:00,12,32,297
3226,5/16/2013 9:00,12,32,297
3227,5/16/2013 10:00,12,32,296
3228,5/16/2013 11:00,12,32,296
3229,5/16/2013 12:00,12,32,296
3230,5/16/2013 13:00,13,32,295
3231,5/16/2013 14:00,11,33,295
3232,5/16/2013 15:00,12,32,295
3233,5/16/2013 16:00,12,32,294
3234,5/16/2013 17:00,12,32,294
3235,5/16/2013 18:00,12,32,294
3236,5/16/2013 19:00,12,32,294
3237,5/16/2013 20:00,12,32,294
3238,5/16/2013 21:00,12,32,294
3239,5/16/2013 22:00,12,32,294
3240,5/16/2013 23:00,12,32,293
3241,5/17/2013 0:00,13,32,293
3242,5/17/2013 1:00,12,32,293
3243,5/17/2013 2:00,12,32,293
3244,5/17/2013 3:00,12,32,293
3245,5/17/2013 4:00,11,34,292
3246,5/17/2013 5:00,12,32,286
3247,5/17/2013 6:00,12,32,289
3248,5/17/2013 7:00,12,32,289
3249,5/17/2013 8:00,12,32,287
3250,5/17/2013 9:00,12,32,290
3251,5/17/2013 10:00,12,32,290
3252,5/17/2013 11:00,12,32,290
3253,5/17/2013 12:00,12,32,290
3254,5/17/2013 13:00,12,32,287
3255,5/17/2013 14:00,12,32,287
3256,5/17/2013 15:00,12,32,285
3257,5/17/2013 16:00,12,32,289
3258,5/17/2013 17:00,12,32,289
3259,5/17/2013 18:00,12,32,289
3260,5/17/2013 19:00,12,32,290
3261,5/17/2013 20:00,12,32,290
3262,5/17/2013 21:00,12,32,291
3263,5/17/2013 22:00,12,32,291
3264,5/17/2013 23:00,12,32,290
3265,5/18/2013 0:00,12,32,289
3266,5/18/2013 1:00,12,32,291
3267,5/18/2013 2:00,15,32,290
3268,5/18/2013 3:00,12,32,290
3269,5/18/2013 4:00,12,32,289
3270,5/18/2013 5:00,14,32,286
3271,5/18/2013 6:00,14,33,288
3272,5/18/2013 7:00,12,32,289
3273,5/18/2013 8:00,12,32,289
3274,5/18/2013 9:00,12,32,288
3275,5/18/2013 10:00,12,32,287
3276,5/18/2013 11:00,12,32,288
3277,5/18/2013 12:00,12,32,287
3278,5/18/2013 13:00,12,32,289
3279,5/18/2013 14:00,12,32,290
3280,5/18/2013 15:00,12,32,291
3281,5/18/2013 16:00,12,32,291
3282,5/18/2013 17:00,12,32,291
3283,5/18/2013 18:00,12,32,292
3284,5/18/2013 19:00,12,32,289
3285,5/18/2013 20:00,12,32,286
3286,5/18/2013 21:00,12,32,285
3287,5/18/2013 22:00,12,32,289
3288,5/18/2013 23:00,12,32,277
3289,5/19/2013 0:00,14,32,281
3290,5/19/2013 1:00,12,32,278
3291,5/19/2013 2:00,12,32,276
3292,5/19/2013 3:00,12,32,285
3293,5/19/2013 4:00,12,32,285
3294,5/19/2013 5:00,12,32,285
3295,5/19/2013 6:00,12,32,277
3296,5/19/2013 7:00,12,32,277
3297,5/19/2013 8:00,13,32,276
3298,5/19/2013 9:00,9,37,276
3299,5/19/2013 10:00,12,32,275
3300,5/19/2013 11:00,12,31,274
3301,5/19/2013 12:00,28,32,273
3302,5/19/2013 13:00,12,32,273
3303,5/19/2013 14:00,12,32,270
3304,5/19/2013 15:00,12,32,273
3305,5/19/2013 16:00,12,31,274
3306,5/19/2013 17:00,12,32,281
3307,5/19/2013 18:00,12,32,272
3308,5/19/2013 19:00,12,31,272
3309,5/19/2013 20:00,12,32,275
3310,5/19/2013 21:00,12,32,276
3311,5/19/2013 22:00,12,32,276
3312,5/19/2013 23:00,12,32,277
3313,5/20/2013 0:00,12,32,278
3314,5/20/2013 1:00,12,32,278
3315,5/20/2013 2:00,12,31,281
3316,5/20/2013 3:00,15,32,281
3317,5/20/2013 4:00,12,32,281
3318,5/20/2013 5:00,12,32,281
3319,5/20/2013 6:00,12,32,281
3320,5/20/2013 7:00,12,32,281
3321,5/20/2013 8:00,12,32,287
3322,5/20/2013 9:00,12,32,288
3323,5/20/2013 10:00,12,32,282
3324,5/20/2013 11:00,12,32,281
3325,5/20/2013 12:00,12,32,281
3326,5/20/2013 13:00,12,31,281
3327,5/20/2013 14:00,12,32,281
3328,5/20/2013 15:00,12,31,281
3329,5/20/2013 16:00,12,32,281
3330,5/20/2013 17:00,10,36,281
3331,5/20/2013 18:00,15,32,281
3332,5/20/2013 19:00,12,32,281
3333,5/20/2013 20:00,12,32,281
3334,5/20/2013 21:00,12,31,286
3335,5/20/2013 22:00,12,32,287
3336,5/20/2013 23:00,12,32,283
3337,5/21/2013 0:00,15,32,282
3338,5/21/2013 1:00,12,32,281
3339,5/21/2013 2:00,12,32,281
3340,5/21/2013 3:00,12,32,281
3341,5/21/2013 4:00,12,32,281
3342,5/21/2013 5:00,12,32,279
3343,5/21/2013 6:00,12,31,278
3344,5/21/2013 7:00,11,34,280
3345,5/21/2013 8:00,12,32,279
3346,5/21/2013 9:00,12,32,279
3347,5/21/2013 10:00,12,32,279
3348,5/21/2013 11:00,12,32,279
3349,5/21/2013 12:00,12,32,278
3350,5/21/2013 13:00,12,32,278
3351,5/21/2013 14:00,12,32,278
3352,5/21/2013 15:00,12,32,278
3353,5/21/2013 16:00,12,32,278
3354,5/21/2013 17:00,12,32,278
3355,5/21/2013 18:00,12,32,278
3356,5/21/2013 19:00,12,32,278
3357,5/21/2013 20:00,12,32,278
3358,5/21/2013 21:00,12,32,278
3359,5/21/2013 22:00,12,32,278
3360,5/21/2013 23:00,12,32,278
3361,5/22/2013 0:00,12,32,278
3362,5/22/2013 1:00,12,32,279
3363,5/22/2013 2:00,12,32,284
3364,5/22/2013 3:00,12,32,285
3365,5/22/2013 4:00,12,31,286
3366,5/22/2013 5:00,12,32,286
3367,5/22/2013 6:00,12,32,284
3368,5/22/2013 7:00,12,32,282
3369,5/22/2013 8:00,12,32,282
3370,5/22/2013 9:00,12,32,281
3371,5/22/2013 10:00,12,32,281
3372,5/22/2013 11:00,12,32,280
3373,5/22/2013 12:00,12,32,279
3374,5/22/2013 13:00,12,32,278
3375,5/22/2013 14:00,12,32,278
3376,5/22/2013 15:00,12,32,278
3377,5/22/2013 16:00,12,32,278
3378,5/22/2013 17:00,12,32,278
3379,5/22/2013 18:00,12,32,278
3380,5/22/2013 19:00,12,32,278
3381,5/22/2013 20:00,12,32,277
3382,5/22/2013 21:00,13,32,277
3383,5/22/2013 22:00,12,32,283
3384,5/22/2013 23:00,12,32,284
3385,5/23/2013 0:00,12,32,284
3386,5/23/2013 1:00,12,32,284
3387,5/23/2013 2:00,12,32,283
3388,5/23/2013 3:00,12,32,283
3389,5/23/2013 4:00,11,33,283
3390,5/23/2013 5:00,12,32,283
3391,5/23/2013 6:00,12,32,283
3392,5/23/2013 7:00,12,32,283
3393,5/23/2013 8:00,12,31,283
3394,5/23/2013 9:00,12,32,283
3395,5/23/2013 10:00,12,32,283
3396,5/23/2013 11:00,12,32,283
3397,5/23/2013 12:00,12,32,283
3398,5/23/2013 13:00,12,32,283
3399,5/23/2013 14:00,12,32,283
3400,5/23/2013 15:00,12,32,283
3401,5/23/2013 16:00,12,32,283
3402,5/23/2013 17:00,12,32,283
3403,5/23/2013 18:00,12,32,283
3404,5/23/2013 19:00,12,32,283
3405,5/23/2013 20:00,12,32,283
3406,5/23/2013 21:00,12,32,283
3407,5/23/2013 22:00,12,32,283
3408,5/23/2013 23:00,12,32,283
3409,5/24/2013 0:00,12,32,283
3410,5/24/2013 1:00,12,32,283
3411,5/24/2013 2:00,12,32,283
3412,5/24/2013 3:00,12,32,283
3413,5/24/2013 4:00,12,32,283
3414,5/24/2013 5:00,12,32,283
3415,5/24/2013 6:00,11,33,283
3416,5/24/2013 7:00,12,32,283
3417,5/24/2013 8:00,12,32,283
3418,5/24/2013 9:00,12,32,283
3419,5/24/2013 10:00,12,32,283
3420,5/24/2013 11:00,12,32,283
3421,5/24/2013 12:00,12,32,283
3422,5/24/2013 13:00,12,32,282
3423,5/24/2013 14:00,12,32,283
3424,5/24/2013 15:00,12,32,283
3425,5/24/2013 16:00,13,32,282
3426,5/24/2013 17:00,12,32,283
3427,5/24/2013 18:00,12,32,283
3428,5/24/2013 19:00,12,32,283
3429,5/24/2013 20:00,11,33,283
3430,5/24/2013 21:00,11,34,283
3431,5/24/2013 22:00,12,32,283
3432,5/24/2013 23:00,12,32,283
3433,5/25/2013 0:00,12,31,283
3434,5/25/2013 1:00,12,32,282
3435,5/25/2013 2:00,12,32,282
3436,5/25/2013 3:00,11,33,282
3437,5/25/2013 4:00,11,33,282
3438,5/25/2013 5:00,12,32,282
3439,5/25/2013 6:00,12,32,285
3440,5/25/2013 7:00,12,32,285
3441,5/25/2013 8:00,11,33,285
3442,5/25/2013 9:00,12,32,285
3443,5/25/2013 10:00,12,32,285
3444,5/25/2013 11:00,12,32,284
3445,5/25/2013 12:00,11,33,283
3446,5/25/2013 13:00,12,32,283
3447,5/25/2013 14:00,12,32,282
3448,5/25/2013 15:00,11,33,282
3449,5/25/2013 16:00,12,32,282
3450,5/25/2013 17:00,12,32,281
3451,5/25/2013 18:00,12,32,281
3452,5/25/2013 19:00,12,32,281
3453,5/25/2013 20:00,12,32,281
3454,5/25/2013 21:00,12,31,281
3455,5/25/2013 22:00,12,32,281
3456,5/25/2013 23:00,12,32,281
3457,5/26/2013 0:00,12,32,281
3458,5/26/2013 1:00,11,33,281
3459,5/26/2013 2:00,12,32,281
3460,5/26/2013 3:00,12,32,281
3461,5/26/2013 4:00,13,32,281
3462,5/26/2013 5:00,11,33,281
3463,5/26/2013 6:00,12,32,281
3464,5/26/2013 7:00,12,32,281
3465,5/26/2013 8:00,11,33,281
3466,5/26/2013 9:00,11,33,281
3467,5/26/2013 10:00,12,32,281
3468,5/26/2013 11:00,11,33,281
3469,5/26/2013 12:00,12,32,281
3470,5/26/2013 13:00,12,31,281
3471,5/26/2013 14:00,11,33,280
3472,5/26/2013 15:00,11,33,280
3473,5/26/2013 16:00,12,32,280
3474,5/26/2013 17:00,11,34,279
3475,5/26/2013 18:00,12,32,279
3476,5/26/2013 19:00,12,32,279
3477,5/26/2013 20:00,11,33,279
3478,5/26/2013 21:00,12,32,279
3479,5/26/2013 22:00,11,33,280
3480,5/26/2013 23:00,12,32,280
3481,5/27/2013 0:00,12,32,280
3482,5/27/2013 1:00,12,32,281
3483,5/27/2013 2:00,11,33,280
3484,5/27/2013 3:00,12,32,281
3485,5/27/2013 4:00,11,33,281
3486,5/27/2013 5:00,12,32,281
3487,5/27/2013 6:00,12,32,281
3488,5/27/2013 7:00,11,33,281
3489,5/27/2013 8:00,11,33,281
3490,5/27/2013 9:00,13,32,281
3491,5/27/2013 10:00,12,32,281
3492,5/27/2013 11:00,11,33,281
3493,5/27/2013 12:00,12,32,281
3494,5/27/2013 13:00,12,32,281
3495,5/27/2013 14:00,12,32,281
3496,5/27/2013 15:00,12,32,281
3497,5/27/2013 16:00,12,32,281
3498,5/27/2013 17:00,12,32,281
3499,5/27/2013 18:00,12,32,281
3500,5/27/2013 19:00,11,34,281
3501,5/27/2013 20:00,12,32,281
3502,5/27/2013 21:00,12,32,281
3503,5/27/2013 22:00,12,32,281
3504,5/27/2013 23:00,12,32,281
3505,5/28/2013 0:00,12,32,281
3506,5/28/2013 1:00,12,32,281
3507,5/28/2013 2:00,11,34,282
3508,5/28/2013 3:00,12,32,283
3509,5/28/2013 4:00,11,34,282
3510,5/28/2013 5:00,11,33,283
3511,5/28/2013 6:00,11,34,283
3512,5/28/2013 7:00,11,33,283
3513,5/28/2013 8:00,12,32,283
3514,5/28/2013 9:00,12,32,283
3515,5/28/2013 10:00,12,32,283
3516,5/28/2013 11:00,12,32,283
3517,5/28/2013 12:00,12,32,283
3518,5/28/2013 13:00,11,34,283
3519,5/28/2013 14:00,12,32,283
3520,5/28/2013 15:00,12,32,283
3521,5/28/2013 16:00,12,32,283
3522,5/28/2013 17:00,13,32,283
3523,5/28/2013 18:00,11,34,283
3524,5/28/2013 19:00,12,32,283
3525,5/28/2013 20:00,11,34,283
3526,5/28/2013 21:00,11,33,283
3527,5/28/2013 22:00,12,32,283
3528,5/28/2013 23:00,11,33,282
3529,5/29/2013 0:00,11,33,283
3530,5/29/2013 1:00,12,31,283
3531,5/29/2013 2:00,12,31,283
3532,5/29/2013 3:00,12,32,282
3533,5/29/2013 4:00,12,32,283
3534,5/29/2013 5:00,12,32,283
3535,5/29/2013 6:00,12,32,283
3536,5/29/2013 7:00,12,32,283
3537,5/29/2013 8:00,12,32,282
3538,5/29/2013 9:00,12,31,283
3539,5/29/2013 10:00,12,32,282
3540,5/29/2013 11:00,11,34,283
3541,5/29/2013 12:00,11,33,283
3542,5/29/2013 13:00,12,32,282
3543,5/29/2013 14:00,12,32,283
3544,5/29/2013 15:00,12,32,282
3545,5/29/2013 16:00,12,32,283
3546,5/29/2013 17:00,12,32,283
3547,5/29/2013 18:00,11,33,282
3548,5/29/2013 19:00,11,34,282
3549,5/29/2013 20:00,12,32,283
3550,5/29/2013 21:00,12,32,283
3551,5/29/2013 22:00,11,33,283
3552,5/29/2013 23:00,11,33,283
3553,5/30/2013 0:00,12,32,283
3554,5/30/2013 1:00,11,34,283
3555,5/30/2013 2:00,11,33,282
3556,5/30/2013 3:00,12,32,282
3557,5/30/2013 4:00,11,34,282
3558,5/30/2013 5:00,12,32,282
3559,5/30/2013 6:00,11,34,283
3560,5/30/2013 7:00,11,34,282
3561,5/30/2013 8:00,12,32,283
3562,5/30/2013 9:00,12,32,283
3563,5/30/2013 10:00,11,34,283
3564,5/30/2013 11:00,12,32,283
3565,5/30/2013 12:00,11,33,283
3566,5/30/2013 13:00,12,32,283
3567,5/30/2013 14:00,12,32,283
3568,5/30/2013 15:00,11,34,283
3569,5/30/2013 16:00,11,34,283
3570,5/30/2013 17:00,12,32,283
3571,5/30/2013 18:00,11,33,283
3572,5/30/2013 19:00,12,32,285
3573,5/30/2013 20:00,12,32,285
3574,5/30/2013 21:00,11,33,286
3575,5/30/2013 22:00,12,32,284
3576,5/30/2013 23:00,12,32,283
3577,5/31/2013 0:00,11,34,282
3578,5/31/2013 1:00,11,34,282
3579,5/31/2013 2:00,12,32,281
3580,5/31/2013 3:00,11,34,281
3581,5/31/2013 4:00,12,32,281
3582,5/31/2013 5:00,12,32,281
3583,5/31/2013 6:00,11,33,280
3584,5/31/2013 7:00,12,32,278
3585,5/31/2013 8:00,12,32,278
3586,5/31/2013 9:00,11,34,278
3587,5/31/2013 10:00,12,32,278
3588,5/31/2013 11:00,12,32,278
3589,5/31/2013 12:00,11,34,278
3590,5/31/2013 13:00,12,32,278
3591,5/31/2013 14:00,12,32,278
3592,5/31/2013 15:00,11,33,278
3593,5/31/2013 16:00,12,32,278
3594,5/31/2013 17:00,11,34,278
3595,5/31/2013 18:00,12,32,278
3596,5/31/2013 19:00,11,34,278
3597,5/31/2013 20:00,12,32,277
3598,5/31/2013 21:00,11,34,277
3599,5/31/2013 22:00,12,31,277
3600,5/31/2013 23:00,12,32,277
3601,6/1/2013 0:00,12,31,277
3602,6/1/2013 1:00,12,32,277
3603,6/1/2013 2:00,12,32,277
3604,6/1/2013 3:00,12,32,278
3605,6/1/2013 4:00,11,34,277
3606,6/1/2013 5:00,11,34,278
3607,6/1/2013 6:00,11,33,277
3608,6/1/2013 7:00,12,32,277
3609,6/1/2013 8:00,11,33,277
3610,6/1/2013 9:00,12,32,277
3611,6/1/2013 10:00,12,32,277
3612,6/1/2013 11:00,12,31,277
3613,6/1/2013 12:00,12,32,277
3614,6/1/2013 13:00,12,32,277
3615,6/1/2013 14:00,11,33,277
3616,6/1/2013 15:00,12,32,278
3617,6/1/2013 16:00,13,32,277
3618,6/1/2013 17:00,13,30,277
3619,6/1/2013 18:00,12,32,277
3620,6/1/2013 19:00,11,34,278
3621,6/1/2013 20:00,12,32,278
3622,6/1/2013 21:00,12,32,278
3623,6/1/2013 22:00,11,33,278
3624,6/1/2013 23:00,12,32,278
3625,6/2/2013 0:00,12,32,277
3626,6/2/2013 1:00,12,32,277
3627,6/2/2013 2:00,13,30,277
3628,6/2/2013 3:00,12,32,277
3629,6/2/2013 4:00,12,32,277
3630,6/2/2013 5:00,12,32,277
3631,6/2/2013 6:00,12,32,277
3632,6/2/2013 7:00,12,32,277
3633,6/2/2013 8:00,12,32,277
3634,6/2/2013 9:00,12,32,276
3635,6/2/2013 10:00,12,32,276
3636,6/2/2013 11:00,11,34,276
3637,6/2/2013 12:00,12,32,277
3638,6/2/2013 13:00,12,32,276
3639,6/2/2013 14:00,11,34,276
3640,6/2/2013 15:00,12,32,277
3641,6/2/2013 16:00,12,32,277
3642,6/2/2013 17:00,11,33,276
3643,6/2/2013 18:00,12,32,276
3644,6/2/2013 19:00,13,32,276
3645,6/2/2013 20:00,12,32,276
3646,6/2/2013 21:00,11,33,276
3647,6/2/2013 22:00,12,32,276
3648,6/2/2013 23:00,12,32,276
3649,6/3/2013 0:00,12,32,276
3650,6/3/2013 1:00,11,33,276
3651,6/3/2013 2:00,12,32,275
3652,6/3/2013 3:00,12,32,275
3653,6/3/2013 4:00,11,33,275
3654,6/3/2013 5:00,12,32,275
3655,6/3/2013 6:00,12,32,274
3656,6/3/2013 7:00,12,32,274
3657,6/3/2013 8:00,12,32,275
3658,6/3/2013 9:00,12,32,273
3659,6/3/2013 10:00,12,32,275
3660,6/3/2013 11:00,12,31,273
3661,6/3/2013 12:00,12,32,273
3662,6/3/2013 13:00,12,32,274
3663,6/3/2013 14:00,12,32,273
3664,6/3/2013 15:00,12,32,273
3665,6/3/2013 16:00,12,32,273
3666,6/3/2013 17:00,11,34,273
3667,6/3/2013 18:00,11,34,273
3668,6/3/2013 19:00,11,33,275
3669,6/3/2013 20:00,11,34,274
3670,6/3/2013 21:00,12,32,274
3671,6/3/2013 22:00,12,32,274
3672,6/3/2013 23:00,12,32,274
3673,6/4/2013 0:00,12,32,275
3674,6/4/2013 1:00,12,32,275
3675,6/4/2013 2:00,12,32,275
3676,6/4/2013 3:00,12,32,276
3677,6/4/2013 4:00,12,32,275
3678,6/4/2013 5:00,11,34,275
3679,6/4/2013 6:00,12,32,276
3680,6/4/2013 7:00,12,32,276
3681,6/4/2013 8:00,12,32,275
3682,6/4/2013 9:00,12,32,275
3683,6/4/2013 10:00,13,32,275
3684,6/4/2013 11:00,12,32,275
3685,6/4/2013 12:00,12,32,275
3686,6/4/2013 13:00,12,32,275
3687,6/4/2013 14:00,12,32,275
3688,6/4/2013 15:00,12,32,276
3689,6/4/2013 16:00,12,32,276
3690,6/4/2013 17:00,11,34,276
3691,6/4/2013 18:00,12,32,276
3692,6/4/2013 19:00,12,32,276
3693,6/4/2013 20:00,12,32,276
3694,6/4/2013 21:00,12,32,277
3695,6/4/2013 22:00,12,32,277
3696,6/4/2013 23:00,12,32,276
3697,6/5/2013 0:00,12,32,277
3698,6/5/2013 1:00,12,32,276
3699,6/5/2013 2:00,12,32,277
3700,6/5/2013 3:00,12,32,276
3701,6/5/2013 4:00,12,32,276
3702,6/5/2013 5:00,12,32,276
3703,6/5/2013 6:00,12,32,276
3704,6/5/2013 7:00,12,32,276
3705,6/5/2013 8:00,12,32,276
3706,6/5/2013 9:00,13,32,276
3707,6/5/2013 10:00,12,32,276
3708,6/5/2013 11:00,12,32,276
3709,6/5/2013 12:00,12,32,277
3710,6/5/2013 13:00,11,33,276
3711,6/5/2013 14:00,11,33,276
3712,6/5/2013 15:00,11,33,277
3713,6/5/2013 16:00,12,31,277
3714,6/5/2013 17:00,11,33,277
3715,6/5/2013 18:00,11,33,276
3716,6/5/2013 19:00,12,32,277
3717,6/5/2013 20:00,12,33,277
3718,6/5/2013 21:00,11,33,277
3719,6/5/2013 22:00,12,32,277
3720,6/5/2013 23:00,11,33,277
3721,6/6/2013 0:00,12,32,276
3722,6/6/2013 1:00,12,32,277
3723,6/6/2013 2:00,12,32,276
3724,6/6/2013 3:00,12,32,276
3725,6/6/2013 4:00,12,32,276
3726,6/6/2013 5:00,11,34,275
3727,6/6/2013 6:00,11,33,276
3728,6/6/2013 7:00,11,33,275
3729,6/6/2013 8:00,12,32,275
3730,6/6/2013 9:00,11,33,275
3731,6/6/2013 10:00,12,32,275
3732,6/6/2013 11:00,11,34,275
3733,6/6/2013 12:00,12,32,275
3734,6/6/2013 13:00,11,33,275
3735,6/6/2013 14:00,12,32,275
3736,6/6/2013 15:00,11,34,276
3737,6/6/2013 16:00,12,32,276
3738,6/6/2013 17:00,11,33,275
3739,6/6/2013 18:00,12,32,275
3740,6/6/2013 19:00,12,32,276
3741,6/6/2013 20:00,11,34,275
3742,6/6/2013 21:00,12,32,275
3743,6/6/2013 22:00,12,31,275
3744,6/6/2013 23:00,12,31,275
3745,6/7/2013 0:00,12,32,276
3746,6/7/2013 1:00,11,33,275
3747,6/7/2013 2:00,12,32,275
3748,6/7/2013 3:00,12,32,276
3749,6/7/2013 4:00,12,32,276
3750,6/7/2013 5:00,12,32,276
3751,6/7/2013 6:00,11,34,275
3752,6/7/2013 7:00,12,32,275
3753,6/7/2013 8:00,11,34,275
3754,6/7/2013 9:00,12,32,276
3755,6/7/2013 10:00,11,34,276
3756,6/7/2013 11:00,11,33,276
3757,6/7/2013 12:00,11,33,276
3758,6/7/2013 13:00,12,32,276
3759,6/7/2013 14:00,11,33,275
3760,6/7/2013 15:00,12,32,275
3761,6/7/2013 16:00,12,32,276
3762,6/7/2013 17:00,12,32,275
3763,6/7/2013 18:00,12,32,275
3764,6/7/2013 19:00,11,33,276
3765,6/7/2013 20:00,11,33,276
3766,6/7/2013 21:00,12,32,275
3767,6/7/2013 22:00,12,32,276
3768,6/7/2013 23:00,12,32,275
3769,6/8/2013 0:00,12,32,276
3770,6/8/2013 1:00,12,32,276
3771,6/8/2013 2:00,12,32,276
3772,6/8/2013 3:00,12,32,276
3773,6/8/2013 4:00,12,32,276
3774,6/8/2013 5:00,11,33,276
3775,6/8/2013 6:00,12,32,275
3776,6/8/2013 7:00,12,32,275
3777,6/8/2013 8:00,12,32,274
3778,6/8/2013 9:00,11,33,276
3779,6/8/2013 10:00,12,32,273
3780,6/8/2013 11:00,11,33,273
3781,6/8/2013 12:00,12,32,272
3782,6/8/2013 13:00,11,33,272
3783,6/8/2013 14:00,12,32,272
3784,6/8/2013 15:00,11,34,272
3785,6/8/2013 16:00,11,33,272
3786,6/8/2013 17:00,12,32,272
3787,6/8/2013 18:00,12,32,273
3788,6/8/2013 19:00,11,33,273
3789,6/8/2013 20:00,12,32,272
3790,6/8/2013 21:00,11,33,273
3791,6/8/2013 22:00,12,32,273
3792,6/8/2013 23:00,11,33,272
3793,6/9/2013 0:00,12,32,273
3794,6/9/2013 1:00,11,33,273
3795,6/9/2013 2:00,11,34,272
3796,6/9/2013 3:00,11,34,272
3797,6/9/2013 4:00,12,32,272
3798,6/9/2013 5:00,11,33,273
3799,6/9/2013 6:00,12,32,273
3800,6/9/2013 7:00,12,32,272
3801,6/9/2013 8:00,11,33,272
3802,6/9/2013 9:00,11,33,272
3803,6/9/2013 10:00,12,32,270
3804,6/9/2013 11:00,12,32,270
3805,6/9/2013 12:00,12,32,270
3806,6/9/2013 13:00,12,32,270
3807,6/9/2013 14:00,12,32,270
3808,6/9/2013 15:00,11,33,270
3809,6/9/2013 16:00,12,32,269
3810,6/9/2013 17:00,12,32,273
3811,6/9/2013 18:00,12,32,269
3812,6/9/2013 19:00,12,32,269
3813,6/9/2013 20:00,12,32,269
3814,6/9/2013 21:00,11,33,269
3815,6/9/2013 22:00,12,32,269
3816,6/9/2013 23:00,12,32,269
3817,6/10/2013 0:00,12,32,269
3818,6/10/2013 1:00,12,32,269
3819,6/10/2013 2:00,12,32,269
3820,6/10/2013 3:00,12,32,269
3821,6/10/2013 4:00,11,34,269
3822,6/10/2013 5:00,12,32,269
3823,6/10/2013 6:00,12,32,269
3824,6/10/2013 7:00,12,32,269
3825,6/10/2013 8:00,12,32,269
3826,6/10/2013 9:00,12,32,269
3827,6/10/2013 10:00,11,33,269
3828,6/10/2013 11:00,12,32,269
3829,6/10/2013 12:00,12,32,268
3830,6/10/2013 13:00,11,34,269
3831,6/10/2013 14:00,12,32,268
3832,6/10/2013 15:00,12,32,268
3833,6/10/2013 16:00,11,33,269
3834,6/10/2013 17:00,12,32,269
3835,6/10/2013 18:00,11,33,269
3836,6/10/2013 19:00,12,32,269
3837,6/10/2013 20:00,12,32,269
3838,6/10/2013 21:00,12,32,269
3839,6/10/2013 22:00,11,33,268
3840,6/10/2013 23:00,12,32,267
3841,6/11/2013 0:00,11,34,270
3842,6/11/2013 1:00,12,32,269
3843,6/11/2013 2:00,11,33,268
3844,6/11/2013 3:00,11,34,267
3845,6/11/2013 4:00,11,34,269
3846,6/11/2013 5:00,12,32,270
3847,6/11/2013 6:00,12,32,270
3848,6/11/2013 7:00,12,32,272
3849,6/11/2013 8:00,12,32,269
3850,6/11/2013 9:00,12,32,270
3851,6/11/2013 10:00,12,32,273
3852,6/11/2013 11:00,12,32,274
3853,6/11/2013 12:00,12,32,273
3854,6/11/2013 13:00,12,32,274
3855,6/11/2013 14:00,12,32,276
3856,6/11/2013 15:00,12,32,274
3857,6/11/2013 16:00,12,32,276
3858,6/11/2013 17:00,12,32,274
3859,6/11/2013 18:00,11,33,276
3860,6/11/2013 19:00,12,32,276
3861,6/11/2013 20:00,12,32,275
3862,6/11/2013 21:00,12,32,273
3863,6/11/2013 22:00,12,32,273
3864,6/11/2013 23:00,11,34,272
3865,6/12/2013 0:00,11,33,286
3866,6/12/2013 1:00,12,32,290
3867,6/12/2013 2:00,12,32,291
3868,6/12/2013 3:00,12,32,293
3869,6/12/2013 4:00,11,33,294
3870,6/12/2013 5:00,12,32,295
3871,6/12/2013 6:00,12,32,295
3872,6/12/2013 7:00,12,32,296
3873,6/12/2013 8:00,11,34,296
3874,6/12/2013 9:00,12,32,296
3875,6/12/2013 10:00,12,32,297
3876,6/12/2013 11:00,12,32,298
3877,6/12/2013 12:00,12,32,298
3878,6/12/2013 13:00,12,32,298
3879,6/12/2013 14:00,12,32,298
3880,6/12/2013 15:00,12,32,298
3881,6/12/2013 16:00,12,32,298
3882,6/12/2013 17:00,12,31,298
3883,6/12/2013 18:00,12,32,298
3884,6/12/2013 19:00,12,32,298
3885,6/12/2013 20:00,12,32,298
3886,6/12/2013 21:00,12,32,298
3887,6/12/2013 22:00,12,32,298
3888,6/12/2013 23:00,12,32,298
3889,6/13/2013 0:00,12,32,298
3890,6/13/2013 1:00,12,32,298
3891,6/13/2013 2:00,11,34,298
3892,6/13/2013 3:00,12,32,298
3893,6/13/2013 4:00,11,34,298
3894,6/13/2013 5:00,12,32,299
3895,6/13/2013 6:00,12,32,299
3896,6/13/2013 7:00,12,32,299
3897,6/13/2013 8:00,12,32,299
3898,6/13/2013 9:00,12,32,299
3899,6/13/2013 10:00,11,34,299
3900,6/13/2013 11:00,12,32,299
3901,6/13/2013 12:00,12,32,299
3902,6/13/2013 13:00,12,32,299
3903,6/13/2013 14:00,12,32,299
3904,6/13/2013 15:00,11,34,299
3905,6/13/2013 16:00,12,32,299
3906,6/13/2013 17:00,12,32,299
3907,6/13/2013 18:00,12,32,299
3908,6/13/2013 19:00,12,32,299
3909,6/13/2013 20:00,11,34,299
3910,6/13/2013 21:00,12,32,299
3911,6/13/2013 22:00,12,32,299
3912,6/13/2013 23:00,12,32,300
3913,6/14/2013 0:00,12,32,299
3914,6/14/2013 1:00,11,34,299
3915,6/14/2013 2:00,12,32,299
3916,6/14/2013 3:00,12,32,299
3917,6/14/2013 4:00,13,32,299
3918,6/14/2013 5:00,12,32,299
3919,6/14/2013 6:00,11,33,299
3920,6/14/2013 7:00,12,32,299
3921,6/14/2013 8:00,11,34,299
3922,6/14/2013 9:00,12,32,299
3923,6/14/2013 10:00,11,33,299
3924,6/14/2013 11:00,12,32,299
3925,6/14/2013 12:00,12,32,299
3926,6/14/2013 13:00,12,32,299
3927,6/14/2013 14:00,12,32,299
3928,6/14/2013 15:00,12,32,299
3929,6/14/2013 16:00,12,32,299
3930,6/14/2013 17:00,12,32,299
3931,6/14/2013 18:00,12,32,299
3932,6/14/2013 19:00,12,32,299
3933,6/14/2013 20:00,11,33,300
3934,6/14/2013 21:00,12,32,300
3935,6/14/2013 22:00,12,32,301
3936,6/14/2013 23:00,12,32,301
3937,6/15/2013 0:00,12,32,301
3938,6/15/2013 1:00,11,33,301
3939,6/15/2013 2:00,11,34,302
3940,6/15/2013 3:00,12,32,302
3941,6/15/2013 4:00,12,32,302
3942,6/15/2013 5:00,11,34,302
3943,6/15/2013 6:00,12,32,302
3944,6/15/2013 7:00,12,32,302
3945,6/15/2013 8:00,12,32,302
3946,6/15/2013 9:00,12,32,302
3947,6/15/2013 10:00,12,32,302
3948,6/15/2013 11:00,12,32,302
3949,6/15/2013 12:00,12,32,302
3950,6/15/2013 13:00,12,32,302
3951,6/15/2013 14:00,12,32,302
3952,6/15/2013 15:00,12,32,302
3953,6/15/2013 16:00,12,32,302
3954,6/15/2013 17:00,12,32,302
3955,6/15/2013 18:00,12,32,301
3956,6/15/2013 19:00,12,32,302
3957,6/15/2013 20:00,12,32,302
3958,6/15/2013 21:00,12,32,302
3959,6/15/2013 22:00,12,32,301
3960,6/15/2013 23:00,12,32,301
3961,6/16/2013 0:00,12,32,301
3962,6/16/2013 1:00,11,34,301
3963,6/16/2013 2:00,12,32,301
3964,6/16/2013 3:00,12,32,301
3965,6/16/2013 4:00,12,32,301
3966,6/16/2013 5:00,12,32,301
3967,6/16/2013 6:00,12,32,300
3968,6/16/2013 7:00,12,32,300
3969,6/16/2013 8:00,12,32,301
3970,6/16/2013 9:00,12,32,300
3971,6/16/2013 10:00,12,32,300
3972,6/16/2013 11:00,12,32,300
3973,6/16/2013 12:00,12,32,300
3974,6/16/2013 13:00,12,32,300
3975,6/16/2013 14:00,12,32,300
3976,6/16/2013 15:00,11,34,300
3977,6/16/2013 16:00,11,34,300
3978,6/16/2013 17:00,12,32,300
3979,6/16/2013 18:00,12,32,300
3980,6/16/2013 19:00,12,32,300
3981,6/16/2013 20:00,12,32,300
3982,6/16/2013 21:00,12,32,300
3983,6/16/2013 22:00,12,32,300
3984,6/16/2013 23:00,12,32,300
3985,6/17/2013 0:00,11,33,301
3986,6/17/2013 1:00,12,32,301
3987,6/17/2013 2:00,12,32,301
3988,6/17/2013 3:00,12,32,301
3989,6/17/2013 4:00,12,32,301
3990,6/17/2013 5:00,12,32,301
3991,6/17/2013 6:00,12,32,301
3992,6/17/2013 7:00,12,32,300
3993,6/17/2013 8:00,12,32,300
3994,6/17/2013 9:00,12,32,300
3995,6/17/2013 10:00,12,32,300
3996,6/17/2013 11:00,12,32,300
3997,6/17/2013 12:00,11,33,299
3998,6/17/2013 13:00,12,32,300
3999,6/17/2013 14:00,11,33,299
4000,6/17/2013 15:00,11,34,299
4001,6/17/2013 16:00,12,32,299
4002,6/17/2013 17:00,12,32,299
4003,6/17/2013 18:00,12,32,299
4004,6/17/2013 19:00,12,32,299
4005,6/17/2013 20:00,12,32,299
4006,6/17/2013 21:00,11,33,299
4007,6/17/2013 22:00,12,32,299
4008,6/17/2013 23:00,12,32,299
4009,6/18/2013 0:00,12,32,298
4010,6/18/2013 1:00,12,32,298
4011,6/18/2013 2:00,11,33,297
4012,6/18/2013 3:00,12,32,296
4013,6/18/2013 4:00,11,33,294
4014,6/18/2013 5:00,12,32,299
4015,6/18/2013 6:00,12,32,300
4016,6/18/2013 7:00,12,32,301
4017,6/18/2013 8:00,12,32,300
4018,6/18/2013 9:00,11,33,301
4019,6/18/2013 10:00,11,33,300
4020,6/18/2013 11:00,11,33,299
4021,6/18/2013 12:00,12,32,301
4022,6/18/2013 13:00,11,33,304
4023,6/18/2013 14:00,12,32,308
4024,6/18/2013 15:00,11,33,307
4025,6/18/2013 16:00,11,33,307
4026,6/18/2013 17:00,11,33,308
4027,6/18/2013 18:00,11,33,308
4028,6/18/2013 19:00,11,33,307
4029,6/18/2013 20:00,11,33,304
4030,6/18/2013 21:00,11,33,304
4031,6/18/2013 22:00,11,33,301
4032,6/18/2013 23:00,11,33,304
4033,6/19/2013 0:00,11,34,298
4034,6/19/2013 1:00,11,33,308
4035,6/19/2013 2:00,11,33,309
4036,6/19/2013 3:00,11,33,310
4037,6/19/2013 4:00,11,33,311
4038,6/19/2013 5:00,12,31,310
4039,6/19/2013 6:00,11,33,310
4040,6/19/2013 7:00,12,32,311
4041,6/19/2013 8:00,11,33,309
4042,6/19/2013 9:00,11,33,308
4043,6/19/2013 10:00,12,31,308
4044,6/19/2013 11:00,11,33,308
4045,6/19/2013 12:00,11,33,309
4046,6/19/2013 13:00,11,33,309
4047,6/19/2013 14:00,11,33,309
4048,6/19/2013 15:00,11,34,308
4049,6/19/2013 16:00,11,33,309
4050,6/19/2013 17:00,11,33,309
4051,6/19/2013 18:00,11,33,309
4052,6/19/2013 19:00,11,34,309
4053,6/19/2013 20:00,11,33,309
4054,6/19/2013 21:00,11,33,309
4055,6/19/2013 22:00,11,33,309
4056,6/19/2013 23:00,11,33,309
4057,6/20/2013 0:00,11,33,309
4058,6/20/2013 1:00,11,33,309
4059,6/20/2013 2:00,11,33,308
4060,6/20/2013 3:00,11,33,308
4061,6/20/2013 4:00,11,33,308
4062,6/20/2013 5:00,11,33,308
4063,6/20/2013 6:00,11,33,307
4064,6/20/2013 7:00,11,33,307
4065,6/20/2013 8:00,11,33,307
4066,6/20/2013 9:00,11,34,305
4067,6/20/2013 10:00,11,33,304
4068,6/20/2013 11:00,11,33,304
4069,6/20/2013 12:00,11,33,305
4070,6/20/2013 13:00,11,33,303
4071,6/20/2013 14:00,12,31,302
4072,6/20/2013 15:00,12,32,297
4073,6/20/2013 16:00,11,33,296
4074,6/20/2013 17:00,11,33,299
4075,6/20/2013 18:00,11,33,302
4076,6/20/2013 19:00,11,33,307
4077,6/20/2013 20:00,11,34,308
4078,6/20/2013 21:00,11,33,309
4079,6/20/2013 22:00,11,33,310
4080,6/20/2013 23:00,11,33,310
4081,6/21/2013 0:00,11,33,311
4082,6/21/2013 1:00,11,33,311
4083,6/21/2013 2:00,11,34,311
4084,6/21/2013 3:00,11,33,312
4085,6/21/2013 4:00,11,33,312
4086,6/21/2013 5:00,11,33,312
4087,6/21/2013 6:00,11,33,312
4088,6/21/2013 7:00,11,33,312
4089,6/21/2013 8:00,11,33,312
4090,6/21/2013 9:00,11,33,312
4091,6/21/2013 10:00,11,34,312
4092,6/21/2013 11:00,11,33,312
4093,6/21/2013 12:00,11,33,312
4094,6/21/2013 13:00,11,33,312
4095,6/21/2013 14:00,11,33,312
4096,6/21/2013 15:00,11,33,312
4097,6/21/2013 16:00,11,33,312
4098,6/21/2013 17:00,11,33,312
4099,6/21/2013 18:00,11,33,311
4100,6/21/2013 19:00,11,33,311
4101,6/21/2013 20:00,11,33,312
4102,6/21/2013 21:00,11,34,312
4103,6/21/2013 22:00,11,33,312
4104,6/21/2013 23:00,11,33,312
4105,6/22/2013 0:00,11,33,312
4106,6/22/2013 1:00,11,33,312
4107,6/22/2013 2:00,11,33,311
4108,6/22/2013 3:00,11,33,311
4109,6/22/2013 4:00,11,33,311
4110,6/22/2013 5:00,11,33,311
4111,6/22/2013 6:00,11,33,311
4112,6/22/2013 7:00,11,33,311
4113,6/22/2013 8:00,11,33,311
4114,6/22/2013 9:00,11,33,311
4115,6/22/2013 10:00,11,33,311
4116,6/22/2013 11:00,11,33,311
4117,6/22/2013 12:00,11,33,310
4118,6/22/2013 13:00,11,33,311
4119,6/22/2013 14:00,11,33,311
4120,6/22/2013 15:00,11,33,309
4121,6/22/2013 16:00,11,33,309
4122,6/22/2013 17:00,11,33,309
4123,6/22/2013 18:00,11,33,309
4124,6/22/2013 19:00,11,33,309
4125,6/22/2013 20:00,11,33,309
4126,6/22/2013 21:00,11,33,309
4127,6/22/2013 22:00,11,33,309
4128,6/22/2013 23:00,11,33,309
4129,6/23/2013 0:00,11,33,309
4130,6/23/2013 1:00,11,33,309
4131,6/23/2013 2:00,11,33,309
4132,6/23/2013 3:00,11,33,309
4133,6/23/2013 4:00,11,33,308
4134,6/23/2013 5:00,11,33,308
4135,6/23/2013 6:00,11,33,307
4136,6/23/2013 7:00,11,33,305
4137,6/23/2013 8:00,11,33,304
4138,6/23/2013 9:00,11,33,303
4139,6/23/2013 10:00,11,34,300
4140,6/23/2013 11:00,11,33,283
4141,6/23/2013 12:00,11,33,302
4142,6/23/2013 13:00,11,33,303
4143,6/23/2013 14:00,11,33,304
4144,6/23/2013 15:00,11,33,306
4145,6/23/2013 16:00,11,34,307
4146,6/23/2013 17:00,11,33,308
4147,6/23/2013 18:00,11,33,308
4148,6/23/2013 19:00,11,33,308
4149,6/23/2013 20:00,11,33,308
4150,6/23/2013 21:00,11,33,309
4151,6/23/2013 22:00,11,33,309
4152,6/23/2013 23:00,11,33,309
4153,6/24/2013 0:00,11,33,309
4154,6/24/2013 1:00,11,33,309
4155,6/24/2013 2:00,11,33,309
4156,6/24/2013 3:00,11,33,310
4157,6/24/2013 4:00,11,33,309
4158,6/24/2013 5:00,12,31,310
4159,6/24/2013 6:00,11,33,310
4160,6/24/2013 7:00,11,34,310
4161,6/24/2013 8:00,11,33,310
4162,6/24/2013 9:00,11,33,310
4163,6/24/2013 10:00,11,33,310
4164,6/24/2013 11:00,11,33,310
4165,6/24/2013 12:00,11,33,310
4166,6/24/2013 13:00,11,33,310
4167,6/24/2013 14:00,11,33,311
4168,6/24/2013 15:00,11,33,310
4169,6/24/2013 16:00,11,33,311
4170,6/24/2013 17:00,11,33,311
4171,6/24/2013 18:00,11,33,311
4172,6/24/2013 19:00,11,33,311
4173,6/24/2013 20:00,11,33,311
4174,6/24/2013 21:00,11,33,311
4175,6/24/2013 22:00,11,33,311
4176,6/24/2013 23:00,11,33,311
4177,6/25/2013 0:00,11,33,311
4178,6/25/2013 1:00,11,33,311
4179,6/25/2013 2:00,11,33,311
4180,6/25/2013 3:00,11,33,311
4181,6/25/2013 4:00,11,33,311
4182,6/25/2013 5:00,11,34,311
4183,6/25/2013 6:00,11,33,311
4184,6/25/2013 7:00,11,33,311
4185,6/25/2013 8:00,11,33,311
4186,6/25/2013 9:00,11,33,311
4187,6/25/2013 10:00,11,33,311
4188,6/25/2013 11:00,11,33,311
4189,6/25/2013 12:00,11,33,311
4190,6/25/2013 13:00,11,33,311
4191,6/25/2013 14:00,11,33,311
4192,6/25/2013 15:00,11,33,311
4193,6/25/2013 16:00,11,33,311
4194,6/25/2013 17:00,11,33,311
4195,6/25/2013 18:00,11,33,310
4196,6/25/2013 19:00,11,33,311
4197,6/25/2013 20:00,11,33,310
4198,6/25/2013 21:00,11,33,310
4199,6/25/2013 22:00,12,33,310
4200,6/25/2013 23:00,11,33,310
4201,6/26/2013 0:00,11,33,310
4202,6/26/2013 1:00,11,33,310
4203,6/26/2013 2:00,11,33,310
4204,6/26/2013 3:00,11,33,310
4205,6/26/2013 4:00,11,33,310
4206,6/26/2013 5:00,11,33,309
4207,6/26/2013 6:00,11,33,310
4208,6/26/2013 7:00,11,33,310
4209,6/26/2013 8:00,11,33,310
4210,6/26/2013 9:00,11,33,309
4211,6/26/2013 10:00,11,33,309
4212,6/26/2013 11:00,11,33,309
4213,6/26/2013 12:00,11,33,309
4214,6/26/2013 13:00,11,33,309
4215,6/26/2013 14:00,11,33,309
4216,6/26/2013 15:00,11,33,309
4217,6/26/2013 16:00,11,33,309
4218,6/26/2013 17:00,12,33,309
4219,6/26/2013 18:00,11,33,309
4220,6/26/2013 19:00,11,33,309
4221,6/26/2013 20:00,11,33,309
4222,6/26/2013 21:00,11,33,309
4223,6/26/2013 22:00,11,33,309
4224,6/26/2013 23:00,11,33,309
4225,6/27/2013 0:00,11,33,309
4226,6/27/2013 1:00,11,33,309
4227,6/27/2013 2:00,11,33,309
4228,6/27/2013 3:00,11,33,308
4229,6/27/2013 4:00,11,33,309
4230,6/27/2013 5:00,11,33,309
4231,6/27/2013 6:00,11,33,309
4232,6/27/2013 7:00,11,33,308
4233,6/27/2013 8:00,11,33,308
4234,6/27/2013 9:00,11,33,309
4235,6/27/2013 10:00,11,33,308
4236,6/27/2013 11:00,11,33,308
4237,6/27/2013 12:00,11,33,308
4238,6/27/2013 13:00,11,33,308
4239,6/27/2013 14:00,11,33,308
4240,6/27/2013 15:00,11,33,308
4241,6/27/2013 16:00,11,33,308
4242,6/27/2013 17:00,12,33,308
4243,6/27/2013 18:00,11,33,308
4244,6/27/2013 19:00,11,33,308
4245,6/27/2013 20:00,11,33,308
4246,6/27/2013 21:00,11,33,308
4247,6/27/2013 22:00,11,33,308
4248,6/27/2013 23:00,12,33,308
4249,6/28/2013 0:00,11,33,308
4250,6/28/2013 1:00,11,33,308
4251,6/28/2013 2:00,11,33,308
4252,6/28/2013 3:00,11,33,308
4253,6/28/2013 4:00,11,33,308
4254,6/28/2013 5:00,11,33,308
4255,6/28/2013 6:00,11,33,308
4256,6/28/2013 7:00,11,33,308
4257,6/28/2013 8:00,11,33,308
4258,6/28/2013 9:00,11,33,307
4259,6/28/2013 10:00,11,33,308
4260,6/28/2013 11:00,11,33,307
4261,6/28/2013 12:00,11,33,307
4262,6/28/2013 13:00,11,33,307
4263,6/28/2013 14:00,11,33,308
4264,6/28/2013 15:00,11,33,307
4265,6/28/2013 16:00,11,33,307
4266,6/28/2013 17:00,11,33,307
4267,6/28/2013 18:00,11,33,307
4268,6/28/2013 19:00,11,33,307
4269,6/28/2013 20:00,11,33,307
4270,6/28/2013 21:00,11,33,307
4271,6/28/2013 22:00,11,33,307
4272,6/28/2013 23:00,11,33,307
4273,6/29/2013 0:00,11,33,307
4274,6/29/2013 1:00,11,33,307
4275,6/29/2013 2:00,11,33,307
4276,6/29/2013 3:00,11,33,307
4277,6/29/2013 4:00,11,33,307
4278,6/29/2013 5:00,11,33,307
4279,6/29/2013 6:00,11,34,307
4280,6/29/2013 7:00,11,33,307
4281,6/29/2013 8:00,11,33,307
4282,6/29/2013 9:00,11,33,307
4283,6/29/2013 10:00,11,33,307
4284,6/29/2013 11:00,11,33,307
4285,6/29/2013 12:00,11,33,306
4286,6/29/2013 13:00,11,33,306
4287,6/29/2013 14:00,11,33,306
4288,6/29/2013 15:00,11,33,306
4289,6/29/2013 16:00,12,33,306
4290,6/29/2013 17:00,11,33,304
4291,6/29/2013 18:00,11,33,305
4292,6/29/2013 19:00,11,33,306
4293,6/29/2013 20:00,11,33,306
4294,6/29/2013 21:00,11,34,304
4295,6/29/2013 22:00,11,33,304
4296,6/29/2013 23:00,11,33,304
4297,6/30/2013 0:00,11,33,304
4298,6/30/2013 1:00,11,34,305
4299,6/30/2013 2:00,11,33,304
4300,6/30/2013 3:00,11,33,304
4301,6/30/2013 4:00,11,33,304
4302,6/30/2013 5:00,11,34,304
4303,6/30/2013 6:00,11,33,304
4304,6/30/2013 7:00,11,33,304
4305,6/30/2013 8:00,11,33,304
4306,6/30/2013 9:00,11,33,304
4307,6/30/2013 10:00,11,33,304
4308,6/30/2013 11:00,11,33,304
4309,6/30/2013 12:00,11,33,304
4310,6/30/2013 13:00,11,33,304
4311,6/30/2013 14:00,11,33,304
4312,6/30/2013 15:00,11,33,304
4313,6/30/2013 16:00,11,33,304
4314,6/30/2013 17:00,11,33,304
4315,6/30/2013 18:00,11,33,304
4316,6/30/2013 19:00,11,33,304
4317,6/30/2013 20:00,11,34,304
4318,6/30/2013 21:00,11,33,304
4319,6/30/2013 22:00,11,33,304
4320,6/30/2013 23:00,12,33,304
4321,7/1/2013 0:00,11,33,304
4322,7/1/2013 1:00,11,33,304
4323,7/1/2013 2:00,11,33,304
4324,7/1/2013 3:00,11,33,304
4325,7/1/2013 4:00,11,34,304
4326,7/1/2013 5:00,11,33,304
4327,7/1/2013 6:00,11,33,304
4328,7/1/2013 7:00,11,33,304
4329,7/1/2013 8:00,11,33,304
4330,7/1/2013 9:00,11,33,304
4331,7/1/2013 10:00,11,33,304
4332,7/1/2013 11:00,11,33,304
4333,7/1/2013 12:00,11,33,304
4334,7/1/2013 13:00,11,33,303
4335,7/1/2013 14:00,11,33,303
4336,7/1/2013 15:00,11,33,303
4337,7/1/2013 16:00,11,33,303
4338,7/1/2013 17:00,11,33,303
4339,7/1/2013 18:00,11,33,303
4340,7/1/2013 19:00,11,33,303
4341,7/1/2013 20:00,11,33,303
4342,7/1/2013 21:00,11,33,303
4343,7/1/2013 22:00,11,33,303
4344,7/1/2013 23:00,11,33,303
4345,7/2/2013 0:00,11,34,303
4346,7/2/2013 1:00,11,33,303
4347,7/2/2013 2:00,11,33,303
4348,7/2/2013 3:00,11,34,303
4349,7/2/2013 4:00,11,33,303
4350,7/2/2013 5:00,11,33,303
4351,7/2/2013 6:00,11,33,303
4352,7/2/2013 7:00,11,34,303
4353,7/2/2013 8:00,11,34,303
4354,7/2/2013 9:00,11,33,303
4355,7/2/2013 10:00,11,33,303
4356,7/2/2013 11:00,11,33,303
4357,7/2/2013 12:00,11,33,303
4358,7/2/2013 13:00,11,34,303
4359,7/2/2013 14:00,11,33,303
4360,7/2/2013 15:00,11,33,303
4361,7/2/2013 16:00,11,33,303
4362,7/2/2013 17:00,11,33,303
4363,7/2/2013 18:00,11,33,303
4364,7/2/2013 19:00,11,33,303
4365,7/2/2013 20:00,11,33,303
4366,7/2/2013 21:00,11,33,303
4367,7/2/2013 22:00,11,33,303
4368,7/2/2013 23:00,11,33,303
4369,7/3/2013 0:00,11,33,303
4370,7/3/2013 1:00,11,33,303
4371,7/3/2013 2:00,11,33,302
4372,7/3/2013 3:00,11,33,302
4373,7/3/2013 4:00,11,33,302
4374,7/3/2013 5:00,11,33,302
4375,7/3/2013 6:00,11,33,302
4376,7/3/2013 7:00,11,33,302
4377,7/3/2013 8:00,11,33,302
4378,7/3/2013 9:00,12,33,302
4379,7/3/2013 10:00,11,33,302
4380,7/3/2013 11:00,11,33,302
4381,7/3/2013 12:00,11,33,302
4382,7/3/2013 13:00,11,33,302
4383,7/3/2013 14:00,11,33,302
4384,7/3/2013 15:00,11,33,302
4385,7/3/2013 16:00,11,33,302
4386,7/3/2013 17:00,11,33,302
4387,7/3/2013 18:00,11,33,302
4388,7/3/2013 19:00,11,33,302
4389,7/3/2013 20:00,11,33,302
4390,7/3/2013 21:00,11,33,302
4391,7/3/2013 22:00,12,33,302
4392,7/3/2013 23:00,11,33,302
4393,7/4/2013 0:00,11,33,302
4394,7/4/2013 1:00,11,33,302
4395,7/4/2013 2:00,11,33,302
4396,7/4/2013 3:00,11,33,302
4397,7/4/2013 4:00,11,33,302
4398,7/4/2013 5:00,11,33,302
4399,7/4/2013 6:00,11,33,302
4400,7/4/2013 7:00,11,33,302
4401,7/4/2013 8:00,11,33,302
4402,7/4/2013 9:00,11,33,302
4403,7/4/2013 10:00,11,33,302
4404,7/4/2013 11:00,11,33,302
4405,7/4/2013 12:00,11,33,302
4406,7/4/2013 13:00,11,33,302
4407,7/4/2013 14:00,11,33,302
4408,7/4/2013 15:00,11,33,302
4409,7/4/2013 16:00,11,33,302
4410,7/4/2013 17:00,11,33,302
4411,7/4/2013 18:00,11,33,302
4412,7/4/2013 19:00,11,33,302
4413,7/4/2013 20:00,11,33,302
4414,7/4/2013 21:00,11,33,302
4415,7/4/2013 22:00,11,33,302
4416,7/4/2013 23:00,11,33,302
4417,7/5/2013 0:00,11,33,302
4418,7/5/2013 1:00,11,33,302
4419,7/5/2013 2:00,11,33,302
4420,7/5/2013 3:00,11,33,302
4421,7/5/2013 4:00,11,33,302
4422,7/5/2013 5:00,11,33,302
4423,7/5/2013 6:00,11,33,302
4424,7/5/2013 7:00,11,33,302
4425,7/5/2013 8:00,11,33,302
4426,7/5/2013 9:00,11,33,302
4427,7/5/2013 10:00,11,33,302
4428,7/5/2013 11:00,11,33,302
4429,7/5/2013 12:00,11,33,302
4430,7/5/2013 13:00,11,33,302
4431,7/5/2013 14:00,11,33,302
4432,7/5/2013 15:00,11,34,302
4433,7/5/2013 16:00,11,33,301
4434,7/5/2013 17:00,11,33,301
4435,7/5/2013 18:00,11,33,302
4436,7/5/2013 19:00,11,33,301
4437,7/5/2013 20:00,11,33,301
4438,7/5/2013 21:00,11,33,301
4439,7/5/2013 22:00,11,33,302
4440,7/5/2013 23:00,11,33,301
4441,7/6/2013 0:00,11,33,301
4442,7/6/2013 1:00,11,33,301
4443,7/6/2013 2:00,11,33,301
4444,7/6/2013 3:00,11,33,301
4445,7/6/2013 4:00,11,33,301
4446,7/6/2013 5:00,11,33,301
4447,7/6/2013 6:00,11,33,301
4448,7/6/2013 7:00,11,33,301
4449,7/6/2013 8:00,11,33,301
4450,7/6/2013 9:00,11,33,301
4451,7/6/2013 10:00,11,33,301
4452,7/6/2013 11:00,11,33,301
4453,7/6/2013 12:00,11,33,301
4454,7/6/2013 13:00,11,33,301
4455,7/6/2013 14:00,11,34,301
4456,7/6/2013 15:00,11,33,301
4457,7/6/2013 16:00,11,33,301
4458,7/6/2013 17:00,11,33,301
4459,7/6/2013 18:00,11,33,301
4460,7/6/2013 19:00,11,33,301
4461,7/6/2013 20:00,11,33,301
4462,7/6/2013 21:00,11,33,301
4463,7/6/2013 22:00,11,33,301
4464,7/6/2013 23:00,11,33,301
4465,7/7/2013 0:00,11,33,301
4466,7/7/2013 1:00,11,33,301
4467,7/7/2013 2:00,11,33,301
4468,7/7/2013 3:00,11,33,301
4469,7/7/2013 4:00,11,33,301
4470,7/7/2013 5:00,11,33,301
4471,7/7/2013 6:00,11,33,301
4472,7/7/2013 7:00,11,33,301
4473,7/7/2013 8:00,11,33,301
4474,7/7/2013 9:00,11,33,301
4475,7/7/2013 10:00,11,33,301
4476,7/7/2013 11:00,11,33,301
4477,7/7/2013 12:00,11,33,301
4478,7/7/2013 13:00,11,33,301
4479,7/7/2013 14:00,11,33,301
4480,7/7/2013 15:00,11,33,301
4481,7/7/2013 16:00,11,33,301
4482,7/7/2013 17:00,11,33,301
4483,7/7/2013 18:00,11,33,301
4484,7/7/2013 19:00,11,33,301
4485,7/7/2013 20:00,11,33,301
4486,7/7/2013 21:00,11,33,301
4487,7/7/2013 22:00,11,33,301
4488,7/7/2013 23:00,11,33,301
4489,7/8/2013 0:00,11,34,301
4490,7/8/2013 1:00,11,33,301
4491,7/8/2013 2:00,12,33,301
4492,7/8/2013 3:00,11,33,300
4493,7/8/2013 4:00,11,33,301
4494,7/8/2013 5:00,11,33,301
4495,7/8/2013 6:00,11,33,301
4496,7/8/2013 7:00,11,33,301
4497,7/8/2013 8:00,11,33,301
4498,7/8/2013 9:00,11,33,301
4499,7/8/2013 10:00,11,33,301
4500,7/8/2013 11:00,11,33,300
4501,7/8/2013 12:00,11,33,301
4502,7/8/2013 13:00,11,33,300
4503,7/8/2013 14:00,11,33,300
4504,7/8/2013 15:00,11,33,301
4505,7/8/2013 16:00,11,33,300
4506,7/8/2013 17:00,11,33,301
4507,7/8/2013 18:00,11,33,300
4508,7/8/2013 19:00,11,33,300
4509,7/8/2013 20:00,11,33,300
4510,7/8/2013 21:00,11,33,300
4511,7/8/2013 22:00,11,33,300
4512,7/8/2013 23:00,11,33,300
4513,7/9/2013 0:00,11,33,300
4514,7/9/2013 1:00,11,33,300
4515,7/9/2013 2:00,11,33,300
4516,7/9/2013 3:00,11,33,300
4517,7/9/2013 4:00,11,33,300
4518,7/9/2013 5:00,11,33,300
4519,7/9/2013 6:00,11,33,300
4520,7/9/2013 7:00,11,33,300
4521,7/9/2013 8:00,11,33,300
4522,7/9/2013 9:00,11,33,300
4523,7/9/2013 10:00,11,33,300
4524,7/9/2013 11:00,11,34,300
4525,7/9/2013 12:00,11,33,300
4526,7/9/2013 13:00,11,33,300
4527,7/9/2013 14:00,11,33,300
4528,7/9/2013 15:00,11,33,300
4529,7/9/2013 16:00,11,33,300
4530,7/9/2013 17:00,11,33,300
4531,7/9/2013 18:00,11,33,300
4532,7/9/2013 19:00,11,33,300
4533,7/9/2013 20:00,11,33,300
4534,7/9/2013 21:00,11,33,300
4535,7/9/2013 22:00,11,33,300
4536,7/9/2013 23:00,11,33,300
4537,7/10/2013 0:00,11,33,300
4538,7/10/2013 1:00,11,33,300
4539,7/10/2013 2:00,11,33,300
4540,7/10/2013 3:00,11,33,300
4541,7/10/2013 4:00,11,33,300
4542,7/10/2013 5:00,11,33,300
4543,7/10/2013 6:00,11,33,300
4544,7/10/2013 7:00,11,33,300
4545,7/10/2013 8:00,11,34,300
4546,7/10/2013 9:00,11,34,300
4547,7/10/2013 10:00,11,33,300
4548,7/10/2013 11:00,11,33,300
4549,7/10/2013 12:00,11,33,300
4550,7/10/2013 13:00,11,33,300
4551,7/10/2013 14:00,11,33,300
4552,7/10/2013 15:00,11,33,300
4553,7/10/2013 16:00,11,33,300
4554,7/10/2013 17:00,11,33,300
4555,7/10/2013 18:00,11,33,300
4556,7/10/2013 19:00,11,33,300
4557,7/10/2013 20:00,11,33,300
4558,7/10/2013 21:00,11,33,300
4559,7/10/2013 22:00,11,33,300
4560,7/10/2013 23:00,11,33,300
4561,7/11/2013 0:00,11,33,300
4562,7/11/2013 1:00,11,33,300
4563,7/11/2013 2:00,11,33,300
4564,7/11/2013 3:00,11,33,300
4565,7/11/2013 4:00,11,33,300
4566,7/11/2013 5:00,11,33,300
4567,7/11/2013 6:00,11,33,300
4568,7/11/2013 7:00,11,33,300
4569,7/11/2013 8:00,11,33,300
4570,7/11/2013 9:00,11,33,300
4571,7/11/2013 10:00,11,33,300
4572,7/11/2013 11:00,11,33,300
4573,7/11/2013 12:00,11,33,300
4574,7/11/2013 13:00,11,34,300
4575,7/11/2013 14:00,11,33,300
4576,7/11/2013 15:00,11,33,299
4577,7/11/2013 16:00,11,33,299
4578,7/11/2013 17:00,12,33,299
4579,7/11/2013 18:00,11,33,300
4580,7/11/2013 19:00,11,34,299
4581,7/11/2013 20:00,11,33,299
4582,7/11/2013 21:00,11,33,299
4583,7/11/2013 22:00,11,33,299
4584,7/11/2013 23:00,11,33,299
4585,7/12/2013 0:00,12,32,299
4586,7/12/2013 1:00,11,33,299
4587,7/12/2013 2:00,11,33,299
4588,7/12/2013 3:00,11,34,299
4589,7/12/2013 4:00,11,33,299
4590,7/12/2013 5:00,11,33,299
4591,7/12/2013 6:00,11,33,299
4592,7/12/2013 7:00,11,33,299
4593,7/12/2013 8:00,11,33,299
4594,7/12/2013 9:00,11,33,299
4595,7/12/2013 10:00,11,33,299
4596,7/12/2013 11:00,11,34,299
4597,7/12/2013 12:00,11,33,299
4598,7/12/2013 13:00,11,34,299
4599,7/12/2013 14:00,11,33,299
4600,7/12/2013 15:00,11,33,315
4601,7/12/2013 16:00,11,33,303
4602,7/12/2013 17:00,11,33,300
4603,7/12/2013 18:00,10,35,305
4604,7/12/2013 19:00,11,33,304
4605,7/12/2013 20:00,11,33,310
4606,7/12/2013 21:00,13,33,309
4607,7/12/2013 22:00,12,33,310
4608,7/12/2013 23:00,11,34,309
4609,7/13/2013 0:00,9,37,309
4610,7/13/2013 1:00,10,35,308
4611,7/13/2013 2:00,11,34,308
4612,7/13/2013 3:00,13,33,307
4613,7/13/2013 4:00,11,33,304
4614,7/13/2013 5:00,10,36,307
4615,7/13/2013 6:00,11,33,307
4616,7/13/2013 7:00,9,37,304
4617,7/13/2013 8:00,10,36,301
4618,7/13/2013 9:00,11,33,300
4619,7/13/2013 10:00,11,33,298
4620,7/13/2013 11:00,11,33,299
4621,7/13/2013 12:00,11,34,302
4622,7/13/2013 13:00,10,36,302
4623,7/13/2013 14:00,11,33,301
4624,7/13/2013 15:00,11,33,300
4625,7/13/2013 16:00,11,33,301
4626,7/13/2013 17:00,11,34,302
4627,7/13/2013 18:00,11,33,303
4628,7/13/2013 19:00,11,33,303
4629,7/13/2013 20:00,11,33,303
4630,7/13/2013 21:00,10,36,303
4631,7/13/2013 22:00,9,37,303
4632,7/13/2013 23:00,11,33,303
4633,7/14/2013 0:00,10,36,304
4634,7/14/2013 1:00,10,35,304
4635,7/14/2013 2:00,11,33,303
4636,7/14/2013 3:00,11,33,301
4637,7/14/2013 4:00,11,33,300
4638,7/14/2013 5:00,11,33,300
4639,7/14/2013 6:00,10,35,300
4640,7/14/2013 7:00,11,33,296
4641,7/14/2013 8:00,10,36,298
4642,7/14/2013 9:00,11,33,282
4643,7/14/2013 10:00,11,33,280
4644,7/14/2013 11:00,11,33,280
4645,7/14/2013 12:00,12,32,281
4646,7/14/2013 13:00,11,33,281
4647,7/14/2013 14:00,9,37,273
4648,7/14/2013 15:00,11,33,288
4649,7/14/2013 16:00,11,34,273
4650,7/14/2013 17:00,11,33,270
4651,7/14/2013 18:00,11,34,278
4652,7/14/2013 19:00,11,34,265
4653,7/14/2013 20:00,11,33,266
4654,7/14/2013 21:00,10,36,266
4655,7/14/2013 22:00,11,34,276
4656,7/14/2013 23:00,11,34,266
4657,7/15/2013 0:00,11,34,264
4658,7/15/2013 1:00,13,34,265
4659,7/15/2013 2:00,12,34,262
4660,7/15/2013 3:00,11,34,260
4661,7/15/2013 4:00,12,34,260
4662,7/15/2013 5:00,10,35,261
4663,7/15/2013 6:00,11,34,260
4664,7/15/2013 7:00,11,34,260
4665,7/15/2013 8:00,11,33,259
4666,7/15/2013 9:00,11,33,260
4667,7/15/2013 10:00,11,34,259
4668,7/15/2013 11:00,11,34,260
4669,7/15/2013 12:00,11,34,258
4670,7/15/2013 13:00,10,36,258
4671,7/15/2013 14:00,11,34,258
4672,7/15/2013 15:00,11,34,257
4673,7/15/2013 16:00,11,34,257
4674,7/15/2013 17:00,11,34,255
4675,7/15/2013 18:00,10,36,254
4676,7/15/2013 19:00,12,34,255
4677,7/15/2013 20:00,10,35,257
4678,7/15/2013 21:00,11,34,257
4679,7/15/2013 22:00,12,32,257
4680,7/15/2013 23:00,11,34,257
4681,7/16/2013 0:00,11,34,258
4682,7/16/2013 1:00,11,34,260
4683,7/16/2013 2:00,11,34,260
4684,7/16/2013 3:00,11,34,260
4685,7/16/2013 4:00,11,34,262
4686,7/16/2013 5:00,11,34,263
4687,7/16/2013 6:00,12,34,263
4688,7/16/2013 7:00,11,34,264
4689,7/16/2013 8:00,10,36,264
4690,7/16/2013 9:00,11,34,264
4691,7/16/2013 10:00,11,34,264
4692,7/16/2013 11:00,11,34,265
4693,7/16/2013 12:00,11,34,265
4694,7/16/2013 13:00,11,34,265
4695,7/16/2013 14:00,10,35,265
4696,7/16/2013 15:00,11,34,265
4697,7/16/2013 16:00,11,34,265
4698,7/16/2013 17:00,11,34,265
4699,7/16/2013 18:00,10,35,265
4700,7/16/2013 19:00,11,34,265
4701,7/16/2013 20:00,11,34,264
4702,7/16/2013 21:00,10,36,264
4703,7/16/2013 22:00,11,34,264
4704,7/16/2013 23:00,11,34,264
4705,7/17/2013 0:00,11,34,264
4706,7/17/2013 1:00,9,37,263
4707,7/17/2013 2:00,11,34,263
4708,7/17/2013 3:00,11,34,263
4709,7/17/2013 4:00,11,34,260
4710,7/17/2013 5:00,10,36,259
4711,7/17/2013 6:00,10,35,259
4712,7/17/2013 7:00,11,34,259
4713,7/17/2013 8:00,11,34,257
4714,7/17/2013 9:00,11,34,259
4715,7/17/2013 10:00,11,34,258
4716,7/17/2013 11:00,11,34,257
4717,7/17/2013 12:00,9,37,258
4718,7/17/2013 13:00,11,34,258
4719,7/17/2013 14:00,10,36,255
4720,7/17/2013 15:00,11,34,254
4721,7/17/2013 16:00,11,34,257
4722,7/17/2013 17:00,11,34,258
4723,7/17/2013 18:00,11,34,255
4724,7/17/2013 19:00,11,34,253
4725,7/17/2013 20:00,9,37,253
4726,7/17/2013 21:00,10,35,252
4727,7/17/2013 22:00,11,34,253
4728,7/17/2013 23:00,10,35,252
4729,7/18/2013 0:00,11,34,251
4730,7/18/2013 1:00,11,34,251
4731,7/18/2013 2:00,11,34,252
4732,7/18/2013 3:00,11,34,253
4733,7/18/2013 4:00,10,36,253
4734,7/18/2013 5:00,10,36,252
4735,7/18/2013 6:00,11,34,253
4736,7/18/2013 7:00,11,34,252
4737,7/18/2013 8:00,11,34,251
4738,7/18/2013 9:00,11,34,250
4739,7/18/2013 10:00,11,34,248
4740,7/18/2013 11:00,11,34,250
4741,7/18/2013 12:00,11,34,246
4742,7/18/2013 13:00,11,34,250
4743,7/18/2013 14:00,11,34,245
4744,7/18/2013 15:00,11,34,248
4745,7/18/2013 16:00,11,34,248
4746,7/18/2013 17:00,11,34,246
4747,7/18/2013 18:00,11,34,248
4748,7/18/2013 19:00,11,34,248
4749,7/18/2013 20:00,11,34,248
4750,7/18/2013 21:00,12,32,248
4751,7/18/2013 22:00,11,34,250
4752,7/18/2013 23:00,10,36,251
4753,7/19/2013 0:00,10,36,251
4754,7/19/2013 1:00,11,34,250
4755,7/19/2013 2:00,11,34,252
4756,7/19/2013 3:00,11,34,254
4757,7/19/2013 4:00,11,34,252
4758,7/19/2013 5:00,11,34,251
4759,7/19/2013 6:00,9,37,254
4760,7/19/2013 7:00,11,34,254
4761,7/19/2013 8:00,11,34,254
4762,7/19/2013 9:00,11,34,253
4763,7/19/2013 10:00,11,34,253
4764,7/19/2013 11:00,11,34,255
4765,7/19/2013 12:00,11,34,253
4766,7/19/2013 13:00,11,34,253
4767,7/19/2013 14:00,11,34,253
4768,7/19/2013 15:00,11,34,253
4769,7/19/2013 16:00,11,34,253
4770,7/19/2013 17:00,12,32,268
4771,7/19/2013 18:00,10,36,270
4772,7/19/2013 19:00,11,34,273
4773,7/19/2013 20:00,11,34,274
4774,7/19/2013 21:00,11,34,274
4775,7/19/2013 22:00,11,34,274
4776,7/19/2013 23:00,11,34,259
4777,7/20/2013 0:00,11,34,259
4778,7/20/2013 1:00,11,34,258
4779,7/20/2013 2:00,11,34,257
4780,7/20/2013 3:00,11,34,255
4781,7/20/2013 4:00,11,34,256
4782,7/20/2013 5:00,11,34,256
4783,7/20/2013 6:00,11,34,270
4784,7/20/2013 7:00,11,34,258
4785,7/20/2013 8:00,11,34,257
4786,7/20/2013 9:00,11,34,255
4787,7/20/2013 10:00,11,34,253
4788,7/20/2013 11:00,10,36,261
4789,7/20/2013 12:00,10,35,260
4790,7/20/2013 13:00,11,34,259
4791,7/20/2013 14:00,11,34,261
4792,7/20/2013 15:00,10,37,265
4793,7/20/2013 16:00,11,34,261
4794,7/20/2013 17:00,11,34,263
4795,7/20/2013 18:00,11,34,264
4796,7/20/2013 19:00,11,34,260
4797,7/20/2013 20:00,11,34,261
4798,7/20/2013 21:00,11,34,260
4799,7/20/2013 22:00,11,34,259
4800,7/20/2013 23:00,11,34,260
4801,7/21/2013 0:00,11,34,259
4802,7/21/2013 1:00,11,34,259
4803,7/21/2013 2:00,12,34,259
4804,7/21/2013 3:00,12,34,259
4805,7/21/2013 4:00,9,37,259
4806,7/21/2013 5:00,11,34,259
4807,7/21/2013 6:00,10,36,260
4808,7/21/2013 7:00,11,34,260
4809,7/21/2013 8:00,11,34,260
4810,7/21/2013 9:00,11,34,260
4811,7/21/2013 10:00,11,34,259
4812,7/21/2013 11:00,11,34,259
4813,7/21/2013 12:00,11,34,258
4814,7/21/2013 13:00,11,34,258
4815,7/21/2013 14:00,11,34,257
4816,7/21/2013 15:00,11,34,255
4817,7/21/2013 16:00,11,34,255
4818,7/21/2013 17:00,11,34,255
4819,7/21/2013 18:00,11,34,254
4820,7/21/2013 19:00,11,34,255
4821,7/21/2013 20:00,11,34,255
4822,7/21/2013 21:00,11,34,255
4823,7/21/2013 22:00,11,34,254
4824,7/21/2013 23:00,11,34,254
4825,7/22/2013 0:00,11,34,254
4826,7/22/2013 1:00,9,37,252
4827,7/22/2013 2:00,11,34,252
4828,7/22/2013 3:00,11,34,252
4829,7/22/2013 4:00,11,34,251
4830,7/22/2013 5:00,11,34,252
4831,7/22/2013 6:00,11,34,252
4832,7/22/2013 7:00,11,34,254
4833,7/22/2013 8:00,11,34,253
4834,7/22/2013 9:00,11,34,251
4835,7/22/2013 10:00,11,34,252
4836,7/22/2013 11:00,11,34,250
4837,7/22/2013 12:00,11,34,250
4838,7/22/2013 13:00,11,34,250
4839,7/22/2013 14:00,10,35,248
4840,7/22/2013 15:00,11,34,252
4841,7/22/2013 16:00,11,34,250
4842,7/22/2013 17:00,11,34,253
4843,7/22/2013 18:00,11,34,248
4844,7/22/2013 19:00,12,34,250
4845,7/22/2013 20:00,11,34,248
4846,7/22/2013 21:00,11,34,248
4847,7/22/2013 22:00,11,34,248
4848,7/22/2013 23:00,11,34,251
4849,7/23/2013 0:00,11,34,250
4850,7/23/2013 1:00,11,34,250
4851,7/23/2013 2:00,11,34,247
4852,7/23/2013 3:00,12,32,250
4853,7/23/2013 4:00,11,34,245
4854,7/23/2013 5:00,11,34,250
4855,7/23/2013 6:00,11,34,249
4856,7/23/2013 7:00,11,34,253
4857,7/23/2013 8:00,11,34,250
4858,7/23/2013 9:00,13,34,252
4859,7/23/2013 10:00,10,36,250
4860,7/23/2013 11:00,11,34,254
4861,7/23/2013 12:00,11,34,253
4862,7/23/2013 13:00,11,34,251
4863,7/23/2013 14:00,11,34,252
4864,7/23/2013 15:00,11,34,251
4865,7/23/2013 16:00,11,34,251
4866,7/23/2013 17:00,11,34,252
4867,7/23/2013 18:00,11,34,251
4868,7/23/2013 19:00,11,34,251
4869,7/23/2013 20:00,11,34,252
4870,7/23/2013 21:00,10,35,252
4871,7/23/2013 22:00,11,34,249
4872,7/23/2013 23:00,11,34,252
4873,7/24/2013 0:00,11,34,250
4874,7/24/2013 1:00,12,34,251
4875,7/24/2013 2:00,11,34,263
4876,7/24/2013 3:00,11,34,251
4877,7/24/2013 4:00,11,34,251
4878,7/24/2013 5:00,11,34,251
4879,7/24/2013 6:00,11,34,252
4880,7/24/2013 7:00,11,34,251
4881,7/24/2013 8:00,11,34,250
4882,7/24/2013 9:00,11,34,252
4883,7/24/2013 10:00,9,37,251
4884,7/24/2013 11:00,10,36,251
4885,7/24/2013 12:00,11,34,251
4886,7/24/2013 13:00,11,34,251
4887,7/24/2013 14:00,11,34,251
4888,7/24/2013 15:00,11,34,251
4889,7/24/2013 16:00,11,34,251
4890,7/24/2013 17:00,11,34,251
4891,7/24/2013 18:00,11,34,251
4892,7/24/2013 19:00,10,36,251
4893,7/24/2013 20:00,11,34,252
4894,7/24/2013 21:00,10,35,251
4895,7/24/2013 22:00,11,34,248
4896,7/24/2013 23:00,11,34,250
4897,7/25/2013 0:00,12,34,250
4898,7/25/2013 1:00,11,34,251
4899,7/25/2013 2:00,11,34,252
4900,7/25/2013 3:00,11,34,251
4901,7/25/2013 4:00,11,34,252
4902,7/25/2013 5:00,11,34,251
4903,7/25/2013 6:00,9,37,251
4904,7/25/2013 7:00,10,35,251
4905,7/25/2013 8:00,9,37,251
4906,7/25/2013 9:00,11,34,252
4907,7/25/2013 10:00,9,37,250
4908,7/25/2013 11:00,9,37,250
4909,7/25/2013 12:00,9,37,249
4910,7/25/2013 13:00,11,34,250
4911,7/25/2013 14:00,11,34,250
4912,7/25/2013 15:00,11,34,248
4913,7/25/2013 16:00,11,34,250
4914,7/25/2013 17:00,11,34,250
4915,7/25/2013 18:00,11,34,249
4916,7/25/2013 19:00,9,37,248
4917,7/25/2013 20:00,12,34,248
4918,7/25/2013 21:00,11,34,248
4919,7/25/2013 22:00,11,34,249
4920,7/25/2013 23:00,13,34,248
4921,7/26/2013 0:00,11,34,250
4922,7/26/2013 1:00,11,34,250
4923,7/26/2013 2:00,11,34,250
4924,7/26/2013 3:00,11,34,250
4925,7/26/2013 4:00,11,34,250
4926,7/26/2013 5:00,11,34,250
4927,7/26/2013 6:00,11,34,250
4928,7/26/2013 7:00,11,34,249
4929,7/26/2013 8:00,11,34,250
4930,7/26/2013 9:00,11,34,248
4931,7/26/2013 10:00,11,34,248
4932,7/26/2013 11:00,11,34,246
4933,7/26/2013 12:00,11,34,246
4934,7/26/2013 13:00,11,34,246
4935,7/26/2013 14:00,11,34,246
4936,7/26/2013 15:00,11,34,245
4937,7/26/2013 16:00,12,34,246
4938,7/26/2013 17:00,11,34,246
4939,7/26/2013 18:00,11,34,250
4940,7/26/2013 19:00,11,34,251
4941,7/26/2013 20:00,11,34,253
4942,7/26/2013 21:00,11,34,252
4943,7/26/2013 22:00,11,34,253
4944,7/26/2013 23:00,11,34,253
4945,7/27/2013 0:00,11,34,253
4946,7/27/2013 1:00,11,34,253
4947,7/27/2013 2:00,9,37,253
4948,7/27/2013 3:00,11,34,252
4949,7/27/2013 4:00,11,34,251
4950,7/27/2013 5:00,11,34,251
4951,7/27/2013 6:00,11,34,252
4952,7/27/2013 7:00,11,34,251
4953,7/27/2013 8:00,11,34,253
4954,7/27/2013 9:00,11,34,253
4955,7/27/2013 10:00,11,34,252
4956,7/27/2013 11:00,11,34,252
4957,7/27/2013 12:00,11,34,253
4958,7/27/2013 13:00,11,34,253
4959,7/27/2013 14:00,11,34,254
4960,7/27/2013 15:00,11,34,253
4961,7/27/2013 16:00,11,34,253
4962,7/27/2013 17:00,10,36,252
4963,7/27/2013 18:00,11,34,251
4964,7/27/2013 19:00,12,34,251
4965,7/27/2013 20:00,11,34,251
4966,7/27/2013 21:00,11,33,251
4967,7/27/2013 22:00,11,34,252
4968,7/27/2013 23:00,11,34,251
4969,7/28/2013 0:00,11,34,251
4970,7/28/2013 1:00,11,34,251
4971,7/28/2013 2:00,11,34,251
4972,7/28/2013 3:00,11,34,251
4973,7/28/2013 4:00,11,34,250
4974,7/28/2013 5:00,11,34,250
4975,7/28/2013 6:00,11,34,250
4976,7/28/2013 7:00,12,34,246
4977,7/28/2013 8:00,9,37,248
4978,7/28/2013 9:00,11,34,249
4979,7/28/2013 10:00,11,34,250
4980,7/28/2013 11:00,11,34,250
4981,7/28/2013 12:00,11,33,251
4982,7/28/2013 13:00,11,34,251
4983,7/28/2013 14:00,11,34,253
4984,7/28/2013 15:00,11,34,252
4985,7/28/2013 16:00,11,34,253
4986,7/28/2013 17:00,11,34,254
4987,7/28/2013 18:00,11,34,253
4988,7/28/2013 19:00,11,34,253
4989,7/28/2013 20:00,9,37,253
4990,7/28/2013 21:00,11,34,253
4991,7/28/2013 22:00,11,34,253
4992,7/28/2013 23:00,11,34,253
4993,7/29/2013 0:00,11,34,254
4994,7/29/2013 1:00,10,36,254
4995,7/29/2013 2:00,11,34,254
4996,7/29/2013 3:00,11,34,254
4997,7/29/2013 4:00,11,34,253
4998,7/29/2013 5:00,11,34,253
4999,7/29/2013 6:00,11,34,253
5000,7/29/2013 7:00,11,34,252
5001,7/29/2013 8:00,11,34,252
5002,7/29/2013 9:00,11,34,252
5003,7/29/2013 10:00,11,34,251
5004,7/29/2013 11:00,11,34,252
5005,7/29/2013 12:00,11,34,252
5006,7/29/2013 13:00,11,34,251
5007,7/29/2013 14:00,11,34,252
5008,7/29/2013 15:00,11,34,252
5009,7/29/2013 16:00,11,34,252
5010,7/29/2013 17:00,11,34,251
5011,7/29/2013 18:00,11,34,251
5012,7/29/2013 19:00,11,34,251
5013,7/29/2013 20:00,11,34,252
5014,7/29/2013 21:00,11,34,246
5015,7/29/2013 22:00,11,34,253
5016,7/29/2013 23:00,11,34,254
5017,7/30/2013 0:00,9,37,254
5018,7/30/2013 1:00,11,34,253
5019,7/30/2013 2:00,12,32,252
5020,7/30/2013 3:00,11,34,252
5021,7/30/2013 4:00,11,34,253
5022,7/30/2013 5:00,11,34,253
5023,7/30/2013 6:00,11,34,253
5024,7/30/2013 7:00,10,36,253
5025,7/30/2013 8:00,11,34,253
5026,7/30/2013 9:00,11,34,253
5027,7/30/2013 10:00,11,34,253
5028,7/30/2013 11:00,11,34,253
5029,7/30/2013 12:00,11,34,253
5030,7/30/2013 13:00,11,34,253
5031,7/30/2013 14:00,11,34,254
5032,7/30/2013 15:00,11,34,253
5033,7/30/2013 16:00,11,34,253
5034,7/30/2013 17:00,11,34,253
5035,7/30/2013 18:00,10,36,253
5036,7/30/2013 19:00,11,34,253
5037,7/30/2013 20:00,11,34,254
5038,7/30/2013 21:00,11,34,253
5039,7/30/2013 22:00,9,37,253
5040,7/30/2013 23:00,11,34,253
5041,7/31/2013 0:00,11,34,253
5042,7/31/2013 1:00,11,34,252
5043,7/31/2013 2:00,11,34,253
5044,7/31/2013 3:00,11,34,253
5045,7/31/2013 4:00,11,34,253
5046,7/31/2013 5:00,11,34,253
5047,7/31/2013 6:00,11,34,253
5048,7/31/2013 7:00,10,36,252
5049,7/31/2013 8:00,11,34,252
5050,7/31/2013 9:00,11,34,251
5051,7/31/2013 10:00,11,34,251
5052,7/31/2013 11:00,11,34,253
5053,7/31/2013 12:00,11,34,253
5054,7/31/2013 13:00,11,34,254
5055,7/31/2013 14:00,11,34,254
5056,7/31/2013 15:00,11,34,254
5057,7/31/2013 16:00,11,34,254
5058,7/31/2013 17:00,12,34,253
5059,7/31/2013 18:00,11,34,253
5060,7/31/2013 19:00,11,34,254
5061,7/31/2013 20:00,11,34,253
5062,7/31/2013 21:00,11,34,253
5063,7/31/2013 22:00,11,34,251
5064,7/31/2013 23:00,11,34,251
5065,8/1/2013 0:00,11,34,250
5066,8/1/2013 1:00,11,34,250
5067,8/1/2013 2:00,12,34,251
5068,8/1/2013 3:00,11,34,250
5069,8/1/2013 4:00,11,34,250
5070,8/1/2013 5:00,11,34,250
5071,8/1/2013 6:00,11,34,251
5072,8/1/2013 7:00,11,34,252
5073,8/1/2013 8:00,11,34,253
5074,8/1/2013 9:00,11,34,252
5075,8/1/2013 10:00,11,34,253
5076,8/1/2013 11:00,10,36,251
5077,8/1/2013 12:00,11,34,248
5078,8/1/2013 13:00,11,34,248
5079,8/1/2013 14:00,11,34,248
5080,8/1/2013 15:00,11,34,250
5081,8/1/2013 16:00,11,34,248
5082,8/1/2013 17:00,11,34,248
5083,8/1/2013 18:00,11,34,246
5084,8/1/2013 19:00,11,34,246
5085,8/1/2013 20:00,9,37,244
5086,8/1/2013 21:00,10,35,250
5087,8/1/2013 22:00,10,36,252
5088,8/1/2013 23:00,11,34,250
5089,8/2/2013 0:00,12,34,252
5090,8/2/2013 1:00,11,34,252
5091,8/2/2013 2:00,11,34,253
5092,8/2/2013 3:00,11,34,252
5093,8/2/2013 4:00,11,34,251
5094,8/2/2013 5:00,11,34,253
5095,8/2/2013 6:00,11,34,252
5096,8/2/2013 7:00,11,34,252
5097,8/2/2013 8:00,9,37,252
5098,8/2/2013 9:00,11,34,252
5099,8/2/2013 10:00,11,34,253
5100,8/2/2013 11:00,11,34,254
5101,8/2/2013 12:00,11,34,255
5102,8/2/2013 13:00,11,34,255
5103,8/2/2013 14:00,11,34,255
5104,8/2/2013 15:00,11,34,257
5105,8/2/2013 16:00,11,34,257
5106,8/2/2013 17:00,11,34,257
5107,8/2/2013 18:00,11,34,258
5108,8/2/2013 19:00,11,34,258
5109,8/2/2013 20:00,11,34,258
5110,8/2/2013 21:00,11,34,258
5111,8/2/2013 22:00,11,34,258
5112,8/2/2013 23:00,11,34,258
5113,8/3/2013 0:00,9,37,258
5114,8/3/2013 1:00,11,34,259
5115,8/3/2013 2:00,11,34,258
5116,8/3/2013 3:00,11,34,258
5117,8/3/2013 4:00,11,34,257
5118,8/3/2013 5:00,11,34,257
5119,8/3/2013 6:00,9,37,257
5120,8/3/2013 7:00,11,34,258
5121,8/3/2013 8:00,11,34,257
5122,8/3/2013 9:00,11,34,257
5123,8/3/2013 10:00,11,34,258
5124,8/3/2013 11:00,11,34,258
5125,8/3/2013 12:00,11,34,259
5126,8/3/2013 13:00,11,34,259
5127,8/3/2013 14:00,11,34,259
5128,8/3/2013 15:00,11,34,259
5129,8/3/2013 16:00,11,34,259
5130,8/3/2013 17:00,11,34,259
5131,8/3/2013 18:00,11,34,260
5132,8/3/2013 19:00,11,34,260
5133,8/3/2013 20:00,11,34,260
5134,8/3/2013 21:00,11,34,260
5135,8/3/2013 22:00,11,34,260
5136,8/3/2013 23:00,11,34,260
5137,8/4/2013 0:00,11,34,260
5138,8/4/2013 1:00,11,34,260
5139,8/4/2013 2:00,11,34,260
5140,8/4/2013 3:00,11,34,260
5141,8/4/2013 4:00,11,34,261
5142,8/4/2013 5:00,11,34,260
5143,8/4/2013 6:00,11,34,260
5144,8/4/2013 7:00,11,34,260
5145,8/4/2013 8:00,11,34,260
5146,8/4/2013 9:00,11,34,260
5147,8/4/2013 10:00,11,34,260
5148,8/4/2013 11:00,11,34,260
5149,8/4/2013 12:00,11,34,260
5150,8/4/2013 13:00,11,34,260
5151,8/4/2013 14:00,11,34,260
5152,8/4/2013 15:00,11,34,260
5153,8/4/2013 16:00,11,34,260
5154,8/4/2013 17:00,11,34,260
5155,8/4/2013 18:00,11,34,259
5156,8/4/2013 19:00,11,34,259
5157,8/4/2013 20:00,11,34,259
5158,8/4/2013 21:00,11,34,259
5159,8/4/2013 22:00,12,34,259
5160,8/4/2013 23:00,11,34,259
5161,8/5/2013 0:00,11,34,259
5162,8/5/2013 1:00,12,34,258
5163,8/5/2013 2:00,11,34,258
5164,8/5/2013 3:00,11,34,257
5165,8/5/2013 4:00,12,34,255
5166,8/5/2013 5:00,11,34,254
5167,8/5/2013 6:00,11,34,254
5168,8/5/2013 7:00,11,34,253
5169,8/5/2013 8:00,11,34,254
5170,8/5/2013 9:00,11,34,254
5171,8/5/2013 10:00,11,34,254
5172,8/5/2013 11:00,11,34,255
5173,8/5/2013 12:00,11,34,255
5174,8/5/2013 13:00,11,34,256
5175,8/5/2013 14:00,11,34,256
5176,8/5/2013 15:00,11,34,254
5177,8/5/2013 16:00,11,34,254
5178,8/5/2013 17:00,9,37,255
5179,8/5/2013 18:00,11,34,255
5180,8/5/2013 19:00,11,34,256
5181,8/5/2013 20:00,11,34,255
5182,8/5/2013 21:00,11,34,255
5183,8/5/2013 22:00,11,34,254
5184,8/5/2013 23:00,11,34,255
5185,8/6/2013 0:00,10,36,256
5186,8/6/2013 1:00,11,34,254
5187,8/6/2013 2:00,11,34,255
5188,8/6/2013 3:00,11,34,253
5189,8/6/2013 4:00,11,34,254
5190,8/6/2013 5:00,11,34,255
5191,8/6/2013 6:00,11,34,256
5192,8/6/2013 7:00,9,37,256
5193,8/6/2013 8:00,11,34,257
5194,8/6/2013 9:00,11,34,257
5195,8/6/2013 10:00,11,34,257
5196,8/6/2013 11:00,11,34,260
5197,8/6/2013 12:00,11,34,260
5198,8/6/2013 13:00,9,37,261
5199,8/6/2013 14:00,11,34,261
5200,8/6/2013 15:00,11,34,261
5201,8/6/2013 16:00,11,34,263
5202,8/6/2013 17:00,9,37,263
5203,8/6/2013 18:00,11,34,264
5204,8/6/2013 19:00,12,34,264
5205,8/6/2013 20:00,11,34,265
5206,8/6/2013 21:00,11,34,265
5207,8/6/2013 22:00,11,34,265
5208,8/6/2013 23:00,11,34,265
5209,8/7/2013 0:00,11,34,265
5210,8/7/2013 1:00,11,34,265
5211,8/7/2013 2:00,11,34,265
5212,8/7/2013 3:00,11,34,265
5213,8/7/2013 4:00,11,34,265
5214,8/7/2013 5:00,11,34,265
5215,8/7/2013 6:00,11,34,265
5216,8/7/2013 7:00,11,34,265
5217,8/7/2013 8:00,11,34,265
5218,8/7/2013 9:00,11,34,265
5219,8/7/2013 10:00,11,34,264
5220,8/7/2013 11:00,11,34,265
5221,8/7/2013 12:00,11,34,265
5222,8/7/2013 13:00,11,34,265
5223,8/7/2013 14:00,11,34,265
5224,8/7/2013 15:00,11,34,266
5225,8/7/2013 16:00,9,37,265
5226,8/7/2013 17:00,11,34,265
5227,8/7/2013 18:00,10,35,265
5228,8/7/2013 19:00,12,34,265
5229,8/7/2013 20:00,11,34,265
5230,8/7/2013 21:00,11,34,266
5231,8/7/2013 22:00,11,34,265
5232,8/7/2013 23:00,11,34,265
5233,8/8/2013 0:00,11,34,266
5234,8/8/2013 1:00,11,34,266
5235,8/8/2013 2:00,11,34,266
5236,8/8/2013 3:00,11,34,266
5237,8/8/2013 4:00,11,34,267
5238,8/8/2013 5:00,11,34,267
5239,8/8/2013 6:00,10,35,267
5240,8/8/2013 7:00,11,34,268
5241,8/8/2013 8:00,11,34,269
5242,8/8/2013 9:00,11,34,267
5243,8/8/2013 10:00,11,34,267
5244,8/8/2013 11:00,11,34,267
5245,8/8/2013 12:00,11,34,267
5246,8/8/2013 13:00,10,36,266
5247,8/8/2013 14:00,11,34,266
5248,8/8/2013 15:00,11,34,265
5249,8/8/2013 16:00,11,34,266
5250,8/8/2013 17:00,11,34,266
5251,8/8/2013 18:00,11,34,263
5252,8/8/2013 19:00,11,34,265
5253,8/8/2013 20:00,11,34,265
5254,8/8/2013 21:00,11,34,265
5255,8/8/2013 22:00,11,34,267
5256,8/8/2013 23:00,11,34,269
5257,8/9/2013 0:00,11,34,269
5258,8/9/2013 1:00,11,34,269
5259,8/9/2013 2:00,11,34,269
5260,8/9/2013 3:00,11,34,270
5261,8/9/2013 4:00,11,34,269
5262,8/9/2013 5:00,11,34,269
5263,8/9/2013 6:00,11,34,267
5264,8/9/2013 7:00,11,34,268
5265,8/9/2013 8:00,11,34,269
5266,8/9/2013 9:00,11,34,269
5267,8/9/2013 10:00,11,34,269
5268,8/9/2013 11:00,11,34,269
5269,8/9/2013 12:00,11,34,269
5270,8/9/2013 13:00,11,34,269
5271,8/9/2013 14:00,11,34,269
5272,8/9/2013 15:00,11,34,270
5273,8/9/2013 16:00,11,34,269
5274,8/9/2013 17:00,9,37,269
5275,8/9/2013 18:00,11,34,269
5276,8/9/2013 19:00,9,37,269
5277,8/9/2013 20:00,11,34,269
5278,8/9/2013 21:00,11,34,268
5279,8/9/2013 22:00,11,34,267
5280,8/9/2013 23:00,11,34,268
5281,8/10/2013 0:00,11,34,267
5282,8/10/2013 1:00,11,34,267
5283,8/10/2013 2:00,11,36,267
5284,8/10/2013 3:00,11,34,267
5285,8/10/2013 4:00,11,34,267
5286,8/10/2013 5:00,11,34,267
5287,8/10/2013 6:00,11,34,266
5288,8/10/2013 7:00,11,34,269
5289,8/10/2013 8:00,11,34,269
5290,8/10/2013 9:00,11,34,268
5291,8/10/2013 10:00,11,34,267
5292,8/10/2013 11:00,11,34,267
5293,8/10/2013 12:00,11,34,266
5294,8/10/2013 13:00,12,34,267
5295,8/10/2013 14:00,11,34,267
5296,8/10/2013 15:00,11,34,267
5297,8/10/2013 16:00,11,34,267
5298,8/10/2013 17:00,11,34,266
5299,8/10/2013 18:00,11,34,267
5300,8/10/2013 19:00,11,34,267
5301,8/10/2013 20:00,11,34,266
5302,8/10/2013 21:00,10,35,266
5303,8/10/2013 22:00,11,34,266
5304,8/10/2013 23:00,11,34,267
5305,8/11/2013 0:00,10,36,267
5306,8/11/2013 1:00,11,34,266
5307,8/11/2013 2:00,10,35,267
5308,8/11/2013 3:00,11,34,266
5309,8/11/2013 4:00,10,36,267
5310,8/11/2013 5:00,11,34,267
5311,8/11/2013 6:00,11,34,267
5312,8/11/2013 7:00,12,34,267
5313,8/11/2013 8:00,11,34,268
5314,8/11/2013 9:00,11,34,269
5315,8/11/2013 10:00,11,34,268
5316,8/11/2013 11:00,11,34,268
5317,8/11/2013 12:00,11,34,267
5318,8/11/2013 13:00,11,34,267
5319,8/11/2013 14:00,11,34,267
5320,8/11/2013 15:00,11,34,267
5321,8/11/2013 16:00,11,34,267
5322,8/11/2013 17:00,11,34,267
5323,8/11/2013 18:00,11,34,267
5324,8/11/2013 19:00,11,34,267
5325,8/11/2013 20:00,11,34,267
5326,8/11/2013 21:00,11,34,267
5327,8/11/2013 22:00,12,34,268
5328,8/11/2013 23:00,11,34,268
5329,8/12/2013 0:00,11,34,268
5330,8/12/2013 1:00,11,34,269
5331,8/12/2013 2:00,11,34,268
5332,8/12/2013 3:00,11,34,269
5333,8/12/2013 4:00,11,34,269
5334,8/12/2013 5:00,11,34,269
5335,8/12/2013 6:00,11,34,269
5336,8/12/2013 7:00,11,34,269
5337,8/12/2013 8:00,11,34,269
5338,8/12/2013 9:00,11,34,268
5339,8/12/2013 10:00,9,37,267
5340,8/12/2013 11:00,11,34,267
5341,8/12/2013 12:00,11,34,267
5342,8/12/2013 13:00,11,34,268
5343,8/12/2013 14:00,11,34,269
5344,8/12/2013 15:00,11,34,270
5345,8/12/2013 16:00,9,37,270
5346,8/12/2013 17:00,11,34,270
5347,8/12/2013 18:00,11,34,269
5348,8/12/2013 19:00,11,34,269
5349,8/12/2013 20:00,11,34,270
5350,8/12/2013 21:00,11,34,270
5351,8/12/2013 22:00,11,34,270
5352,8/12/2013 23:00,11,34,269
5353,8/13/2013 0:00,11,34,269
5354,8/13/2013 1:00,11,34,269
5355,8/13/2013 2:00,11,34,269
5356,8/13/2013 3:00,11,34,268
5357,8/13/2013 4:00,11,34,268
5358,8/13/2013 5:00,11,34,268
5359,8/13/2013 6:00,9,37,267
5360,8/13/2013 7:00,10,36,267
5361,8/13/2013 8:00,12,34,267
5362,8/13/2013 9:00,11,34,267
5363,8/13/2013 10:00,11,34,267
5364,8/13/2013 11:00,13,34,268
5365,8/13/2013 12:00,11,34,268
5366,8/13/2013 13:00,11,34,267
5367,8/13/2013 14:00,11,34,267
5368,8/13/2013 15:00,11,34,267
5369,8/13/2013 16:00,11,34,267
5370,8/13/2013 17:00,10,35,266
5371,8/13/2013 18:00,11,34,266
5372,8/13/2013 19:00,10,36,266
5373,8/13/2013 20:00,11,34,266
5374,8/13/2013 21:00,12,34,266
5375,8/13/2013 22:00,11,34,266
5376,8/13/2013 23:00,11,34,267
5377,8/14/2013 0:00,11,34,266
5378,8/14/2013 1:00,11,34,267
5379,8/14/2013 2:00,11,34,267
5380,8/14/2013 3:00,11,34,267
5381,8/14/2013 4:00,11,34,266
5382,8/14/2013 5:00,11,34,267
5383,8/14/2013 6:00,12,32,267
5384,8/14/2013 7:00,11,34,267
5385,8/14/2013 8:00,11,34,267
5386,8/14/2013 9:00,11,34,267
5387,8/14/2013 10:00,11,34,267
5388,8/14/2013 11:00,11,34,268
5389,8/14/2013 12:00,10,36,270
5390,8/14/2013 13:00,11,34,270
5391,8/14/2013 14:00,11,34,270
5392,8/14/2013 15:00,11,34,270
5393,8/14/2013 16:00,11,34,272
5394,8/14/2013 17:00,11,34,273
5395,8/14/2013 18:00,11,34,273
5396,8/14/2013 19:00,11,34,273
5397,8/14/2013 20:00,11,34,272
5398,8/14/2013 21:00,11,34,272
5399,8/14/2013 22:00,11,34,272
5400,8/14/2013 23:00,10,35,272
5401,8/15/2013 0:00,11,34,270
5402,8/15/2013 1:00,11,34,272
5403,8/15/2013 2:00,12,34,270
5404,8/15/2013 3:00,11,34,270
5405,8/15/2013 4:00,11,34,270
5406,8/15/2013 5:00,11,34,270
5407,8/15/2013 6:00,10,36,269
5408,8/15/2013 7:00,11,34,269
5409,8/15/2013 8:00,11,34,269
5410,8/15/2013 9:00,11,34,269
5411,8/15/2013 10:00,11,34,269
5412,8/15/2013 11:00,11,34,269
5413,8/15/2013 12:00,11,34,269
5414,8/15/2013 13:00,11,34,269
5415,8/15/2013 14:00,11,34,268
5416,8/15/2013 15:00,12,34,269
5417,8/15/2013 16:00,11,34,268
5418,8/15/2013 17:00,11,34,268
5419,8/15/2013 18:00,9,37,269
5420,8/15/2013 19:00,11,34,269
5421,8/15/2013 20:00,11,34,267
5422,8/15/2013 21:00,11,34,267
5423,8/15/2013 22:00,11,34,267
5424,8/15/2013 23:00,11,34,267
5425,8/16/2013 0:00,11,34,267
5426,8/16/2013 1:00,11,34,267
5427,8/16/2013 2:00,11,34,267
5428,8/16/2013 3:00,11,34,267
5429,8/16/2013 4:00,11,34,266
5430,8/16/2013 5:00,11,34,267
5431,8/16/2013 6:00,11,34,267
5432,8/16/2013 7:00,11,34,267
5433,8/16/2013 8:00,11,34,268
5434,8/16/2013 9:00,11,34,269
5435,8/16/2013 10:00,11,34,269
5436,8/16/2013 11:00,11,34,269
5437,8/16/2013 12:00,12,34,269
5438,8/16/2013 13:00,11,34,269
5439,8/16/2013 14:00,11,34,269
5440,8/16/2013 15:00,11,34,269
5441,8/16/2013 16:00,11,34,269
5442,8/16/2013 17:00,11,34,269
5443,8/16/2013 18:00,11,34,269
5444,8/16/2013 19:00,11,34,269
5445,8/16/2013 20:00,11,34,269
5446,8/16/2013 21:00,11,34,269
5447,8/16/2013 22:00,12,34,269
5448,8/16/2013 23:00,11,34,269
5449,8/17/2013 0:00,11,34,269
5450,8/17/2013 1:00,9,37,269
5451,8/17/2013 2:00,10,36,268
5452,8/17/2013 3:00,11,34,269
5453,8/17/2013 4:00,11,34,269
5454,8/17/2013 5:00,11,34,268
5455,8/17/2013 6:00,11,34,268
5456,8/17/2013 7:00,11,34,269
5457,8/17/2013 8:00,11,34,268
5458,8/17/2013 9:00,11,35,269
5459,8/17/2013 10:00,11,34,269
5460,8/17/2013 11:00,11,34,269
5461,8/17/2013 12:00,11,34,269
5462,8/17/2013 13:00,11,34,269
5463,8/17/2013 14:00,11,34,269
5464,8/17/2013 15:00,11,34,269
5465,8/17/2013 16:00,11,34,269
5466,8/17/2013 17:00,11,34,269
5467,8/17/2013 18:00,11,34,269
5468,8/17/2013 19:00,11,34,269
5469,8/17/2013 20:00,11,34,269
5470,8/17/2013 21:00,11,34,269
5471,8/17/2013 22:00,11,34,269
5472,8/17/2013 23:00,11,34,269
5473,8/18/2013 0:00,11,34,269
5474,8/18/2013 1:00,11,34,269
5475,8/18/2013 2:00,11,34,269
5476,8/18/2013 3:00,11,34,268
5477,8/18/2013 4:00,11,34,268
5478,8/18/2013 5:00,11,34,267
5479,8/18/2013 6:00,12,34,267
5480,8/18/2013 7:00,11,34,267
5481,8/18/2013 8:00,11,34,268
5482,8/18/2013 9:00,11,34,268
5483,8/18/2013 10:00,11,34,268
5484,8/18/2013 11:00,11,34,268
5485,8/18/2013 12:00,11,34,268
5486,8/18/2013 13:00,11,34,269
5487,8/18/2013 14:00,11,34,268
5488,8/18/2013 15:00,11,34,268
5489,8/18/2013 16:00,11,34,268
5490,8/18/2013 17:00,11,34,268
5491,8/18/2013 18:00,11,34,269
5492,8/18/2013 19:00,11,34,268
5493,8/18/2013 20:00,11,34,267
5494,8/18/2013 21:00,11,34,268
5495,8/18/2013 22:00,11,34,268
5496,8/18/2013 23:00,10,36,267
5497,8/19/2013 0:00,11,34,268
5498,8/19/2013 1:00,11,34,268
5499,8/19/2013 2:00,11,34,268
5500,8/19/2013 3:00,12,34,268
5501,8/19/2013 4:00,11,33,267
5502,8/19/2013 5:00,11,34,267
5503,8/19/2013 6:00,11,34,267
5504,8/19/2013 7:00,11,34,267
5505,8/19/2013 8:00,11,34,267
5506,8/19/2013 9:00,11,34,267
5507,8/19/2013 10:00,11,34,267
5508,8/19/2013 11:00,11,33,266
5509,8/19/2013 12:00,12,34,266
5510,8/19/2013 13:00,11,34,266
5511,8/19/2013 14:00,11,34,266
5512,8/19/2013 15:00,11,34,266
5513,8/19/2013 16:00,11,34,266
5514,8/19/2013 17:00,11,34,266
5515,8/19/2013 18:00,13,34,266
5516,8/19/2013 19:00,11,34,266
5517,8/19/2013 20:00,11,33,266
5518,8/19/2013 21:00,11,34,266
5519,8/19/2013 22:00,11,34,266
5520,8/19/2013 23:00,11,33,266
5521,8/20/2013 0:00,11,33,266
5522,8/20/2013 1:00,11,34,266
5523,8/20/2013 2:00,11,34,266
5524,8/20/2013 3:00,11,34,266
5525,8/20/2013 4:00,11,34,266
5526,8/20/2013 5:00,11,34,266
5527,8/20/2013 6:00,11,33,266
5528,8/20/2013 7:00,11,34,266
5529,8/20/2013 8:00,11,34,266
5530,8/20/2013 9:00,11,33,266
5531,8/20/2013 10:00,11,34,267
5532,8/20/2013 11:00,11,33,266
5533,8/20/2013 12:00,11,34,267
5534,8/20/2013 13:00,11,34,266
5535,8/20/2013 14:00,11,33,266
5536,8/20/2013 15:00,10,36,267
5537,8/20/2013 16:00,10,36,267
5538,8/20/2013 17:00,11,34,267
5539,8/20/2013 18:00,11,34,267
5540,8/20/2013 19:00,11,33,267
5541,8/20/2013 20:00,11,33,267
5542,8/20/2013 21:00,11,33,267
5543,8/20/2013 22:00,11,33,267
5544,8/20/2013 23:00,11,33,267
5545,8/21/2013 0:00,11,34,267
5546,8/21/2013 1:00,11,33,267
5547,8/21/2013 2:00,11,34,267
5548,8/21/2013 3:00,11,33,267
5549,8/21/2013 4:00,10,35,267
5550,8/21/2013 5:00,11,33,267
5551,8/21/2013 6:00,11,33,267
5552,8/21/2013 7:00,11,33,267
5553,8/21/2013 8:00,11,33,267
5554,8/21/2013 9:00,11,33,267
5555,8/21/2013 10:00,11,33,267
5556,8/21/2013 11:00,11,33,267
5557,8/21/2013 12:00,12,33,267
5558,8/21/2013 13:00,11,33,267
5559,8/21/2013 14:00,11,33,266
5560,8/21/2013 15:00,11,34,267
5561,8/21/2013 16:00,11,33,267
5562,8/21/2013 17:00,11,33,267
5563,8/21/2013 18:00,11,33,267
5564,8/21/2013 19:00,10,35,267
5565,8/21/2013 20:00,10,35,267
5566,8/21/2013 21:00,11,33,267
5567,8/21/2013 22:00,11,33,267
5568,8/21/2013 23:00,11,33,267
5569,8/22/2013 0:00,10,36,267
5570,8/22/2013 1:00,11,33,267
5571,8/22/2013 2:00,11,33,267
5572,8/22/2013 3:00,11,33,267
5573,8/22/2013 4:00,11,33,267
5574,8/22/2013 5:00,11,33,267
5575,8/22/2013 6:00,11,33,267
5576,8/22/2013 7:00,11,33,267
5577,8/22/2013 8:00,11,34,267
5578,8/22/2013 9:00,11,33,267
5579,8/22/2013 10:00,11,33,267
5580,8/22/2013 11:00,11,33,267
5581,8/22/2013 12:00,11,33,267
5582,8/22/2013 13:00,11,33,267
5583,8/22/2013 14:00,11,33,267
5584,8/22/2013 15:00,11,33,267
5585,8/22/2013 16:00,11,33,267
5586,8/22/2013 17:00,11,33,267
5587,8/22/2013 18:00,11,33,267
5588,8/22/2013 19:00,11,33,267
5589,8/22/2013 20:00,11,33,267
5590,8/22/2013 21:00,10,35,267
5591,8/22/2013 22:00,11,33,266
5592,8/22/2013 23:00,12,33,266
5593,8/23/2013 0:00,11,33,266
5594,8/23/2013 1:00,11,33,266
5595,8/23/2013 2:00,11,33,266
5596,8/23/2013 3:00,11,33,266
5597,8/23/2013 4:00,11,33,266
5598,8/23/2013 5:00,11,33,266
5599,8/23/2013 6:00,10,36,266
5600,8/23/2013 7:00,10,35,266
5601,8/23/2013 8:00,11,33,266
5602,8/23/2013 9:00,11,33,266
5603,8/23/2013 10:00,11,33,266
5604,8/23/2013 11:00,11,33,266
5605,8/23/2013 12:00,11,34,266
5606,8/23/2013 13:00,13,33,266
5607,8/23/2013 14:00,11,33,266
5608,8/23/2013 15:00,11,33,266
5609,8/23/2013 16:00,12,33,266
5610,8/23/2013 17:00,10,36,266
5611,8/23/2013 18:00,11,33,265
5612,8/23/2013 19:00,11,33,265
5613,8/23/2013 20:00,10,35,266
5614,8/23/2013 21:00,11,33,266
5615,8/23/2013 22:00,11,33,266
5616,8/23/2013 23:00,11,33,265
5617,8/24/2013 0:00,11,34,265
5618,8/24/2013 1:00,11,33,265
5619,8/24/2013 2:00,11,33,265
5620,8/24/2013 3:00,11,33,265
5621,8/24/2013 4:00,11,33,265
5622,8/24/2013 5:00,11,33,265
5623,8/24/2013 6:00,11,33,265
5624,8/24/2013 7:00,11,33,265
5625,8/24/2013 8:00,11,33,265
5626,8/24/2013 9:00,10,35,265
5627,8/24/2013 10:00,11,33,265
5628,8/24/2013 11:00,11,33,265
5629,8/24/2013 12:00,11,33,265
5630,8/24/2013 13:00,11,33,265
5631,8/24/2013 14:00,11,33,265
5632,8/24/2013 15:00,10,36,265
5633,8/24/2013 16:00,11,34,265
5634,8/24/2013 17:00,11,34,265
5635,8/24/2013 18:00,11,33,265
5636,8/24/2013 19:00,11,33,264
5637,8/24/2013 20:00,11,33,264
5638,8/24/2013 21:00,11,33,265
5639,8/24/2013 22:00,11,33,265
5640,8/24/2013 23:00,11,33,265
5641,8/25/2013 0:00,11,33,265
5642,8/25/2013 1:00,11,34,265
5643,8/25/2013 2:00,11,33,264
5644,8/25/2013 3:00,12,33,264
5645,8/25/2013 4:00,11,33,264
5646,8/25/2013 5:00,11,33,264
5647,8/25/2013 6:00,11,34,264
5648,8/25/2013 7:00,11,33,264
5649,8/25/2013 8:00,10,36,264
5650,8/25/2013 9:00,11,33,264
5651,8/25/2013 10:00,11,33,265
5652,8/25/2013 11:00,11,33,265
5653,8/25/2013 12:00,11,34,265
5654,8/25/2013 13:00,11,33,265
5655,8/25/2013 14:00,11,33,265
5656,8/25/2013 15:00,12,33,265
5657,8/25/2013 16:00,11,34,265
5658,8/25/2013 17:00,11,33,265
5659,8/25/2013 18:00,11,33,265
5660,8/25/2013 19:00,11,33,265
5661,8/25/2013 20:00,11,33,265
5662,8/25/2013 21:00,11,34,265
5663,8/25/2013 22:00,11,33,264
5664,8/25/2013 23:00,11,33,264
5665,8/26/2013 0:00,11,34,264
5666,8/26/2013 1:00,11,33,264
5667,8/26/2013 2:00,11,33,263
5668,8/26/2013 3:00,11,33,263
5669,8/26/2013 4:00,11,33,262
5670,8/26/2013 5:00,11,33,262
5671,8/26/2013 6:00,13,34,262
5672,8/26/2013 7:00,10,35,262
5673,8/26/2013 8:00,11,33,261
5674,8/26/2013 9:00,12,33,261
5675,8/26/2013 10:00,11,34,261
5676,8/26/2013 11:00,11,34,261
5677,8/26/2013 12:00,11,34,261
5678,8/26/2013 13:00,11,33,261
5679,8/26/2013 14:00,11,34,261
5680,8/26/2013 15:00,11,34,261
5681,8/26/2013 16:00,11,34,261
5682,8/26/2013 17:00,11,34,261
5683,8/26/2013 18:00,11,34,263
5684,8/26/2013 19:00,11,34,263
5685,8/26/2013 20:00,11,34,261
5686,8/26/2013 21:00,10,35,261
5687,8/26/2013 22:00,11,34,261
5688,8/26/2013 23:00,11,34,261
5689,8/27/2013 0:00,11,33,261
5690,8/27/2013 1:00,11,33,261
5691,8/27/2013 2:00,11,34,261
5692,8/27/2013 3:00,11,33,261
5693,8/27/2013 4:00,11,33,261
5694,8/27/2013 5:00,11,34,260
5695,8/27/2013 6:00,10,36,261
5696,8/27/2013 7:00,10,36,260
5697,8/27/2013 8:00,11,33,260
5698,8/27/2013 9:00,11,33,260
5699,8/27/2013 10:00,11,34,260
5700,8/27/2013 11:00,10,35,260
5701,8/27/2013 12:00,11,34,260
5702,8/27/2013 13:00,10,36,260
5703,8/27/2013 14:00,10,36,260
5704,8/27/2013 15:00,11,34,259
5705,8/27/2013 16:00,11,33,259
5706,8/27/2013 17:00,11,34,260
5707,8/27/2013 18:00,11,34,260
5708,8/27/2013 19:00,10,35,260
5709,8/27/2013 20:00,11,34,259
5710,8/27/2013 21:00,11,34,260
5711,8/27/2013 22:00,11,34,259
5712,8/27/2013 23:00,11,34,259
5713,8/28/2013 0:00,10,36,259
5714,8/28/2013 1:00,11,34,259
5715,8/28/2013 2:00,10,35,260
5716,8/28/2013 3:00,11,34,259
5717,8/28/2013 4:00,11,34,259
5718,8/28/2013 5:00,11,34,259
5719,8/28/2013 6:00,10,35,259
5720,8/28/2013 7:00,10,35,259
5721,8/28/2013 8:00,11,34,259
5722,8/28/2013 9:00,11,34,259
5723,8/28/2013 10:00,11,34,259
5724,8/28/2013 11:00,11,34,258
5725,8/28/2013 12:00,11,34,259
5726,8/28/2013 13:00,11,34,259
5727,8/28/2013 14:00,11,34,259
5728,8/28/2013 15:00,11,34,260
5729,8/28/2013 16:00,11,34,259
5730,8/28/2013 17:00,11,34,259
5731,8/28/2013 18:00,11,34,259
5732,8/28/2013 19:00,10,36,260
5733,8/28/2013 20:00,11,34,259
5734,8/28/2013 21:00,11,34,259
5735,8/28/2013 22:00,11,34,259
5736,8/28/2013 23:00,11,34,258
5737,8/29/2013 0:00,12,34,258
5738,8/29/2013 1:00,11,34,257
5739,8/29/2013 2:00,11,34,257
5740,8/29/2013 3:00,11,34,257
5741,8/29/2013 4:00,11,34,258
5742,8/29/2013 5:00,11,34,258
5743,8/29/2013 6:00,11,34,257
5744,8/29/2013 7:00,12,34,258
5745,8/29/2013 8:00,11,33,257
5746,8/29/2013 9:00,11,34,258
5747,8/29/2013 10:00,11,34,258
5748,8/29/2013 11:00,11,34,258
5749,8/29/2013 12:00,11,34,258
5750,8/29/2013 13:00,10,36,257
5751,8/29/2013 14:00,11,34,257
5752,8/29/2013 15:00,11,34,257
5753,8/29/2013 16:00,11,34,258
5754,8/29/2013 17:00,10,35,258
5755,8/29/2013 18:00,12,34,258
5756,8/29/2013 19:00,10,35,258
5757,8/29/2013 20:00,11,34,258
5758,8/29/2013 21:00,11,34,259
5759,8/29/2013 22:00,11,34,259
5760,8/29/2013 23:00,11,34,259
5761,8/30/2013 0:00,9,37,259
5762,8/30/2013 1:00,11,34,259
5763,8/30/2013 2:00,11,34,259
5764,8/30/2013 3:00,11,34,259
5765,8/30/2013 4:00,10,36,259
5766,8/30/2013 5:00,11,34,259
5767,8/30/2013 6:00,11,34,259
5768,8/30/2013 7:00,11,34,259
5769,8/30/2013 8:00,12,34,259
5770,8/30/2013 9:00,11,34,259
5771,8/30/2013 10:00,11,34,259
5772,8/30/2013 11:00,11,34,259
5773,8/30/2013 12:00,11,34,259
5774,8/30/2013 13:00,11,34,259
5775,8/30/2013 14:00,11,34,259
5776,8/30/2013 15:00,9,37,259
5777,8/30/2013 16:00,9,37,259
5778,8/30/2013 17:00,9,37,258
5779,8/30/2013 18:00,13,34,258
5780,8/30/2013 19:00,11,34,259
5781,8/30/2013 20:00,11,34,258
5782,8/30/2013 21:00,10,35,258
5783,8/30/2013 22:00,11,34,258
5784,8/30/2013 23:00,10,35,258
5785,8/31/2013 0:00,11,34,257
5786,8/31/2013 1:00,11,34,258
5787,8/31/2013 2:00,11,34,258
5788,8/31/2013 3:00,11,34,258
5789,8/31/2013 4:00,11,33,258
5790,8/31/2013 5:00,11,34,258
5791,8/31/2013 6:00,11,34,257
5792,8/31/2013 7:00,9,37,258
5793,8/31/2013 8:00,10,35,258
5794,8/31/2013 9:00,11,34,259
5795,8/31/2013 10:00,11,34,259
5796,8/31/2013 11:00,11,34,258
5797,8/31/2013 12:00,11,34,258
5798,8/31/2013 13:00,10,36,259
5799,8/31/2013 14:00,12,32,259
5800,8/31/2013 15:00,11,34,256
5801,8/31/2013 16:00,11,34,254
5802,8/31/2013 17:00,10,35,312
5803,8/31/2013 18:00,11,34,269
5804,8/31/2013 19:00,11,34,276
5805,8/31/2013 20:00,11,34,291
5806,8/31/2013 21:00,11,34,287
5807,8/31/2013 22:00,11,34,298
5808,8/31/2013 23:00,11,34,315
5809,9/1/2013 0:00,11,34,320
5810,9/1/2013 1:00,11,34,324
5811,9/1/2013 2:00,12,34,330
5812,9/1/2013 3:00,12,33,351
5813,9/1/2013 4:00,11,34,326
5814,9/1/2013 5:00,11,34,336
5815,9/1/2013 6:00,11,34,335
5816,9/1/2013 7:00,11,34,364
5817,9/1/2013 8:00,36,32,327
5818,9/1/2013 9:00,10,35,337
5819,9/1/2013 10:00,11,34,356
5820,9/1/2013 11:00,12,34,339
5821,9/1/2013 12:00,61,34,336
5822,9/1/2013 13:00,59,33,338
5823,9/1/2013 14:00,63,33,338
5824,9/1/2013 15:00,63,33,339
5825,9/1/2013 16:00,58,33,339
5826,9/1/2013 17:00,69,33,339
5827,9/1/2013 18:00,63,34,335
5828,9/1/2013 19:00,59,34,336
5829,9/1/2013 20:00,56,33,348
5830,9/1/2013 21:00,46,33,321
5831,9/1/2013 22:00,41,33,319
5832,9/1/2013 23:00,39,33,285
5833,9/2/2013 0:00,36,33,301
5834,9/2/2013 1:00,33,33,315
5835,9/2/2013 2:00,28,33,315
5836,9/2/2013 3:00,25,33,307
5837,9/2/2013 4:00,20,33,300
5838,9/2/2013 5:00,14,33,301
5839,9/2/2013 6:00,14,33,304
5840,9/2/2013 7:00,14,33,307
5841,9/2/2013 8:00,14,33,311
5842,9/2/2013 9:00,14,33,304
5843,9/2/2013 10:00,14,33,313
5844,9/2/2013 11:00,14,33,328
5845,9/2/2013 12:00,13,33,330
5846,9/2/2013 13:00,13,33,333
5847,9/2/2013 14:00,13,33,333
5848,9/2/2013 15:00,13,33,334
5849,9/2/2013 16:00,13,33,334
5850,9/2/2013 17:00,13,33,334
5851,9/2/2013 18:00,12,33,334
5852,9/2/2013 19:00,12,33,334
5853,9/2/2013 20:00,12,33,334
5854,9/2/2013 21:00,25,33,335
5855,9/2/2013 22:00,12,33,335
5856,9/2/2013 23:00,14,33,334
5857,9/3/2013 0:00,12,33,334
5858,9/3/2013 1:00,12,33,334
5859,9/3/2013 2:00,12,33,334
5860,9/3/2013 3:00,12,33,334
5861,9/3/2013 4:00,12,33,334
5862,9/3/2013 5:00,14,33,333
5863,9/3/2013 6:00,12,33,333
5864,9/3/2013 7:00,13,32,333
5865,9/3/2013 8:00,12,33,333
5866,9/3/2013 9:00,12,33,333
5867,9/3/2013 10:00,12,33,334
5868,9/3/2013 11:00,12,33,335
5869,9/3/2013 12:00,14,33,333
5870,9/3/2013 13:00,12,33,333
5871,9/3/2013 14:00,13,32,333
5872,9/3/2013 15:00,13,32,333
5873,9/3/2013 16:00,13,32,333
5874,9/3/2013 17:00,13,32,333
5875,9/3/2013 18:00,12,33,332
5876,9/3/2013 19:00,13,32,332
5877,9/3/2013 20:00,13,32,331
5878,9/3/2013 21:00,13,32,331
5879,9/3/2013 22:00,13,32,331
5880,9/3/2013 23:00,13,32,331
5881,9/4/2013 0:00,13,32,330
5882,9/4/2013 1:00,13,32,330
5883,9/4/2013 2:00,13,32,330
5884,9/4/2013 3:00,13,32,330
5885,9/4/2013 4:00,13,32,330
5886,9/4/2013 5:00,13,32,330
5887,9/4/2013 6:00,13,32,329
5888,9/4/2013 7:00,13,32,329
5889,9/4/2013 8:00,13,32,329
5890,9/4/2013 9:00,13,32,328
5891,9/4/2013 10:00,13,32,328
5892,9/4/2013 11:00,13,32,328
5893,9/4/2013 12:00,15,32,328
5894,9/4/2013 13:00,13,32,328
5895,9/4/2013 14:00,13,32,328
5896,9/4/2013 15:00,13,32,328
5897,9/4/2013 16:00,13,32,328
5898,9/4/2013 17:00,13,32,327
5899,9/4/2013 18:00,13,32,327
5900,9/4/2013 19:00,13,32,327
5901,9/4/2013 20:00,13,32,327
5902,9/4/2013 21:00,13,32,327
5903,9/4/2013 22:00,13,32,327
5904,9/4/2013 23:00,13,32,327
5905,9/5/2013 0:00,13,32,327
5906,9/5/2013 1:00,13,32,327
5907,9/5/2013 2:00,13,32,327
5908,9/5/2013 3:00,13,32,326
5909,9/5/2013 4:00,13,32,326
5910,9/5/2013 5:00,13,32,326
5911,9/5/2013 6:00,13,32,326
5912,9/5/2013 7:00,13,32,326
5913,9/5/2013 8:00,13,32,326
5914,9/5/2013 9:00,13,32,326
5915,9/5/2013 10:00,13,32,326
5916,9/5/2013 11:00,13,32,326
5917,9/5/2013 12:00,13,32,326
5918,9/5/2013 13:00,13,32,326
5919,9/5/2013 14:00,13,32,325
5920,9/5/2013 15:00,13,32,325
5921,9/5/2013 16:00,13,32,325
5922,9/5/2013 17:00,13,32,325
5923,9/5/2013 18:00,13,32,325
5924,9/5/2013 19:00,13,32,325
5925,9/5/2013 20:00,13,32,325
5926,9/5/2013 21:00,13,32,325
5927,9/5/2013 22:00,13,32,325
5928,9/5/2013 23:00,13,32,325
5929,9/6/2013 0:00,13,32,325
5930,9/6/2013 1:00,13,32,325
5931,9/6/2013 2:00,13,32,325
5932,9/6/2013 3:00,13,32,324
5933,9/6/2013 4:00,13,32,324
5934,9/6/2013 5:00,14,32,324
5935,9/6/2013 6:00,13,32,324
5936,9/6/2013 7:00,13,32,324
5937,9/6/2013 8:00,13,32,324
5938,9/6/2013 9:00,13,32,324
5939,9/6/2013 10:00,13,32,324
5940,9/6/2013 11:00,13,32,324
5941,9/6/2013 12:00,13,32,324
5942,9/6/2013 13:00,13,32,324
5943,9/6/2013 14:00,13,32,323
5944,9/6/2013 15:00,13,32,322
5945,9/6/2013 16:00,15,32,322
5946,9/6/2013 17:00,13,32,322
5947,9/6/2013 18:00,13,32,322
5948,9/6/2013 19:00,15,32,322
5949,9/6/2013 20:00,13,32,322
5950,9/6/2013 21:00,13,32,322
5951,9/6/2013 22:00,13,32,322
5952,9/6/2013 23:00,13,32,322
5953,9/7/2013 0:00,13,32,322
5954,9/7/2013 1:00,13,32,321
5955,9/7/2013 2:00,13,32,322
5956,9/7/2013 3:00,13,32,322
5957,9/7/2013 4:00,13,32,321
5958,9/7/2013 5:00,13,32,321
5959,9/7/2013 6:00,13,32,321
5960,9/7/2013 7:00,13,32,321
5961,9/7/2013 8:00,15,32,350
5962,9/7/2013 9:00,12,32,350
5963,9/7/2013 10:00,13,32,354
5964,9/7/2013 11:00,13,32,333
5965,9/7/2013 12:00,13,32,333
5966,9/7/2013 13:00,13,32,334
5967,9/7/2013 14:00,13,32,335
5968,9/7/2013 15:00,13,32,335
5969,9/7/2013 16:00,13,32,335
5970,9/7/2013 17:00,15,32,335
5971,9/7/2013 18:00,13,32,335
5972,9/7/2013 19:00,13,32,336
5973,9/7/2013 20:00,13,32,336
5974,9/7/2013 21:00,15,32,336
5975,9/7/2013 22:00,13,32,336
5976,9/7/2013 23:00,13,32,336
5977,9/8/2013 0:00,13,32,336
5978,9/8/2013 1:00,13,32,336
5979,9/8/2013 2:00,13,32,336
5980,9/8/2013 3:00,13,32,336
5981,9/8/2013 4:00,13,32,336
5982,9/8/2013 5:00,13,32,336
5983,9/8/2013 6:00,13,32,336
5984,9/8/2013 7:00,13,32,336
5985,9/8/2013 8:00,13,32,336
5986,9/8/2013 9:00,13,32,336
5987,9/8/2013 10:00,13,32,336
5988,9/8/2013 11:00,13,32,336
5989,9/8/2013 12:00,13,32,336
5990,9/8/2013 13:00,13,32,336
5991,9/8/2013 14:00,13,32,336
5992,9/8/2013 15:00,13,32,336
5993,9/8/2013 16:00,13,32,335
5994,9/8/2013 17:00,13,32,335
5995,9/8/2013 18:00,13,32,335
5996,9/8/2013 19:00,13,32,335
5997,9/8/2013 20:00,13,32,334
5998,9/8/2013 21:00,13,32,334
5999,9/8/2013 22:00,13,32,334
6000,9/8/2013 23:00,13,32,334
6001,9/9/2013 0:00,13,32,334
6002,9/9/2013 1:00,12,33,333
6003,9/9/2013 2:00,12,33,334
6004,9/9/2013 3:00,13,32,334
6005,9/9/2013 4:00,13,32,334
6006,9/9/2013 5:00,13,32,334
6007,9/9/2013 6:00,13,32,334
6008,9/9/2013 7:00,12,32,333
6009,9/9/2013 8:00,12,32,333
6010,9/9/2013 9:00,12,32,333
6011,9/9/2013 10:00,12,32,331
6012,9/9/2013 11:00,12,32,331
6013,9/9/2013 12:00,12,32,331
6014,9/9/2013 13:00,12,32,331
6015,9/9/2013 14:00,12,32,330
6016,9/9/2013 15:00,12,32,331
6017,9/9/2013 16:00,12,32,331
6018,9/9/2013 17:00,12,32,330
6019,9/9/2013 18:00,12,32,331
6020,9/9/2013 19:00,12,32,331
6021,9/9/2013 20:00,12,32,330
6022,9/9/2013 21:00,12,32,330
6023,9/9/2013 22:00,12,32,330
6024,9/9/2013 23:00,12,32,330
6025,9/10/2013 0:00,12,32,331
6026,9/10/2013 1:00,12,32,330
6027,9/10/2013 2:00,12,32,330
6028,9/10/2013 3:00,12,32,330
6029,9/10/2013 4:00,12,32,330
6030,9/10/2013 5:00,12,32,330
6031,9/10/2013 6:00,12,32,330
6032,9/10/2013 7:00,10,35,330
6033,9/10/2013 8:00,12,32,330
6034,9/10/2013 9:00,15,32,330
6035,9/10/2013 10:00,12,31,330
6036,9/10/2013 11:00,11,34,330
6037,9/10/2013 12:00,12,31,330
6038,9/10/2013 13:00,12,32,330
6039,9/10/2013 14:00,12,32,330
6040,9/10/2013 15:00,12,32,330
6041,9/10/2013 16:00,12,32,330
6042,9/10/2013 17:00,15,32,330
6043,9/10/2013 18:00,12,32,330
6044,9/10/2013 19:00,12,32,330
6045,9/10/2013 20:00,12,32,330
6046,9/10/2013 21:00,12,32,330
6047,9/10/2013 22:00,14,32,330
6048,9/10/2013 23:00,15,32,330
6049,9/11/2013 0:00,12,32,330
6050,9/11/2013 1:00,12,32,330
6051,9/11/2013 2:00,15,32,330
6052,9/11/2013 3:00,12,32,329
6053,9/11/2013 4:00,12,32,330
6054,9/11/2013 5:00,11,33,330
6055,9/11/2013 6:00,15,32,330
6056,9/11/2013 7:00,12,32,330
6057,9/11/2013 8:00,12,32,329
6058,9/11/2013 9:00,12,32,330
6059,9/11/2013 10:00,10,35,329
6060,9/11/2013 11:00,12,32,329
6061,9/11/2013 12:00,12,32,329
6062,9/11/2013 13:00,12,32,329
6063,9/11/2013 14:00,12,32,329
6064,9/11/2013 15:00,12,32,329
6065,9/11/2013 16:00,12,32,329
6066,9/11/2013 17:00,12,32,329
6067,9/11/2013 18:00,12,32,329
6068,9/11/2013 19:00,13,32,329
6069,9/11/2013 20:00,12,32,329
6070,9/11/2013 21:00,12,32,329
6071,9/11/2013 22:00,12,32,328
6072,9/11/2013 23:00,12,32,329
6073,9/12/2013 0:00,12,32,329
6074,9/12/2013 1:00,12,32,329
6075,9/12/2013 2:00,12,32,329
6076,9/12/2013 3:00,12,32,329
6077,9/12/2013 4:00,12,32,329
6078,9/12/2013 5:00,12,32,329
6079,9/12/2013 6:00,12,32,329
6080,9/12/2013 7:00,12,32,330
6081,9/12/2013 8:00,12,32,330
6082,9/12/2013 9:00,12,32,330
6083,9/12/2013 10:00,12,32,329
6084,9/12/2013 11:00,12,32,330
6085,9/12/2013 12:00,15,32,329
6086,9/12/2013 13:00,10,35,329
6087,9/12/2013 14:00,12,32,329
6088,9/12/2013 15:00,14,32,330
6089,9/12/2013 16:00,12,32,330
6090,9/12/2013 17:00,12,32,329
6091,9/12/2013 18:00,12,32,330
6092,9/12/2013 19:00,12,32,330
6093,9/12/2013 20:00,12,32,330
6094,9/12/2013 21:00,12,32,330
6095,9/12/2013 22:00,12,32,330
6096,9/12/2013 23:00,12,32,330
6097,9/13/2013 0:00,12,32,330
6098,9/13/2013 1:00,12,32,330
6099,9/13/2013 2:00,15,32,330
6100,9/13/2013 3:00,12,32,330
6101,9/13/2013 4:00,12,32,330
6102,9/13/2013 5:00,12,32,330
6103,9/13/2013 6:00,12,32,330
6104,9/13/2013 7:00,12,32,330
6105,9/13/2013 8:00,12,32,329
6106,9/13/2013 9:00,12,32,330
6107,9/13/2013 10:00,12,32,330
6108,9/13/2013 11:00,12,32,330
6109,9/13/2013 12:00,12,32,330
6110,9/13/2013 13:00,12,32,329
6111,9/13/2013 14:00,12,32,330
6112,9/13/2013 15:00,12,32,330
6113,9/13/2013 16:00,12,32,330
6114,9/13/2013 17:00,12,32,330
6115,9/13/2013 18:00,12,32,330
6116,9/13/2013 19:00,12,32,330
6117,9/13/2013 20:00,12,32,330
6118,9/13/2013 21:00,12,32,329
6119,9/13/2013 22:00,14,32,328
6120,9/13/2013 23:00,12,32,328
6121,9/14/2013 0:00,12,32,328
6122,9/14/2013 1:00,12,32,328
6123,9/14/2013 2:00,12,32,328
6124,9/14/2013 3:00,12,32,328
6125,9/14/2013 4:00,15,32,328
6126,9/14/2013 5:00,12,32,328
6127,9/14/2013 6:00,12,32,328
6128,9/14/2013 7:00,12,32,328
6129,9/14/2013 8:00,12,32,328
6130,9/14/2013 9:00,12,32,328
6131,9/14/2013 10:00,12,32,328
6132,9/14/2013 11:00,12,32,328
6133,9/14/2013 12:00,12,32,328
6134,9/14/2013 13:00,12,32,328
6135,9/14/2013 14:00,12,32,328
6136,9/14/2013 15:00,12,32,328
6137,9/14/2013 16:00,12,32,328
6138,9/14/2013 17:00,12,32,328
6139,9/14/2013 18:00,12,32,328
6140,9/14/2013 19:00,12,32,328
6141,9/14/2013 20:00,15,32,328
6142,9/14/2013 21:00,12,32,328
6143,9/14/2013 22:00,12,32,328
6144,9/14/2013 23:00,12,32,328
6145,9/15/2013 0:00,12,32,328
6146,9/15/2013 1:00,12,32,328
6147,9/15/2013 2:00,12,32,328
6148,9/15/2013 3:00,12,32,328
6149,9/15/2013 4:00,12,32,328
6150,9/15/2013 5:00,12,32,328
6151,9/15/2013 6:00,12,32,328
6152,9/15/2013 7:00,12,32,328
6153,9/15/2013 8:00,12,32,328
6154,9/15/2013 9:00,12,32,328
6155,9/15/2013 10:00,12,32,328
6156,9/15/2013 11:00,12,32,328
6157,9/15/2013 12:00,12,32,328
6158,9/15/2013 13:00,13,32,328
6159,9/15/2013 14:00,12,32,328
6160,9/15/2013 15:00,12,32,351
6161,9/15/2013 16:00,12,32,356
6162,9/15/2013 17:00,12,32,352
6163,9/15/2013 18:00,12,32,353
6164,9/15/2013 19:00,10,35,351
6165,9/15/2013 20:00,12,32,351
6166,9/15/2013 21:00,12,32,352
6167,9/15/2013 22:00,12,32,350
6168,9/15/2013 23:00,12,32,352
6169,9/16/2013 0:00,12,32,355
6170,9/16/2013 1:00,12,32,361
6171,9/16/2013 2:00,12,32,372
6172,9/16/2013 3:00,12,32,391
6173,9/16/2013 4:00,12,32,393
6174,9/16/2013 5:00,12,32,383
6175,9/16/2013 6:00,12,32,382
6176,9/16/2013 7:00,12,32,381
6177,9/16/2013 8:00,12,32,379
6178,9/16/2013 9:00,12,32,381
6179,9/16/2013 10:00,12,32,378
6180,9/16/2013 11:00,12,32,380
6181,9/16/2013 12:00,12,32,370
6182,9/16/2013 13:00,12,32,362
6183,9/16/2013 14:00,12,32,361
6184,9/16/2013 15:00,12,32,362
6185,9/16/2013 16:00,12,32,361
6186,9/16/2013 17:00,12,32,361
6187,9/16/2013 18:00,12,32,361
6188,9/16/2013 19:00,12,32,361
6189,9/16/2013 20:00,12,32,361
6190,9/16/2013 21:00,12,32,361
6191,9/16/2013 22:00,11,34,361
6192,9/16/2013 23:00,15,32,361
6193,9/17/2013 0:00,12,32,361
6194,9/17/2013 1:00,12,32,361
6195,9/17/2013 2:00,12,32,361
6196,9/17/2013 3:00,12,32,361
6197,9/17/2013 4:00,12,32,361
6198,9/17/2013 5:00,12,32,361
6199,9/17/2013 6:00,12,32,361
6200,9/17/2013 7:00,12,32,361
6201,9/17/2013 8:00,12,32,361
6202,9/17/2013 9:00,12,32,361
6203,9/17/2013 10:00,12,32,361
6204,9/17/2013 11:00,12,32,361
6205,9/17/2013 12:00,12,32,360
6206,9/17/2013 13:00,12,32,360
6207,9/17/2013 14:00,12,32,360
6208,9/17/2013 15:00,12,32,360
6209,9/17/2013 16:00,12,32,360
6210,9/17/2013 17:00,12,32,360
6211,9/17/2013 18:00,12,32,360
6212,9/17/2013 19:00,13,32,360
6213,9/17/2013 20:00,12,32,360
6214,9/17/2013 21:00,12,32,360
6215,9/17/2013 22:00,12,32,360
6216,9/17/2013 23:00,12,32,360
6217,9/18/2013 0:00,12,32,360
6218,9/18/2013 1:00,12,32,360
6219,9/18/2013 2:00,12,32,360
6220,9/18/2013 3:00,12,32,360
6221,9/18/2013 4:00,12,32,360
6222,9/18/2013 5:00,12,32,360
6223,9/18/2013 6:00,12,32,361
6224,9/18/2013 7:00,12,32,362
6225,9/18/2013 8:00,12,32,362
6226,9/18/2013 9:00,12,32,362
6227,9/18/2013 10:00,12,32,361
6228,9/18/2013 11:00,12,32,361
6229,9/18/2013 12:00,12,32,361
6230,9/18/2013 13:00,12,32,361
6231,9/18/2013 14:00,12,32,361
6232,9/18/2013 15:00,13,32,361
6233,9/18/2013 16:00,12,32,361
6234,9/18/2013 17:00,12,32,361
6235,9/18/2013 18:00,12,32,361
6236,9/18/2013 19:00,15,32,361
6237,9/18/2013 20:00,12,32,361
6238,9/18/2013 21:00,12,32,361
6239,9/18/2013 22:00,12,32,361
6240,9/18/2013 23:00,12,32,361
6241,9/19/2013 0:00,12,32,361
6242,9/19/2013 1:00,12,32,361
6243,9/19/2013 2:00,12,32,361
6244,9/19/2013 3:00,12,32,361
6245,9/19/2013 4:00,12,32,361
6246,9/19/2013 5:00,12,32,361
6247,9/19/2013 6:00,12,32,361
6248,9/19/2013 7:00,12,32,361
6249,9/19/2013 8:00,12,32,361
6250,9/19/2013 9:00,12,32,361
6251,9/19/2013 10:00,12,32,361
6252,9/19/2013 11:00,12,32,361
6253,9/19/2013 12:00,12,32,361
6254,9/19/2013 13:00,10,35,361
6255,9/19/2013 14:00,12,32,361
6256,9/19/2013 15:00,12,32,360
6257,9/19/2013 16:00,12,32,360
6258,9/19/2013 17:00,12,32,361
6259,9/19/2013 18:00,12,32,360
6260,9/19/2013 19:00,13,30,360
6261,9/19/2013 20:00,12,32,360
6262,9/19/2013 21:00,12,32,360
6263,9/19/2013 22:00,12,32,360
6264,9/19/2013 23:00,12,32,360
6265,9/20/2013 0:00,12,32,360
6266,9/20/2013 1:00,12,32,360
6267,9/20/2013 2:00,12,32,360
6268,9/20/2013 3:00,12,32,360
6269,9/20/2013 4:00,12,32,360
6270,9/20/2013 5:00,12,32,360
6271,9/20/2013 6:00,12,32,360
6272,9/20/2013 7:00,12,32,360
6273,9/20/2013 8:00,12,32,360
6274,9/20/2013 9:00,12,32,360
6275,9/20/2013 10:00,12,32,360
6276,9/20/2013 11:00,12,32,360
6277,9/20/2013 12:00,12,32,360
6278,9/20/2013 13:00,12,32,360
6279,9/20/2013 14:00,12,32,360
6280,9/20/2013 15:00,12,32,360
6281,9/20/2013 16:00,12,32,360
6282,9/20/2013 17:00,12,32,360
6283,9/20/2013 18:00,12,32,360
6284,9/20/2013 19:00,12,32,360
6285,9/20/2013 20:00,12,32,360
6286,9/20/2013 21:00,12,32,360
6287,9/20/2013 22:00,12,32,360
6288,9/20/2013 23:00,12,32,360
6289,9/21/2013 0:00,12,32,360
6290,9/21/2013 1:00,12,32,360
6291,9/21/2013 2:00,12,32,360
6292,9/21/2013 3:00,12,32,360
6293,9/21/2013 4:00,12,32,360
6294,9/21/2013 5:00,12,32,360
6295,9/21/2013 6:00,12,32,360
6296,9/21/2013 7:00,12,32,360
6297,9/21/2013 8:00,12,32,360
6298,9/21/2013 9:00,12,32,360
6299,9/21/2013 10:00,12,32,360
6300,9/21/2013 11:00,12,32,360
6301,9/21/2013 12:00,12,32,360
6302,9/21/2013 13:00,12,32,360
6303,9/21/2013 14:00,12,32,360
6304,9/21/2013 15:00,12,32,360
6305,9/21/2013 16:00,12,32,360
6306,9/21/2013 17:00,12,32,360
6307,9/21/2013 18:00,12,32,360
6308,9/21/2013 19:00,12,32,360
6309,9/21/2013 20:00,14,32,360
6310,9/21/2013 21:00,12,32,360
6311,9/21/2013 22:00,12,32,360
6312,9/21/2013 23:00,12,32,360
6313,9/22/2013 0:00,12,32,360
6314,9/22/2013 1:00,12,32,360
6315,9/22/2013 2:00,12,32,360
6316,9/22/2013 3:00,12,32,360
6317,9/22/2013 4:00,12,32,360
6318,9/22/2013 5:00,12,32,360
6319,9/22/2013 6:00,12,32,360
6320,9/22/2013 7:00,12,32,360
6321,9/22/2013 8:00,12,32,360
6322,9/22/2013 9:00,12,32,360
6323,9/22/2013 10:00,12,32,360
6324,9/22/2013 11:00,12,32,360
6325,9/22/2013 12:00,12,32,360
6326,9/22/2013 13:00,12,32,360
6327,9/22/2013 14:00,12,32,360
6328,9/22/2013 15:00,12,32,360
6329,9/22/2013 16:00,12,32,360
6330,9/22/2013 17:00,12,32,360
6331,9/22/2013 18:00,12,32,360
6332,9/22/2013 19:00,12,32,360
6333,9/22/2013 20:00,12,32,360
6334,9/22/2013 21:00,12,32,360
6335,9/22/2013 22:00,12,32,360
6336,9/22/2013 23:00,12,32,360
6337,9/23/2013 0:00,12,32,360
6338,9/23/2013 1:00,12,32,360
6339,9/23/2013 2:00,12,32,360
6340,9/23/2013 3:00,12,32,360
6341,9/23/2013 4:00,12,32,360
6342,9/23/2013 5:00,12,32,360
6343,9/23/2013 6:00,12,32,360
6344,9/23/2013 7:00,12,32,360
6345,9/23/2013 8:00,12,32,360
6346,9/23/2013 9:00,12,32,360
6347,9/23/2013 10:00,12,32,360
6348,9/23/2013 11:00,12,32,360
6349,9/23/2013 12:00,12,32,360
6350,9/23/2013 13:00,12,32,360
6351,9/23/2013 14:00,12,32,360
6352,9/23/2013 15:00,12,32,360
6353,9/23/2013 16:00,12,32,360
6354,9/23/2013 17:00,12,32,360
6355,9/23/2013 18:00,12,32,360
6356,9/23/2013 19:00,12,32,360
6357,9/23/2013 20:00,12,32,360
6358,9/23/2013 21:00,12,32,360
6359,9/23/2013 22:00,12,32,360
6360,9/23/2013 23:00,12,32,360
6361,9/24/2013 0:00,12,32,360
6362,9/24/2013 1:00,12,32,360
6363,9/24/2013 2:00,12,32,360
6364,9/24/2013 3:00,12,32,360
6365,9/24/2013 4:00,12,32,360
6366,9/24/2013 5:00,12,32,360
6367,9/24/2013 6:00,12,32,360
6368,9/24/2013 7:00,12,32,360
6369,9/24/2013 8:00,12,32,360
6370,9/24/2013 9:00,12,32,360
6371,9/24/2013 10:00,12,32,359
6372,9/24/2013 11:00,12,32,360
6373,9/24/2013 12:00,12,32,360
6374,9/24/2013 13:00,12,32,360
6375,9/24/2013 14:00,12,32,360
6376,9/24/2013 15:00,12,32,360
6377,9/24/2013 16:00,12,32,360
6378,9/24/2013 17:00,12,32,360
6379,9/24/2013 18:00,12,32,360
6380,9/24/2013 19:00,12,32,360
6381,9/24/2013 20:00,12,32,360
6382,9/24/2013 21:00,12,32,360
6383,9/24/2013 22:00,12,32,360
6384,9/24/2013 23:00,12,32,359
6385,9/25/2013 0:00,12,32,359
6386,9/25/2013 1:00,12,32,360
6387,9/25/2013 2:00,12,32,359
6388,9/25/2013 3:00,12,32,360
6389,9/25/2013 4:00,12,32,360
6390,9/25/2013 5:00,12,32,360
6391,9/25/2013 6:00,14,32,360
6392,9/25/2013 7:00,12,32,360
6393,9/25/2013 8:00,12,32,360
6394,9/25/2013 9:00,12,32,360
6395,9/25/2013 10:00,11,33,360
6396,9/25/2013 11:00,12,32,360
6397,9/25/2013 12:00,12,32,360
6398,9/25/2013 13:00,12,32,360
6399,9/25/2013 14:00,12,32,360
6400,9/25/2013 15:00,12,32,360
6401,9/25/2013 16:00,12,32,360
6402,9/25/2013 17:00,12,32,360
6403,9/25/2013 18:00,12,32,360
6404,9/25/2013 19:00,12,32,360
6405,9/25/2013 20:00,12,32,360
6406,9/25/2013 21:00,12,32,360
6407,9/25/2013 22:00,15,32,360
6408,9/25/2013 23:00,12,32,360
6409,9/26/2013 0:00,12,32,360
6410,9/26/2013 1:00,12,32,360
6411,9/26/2013 2:00,12,32,360
6412,9/26/2013 3:00,12,32,360
6413,9/26/2013 4:00,12,32,360
6414,9/26/2013 5:00,12,32,360
6415,9/26/2013 6:00,12,32,360
6416,9/26/2013 7:00,12,32,360
6417,9/26/2013 8:00,12,32,360
6418,9/26/2013 9:00,12,32,360
6419,9/26/2013 10:00,12,32,360
6420,9/26/2013 11:00,12,32,360
6421,9/26/2013 12:00,12,32,360
6422,9/26/2013 13:00,12,32,360
6423,9/26/2013 14:00,12,32,360
6424,9/26/2013 15:00,12,32,360
6425,9/26/2013 16:00,12,32,360
6426,9/26/2013 17:00,12,32,360
6427,9/26/2013 18:00,12,32,359
6428,9/26/2013 19:00,12,32,360
6429,9/26/2013 20:00,12,32,360
6430,9/26/2013 21:00,12,32,360
6431,9/26/2013 22:00,12,32,359
6432,9/26/2013 23:00,12,32,359
6433,9/27/2013 0:00,12,32,359
6434,9/27/2013 1:00,12,32,359
6435,9/27/2013 2:00,12,32,359
6436,9/27/2013 3:00,12,32,359
6437,9/27/2013 4:00,11,34,359
6438,9/27/2013 5:00,12,32,359
6439,9/27/2013 6:00,12,32,360
6440,9/27/2013 7:00,12,32,359
6441,9/27/2013 8:00,12,32,360
6442,9/27/2013 9:00,12,32,360
6443,9/27/2013 10:00,12,32,359
6444,9/27/2013 11:00,12,32,359
6445,9/27/2013 12:00,12,32,360
6446,9/27/2013 13:00,12,32,360
6447,9/27/2013 14:00,12,32,360
6448,9/27/2013 15:00,12,32,359
6449,9/27/2013 16:00,12,32,359
6450,9/27/2013 17:00,12,32,359
6451,9/27/2013 18:00,12,32,359
6452,9/27/2013 19:00,12,32,359
6453,9/27/2013 20:00,12,32,360
6454,9/27/2013 21:00,12,32,359
6455,9/27/2013 22:00,13,32,359
6456,9/27/2013 23:00,12,32,359
6457,9/28/2013 0:00,12,32,359
6458,9/28/2013 1:00,12,32,359
6459,9/28/2013 2:00,12,32,359
6460,9/28/2013 3:00,12,32,360
6461,9/28/2013 4:00,14,32,359
6462,9/28/2013 5:00,12,32,359
6463,9/28/2013 6:00,12,32,359
6464,9/28/2013 7:00,12,32,359
6465,9/28/2013 8:00,12,32,359
6466,9/28/2013 9:00,13,32,359
6467,9/28/2013 10:00,12,32,359
6468,9/28/2013 11:00,12,32,359
6469,9/28/2013 12:00,12,32,359
6470,9/28/2013 13:00,12,32,359
6471,9/28/2013 14:00,15,32,359
6472,9/28/2013 15:00,12,32,359
6473,9/28/2013 16:00,12,32,359
6474,9/28/2013 17:00,15,32,359
6475,9/28/2013 18:00,12,32,359
6476,9/28/2013 19:00,12,32,359
6477,9/28/2013 20:00,12,32,359
6478,9/28/2013 21:00,12,32,359
6479,9/28/2013 22:00,12,32,359
6480,9/28/2013 23:00,12,32,359
6481,9/29/2013 0:00,12,32,359
6482,9/29/2013 1:00,12,32,359
6483,9/29/2013 2:00,12,32,359
6484,9/29/2013 3:00,12,32,359
6485,9/29/2013 4:00,15,32,359
6486,9/29/2013 5:00,12,32,359
6487,9/29/2013 6:00,13,30,359
6488,9/29/2013 7:00,12,32,359
6489,9/29/2013 8:00,12,32,359
6490,9/29/2013 9:00,12,32,359
6491,9/29/2013 10:00,11,33,359
6492,9/29/2013 11:00,12,32,359
6493,9/29/2013 12:00,12,32,359
6494,9/29/2013 13:00,12,32,359
6495,9/29/2013 14:00,12,32,359
6496,9/29/2013 15:00,12,32,359
6497,9/29/2013 16:00,12,32,359
6498,9/29/2013 17:00,12,32,359
6499,9/29/2013 18:00,12,32,359
6500,9/29/2013 19:00,12,32,359
6501,9/29/2013 20:00,12,32,359
6502,9/29/2013 21:00,11,34,359
6503,9/29/2013 22:00,12,32,359
6504,9/29/2013 23:00,12,32,359
6505,9/30/2013 0:00,12,32,359
6506,9/30/2013 1:00,12,32,359
6507,9/30/2013 2:00,12,32,359
6508,9/30/2013 3:00,13,32,359
6509,9/30/2013 4:00,12,32,359
6510,9/30/2013 5:00,12,32,359
6511,9/30/2013 6:00,12,32,359
6512,9/30/2013 7:00,12,32,359
6513,9/30/2013 8:00,12,32,359
6514,9/30/2013 9:00,12,32,359
6515,9/30/2013 10:00,15,32,359
6516,9/30/2013 11:00,12,32,359
6517,9/30/2013 12:00,12,32,359
6518,9/30/2013 13:00,12,32,359
6519,9/30/2013 14:00,11,33,359
6520,9/30/2013 15:00,12,32,359
6521,9/30/2013 16:00,12,32,359
6522,9/30/2013 17:00,12,32,359
6523,9/30/2013 18:00,12,32,359
6524,9/30/2013 19:00,12,32,359
6525,9/30/2013 20:00,12,32,359
6526,9/30/2013 21:00,12,32,359
6527,9/30/2013 22:00,12,32,359
6528,9/30/2013 23:00,12,32,359
6529,10/1/2013 0:00,12,32,359
6530,10/1/2013 1:00,12,32,359
6531,10/1/2013 2:00,12,32,359
6532,10/1/2013 3:00,12,32,359
6533,10/1/2013 4:00,13,30,360
6534,10/1/2013 5:00,12,32,359
6535,10/1/2013 6:00,12,32,359
6536,10/1/2013 7:00,12,32,359
6537,10/1/2013 8:00,12,32,359
6538,10/1/2013 9:00,12,32,359
6539,10/1/2013 10:00,12,32,359
6540,10/1/2013 11:00,12,32,359
6541,10/1/2013 12:00,12,32,359
6542,10/1/2013 13:00,12,32,359
6543,10/1/2013 14:00,12,32,359
6544,10/1/2013 15:00,12,32,359
6545,10/1/2013 16:00,12,32,359
6546,10/1/2013 17:00,13,32,359
6547,10/1/2013 18:00,12,32,359
6548,10/1/2013 19:00,12,32,359
6549,10/1/2013 20:00,12,32,359
6550,10/1/2013 21:00,12,32,359
6551,10/1/2013 22:00,12,32,359
6552,10/1/2013 23:00,12,32,359
6553,10/2/2013 0:00,12,32,359
6554,10/2/2013 1:00,12,32,359
6555,10/2/2013 2:00,12,32,359
6556,10/2/2013 3:00,12,32,359
6557,10/2/2013 4:00,12,32,359
6558,10/2/2013 5:00,12,32,359
6559,10/2/2013 6:00,12,32,359
6560,10/2/2013 7:00,12,32,359
6561,10/2/2013 8:00,12,32,359
6562,10/2/2013 9:00,12,32,359
6563,10/2/2013 10:00,10,35,359
6564,10/2/2013 11:00,12,32,359
6565,10/2/2013 12:00,12,32,359
6566,10/2/2013 13:00,12,32,358
6567,10/2/2013 14:00,12,32,357
6568,10/2/2013 15:00,12,32,357
6569,10/2/2013 16:00,12,32,358
6570,10/2/2013 17:00,12,32,358
6571,10/2/2013 18:00,12,32,358
6572,10/2/2013 19:00,12,32,358
6573,10/2/2013 20:00,12,32,359
6574,10/2/2013 21:00,12,32,359
6575,10/2/2013 22:00,12,32,359
6576,10/2/2013 23:00,13,30,359
6577,10/3/2013 0:00,12,32,359
6578,10/3/2013 1:00,12,32,359
6579,10/3/2013 2:00,12,32,359
6580,10/3/2013 3:00,12,32,358
6581,10/3/2013 4:00,12,32,358
6582,10/3/2013 5:00,12,32,359
6583,10/3/2013 6:00,12,32,358
6584,10/3/2013 7:00,12,32,358
6585,10/3/2013 8:00,12,32,359
6586,10/3/2013 9:00,12,32,359
6587,10/3/2013 10:00,12,32,358
6588,10/3/2013 11:00,12,32,359
6589,10/3/2013 12:00,12,32,359
6590,10/3/2013 13:00,12,32,359
6591,10/3/2013 14:00,15,32,359
6592,10/3/2013 15:00,12,32,359
6593,10/3/2013 16:00,12,32,359
6594,10/3/2013 17:00,12,32,359
6595,10/3/2013 18:00,12,32,359
6596,10/3/2013 19:00,12,32,359
6597,10/3/2013 20:00,12,32,359
6598,10/3/2013 21:00,12,32,359
6599,10/3/2013 22:00,12,32,359
6600,10/3/2013 23:00,12,32,359
6601,10/4/2013 0:00,12,32,359
6602,10/4/2013 1:00,12,32,359
6603,10/4/2013 2:00,12,32,359
6604,10/4/2013 3:00,12,32,359
6605,10/4/2013 4:00,12,32,359
6606,10/4/2013 5:00,12,32,359
6607,10/4/2013 6:00,12,32,359
6608,10/4/2013 7:00,13,30,359
6609,10/4/2013 8:00,12,32,359
6610,10/4/2013 9:00,12,32,359
6611,10/4/2013 10:00,12,32,359
6612,10/4/2013 11:00,12,32,359
6613,10/4/2013 12:00,12,32,359
6614,10/4/2013 13:00,12,32,359
6615,10/4/2013 14:00,12,32,359
6616,10/4/2013 15:00,12,32,359
6617,10/4/2013 16:00,12,32,359
6618,10/4/2013 17:00,12,32,359
6619,10/4/2013 18:00,13,30,359
6620,10/4/2013 19:00,11,34,359
6621,10/4/2013 20:00,12,32,359
6622,10/4/2013 21:00,12,32,359
6623,10/4/2013 22:00,12,32,359
6624,10/4/2013 23:00,12,32,359
6625,10/5/2013 0:00,12,32,359
6626,10/5/2013 1:00,12,32,359
6627,10/5/2013 2:00,12,32,359
6628,10/5/2013 3:00,12,32,359
6629,10/5/2013 4:00,12,32,359
6630,10/5/2013 5:00,12,32,359
6631,10/5/2013 6:00,15,32,359
6632,10/5/2013 7:00,12,32,359
6633,10/5/2013 8:00,12,32,359
6634,10/5/2013 9:00,13,30,359
6635,10/5/2013 10:00,12,32,359
6636,10/5/2013 11:00,12,32,359
6637,10/5/2013 12:00,12,32,359
6638,10/5/2013 13:00,12,32,359
6639,10/5/2013 14:00,12,32,359
6640,10/5/2013 15:00,12,32,359
6641,10/5/2013 16:00,13,30,359
6642,10/5/2013 17:00,12,32,359
6643,10/5/2013 18:00,12,32,359
6644,10/5/2013 19:00,12,32,359
6645,10/5/2013 20:00,12,32,359
6646,10/5/2013 21:00,12,32,359
6647,10/5/2013 22:00,12,32,359
6648,10/5/2013 23:00,13,30,359
6649,10/6/2013 0:00,12,32,359
6650,10/6/2013 1:00,12,32,359
6651,10/6/2013 2:00,12,32,359
6652,10/6/2013 3:00,15,32,358
6653,10/6/2013 4:00,12,32,358
6654,10/6/2013 5:00,12,32,358
6655,10/6/2013 6:00,12,32,357
6656,10/6/2013 7:00,15,32,357
6657,10/6/2013 8:00,12,32,357
6658,10/6/2013 9:00,12,32,358
6659,10/6/2013 10:00,12,32,358
6660,10/6/2013 11:00,12,32,357
6661,10/6/2013 12:00,12,32,357
6662,10/6/2013 13:00,12,32,357
6663,10/6/2013 14:00,12,32,358
6664,10/6/2013 15:00,12,32,357
6665,10/6/2013 16:00,12,32,358
6666,10/6/2013 17:00,12,32,357
6667,10/6/2013 18:00,12,32,357
6668,10/6/2013 19:00,12,32,357
6669,10/6/2013 20:00,12,32,358
6670,10/6/2013 21:00,12,32,358
6671,10/6/2013 22:00,12,32,359
6672,10/6/2013 23:00,12,32,359
6673,10/7/2013 0:00,12,32,359
6674,10/7/2013 1:00,12,32,357
6675,10/7/2013 2:00,12,32,357
6676,10/7/2013 3:00,12,32,357
6677,10/7/2013 4:00,12,32,357
6678,10/7/2013 5:00,12,32,357
6679,10/7/2013 6:00,12,32,357
6680,10/7/2013 7:00,12,32,358
6681,10/7/2013 8:00,12,32,357
6682,10/7/2013 9:00,12,32,358
6683,10/7/2013 10:00,13,32,358
6684,10/7/2013 11:00,12,32,357
6685,10/7/2013 12:00,12,32,358
6686,10/7/2013 13:00,12,32,358
6687,10/7/2013 14:00,12,32,358
6688,10/7/2013 15:00,12,32,358
6689,10/7/2013 16:00,12,32,358
6690,10/7/2013 17:00,12,32,358
6691,10/7/2013 18:00,12,32,358
6692,10/7/2013 19:00,12,32,359
6693,10/7/2013 20:00,13,30,358
6694,10/7/2013 21:00,12,32,358
6695,10/7/2013 22:00,12,32,358
6696,10/7/2013 23:00,12,32,359
6697,10/8/2013 0:00,12,32,358
6698,10/8/2013 1:00,12,32,358
6699,10/8/2013 2:00,12,32,358
6700,10/8/2013 3:00,12,32,358
6701,10/8/2013 4:00,12,32,358
6702,10/8/2013 5:00,13,32,358
6703,10/8/2013 6:00,12,32,358
6704,10/8/2013 7:00,12,32,358
6705,10/8/2013 8:00,12,32,358
6706,10/8/2013 9:00,13,32,358
6707,10/8/2013 10:00,12,32,358
6708,10/8/2013 11:00,12,32,358
6709,10/8/2013 12:00,12,32,358
6710,10/8/2013 13:00,12,32,358
6711,10/8/2013 14:00,12,32,358
6712,10/8/2013 15:00,12,32,358
6713,10/8/2013 16:00,12,32,358
6714,10/8/2013 17:00,12,32,358
6715,10/8/2013 18:00,13,30,358
6716,10/8/2013 19:00,12,32,358
6717,10/8/2013 20:00,12,32,358
6718,10/8/2013 21:00,12,32,358
6719,10/8/2013 22:00,13,30,357
6720,10/8/2013 23:00,12,32,358
6721,10/9/2013 0:00,12,32,357
6722,10/9/2013 1:00,12,32,358
6723,10/9/2013 2:00,12,32,358
6724,10/9/2013 3:00,12,32,357
6725,10/9/2013 4:00,12,32,357
6726,10/9/2013 5:00,12,32,357
6727,10/9/2013 6:00,12,32,357
6728,10/9/2013 7:00,13,30,358
6729,10/9/2013 8:00,12,32,357
6730,10/9/2013 9:00,12,32,357
6731,10/9/2013 10:00,15,32,357
6732,10/9/2013 11:00,12,32,358
6733,10/9/2013 12:00,12,32,357
6734,10/9/2013 13:00,13,30,357
6735,10/9/2013 14:00,10,35,357
6736,10/9/2013 15:00,12,32,358
6737,10/9/2013 16:00,12,32,357
6738,10/9/2013 17:00,12,32,357
6739,10/9/2013 18:00,13,30,357
6740,10/9/2013 19:00,12,32,357
6741,10/9/2013 20:00,12,32,357
6742,10/9/2013 21:00,12,32,357
6743,10/9/2013 22:00,12,32,357
6744,10/9/2013 23:00,12,32,357
6745,10/10/2013 0:00,13,30,357
6746,10/10/2013 1:00,12,32,357
6747,10/10/2013 2:00,12,32,357
6748,10/10/2013 3:00,12,32,357
6749,10/10/2013 4:00,12,32,357
6750,10/10/2013 5:00,13,30,357
6751,10/10/2013 6:00,12,32,357
6752,10/10/2013 7:00,12,32,357
6753,10/10/2013 8:00,12,32,357
6754,10/10/2013 9:00,12,32,357
6755,10/10/2013 10:00,12,32,358
6756,10/10/2013 11:00,12,32,358
6757,10/10/2013 12:00,12,32,358
6758,10/10/2013 13:00,12,32,358
6759,10/10/2013 14:00,12,32,358
6760,10/10/2013 15:00,13,30,358
6761,10/10/2013 16:00,12,32,358
6762,10/10/2013 17:00,13,30,358
6763,10/10/2013 18:00,12,32,358
6764,10/10/2013 19:00,12,32,358
6765,10/10/2013 20:00,13,30,359
6766,10/10/2013 21:00,12,32,358
6767,10/10/2013 22:00,12,32,357
6768,10/10/2013 23:00,12,32,357
6769,10/11/2013 0:00,12,32,358
6770,10/11/2013 1:00,12,32,359
6771,10/11/2013 2:00,12,32,358
6772,10/11/2013 3:00,12,32,358
6773,10/11/2013 4:00,12,32,358
6774,10/11/2013 5:00,12,32,358
6775,10/11/2013 6:00,12,32,358
6776,10/11/2013 7:00,12,32,358
6777,10/11/2013 8:00,12,32,358
6778,10/11/2013 9:00,12,32,359
6779,10/11/2013 10:00,12,32,358
6780,10/11/2013 11:00,12,32,358
6781,10/11/2013 12:00,12,32,358
6782,10/11/2013 13:00,13,30,359
6783,10/11/2013 14:00,12,32,358
6784,10/11/2013 15:00,12,32,359
6785,10/11/2013 16:00,12,32,358
6786,10/11/2013 17:00,12,32,358
6787,10/11/2013 18:00,12,32,359
6788,10/11/2013 19:00,12,34,358
6789,10/11/2013 20:00,12,32,358
6790,10/11/2013 21:00,12,32,358
6791,10/11/2013 22:00,12,32,358
6792,10/11/2013 23:00,12,32,358
6793,10/12/2013 0:00,11,34,358
6794,10/12/2013 1:00,12,32,359
6795,10/12/2013 2:00,12,32,359
6796,10/12/2013 3:00,12,32,359
6797,10/12/2013 4:00,12,32,359
6798,10/12/2013 5:00,12,32,359
6799,10/12/2013 6:00,12,32,359
6800,10/12/2013 7:00,12,32,359
6801,10/12/2013 8:00,12,32,358
6802,10/12/2013 9:00,13,30,358
6803,10/12/2013 10:00,12,32,358
6804,10/12/2013 11:00,12,32,358
6805,10/12/2013 12:00,11,34,358
6806,10/12/2013 13:00,12,32,358
6807,10/12/2013 14:00,12,32,358
6808,10/12/2013 15:00,12,32,358
6809,10/12/2013 16:00,12,32,358
6810,10/12/2013 17:00,12,32,359
6811,10/12/2013 18:00,12,32,359
6812,10/12/2013 19:00,12,32,358
6813,10/12/2013 20:00,12,32,358
6814,10/12/2013 21:00,13,32,358
6815,10/12/2013 22:00,12,32,358
6816,10/12/2013 23:00,12,32,358
6817,10/13/2013 0:00,12,32,358
6818,10/13/2013 1:00,12,32,359
6819,10/13/2013 2:00,13,30,358
6820,10/13/2013 3:00,12,32,358
6821,10/13/2013 4:00,12,32,357
6822,10/13/2013 5:00,12,32,356
6823,10/13/2013 6:00,12,32,356
6824,10/13/2013 7:00,12,32,356
6825,10/13/2013 8:00,12,32,357
6826,10/13/2013 9:00,11,34,357
6827,10/13/2013 10:00,12,32,358
6828,10/13/2013 11:00,12,32,358
6829,10/13/2013 12:00,13,30,358
6830,10/13/2013 13:00,12,32,358
6831,10/13/2013 14:00,14,32,358
6832,10/13/2013 15:00,12,32,357
6833,10/13/2013 16:00,12,32,358
6834,10/13/2013 17:00,12,32,358
6835,10/13/2013 18:00,13,30,358
6836,10/13/2013 19:00,12,32,357
6837,10/13/2013 20:00,12,32,358
6838,10/13/2013 21:00,12,32,358
6839,10/13/2013 22:00,12,32,357
6840,10/13/2013 23:00,12,32,357
6841,10/14/2013 0:00,12,32,357
6842,10/14/2013 1:00,12,32,357
6843,10/14/2013 2:00,12,32,357
6844,10/14/2013 3:00,12,32,358
6845,10/14/2013 4:00,12,32,357
6846,10/14/2013 5:00,12,32,357
6847,10/14/2013 6:00,12,32,358
6848,10/14/2013 7:00,12,32,358
6849,10/14/2013 8:00,12,32,358
6850,10/14/2013 9:00,12,32,358
6851,10/14/2013 10:00,12,32,358
6852,10/14/2013 11:00,12,32,358
6853,10/14/2013 12:00,12,32,357
6854,10/14/2013 13:00,12,32,358
6855,10/14/2013 14:00,12,32,358
6856,10/14/2013 15:00,12,32,358
6857,10/14/2013 16:00,12,32,358
6858,10/14/2013 17:00,13,30,358
6859,10/14/2013 18:00,12,32,357
6860,10/14/2013 19:00,12,32,357
6861,10/14/2013 20:00,12,32,356
6862,10/14/2013 21:00,12,32,356
6863,10/14/2013 22:00,12,32,356
6864,10/14/2013 23:00,12,32,356
6865,10/15/2013 0:00,12,32,356
6866,10/15/2013 1:00,12,32,356
6867,10/15/2013 2:00,12,32,356
6868,10/15/2013 3:00,12,32,356
6869,10/15/2013 4:00,13,30,357
6870,10/15/2013 5:00,12,32,357
6871,10/15/2013 6:00,12,32,357
6872,10/15/2013 7:00,12,32,357
6873,10/15/2013 8:00,12,32,357
6874,10/15/2013 9:00,12,32,357
6875,10/15/2013 10:00,12,32,357
6876,10/15/2013 11:00,12,32,356
6877,10/15/2013 12:00,12,32,356
6878,10/15/2013 13:00,12,32,356
6879,10/15/2013 14:00,12,32,357
6880,10/15/2013 15:00,12,32,357
6881,10/15/2013 16:00,12,32,357
6882,10/15/2013 17:00,12,32,357
6883,10/15/2013 18:00,12,32,357
6884,10/15/2013 19:00,12,32,357
6885,10/15/2013 20:00,12,32,357
6886,10/15/2013 21:00,12,32,357
6887,10/15/2013 22:00,12,32,357
6888,10/15/2013 23:00,12,32,357
6889,10/16/2013 0:00,12,32,357
6890,10/16/2013 1:00,13,30,357
6891,10/16/2013 2:00,12,32,357
6892,10/16/2013 3:00,13,30,357
6893,10/16/2013 4:00,15,32,357
6894,10/16/2013 5:00,12,32,357
6895,10/16/2013 6:00,12,32,357
6896,10/16/2013 7:00,15,32,357
6897,10/16/2013 8:00,12,32,357
6898,10/16/2013 9:00,12,32,357
6899,10/16/2013 10:00,12,32,356
6900,10/16/2013 11:00,12,32,357
6901,10/16/2013 12:00,12,32,356
6902,10/16/2013 13:00,12,32,357
6903,10/16/2013 14:00,11,33,357
6904,10/16/2013 15:00,12,32,357
6905,10/16/2013 16:00,12,32,357
6906,10/16/2013 17:00,12,32,357
6907,10/16/2013 18:00,12,32,357
6908,10/16/2013 19:00,12,32,357
6909,10/16/2013 20:00,12,32,357
6910,10/16/2013 21:00,13,30,357
6911,10/16/2013 22:00,12,32,357
6912,10/16/2013 23:00,12,32,357
6913,10/17/2013 0:00,12,32,357
6914,10/17/2013 1:00,13,32,357
6915,10/17/2013 2:00,12,32,357
6916,10/17/2013 3:00,12,32,357
6917,10/17/2013 4:00,13,30,357
6918,10/17/2013 5:00,12,32,357
6919,10/17/2013 6:00,11,33,357
6920,10/17/2013 7:00,12,32,357
6921,10/17/2013 8:00,12,32,357
6922,10/17/2013 9:00,12,32,357
6923,10/17/2013 10:00,12,32,357
6924,10/17/2013 11:00,14,32,357
6925,10/17/2013 12:00,12,32,357
6926,10/17/2013 13:00,12,32,357
6927,10/17/2013 14:00,12,32,357
6928,10/17/2013 15:00,12,32,357
6929,10/17/2013 16:00,13,30,358
6930,10/17/2013 17:00,12,32,358
6931,10/17/2013 18:00,12,32,358
6932,10/17/2013 19:00,11,34,357
6933,10/17/2013 20:00,12,32,357
6934,10/17/2013 21:00,12,32,357
6935,10/17/2013 22:00,13,30,357
6936,10/17/2013 23:00,12,32,357
6937,10/18/2013 0:00,12,32,357
6938,10/18/2013 1:00,12,32,357
6939,10/18/2013 2:00,12,32,357
6940,10/18/2013 3:00,12,32,357
6941,10/18/2013 4:00,12,32,357
6942,10/18/2013 5:00,12,32,357
6943,10/18/2013 6:00,12,32,357
6944,10/18/2013 7:00,12,32,357
6945,10/18/2013 8:00,15,32,357
6946,10/18/2013 9:00,12,32,357
6947,10/18/2013 10:00,12,32,357
6948,10/18/2013 11:00,12,32,357
6949,10/18/2013 12:00,12,32,357
6950,10/18/2013 13:00,13,30,357
6951,10/18/2013 14:00,12,32,357
6952,10/18/2013 15:00,13,30,357
6953,10/18/2013 16:00,12,32,357
6954,10/18/2013 17:00,12,32,357
6955,10/18/2013 18:00,12,32,357
6956,10/18/2013 19:00,11,34,357
6957,10/18/2013 20:00,12,32,357
6958,10/18/2013 21:00,12,32,357
6959,10/18/2013 22:00,12,32,357
6960,10/18/2013 23:00,12,32,357
6961,10/19/2013 0:00,12,32,357
6962,10/19/2013 1:00,12,32,357
6963,10/19/2013 2:00,12,32,357
6964,10/19/2013 3:00,12,32,357
6965,10/19/2013 4:00,13,30,357
6966,10/19/2013 5:00,12,32,357
6967,10/19/2013 6:00,12,32,357
6968,10/19/2013 7:00,13,30,357
6969,10/19/2013 8:00,13,30,358
6970,10/19/2013 9:00,12,32,357
6971,10/19/2013 10:00,12,32,357
6972,10/19/2013 11:00,12,32,357
6973,10/19/2013 12:00,12,32,357
6974,10/19/2013 13:00,12,32,357
6975,10/19/2013 14:00,12,32,357
6976,10/19/2013 15:00,12,32,357
6977,10/19/2013 16:00,12,32,357
6978,10/19/2013 17:00,12,32,357
6979,10/19/2013 18:00,12,32,357
6980,10/19/2013 19:00,12,32,357
6981,10/19/2013 20:00,12,32,357
6982,10/19/2013 21:00,12,32,358
6983,10/19/2013 22:00,12,32,357
6984,10/19/2013 23:00,11,34,357
6985,10/20/2013 0:00,12,32,357
6986,10/20/2013 1:00,12,32,357
6987,10/20/2013 2:00,12,32,357
6988,10/20/2013 3:00,13,32,357
6989,10/20/2013 4:00,12,32,357
6990,10/20/2013 5:00,12,32,357
6991,10/20/2013 6:00,12,32,357
6992,10/20/2013 7:00,12,32,357
6993,10/20/2013 8:00,12,32,357
6994,10/20/2013 9:00,12,32,356
6995,10/20/2013 10:00,12,32,356
6996,10/20/2013 11:00,12,32,356
6997,10/20/2013 12:00,12,32,356
6998,10/20/2013 13:00,11,34,356
6999,10/20/2013 14:00,13,30,357
7000,10/20/2013 15:00,12,32,357
7001,10/20/2013 16:00,12,32,356
7002,10/20/2013 17:00,12,32,357
7003,10/20/2013 18:00,12,32,357
7004,10/20/2013 19:00,12,32,357
7005,10/20/2013 20:00,12,32,357
7006,10/20/2013 21:00,12,32,357
7007,10/20/2013 22:00,11,33,303
7008,10/20/2013 23:00,12,31,302
7009,10/21/2013 0:00,12,32,297
7010,10/21/2013 1:00,11,33,296
7011,10/21/2013 2:00,11,33,299
7012,10/21/2013 3:00,11,33,302
7013,10/21/2013 4:00,11,33,307
7014,10/21/2013 5:00,11,34,308
7015,10/21/2013 6:00,11,33,309
7016,10/21/2013 7:00,11,33,310
7017,10/21/2013 8:00,11,33,310
7018,10/21/2013 9:00,11,33,311
7019,10/21/2013 10:00,11,33,311
7020,10/21/2013 11:00,11,34,311
7021,10/21/2013 12:00,11,33,312
7022,10/21/2013 13:00,11,33,312
7023,10/21/2013 14:00,11,33,312
7024,10/21/2013 15:00,11,33,312
7025,10/21/2013 16:00,11,33,312
7026,10/21/2013 17:00,11,33,312
7027,10/21/2013 18:00,11,33,312
7028,10/21/2013 19:00,11,34,312
7029,10/21/2013 20:00,11,33,312
7030,10/21/2013 21:00,11,33,312
7031,10/21/2013 22:00,11,33,312
7032,10/21/2013 23:00,11,33,312
7033,10/22/2013 0:00,11,33,312
7034,10/22/2013 1:00,11,33,312
7035,10/22/2013 2:00,11,33,312
7036,10/22/2013 3:00,11,33,311
7037,10/22/2013 4:00,11,33,311
7038,10/22/2013 5:00,11,33,312
7039,10/22/2013 6:00,11,34,312
7040,10/22/2013 7:00,11,33,312
7041,10/22/2013 8:00,11,33,312
7042,10/22/2013 9:00,11,33,312
7043,10/22/2013 10:00,11,33,312
7044,10/22/2013 11:00,11,33,311
7045,10/22/2013 12:00,11,33,311
7046,10/22/2013 13:00,11,33,311
7047,10/22/2013 14:00,11,33,311
7048,10/22/2013 15:00,11,33,311
7049,10/22/2013 16:00,11,33,311
7050,10/22/2013 17:00,11,33,311
7051,10/22/2013 18:00,11,33,311
7052,10/22/2013 19:00,11,33,311
7053,10/22/2013 20:00,11,33,311
7054,10/22/2013 21:00,11,33,310
7055,10/22/2013 22:00,11,33,311
7056,10/22/2013 23:00,11,33,311
7057,10/23/2013 0:00,11,33,309
7058,10/23/2013 1:00,11,33,309
7059,10/23/2013 2:00,11,33,309
7060,10/23/2013 3:00,11,33,309
7061,10/23/2013 4:00,11,33,309
7062,10/23/2013 5:00,11,33,309
7063,10/23/2013 6:00,11,33,309
7064,10/23/2013 7:00,11,33,309
7065,10/23/2013 8:00,11,33,309
7066,10/23/2013 9:00,11,33,309
7067,10/23/2013 10:00,11,33,309
7068,10/23/2013 11:00,11,33,309
7069,10/23/2013 12:00,11,33,309
7070,10/23/2013 13:00,11,33,308
7071,10/23/2013 14:00,11,33,308
7072,10/23/2013 15:00,11,33,307
7073,10/23/2013 16:00,11,33,305
7074,10/23/2013 17:00,11,33,304
7075,10/23/2013 18:00,11,33,303
7076,10/23/2013 19:00,11,34,300
7077,10/23/2013 20:00,11,33,283
7078,10/23/2013 21:00,11,33,302
7079,10/23/2013 22:00,11,33,303
7080,10/23/2013 23:00,11,33,304
7081,10/24/2013 0:00,11,33,306
7082,10/24/2013 1:00,11,34,307
7083,10/24/2013 2:00,11,33,308
7084,10/24/2013 3:00,11,33,308
7085,10/24/2013 4:00,11,33,308
7086,10/24/2013 5:00,11,33,308
7087,10/24/2013 6:00,11,33,309
7088,10/24/2013 7:00,11,33,309
7089,10/24/2013 8:00,11,33,309
7090,10/24/2013 9:00,11,33,309
7091,10/24/2013 10:00,11,33,309
7092,10/24/2013 11:00,11,33,309
7093,10/24/2013 12:00,11,33,310
7094,10/24/2013 13:00,11,33,309
7095,10/24/2013 14:00,12,31,310
7096,10/24/2013 15:00,11,33,310
7097,10/24/2013 16:00,11,34,310
7098,10/24/2013 17:00,11,33,310
7099,10/24/2013 18:00,11,33,310
7100,10/24/2013 19:00,11,33,310
7101,10/24/2013 20:00,11,33,310
7102,10/24/2013 21:00,11,33,310
7103,10/24/2013 22:00,11,33,310
7104,10/24/2013 23:00,11,33,311
7105,10/25/2013 0:00,11,33,310
7106,10/25/2013 1:00,11,33,311
7107,10/25/2013 2:00,11,33,311
7108,10/25/2013 3:00,11,33,311
7109,10/25/2013 4:00,11,33,311
7110,10/25/2013 5:00,11,33,311
7111,10/25/2013 6:00,11,33,311
7112,10/25/2013 7:00,11,33,311
7113,10/25/2013 8:00,11,33,311
7114,10/25/2013 9:00,11,33,311
7115,10/25/2013 10:00,11,33,311
7116,10/25/2013 11:00,11,33,311
7117,10/25/2013 12:00,11,33,311
7118,10/25/2013 13:00,11,33,311
7119,10/25/2013 14:00,11,34,311
7120,10/25/2013 15:00,11,33,311
7121,10/25/2013 16:00,11,33,311
7122,10/25/2013 17:00,11,33,311
7123,10/25/2013 18:00,11,33,311
7124,10/25/2013 19:00,11,33,311
7125,10/25/2013 20:00,11,33,311
7126,10/25/2013 21:00,11,33,311
7127,10/25/2013 22:00,11,33,311
7128,10/25/2013 23:00,11,33,311
7129,10/26/2013 0:00,11,33,311
7130,10/26/2013 1:00,11,33,311
7131,10/26/2013 2:00,11,33,311
7132,10/26/2013 3:00,11,33,310
7133,10/26/2013 4:00,11,33,311
7134,10/26/2013 5:00,11,33,310
7135,10/26/2013 6:00,11,33,310
7136,10/26/2013 7:00,12,33,310
7137,10/26/2013 8:00,11,33,310
7138,10/26/2013 9:00,11,33,310
7139,10/26/2013 10:00,11,33,310
7140,10/26/2013 11:00,11,33,310
7141,10/26/2013 12:00,11,33,310
7142,10/26/2013 13:00,11,33,310
7143,10/26/2013 14:00,11,33,309
7144,10/26/2013 15:00,11,33,310
7145,10/26/2013 16:00,11,33,310
7146,10/26/2013 17:00,11,33,310
7147,10/26/2013 18:00,11,33,309
7148,10/26/2013 19:00,11,33,309
7149,10/26/2013 20:00,11,33,309
7150,10/26/2013 21:00,11,33,309
7151,10/26/2013 22:00,11,33,309
7152,10/26/2013 23:00,11,33,309
7153,10/27/2013 0:00,11,33,309
7154,10/27/2013 1:00,11,33,309
7155,10/27/2013 2:00,12,33,309
7156,10/27/2013 3:00,11,33,309
7157,10/27/2013 4:00,11,33,309
7158,10/27/2013 5:00,11,33,309
7159,10/27/2013 6:00,11,33,309
7160,10/27/2013 7:00,11,33,309
7161,10/27/2013 8:00,11,33,309
7162,10/27/2013 9:00,11,33,309
7163,10/27/2013 10:00,11,33,309
7164,10/27/2013 11:00,11,33,309
7165,10/27/2013 12:00,11,33,308
7166,10/27/2013 13:00,11,33,309
7167,10/27/2013 14:00,11,33,309
7168,10/27/2013 15:00,11,33,309
7169,10/27/2013 16:00,11,33,308
7170,10/27/2013 17:00,11,33,308
7171,10/27/2013 18:00,11,33,309
7172,10/27/2013 19:00,11,33,308
7173,10/27/2013 20:00,11,33,308
7174,10/27/2013 21:00,11,33,308
7175,10/27/2013 22:00,11,33,308
7176,10/27/2013 23:00,11,33,308
7177,10/28/2013 0:00,11,33,308
7178,10/28/2013 1:00,11,33,308
7179,10/28/2013 2:00,12,33,308
7180,10/28/2013 3:00,11,33,308
7181,10/28/2013 4:00,11,33,308
7182,10/28/2013 5:00,11,33,308
7183,10/28/2013 6:00,11,33,308
7184,10/28/2013 7:00,11,33,308
7185,10/28/2013 8:00,12,33,308
7186,10/28/2013 9:00,11,33,308
7187,10/28/2013 10:00,11,33,308
7188,10/28/2013 11:00,11,33,308
7189,10/28/2013 12:00,11,33,308
7190,10/28/2013 13:00,11,33,308
7191,10/28/2013 14:00,11,33,308
7192,10/28/2013 15:00,11,33,308
7193,10/28/2013 16:00,11,33,308
7194,10/28/2013 17:00,11,33,308
7195,10/28/2013 18:00,11,33,307
7196,10/28/2013 19:00,11,33,308
7197,10/28/2013 20:00,11,33,307
7198,10/28/2013 21:00,11,33,307
7199,10/28/2013 22:00,11,33,307
7200,10/28/2013 23:00,11,33,308
7201,10/29/2013 0:00,11,33,307
7202,10/29/2013 1:00,11,33,307
7203,10/29/2013 2:00,11,33,307
7204,10/29/2013 3:00,11,33,307
7205,10/29/2013 4:00,11,33,307
7206,10/29/2013 5:00,11,33,307
7207,10/29/2013 6:00,11,33,307
7208,10/29/2013 7:00,11,33,307
7209,10/29/2013 8:00,11,33,307
7210,10/29/2013 9:00,11,33,307
7211,10/29/2013 10:00,11,33,307
7212,10/29/2013 11:00,11,33,307
7213,10/29/2013 12:00,11,33,307
7214,10/29/2013 13:00,11,33,307
7215,10/29/2013 14:00,11,33,307
7216,10/29/2013 15:00,11,34,307
7217,10/29/2013 16:00,11,33,307
7218,10/29/2013 17:00,11,33,307
7219,10/29/2013 18:00,11,33,307
7220,10/29/2013 19:00,11,33,307
7221,10/29/2013 20:00,11,33,307
7222,10/29/2013 21:00,11,33,306
7223,10/29/2013 22:00,11,33,306
7224,10/29/2013 23:00,11,33,306
7225,10/30/2013 0:00,11,33,306
7226,10/30/2013 1:00,12,33,306
7227,10/30/2013 2:00,11,33,304
7228,10/30/2013 3:00,11,33,305
7229,10/30/2013 4:00,11,33,306
7230,10/30/2013 5:00,11,33,306
7231,10/30/2013 6:00,11,34,304
7232,10/30/2013 7:00,11,33,304
7233,10/30/2013 8:00,11,33,304
7234,10/30/2013 9:00,11,33,304
7235,10/30/2013 10:00,11,34,305
7236,10/30/2013 11:00,11,33,304
7237,10/30/2013 12:00,11,33,304
7238,10/30/2013 13:00,11,33,304
7239,10/30/2013 14:00,11,34,304
7240,10/30/2013 15:00,11,33,304
7241,10/30/2013 16:00,11,33,304
7242,10/30/2013 17:00,11,33,304
7243,10/30/2013 18:00,11,33,304
7244,10/30/2013 19:00,11,33,304
7245,10/30/2013 20:00,11,33,304
7246,10/30/2013 21:00,11,33,304
7247,10/30/2013 22:00,11,33,304
7248,10/30/2013 23:00,11,33,304
7249,10/31/2013 0:00,11,33,304
7250,10/31/2013 1:00,11,33,304
7251,10/31/2013 2:00,11,33,304
7252,10/31/2013 3:00,11,33,304
7253,10/31/2013 4:00,11,33,304
7254,10/31/2013 5:00,11,34,304
7255,10/31/2013 6:00,11,33,304
7256,10/31/2013 7:00,11,33,304
7257,10/31/2013 8:00,12,33,304
7258,10/31/2013 9:00,11,33,304
7259,10/31/2013 10:00,11,33,304
7260,10/31/2013 11:00,11,33,304
7261,10/31/2013 12:00,11,33,304
7262,10/31/2013 13:00,11,34,304
7263,10/31/2013 14:00,11,33,304
7264,10/31/2013 15:00,11,33,304
7265,10/31/2013 16:00,11,33,304
7266,10/31/2013 17:00,11,33,304
7267,10/31/2013 18:00,11,33,304
7268,10/31/2013 19:00,11,33,304
7269,10/31/2013 20:00,11,33,304
7270,10/31/2013 21:00,11,33,304
7271,10/31/2013 22:00,11,33,303
7272,10/31/2013 23:00,11,33,303
7273,11/1/2013 0:00,11,33,303
7274,11/1/2013 1:00,11,33,303
7275,11/1/2013 2:00,11,33,303
7276,11/1/2013 3:00,11,33,303
7277,11/1/2013 4:00,11,33,303
7278,11/1/2013 5:00,11,33,303
7279,11/1/2013 6:00,11,33,303
7280,11/1/2013 7:00,11,33,303
7281,11/1/2013 8:00,11,33,303
7282,11/1/2013 9:00,11,34,303
7283,11/1/2013 10:00,11,33,303
7284,11/1/2013 11:00,11,33,303
7285,11/1/2013 12:00,11,34,303
7286,11/1/2013 13:00,11,33,303
7287,11/1/2013 14:00,11,33,303
7288,11/1/2013 15:00,11,33,303
7289,11/1/2013 16:00,11,34,303
7290,11/1/2013 17:00,11,34,303
7291,11/1/2013 18:00,11,33,303
7292,11/1/2013 19:00,11,33,303
7293,11/1/2013 20:00,11,33,303
7294,11/1/2013 21:00,11,33,303
7295,11/1/2013 22:00,11,34,303
7296,11/1/2013 23:00,11,33,303
7297,11/2/2013 0:00,11,33,303
7298,11/2/2013 1:00,11,33,303
7299,11/2/2013 2:00,11,33,303
7300,11/2/2013 3:00,11,33,303
7301,11/2/2013 4:00,11,33,303
7302,11/2/2013 5:00,11,33,303
7303,11/2/2013 6:00,11,33,303
7304,11/2/2013 7:00,11,33,303
7305,11/2/2013 8:00,11,33,303
7306,11/2/2013 9:00,11,33,303
7307,11/2/2013 10:00,11,33,303
7308,11/2/2013 11:00,11,33,302
7309,11/2/2013 12:00,11,33,302
7310,11/2/2013 13:00,11,33,302
7311,11/2/2013 14:00,11,33,302
7312,11/2/2013 15:00,11,33,302
7313,11/2/2013 16:00,11,33,302
7314,11/2/2013 17:00,11,33,302
7315,11/2/2013 18:00,12,33,302
7316,11/2/2013 19:00,11,33,302
7317,11/2/2013 20:00,11,33,302
7318,11/2/2013 21:00,11,33,302
7319,11/2/2013 22:00,11,33,302
7320,11/2/2013 23:00,11,33,302
7321,11/3/2013 0:00,11,33,302
7322,11/3/2013 1:00,11,33,302
7323,11/3/2013 2:00,11,33,302
7324,11/3/2013 3:00,11,33,302
7325,11/3/2013 4:00,11,33,302
7326,11/3/2013 5:00,11,33,302
7327,11/3/2013 6:00,11,33,302
7328,11/3/2013 7:00,12,33,302
7329,11/3/2013 8:00,11,33,302
7330,11/3/2013 9:00,11,33,302
7331,11/3/2013 10:00,11,33,302
7332,11/3/2013 11:00,11,33,302
7333,11/3/2013 12:00,11,33,302
7334,11/3/2013 13:00,11,33,302
7335,11/3/2013 14:00,11,33,302
7336,11/3/2013 15:00,11,33,302
7337,11/3/2013 16:00,11,33,302
7338,11/3/2013 17:00,11,33,302
7339,11/3/2013 18:00,11,33,302
7340,11/3/2013 19:00,11,33,302
7341,11/3/2013 20:00,11,33,302
7342,11/3/2013 21:00,11,33,302
7343,11/3/2013 22:00,11,33,302
7344,11/3/2013 23:00,11,33,302
7345,11/4/2013 0:00,11,33,302
7346,11/4/2013 1:00,11,33,302
7347,11/4/2013 2:00,11,33,302
7348,11/4/2013 3:00,11,33,302
7349,11/4/2013 4:00,11,33,302
7350,11/4/2013 5:00,11,33,302
7351,11/4/2013 6:00,11,33,302
7352,11/4/2013 7:00,11,33,302
7353,11/4/2013 8:00,11,33,302
7354,11/4/2013 9:00,11,33,302
7355,11/4/2013 10:00,11,33,302
7356,11/4/2013 11:00,11,33,302
7357,11/4/2013 12:00,11,33,302
7358,11/4/2013 13:00,11,33,302
7359,11/4/2013 14:00,11,33,302
7360,11/4/2013 15:00,11,33,302
7361,11/4/2013 16:00,11,33,302
7362,11/4/2013 17:00,11,33,302
7363,11/4/2013 18:00,11,33,302
7364,11/4/2013 19:00,11,33,302
7365,11/4/2013 20:00,11,33,302
7366,11/4/2013 21:00,11,33,302
7367,11/4/2013 22:00,11,33,302
7368,11/4/2013 23:00,11,33,302
7369,11/5/2013 0:00,11,34,302
7370,11/5/2013 1:00,11,33,301
7371,11/5/2013 2:00,11,33,301
7372,11/5/2013 3:00,11,33,302
7373,11/5/2013 4:00,11,33,301
7374,11/5/2013 5:00,11,33,301
7375,11/5/2013 6:00,11,33,301
7376,11/5/2013 7:00,11,33,302
7377,11/5/2013 8:00,11,33,301
7378,11/5/2013 9:00,11,33,301
7379,11/5/2013 10:00,11,33,301
7380,11/5/2013 11:00,11,33,301
7381,11/5/2013 12:00,11,33,301
7382,11/5/2013 13:00,11,33,301
7383,11/5/2013 14:00,11,33,301
7384,11/5/2013 15:00,11,33,301
7385,11/5/2013 16:00,11,33,301
7386,11/5/2013 17:00,11,33,301
7387,11/5/2013 18:00,11,33,301
7388,11/5/2013 19:00,11,33,301
7389,11/5/2013 20:00,11,33,301
7390,11/5/2013 21:00,11,33,301
7391,11/5/2013 22:00,11,33,301
7392,11/5/2013 23:00,11,34,301
7393,11/6/2013 0:00,11,33,301
7394,11/6/2013 1:00,11,33,301
7395,11/6/2013 2:00,11,33,301
7396,11/6/2013 3:00,11,33,301
7397,11/6/2013 4:00,11,33,301
7398,11/6/2013 5:00,11,33,301
7399,11/6/2013 6:00,11,33,301
7400,11/6/2013 7:00,11,33,301
7401,11/6/2013 8:00,11,33,301
7402,11/6/2013 9:00,11,33,301
7403,11/6/2013 10:00,11,33,301
7404,11/6/2013 11:00,11,33,301
7405,11/6/2013 12:00,11,33,301
7406,11/6/2013 13:00,11,33,301
7407,11/6/2013 14:00,11,33,301
7408,11/6/2013 15:00,11,33,301
7409,11/6/2013 16:00,11,33,301
7410,11/6/2013 17:00,11,33,301
7411,11/6/2013 18:00,11,33,301
7412,11/6/2013 19:00,11,33,301
7413,11/6/2013 20:00,11,33,301
7414,11/6/2013 21:00,11,33,301
7415,11/6/2013 22:00,11,33,301
7416,11/6/2013 23:00,11,33,301
7417,11/7/2013 0:00,11,33,301
7418,11/7/2013 1:00,11,33,301
7419,11/7/2013 2:00,11,33,301
7420,11/7/2013 3:00,11,33,301
7421,11/7/2013 4:00,11,33,301
7422,11/7/2013 5:00,11,33,301
7423,11/7/2013 6:00,11,33,301
7424,11/7/2013 7:00,11,33,301
7425,11/7/2013 8:00,11,33,301
7426,11/7/2013 9:00,11,34,301
7427,11/7/2013 10:00,11,33,301
7428,11/7/2013 11:00,12,33,301
7429,11/7/2013 12:00,11,33,300
7430,11/7/2013 13:00,11,33,301
7431,11/7/2013 14:00,11,33,301
7432,11/7/2013 15:00,11,33,301
7433,11/7/2013 16:00,11,33,301
7434,11/7/2013 17:00,11,33,301
7435,11/7/2013 18:00,11,33,301
7436,11/7/2013 19:00,11,33,301
7437,11/7/2013 20:00,11,33,300
7438,11/7/2013 21:00,11,33,301
7439,11/7/2013 22:00,11,33,300
7440,11/7/2013 23:00,11,33,300
7441,11/8/2013 0:00,11,33,301
7442,11/8/2013 1:00,11,33,300
7443,11/8/2013 2:00,11,33,301
7444,11/8/2013 3:00,11,33,300
7445,11/8/2013 4:00,11,33,300
7446,11/8/2013 5:00,11,33,300
7447,11/8/2013 6:00,11,33,300
7448,11/8/2013 7:00,11,33,300
7449,11/8/2013 8:00,11,33,300
7450,11/8/2013 9:00,11,33,300
7451,11/8/2013 10:00,11,33,300
7452,11/8/2013 11:00,11,33,300
7453,11/8/2013 12:00,11,33,300
7454,11/8/2013 13:00,11,33,300
7455,11/8/2013 14:00,11,33,300
7456,11/8/2013 15:00,11,33,300
7457,11/8/2013 16:00,11,33,300
7458,11/8/2013 17:00,11,33,300
7459,11/8/2013 18:00,11,33,300
7460,11/8/2013 19:00,11,33,300
7461,11/8/2013 20:00,11,34,300
7462,11/8/2013 21:00,11,33,300
7463,11/8/2013 22:00,11,33,300
7464,11/8/2013 23:00,11,33,300
7465,11/9/2013 0:00,11,33,300
7466,11/9/2013 1:00,11,33,300
7467,11/9/2013 2:00,11,33,300
7468,11/9/2013 3:00,11,33,300
7469,11/9/2013 4:00,11,33,300
7470,11/9/2013 5:00,11,33,300
7471,11/9/2013 6:00,11,33,300
7472,11/9/2013 7:00,11,33,300
7473,11/9/2013 8:00,11,33,300
7474,11/9/2013 9:00,11,33,300
7475,11/9/2013 10:00,11,33,300
7476,11/9/2013 11:00,11,33,300
7477,11/9/2013 12:00,11,33,300
7478,11/9/2013 13:00,11,33,300
7479,11/9/2013 14:00,11,33,300
7480,11/9/2013 15:00,11,33,300
7481,11/9/2013 16:00,11,33,300
7482,11/9/2013 17:00,11,34,300
7483,11/9/2013 18:00,11,34,300
7484,11/9/2013 19:00,11,33,300
7485,11/9/2013 20:00,11,33,300
7486,11/9/2013 21:00,11,33,300
7487,11/9/2013 22:00,11,33,300
7488,11/9/2013 23:00,11,33,300
7489,11/10/2013 0:00,11,33,300
7490,11/10/2013 1:00,11,33,300
7491,11/10/2013 2:00,11,33,300
7492,11/10/2013 3:00,11,33,300
7493,11/10/2013 4:00,11,33,300
7494,11/10/2013 5:00,11,33,300
7495,11/10/2013 6:00,11,33,300
7496,11/10/2013 7:00,11,33,300
7497,11/10/2013 8:00,11,33,300
7498,11/10/2013 9:00,11,33,300
7499,11/10/2013 10:00,11,33,300
7500,11/10/2013 11:00,11,33,300
7501,11/10/2013 12:00,11,33,300
7502,11/10/2013 13:00,11,33,300
7503,11/10/2013 14:00,11,33,300
7504,11/10/2013 15:00,11,33,300
7505,11/10/2013 16:00,11,33,300
7506,11/10/2013 17:00,11,33,300
7507,11/10/2013 18:00,11,33,300
7508,11/10/2013 19:00,11,33,300
7509,11/10/2013 20:00,11,33,300
7510,11/10/2013 21:00,11,33,300
7511,11/10/2013 22:00,11,34,300
7512,11/10/2013 23:00,11,33,300
7513,11/11/2013 0:00,11,33,299
7514,11/11/2013 1:00,11,33,299
7515,11/11/2013 2:00,12,33,299
7516,11/11/2013 3:00,11,33,300
7517,11/11/2013 4:00,11,34,299
7518,11/11/2013 5:00,11,33,299
7519,11/11/2013 6:00,11,33,299
7520,11/11/2013 7:00,11,33,299
7521,11/11/2013 8:00,11,33,299
7522,11/11/2013 9:00,12,32,299
7523,11/11/2013 10:00,11,33,299
7524,11/11/2013 11:00,11,33,299
7525,11/11/2013 12:00,11,34,299
7526,11/11/2013 13:00,11,33,299
7527,11/11/2013 14:00,11,33,299
7528,11/11/2013 15:00,11,33,299
7529,11/11/2013 16:00,11,33,299
7530,11/11/2013 17:00,11,33,299
7531,11/11/2013 18:00,11,33,299
7532,11/11/2013 19:00,11,33,299
7533,11/11/2013 20:00,11,34,299
7534,11/11/2013 21:00,11,33,299
7535,11/11/2013 22:00,11,34,299
7536,11/11/2013 23:00,11,33,299
7537,11/12/2013 0:00,11,33,315
7538,11/12/2013 1:00,11,33,303
7539,11/12/2013 2:00,11,33,300
7540,11/12/2013 3:00,10,35,305
7541,11/12/2013 4:00,11,33,304
7542,11/12/2013 5:00,11,33,310
7543,11/12/2013 6:00,13,33,309
7544,11/12/2013 7:00,12,33,310
7545,11/12/2013 8:00,11,34,309
7546,11/12/2013 9:00,9,37,309
7547,11/12/2013 10:00,10,35,308
7548,11/12/2013 11:00,11,34,308
7549,11/12/2013 12:00,13,33,307
7550,11/12/2013 13:00,11,33,304
7551,11/12/2013 14:00,10,36,307
7552,11/12/2013 15:00,11,33,307
7553,11/12/2013 16:00,9,37,304
7554,11/12/2013 17:00,10,36,301
7555,11/12/2013 18:00,11,33,300
7556,11/12/2013 19:00,11,33,298
7557,11/12/2013 20:00,11,33,299
7558,11/12/2013 21:00,11,34,302
7559,11/12/2013 22:00,10,36,302
7560,11/12/2013 23:00,11,33,301
7561,11/13/2013 0:00,11,33,300
7562,11/13/2013 1:00,11,33,301
7563,11/13/2013 2:00,11,34,302
7564,11/13/2013 3:00,11,33,303
7565,11/13/2013 4:00,11,33,303
7566,11/13/2013 5:00,11,33,303
7567,11/13/2013 6:00,10,36,303
7568,11/13/2013 7:00,9,37,303
7569,11/13/2013 8:00,11,33,303
7570,11/13/2013 9:00,10,36,304
7571,11/13/2013 10:00,10,35,304
7572,11/13/2013 11:00,11,33,303
7573,11/13/2013 12:00,11,33,301
7574,11/13/2013 13:00,11,33,300
7575,11/13/2013 14:00,11,33,300
7576,11/13/2013 15:00,10,35,300
7577,11/13/2013 16:00,11,33,296
7578,11/13/2013 17:00,10,36,298
7579,11/13/2013 18:00,11,33,282
7580,11/13/2013 19:00,11,33,280
7581,11/13/2013 20:00,11,33,280
7582,11/13/2013 21:00,12,32,281
7583,11/13/2013 22:00,11,33,281
7584,11/13/2013 23:00,9,37,273
7585,11/14/2013 0:00,11,33,288
7586,11/14/2013 1:00,11,34,273
7587,11/14/2013 2:00,11,33,270
7588,11/14/2013 3:00,11,34,278
7589,11/14/2013 4:00,11,34,265
7590,11/14/2013 5:00,11,33,266
7591,11/14/2013 6:00,10,36,266
7592,11/14/2013 7:00,11,34,276
7593,11/14/2013 8:00,11,34,266
7594,11/14/2013 9:00,11,34,264
7595,11/14/2013 10:00,13,34,265
7596,11/14/2013 11:00,12,34,262
7597,11/14/2013 12:00,11,34,260
7598,11/14/2013 13:00,12,34,260
7599,11/14/2013 14:00,10,35,261
7600,11/14/2013 15:00,11,34,260
7601,11/14/2013 16:00,11,34,260
7602,11/14/2013 17:00,11,33,259
7603,11/14/2013 18:00,11,33,260
7604,11/14/2013 19:00,11,34,259
7605,11/14/2013 20:00,11,34,260
7606,11/14/2013 21:00,11,34,258
7607,11/14/2013 22:00,10,36,258
7608,11/14/2013 23:00,11,34,258
7609,11/15/2013 0:00,11,34,257
7610,11/15/2013 1:00,11,34,257
7611,11/15/2013 2:00,11,34,255
7612,11/15/2013 3:00,10,36,254
7613,11/15/2013 4:00,12,34,255
7614,11/15/2013 5:00,10,35,257
7615,11/15/2013 6:00,11,34,257
7616,11/15/2013 7:00,12,32,257
7617,11/15/2013 8:00,11,34,257
7618,11/15/2013 9:00,11,34,258
7619,11/15/2013 10:00,11,34,260
7620,11/15/2013 11:00,11,34,260
7621,11/15/2013 12:00,11,34,260
7622,11/15/2013 13:00,11,34,262
7623,11/15/2013 14:00,11,34,263
7624,11/15/2013 15:00,12,34,263
7625,11/15/2013 16:00,11,34,264
7626,11/15/2013 17:00,10,36,264
7627,11/15/2013 18:00,11,34,264
7628,11/15/2013 19:00,11,34,264
7629,11/15/2013 20:00,11,34,265
7630,11/15/2013 21:00,11,34,265
7631,11/15/2013 22:00,11,34,265
7632,11/15/2013 23:00,10,35,265
7633,11/16/2013 0:00,11,34,265
7634,11/16/2013 1:00,11,34,265
7635,11/16/2013 2:00,11,34,265
7636,11/16/2013 3:00,10,35,265
7637,11/16/2013 4:00,11,34,265
7638,11/16/2013 5:00,11,34,264
7639,11/16/2013 6:00,10,36,264
7640,11/16/2013 7:00,11,34,264
7641,11/16/2013 8:00,11,34,264
7642,11/16/2013 9:00,11,34,264
7643,11/16/2013 10:00,9,37,263
7644,11/16/2013 11:00,11,34,263
7645,11/16/2013 12:00,11,34,263
7646,11/16/2013 13:00,11,34,260
7647,11/16/2013 14:00,10,36,259
7648,11/16/2013 15:00,10,35,259
7649,11/16/2013 16:00,11,34,259
7650,11/16/2013 17:00,11,34,257
7651,11/16/2013 18:00,11,34,259
7652,11/16/2013 19:00,11,34,258
7653,11/16/2013 20:00,11,34,257
7654,11/16/2013 21:00,9,37,258
7655,11/16/2013 22:00,11,34,258
7656,11/16/2013 23:00,10,36,255
7657,11/17/2013 0:00,11,34,254
7658,11/17/2013 1:00,11,34,257
7659,11/17/2013 2:00,11,34,258
7660,11/17/2013 3:00,11,34,255
7661,11/17/2013 4:00,11,34,253
7662,11/17/2013 5:00,9,37,253
7663,11/17/2013 6:00,10,35,252
7664,11/17/2013 7:00,11,34,253
7665,11/17/2013 8:00,10,35,252
7666,11/17/2013 9:00,11,34,251
7667,11/17/2013 10:00,11,34,251
7668,11/17/2013 11:00,11,34,252
7669,11/17/2013 12:00,11,34,253
7670,11/17/2013 13:00,10,36,253
7671,11/17/2013 14:00,10,36,252
7672,11/17/2013 15:00,11,34,253
7673,11/17/2013 16:00,11,34,252
7674,11/17/2013 17:00,11,34,251
7675,11/17/2013 18:00,11,34,250
7676,11/17/2013 19:00,11,34,248
7677,11/17/2013 20:00,11,34,250
7678,11/17/2013 21:00,11,34,246
7679,11/17/2013 22:00,11,34,250
7680,11/17/2013 23:00,11,34,245
7681,11/18/2013 0:00,11,34,248
7682,11/18/2013 1:00,11,34,248
7683,11/18/2013 2:00,11,34,246
7684,11/18/2013 3:00,11,34,248
7685,11/18/2013 4:00,11,34,248
7686,11/18/2013 5:00,11,34,248
7687,11/18/2013 6:00,12,32,248
7688,11/18/2013 7:00,11,34,250
7689,11/18/2013 8:00,10,36,251
7690,11/18/2013 9:00,10,36,251
7691,11/18/2013 10:00,11,34,250
7692,11/18/2013 11:00,11,34,252
7693,11/18/2013 12:00,11,34,254
7694,11/18/2013 13:00,11,34,252
7695,11/18/2013 14:00,11,34,251
7696,11/18/2013 15:00,9,37,254
7697,11/18/2013 16:00,11,34,254
7698,11/18/2013 17:00,11,34,254
7699,11/18/2013 18:00,11,34,253
7700,11/18/2013 19:00,11,34,253
7701,11/18/2013 20:00,11,34,255
7702,11/18/2013 21:00,11,34,253
7703,11/18/2013 22:00,11,34,253
7704,11/18/2013 23:00,11,34,253
7705,11/19/2013 0:00,11,34,253
7706,11/19/2013 1:00,11,34,253
7707,11/19/2013 2:00,12,32,268
7708,11/19/2013 3:00,10,36,270
7709,11/19/2013 4:00,11,34,273
7710,11/19/2013 5:00,11,34,274
7711,11/19/2013 6:00,11,34,274
7712,11/19/2013 7:00,11,34,274
7713,11/19/2013 8:00,11,34,259
7714,11/19/2013 9:00,11,34,259
7715,11/19/2013 10:00,11,34,258
7716,11/19/2013 11:00,11,34,257
7717,11/19/2013 12:00,11,34,255
7718,11/19/2013 13:00,11,34,256
7719,11/19/2013 14:00,11,34,256
7720,11/19/2013 15:00,11,34,270
7721,11/19/2013 16:00,11,34,258
7722,11/19/2013 17:00,11,34,257
7723,11/19/2013 18:00,11,34,255
7724,11/19/2013 19:00,11,34,253
7725,11/19/2013 20:00,10,36,261
7726,11/19/2013 21:00,10,35,260
7727,11/19/2013 22:00,11,34,259
7728,11/19/2013 23:00,11,34,261
7729,11/20/2013 0:00,10,37,265
7730,11/20/2013 1:00,11,34,261
7731,11/20/2013 2:00,11,34,263
7732,11/20/2013 3:00,11,34,264
7733,11/20/2013 4:00,11,34,260
7734,11/20/2013 5:00,11,34,261
7735,11/20/2013 6:00,11,34,260
7736,11/20/2013 7:00,11,34,259
7737,11/20/2013 8:00,11,34,260
7738,11/20/2013 9:00,11,34,259
7739,11/20/2013 10:00,11,34,259
7740,11/20/2013 11:00,12,34,259
7741,11/20/2013 12:00,12,34,259
7742,11/20/2013 13:00,9,37,259
7743,11/20/2013 14:00,11,34,259
7744,11/20/2013 15:00,10,36,260
7745,11/20/2013 16:00,11,34,260
7746,11/20/2013 17:00,11,34,260
7747,11/20/2013 18:00,11,34,260
7748,11/20/2013 19:00,11,34,259
7749,11/20/2013 20:00,11,34,259
7750,11/20/2013 21:00,11,34,258
7751,11/20/2013 22:00,11,34,258
7752,11/20/2013 23:00,11,34,257
7753,11/21/2013 0:00,11,34,255
7754,11/21/2013 1:00,11,34,255
7755,11/21/2013 2:00,11,34,255
7756,11/21/2013 3:00,11,34,254
7757,11/21/2013 4:00,11,34,255
7758,11/21/2013 5:00,11,34,255
7759,11/21/2013 6:00,11,34,255
7760,11/21/2013 7:00,11,34,254
7761,11/21/2013 8:00,11,34,254
7762,11/21/2013 9:00,11,34,254
7763,11/21/2013 10:00,9,37,252
7764,11/21/2013 11:00,11,34,252
7765,11/21/2013 12:00,11,34,252
7766,11/21/2013 13:00,11,34,251
7767,11/21/2013 14:00,11,34,252
7768,11/21/2013 15:00,11,34,252
7769,11/21/2013 16:00,11,34,254
7770,11/21/2013 17:00,11,34,253
7771,11/21/2013 18:00,11,34,251
7772,11/21/2013 19:00,11,34,252
7773,11/21/2013 20:00,11,34,250
7774,11/21/2013 21:00,11,34,250
7775,11/21/2013 22:00,11,34,250
7776,11/21/2013 23:00,10,35,248
7777,11/22/2013 0:00,11,34,252
7778,11/22/2013 1:00,11,34,250
7779,11/22/2013 2:00,11,34,253
7780,11/22/2013 3:00,11,34,248
7781,11/22/2013 4:00,12,34,250
7782,11/22/2013 5:00,11,34,248
7783,11/22/2013 6:00,11,34,248
7784,11/22/2013 7:00,11,34,248
7785,11/22/2013 8:00,11,34,251
7786,11/22/2013 9:00,11,34,250
7787,11/22/2013 10:00,11,34,250
7788,11/22/2013 11:00,11,34,247
7789,11/22/2013 12:00,12,32,250
7790,11/22/2013 13:00,11,34,245
7791,11/22/2013 14:00,11,34,250
7792,11/22/2013 15:00,11,34,249
7793,11/22/2013 16:00,11,34,253
7794,11/22/2013 17:00,11,34,250
7795,11/22/2013 18:00,13,34,252
7796,11/22/2013 19:00,10,36,250
7797,11/22/2013 20:00,11,34,254
7798,11/22/2013 21:00,11,34,253
7799,11/22/2013 22:00,11,34,251
7800,11/22/2013 23:00,11,34,252
7801,11/23/2013 0:00,11,34,251
7802,11/23/2013 1:00,11,34,251
7803,11/23/2013 2:00,11,34,252
7804,11/23/2013 3:00,11,34,251
7805,11/23/2013 4:00,11,34,251
7806,11/23/2013 5:00,11,34,252
7807,11/23/2013 6:00,10,35,252
7808,11/23/2013 7:00,11,34,249
7809,11/23/2013 8:00,11,34,252
7810,11/23/2013 9:00,11,34,250
7811,11/23/2013 10:00,12,34,251
7812,11/23/2013 11:00,11,34,263
7813,11/23/2013 12:00,11,34,251
7814,11/23/2013 13:00,11,34,251
7815,11/23/2013 14:00,11,34,251
7816,11/23/2013 15:00,11,34,252
7817,11/23/2013 16:00,11,34,251
7818,11/23/2013 17:00,11,34,250
7819,11/23/2013 18:00,11,34,252
7820,11/23/2013 19:00,9,37,251
7821,11/23/2013 20:00,10,36,251
7822,11/23/2013 21:00,11,34,251
7823,11/23/2013 22:00,11,34,251
7824,11/23/2013 23:00,11,34,251
7825,11/24/2013 0:00,11,34,251
7826,11/24/2013 1:00,11,34,251
7827,11/24/2013 2:00,11,34,251
7828,11/24/2013 3:00,11,34,251
7829,11/24/2013 4:00,10,36,251
7830,11/24/2013 5:00,11,34,252
7831,11/24/2013 6:00,10,35,251
7832,11/24/2013 7:00,11,34,248
7833,11/24/2013 8:00,11,34,250
7834,11/24/2013 9:00,12,34,250
7835,11/24/2013 10:00,11,34,251
7836,11/24/2013 11:00,11,34,252
7837,11/24/2013 12:00,11,34,251
7838,11/24/2013 13:00,11,34,252
7839,11/24/2013 14:00,11,34,251
7840,11/24/2013 15:00,9,37,251
7841,11/24/2013 16:00,10,35,251
7842,11/24/2013 17:00,9,37,251
7843,11/24/2013 18:00,11,34,252
7844,11/24/2013 19:00,9,37,250
7845,11/24/2013 20:00,9,37,250
7846,11/24/2013 21:00,9,37,249
7847,11/24/2013 22:00,11,34,250
7848,11/24/2013 23:00,11,34,250
7849,11/25/2013 0:00,11,34,248
7850,11/25/2013 1:00,11,34,250
7851,11/25/2013 2:00,11,34,250
7852,11/25/2013 3:00,11,34,249
7853,11/25/2013 4:00,9,37,248
7854,11/25/2013 5:00,12,34,248
7855,11/25/2013 6:00,11,34,248
7856,11/25/2013 7:00,11,34,249
7857,11/25/2013 8:00,13,34,248
7858,11/25/2013 9:00,11,34,250
7859,11/25/2013 10:00,11,34,250
7860,11/25/2013 11:00,11,34,250
7861,11/25/2013 12:00,11,34,250
7862,11/25/2013 13:00,11,34,250
7863,11/25/2013 14:00,11,34,250
7864,11/25/2013 15:00,11,34,250
7865,11/25/2013 16:00,11,34,249
7866,11/25/2013 17:00,11,34,250
7867,11/25/2013 18:00,11,34,248
7868,11/25/2013 19:00,11,34,248
7869,11/25/2013 20:00,11,34,246
7870,11/25/2013 21:00,11,34,246
7871,11/25/2013 22:00,11,34,246
7872,11/25/2013 23:00,11,34,246
7873,11/26/2013 0:00,11,34,245
7874,11/26/2013 1:00,12,34,246
7875,11/26/2013 2:00,11,34,246
7876,11/26/2013 3:00,11,34,250
7877,11/26/2013 4:00,11,34,251
7878,11/26/2013 5:00,11,34,253
7879,11/26/2013 6:00,11,34,252
7880,11/26/2013 7:00,11,34,253
7881,11/26/2013 8:00,11,34,253
7882,11/26/2013 9:00,11,34,253
7883,11/26/2013 10:00,11,34,253
7884,11/26/2013 11:00,9,37,253
7885,11/26/2013 12:00,11,34,252
7886,11/26/2013 13:00,11,34,251
7887,11/26/2013 14:00,11,34,251
7888,11/26/2013 15:00,11,34,252
7889,11/26/2013 16:00,11,34,251
7890,11/26/2013 17:00,11,34,253
7891,11/26/2013 18:00,11,34,253
7892,11/26/2013 19:00,11,34,252
7893,11/26/2013 20:00,11,34,252
7894,11/26/2013 21:00,11,34,253
7895,11/26/2013 22:00,11,34,253
7896,11/26/2013 23:00,11,34,254
7897,11/27/2013 0:00,11,34,253
7898,11/27/2013 1:00,11,34,253
7899,11/27/2013 2:00,10,36,252
7900,11/27/2013 3:00,11,34,251
7901,11/27/2013 4:00,12,34,251
7902,11/27/2013 5:00,11,34,251
7903,11/27/2013 6:00,11,33,251
7904,11/27/2013 7:00,11,34,252
7905,11/27/2013 8:00,11,34,251
7906,11/27/2013 9:00,11,34,251
7907,11/27/2013 10:00,11,34,251
7908,11/27/2013 11:00,11,34,251
7909,11/27/2013 12:00,11,34,251
7910,11/27/2013 13:00,11,34,250
7911,11/27/2013 14:00,11,34,250
7912,11/27/2013 15:00,11,34,250
7913,11/27/2013 16:00,12,34,246
7914,11/27/2013 17:00,9,37,248
7915,11/27/2013 18:00,11,34,249
7916,11/27/2013 19:00,11,34,250
7917,11/27/2013 20:00,11,34,250
7918,11/27/2013 21:00,11,33,251
7919,11/27/2013 22:00,11,34,251
7920,11/27/2013 23:00,11,34,253
7921,11/28/2013 0:00,11,34,252
7922,11/28/2013 1:00,11,34,253
7923,11/28/2013 2:00,11,34,254
7924,11/28/2013 3:00,11,34,253
7925,11/28/2013 4:00,11,34,253
7926,11/28/2013 5:00,9,37,253
7927,11/28/2013 6:00,11,34,253
7928,11/28/2013 7:00,11,34,253
7929,11/28/2013 8:00,11,34,253
7930,11/28/2013 9:00,11,34,254
7931,11/28/2013 10:00,10,36,254
7932,11/28/2013 11:00,11,34,254
7933,11/28/2013 12:00,11,34,254
7934,11/28/2013 13:00,11,34,253
7935,11/28/2013 14:00,11,34,253
7936,11/28/2013 15:00,11,34,253
7937,11/28/2013 16:00,11,34,252
7938,11/28/2013 17:00,11,34,252
7939,11/28/2013 18:00,11,34,252
7940,11/28/2013 19:00,11,34,251
7941,11/28/2013 20:00,11,34,252
7942,11/28/2013 21:00,11,34,252
7943,11/28/2013 22:00,11,34,251
7944,11/28/2013 23:00,11,34,252
7945,11/29/2013 0:00,11,34,252
7946,11/29/2013 1:00,11,34,252
7947,11/29/2013 2:00,11,34,251
7948,11/29/2013 3:00,11,34,251
7949,11/29/2013 4:00,11,34,251
7950,11/29/2013 5:00,11,34,252
7951,11/29/2013 6:00,11,34,246
7952,11/29/2013 7:00,11,34,253
7953,11/29/2013 8:00,11,34,254
7954,11/29/2013 9:00,9,37,254
7955,11/29/2013 10:00,11,34,253
7956,11/29/2013 11:00,12,32,252
7957,11/29/2013 12:00,11,34,252
7958,11/29/2013 13:00,11,34,253
7959,11/29/2013 14:00,11,34,253
7960,11/29/2013 15:00,11,34,253
7961,11/29/2013 16:00,10,36,253
7962,11/29/2013 17:00,11,34,253
7963,11/29/2013 18:00,11,34,253
7964,11/29/2013 19:00,11,34,253
7965,11/29/2013 20:00,11,34,253
7966,11/29/2013 21:00,11,34,253
7967,11/29/2013 22:00,11,34,253
7968,11/29/2013 23:00,11,34,254
7969,11/30/2013 0:00,11,34,253
7970,11/30/2013 1:00,11,34,253
7971,11/30/2013 2:00,11,34,253
7972,11/30/2013 3:00,10,36,253
7973,11/30/2013 4:00,11,34,253
7974,11/30/2013 5:00,11,34,254
7975,11/30/2013 6:00,11,34,253
7976,11/30/2013 7:00,9,37,253
7977,11/30/2013 8:00,11,34,253
7978,11/30/2013 9:00,11,34,253
7979,11/30/2013 10:00,11,34,252
7980,11/30/2013 11:00,11,34,253
7981,11/30/2013 12:00,11,34,253
7982,11/30/2013 13:00,11,34,253
7983,11/30/2013 14:00,11,34,253
7984,11/30/2013 15:00,11,34,253
7985,11/30/2013 16:00,10,36,252
7986,11/30/2013 17:00,11,34,252
7987,11/30/2013 18:00,11,34,251
7988,11/30/2013 19:00,11,34,251
7989,11/30/2013 20:00,11,34,253
7990,11/30/2013 21:00,11,34,253
7991,11/30/2013 22:00,11,34,254
7992,11/30/2013 23:00,11,34,254
7993,12/1/2013 0:00,11,34,254
7994,12/1/2013 1:00,11,34,254
7995,12/1/2013 2:00,12,34,253
7996,12/1/2013 3:00,11,34,253
7997,12/1/2013 4:00,11,34,254
7998,12/1/2013 5:00,11,34,253
7999,12/1/2013 6:00,11,34,253
8000,12/1/2013 7:00,11,34,251
8001,12/1/2013 8:00,11,34,251
8002,12/1/2013 9:00,11,34,250
8003,12/1/2013 10:00,11,34,250
8004,12/1/2013 11:00,12,34,251
8005,12/1/2013 12:00,11,34,250
8006,12/1/2013 13:00,11,34,250
8007,12/1/2013 14:00,11,34,250
8008,12/1/2013 15:00,11,34,251
8009,12/1/2013 16:00,11,34,252
8010,12/1/2013 17:00,11,34,253
8011,12/1/2013 18:00,11,34,252
8012,12/1/2013 19:00,11,34,253
8013,12/1/2013 20:00,10,36,251
8014,12/1/2013 21:00,11,34,248
8015,12/1/2013 22:00,11,34,248
8016,12/1/2013 23:00,11,34,248
8017,12/2/2013 0:00,11,34,250
8018,12/2/2013 1:00,11,34,248
8019,12/2/2013 2:00,11,34,248
8020,12/2/2013 3:00,11,34,246
8021,12/2/2013 4:00,11,34,246
8022,12/2/2013 5:00,9,37,244
8023,12/2/2013 6:00,10,35,250
8024,12/2/2013 7:00,10,36,252
8025,12/2/2013 8:00,11,34,250
8026,12/2/2013 9:00,12,34,252
8027,12/2/2013 10:00,11,34,252
8028,12/2/2013 11:00,11,34,253
8029,12/2/2013 12:00,11,34,252
8030,12/2/2013 13:00,11,34,251
8031,12/2/2013 14:00,11,34,253
8032,12/2/2013 15:00,11,34,252
8033,12/2/2013 16:00,11,34,252
8034,12/2/2013 17:00,9,37,252
8035,12/2/2013 18:00,11,34,252
8036,12/2/2013 19:00,11,34,253
8037,12/2/2013 20:00,11,34,254
8038,12/2/2013 21:00,11,34,255
8039,12/2/2013 22:00,11,34,255
8040,12/2/2013 23:00,11,34,255
8041,12/3/2013 0:00,11,34,257
8042,12/3/2013 1:00,11,34,257
8043,12/3/2013 2:00,11,34,257
8044,12/3/2013 3:00,11,34,258
8045,12/3/2013 4:00,11,34,258
8046,12/3/2013 5:00,11,34,258
8047,12/3/2013 6:00,11,34,258
8048,12/3/2013 7:00,11,34,258
8049,12/3/2013 8:00,11,34,258
8050,12/3/2013 9:00,9,37,258
8051,12/3/2013 10:00,11,34,259
8052,12/3/2013 11:00,11,34,258
8053,12/3/2013 12:00,11,34,258
8054,12/3/2013 13:00,11,34,257
8055,12/3/2013 14:00,11,34,257
8056,12/3/2013 15:00,9,37,257
8057,12/3/2013 16:00,11,34,258
8058,12/3/2013 17:00,11,34,257
8059,12/3/2013 18:00,11,34,257
8060,12/3/2013 19:00,11,34,258
8061,12/3/2013 20:00,11,34,258
8062,12/3/2013 21:00,11,34,259
8063,12/3/2013 22:00,11,34,259
8064,12/3/2013 23:00,11,34,259
8065,12/4/2013 0:00,11,34,259
8066,12/4/2013 1:00,11,34,259
8067,12/4/2013 2:00,11,34,259
8068,12/4/2013 3:00,11,34,260
8069,12/4/2013 4:00,11,34,260
8070,12/4/2013 5:00,11,34,260
8071,12/4/2013 6:00,11,34,260
8072,12/4/2013 7:00,11,34,260
8073,12/4/2013 8:00,11,34,260
8074,12/4/2013 9:00,11,34,260
8075,12/4/2013 10:00,11,34,260
8076,12/4/2013 11:00,11,34,260
8077,12/4/2013 12:00,11,34,260
8078,12/4/2013 13:00,11,34,261
8079,12/4/2013 14:00,11,34,260
8080,12/4/2013 15:00,11,34,260
8081,12/4/2013 16:00,11,34,260
8082,12/4/2013 17:00,11,34,260
8083,12/4/2013 18:00,11,34,260
8084,12/4/2013 19:00,11,34,260
8085,12/4/2013 20:00,11,34,260
8086,12/4/2013 21:00,11,34,260
8087,12/4/2013 22:00,11,34,260
8088,12/4/2013 23:00,11,34,260
8089,12/5/2013 0:00,11,34,260
8090,12/5/2013 1:00,11,34,260
8091,12/5/2013 2:00,11,34,260
8092,12/5/2013 3:00,11,34,259
8093,12/5/2013 4:00,11,34,259
8094,12/5/2013 5:00,11,34,259
8095,12/5/2013 6:00,11,34,259
8096,12/5/2013 7:00,12,34,259
8097,12/5/2013 8:00,11,34,259
8098,12/5/2013 9:00,11,34,259
8099,12/5/2013 10:00,12,34,258
8100,12/5/2013 11:00,11,34,258
8101,12/5/2013 12:00,11,34,257
8102,12/5/2013 13:00,12,34,255
8103,12/5/2013 14:00,11,34,254
8104,12/5/2013 15:00,11,34,254
8105,12/5/2013 16:00,11,34,253
8106,12/5/2013 17:00,11,34,254
8107,12/5/2013 18:00,11,34,254
8108,12/5/2013 19:00,11,34,254
8109,12/5/2013 20:00,11,34,255
8110,12/5/2013 21:00,11,34,255
8111,12/5/2013 22:00,11,34,256
8112,12/5/2013 23:00,11,34,256
8113,12/6/2013 0:00,11,34,254
8114,12/6/2013 1:00,11,34,254
8115,12/6/2013 2:00,9,37,255
8116,12/6/2013 3:00,11,34,255
8117,12/6/2013 4:00,11,34,256
8118,12/6/2013 5:00,11,34,255
8119,12/6/2013 6:00,11,34,255
8120,12/6/2013 7:00,11,34,254
8121,12/6/2013 8:00,11,34,255
8122,12/6/2013 9:00,10,36,256
8123,12/6/2013 10:00,11,34,254
8124,12/6/2013 11:00,11,34,255
8125,12/6/2013 12:00,11,34,253
8126,12/6/2013 13:00,11,34,254
8127,12/6/2013 14:00,11,34,255
8128,12/6/2013 15:00,11,34,256
8129,12/6/2013 16:00,9,37,256
8130,12/6/2013 17:00,11,34,257
8131,12/6/2013 18:00,11,34,257
8132,12/6/2013 19:00,11,34,257
8133,12/6/2013 20:00,11,34,260
8134,12/6/2013 21:00,11,34,260
8135,12/6/2013 22:00,9,37,261
8136,12/6/2013 23:00,11,34,261
8137,12/7/2013 0:00,11,34,261
8138,12/7/2013 1:00,11,34,263
8139,12/7/2013 2:00,9,37,263
8140,12/7/2013 3:00,11,34,264
8141,12/7/2013 4:00,12,34,264
8142,12/7/2013 5:00,11,34,265
8143,12/7/2013 6:00,11,34,265
8144,12/7/2013 7:00,11,34,265
8145,12/7/2013 8:00,11,34,265
8146,12/7/2013 9:00,11,34,265
8147,12/7/2013 10:00,11,34,265
8148,12/7/2013 11:00,11,34,265
8149,12/7/2013 12:00,11,34,265
8150,12/7/2013 13:00,11,34,265
8151,12/7/2013 14:00,11,34,265
8152,12/7/2013 15:00,11,34,265
8153,12/7/2013 16:00,11,34,265
8154,12/7/2013 17:00,11,34,265
8155,12/7/2013 18:00,11,34,265
8156,12/7/2013 19:00,11,34,264
8157,12/7/2013 20:00,11,34,265
8158,12/7/2013 21:00,11,34,265
8159,12/7/2013 22:00,11,34,265
8160,12/7/2013 23:00,11,34,265
8161,12/8/2013 0:00,11,34,266
8162,12/8/2013 1:00,9,37,265
8163,12/8/2013 2:00,11,34,265
8164,12/8/2013 3:00,10,35,265
8165,12/8/2013 4:00,12,34,265
8166,12/8/2013 5:00,11,34,265
8167,12/8/2013 6:00,11,34,266
8168,12/8/2013 7:00,11,34,265
8169,12/8/2013 8:00,11,34,265
8170,12/8/2013 9:00,11,34,266
8171,12/8/2013 10:00,11,34,266
8172,12/8/2013 11:00,11,34,266
8173,12/8/2013 12:00,11,34,266
8174,12/8/2013 13:00,11,34,267
8175,12/8/2013 14:00,11,34,267
8176,12/8/2013 15:00,10,35,267
8177,12/8/2013 16:00,11,34,268
8178,12/8/2013 17:00,11,34,269
8179,12/8/2013 18:00,11,34,267
8180,12/8/2013 19:00,11,34,267
8181,12/8/2013 20:00,11,34,267
8182,12/8/2013 21:00,11,34,267
8183,12/8/2013 22:00,10,36,266
8184,12/8/2013 23:00,11,34,266
8185,12/9/2013 0:00,11,34,265
8186,12/9/2013 1:00,11,34,266
8187,12/9/2013 2:00,11,34,266
8188,12/9/2013 3:00,11,34,263
8189,12/9/2013 4:00,11,34,265
8190,12/9/2013 5:00,11,34,265
8191,12/9/2013 6:00,11,34,265
8192,12/9/2013 7:00,11,34,267
8193,12/9/2013 8:00,11,34,269
8194,12/9/2013 9:00,11,34,269
8195,12/9/2013 10:00,11,34,269
8196,12/9/2013 11:00,11,34,269
8197,12/9/2013 12:00,11,34,270
8198,12/9/2013 13:00,11,34,269
8199,12/9/2013 14:00,11,34,269
8200,12/9/2013 15:00,11,34,267
8201,12/9/2013 16:00,11,34,268
8202,12/9/2013 17:00,11,34,269
8203,12/9/2013 18:00,11,34,269
8204,12/9/2013 19:00,11,34,269
8205,12/9/2013 20:00,11,34,269
8206,12/9/2013 21:00,11,34,269
8207,12/9/2013 22:00,11,34,269
8208,12/9/2013 23:00,11,34,269
8209,12/10/2013 0:00,11,34,270
8210,12/10/2013 1:00,11,34,269
8211,12/10/2013 2:00,9,37,269
8212,12/10/2013 3:00,11,34,269
8213,12/10/2013 4:00,9,37,269
8214,12/10/2013 5:00,11,34,269
8215,12/10/2013 6:00,11,34,268
8216,12/10/2013 7:00,11,34,267
8217,12/10/2013 8:00,11,34,268
8218,12/10/2013 9:00,11,34,267
8219,12/10/2013 10:00,11,34,267
8220,12/10/2013 11:00,11,36,267
8221,12/10/2013 12:00,11,34,267
8222,12/10/2013 13:00,11,34,267
8223,12/10/2013 14:00,11,34,267
8224,12/10/2013 15:00,11,34,266
8225,12/10/2013 16:00,11,34,269
8226,12/10/2013 17:00,11,34,269
8227,12/10/2013 18:00,11,34,268
8228,12/10/2013 19:00,11,34,267
8229,12/10/2013 20:00,11,34,267
8230,12/10/2013 21:00,11,34,266
8231,12/10/2013 22:00,12,34,267
8232,12/10/2013 23:00,11,34,267
8233,12/11/2013 0:00,11,34,267
8234,12/11/2013 1:00,11,34,267
8235,12/11/2013 2:00,11,34,266
8236,12/11/2013 3:00,11,34,267
8237,12/11/2013 4:00,11,34,267
8238,12/11/2013 5:00,11,34,266
8239,12/11/2013 6:00,10,35,266
8240,12/11/2013 7:00,11,34,266
8241,12/11/2013 8:00,11,34,267
8242,12/11/2013 9:00,10,36,267
8243,12/11/2013 10:00,11,34,266
8244,12/11/2013 11:00,10,35,267
8245,12/11/2013 12:00,11,34,266
8246,12/11/2013 13:00,10,36,267
8247,12/11/2013 14:00,11,34,267
8248,12/11/2013 15:00,11,34,267
8249,12/11/2013 16:00,12,34,267
8250,12/11/2013 17:00,11,34,268
8251,12/11/2013 18:00,11,34,269
8252,12/11/2013 19:00,11,34,268
8253,12/11/2013 20:00,11,34,268
8254,12/11/2013 21:00,11,34,267
8255,12/11/2013 22:00,11,34,267
8256,12/11/2013 23:00,11,34,267
8257,12/12/2013 0:00,11,34,267
8258,12/12/2013 1:00,11,34,267
8259,12/12/2013 2:00,11,34,267
8260,12/12/2013 3:00,11,34,267
8261,12/12/2013 4:00,11,34,267
8262,12/12/2013 5:00,11,34,267
8263,12/12/2013 6:00,11,34,267
8264,12/12/2013 7:00,12,34,268
8265,12/12/2013 8:00,11,34,268
8266,12/12/2013 9:00,11,34,268
8267,12/12/2013 10:00,11,34,269
8268,12/12/2013 11:00,11,34,268
8269,12/12/2013 12:00,11,34,269
8270,12/12/2013 13:00,11,34,269
8271,12/12/2013 14:00,11,34,269
8272,12/12/2013 15:00,11,34,269
8273,12/12/2013 16:00,11,34,269
8274,12/12/2013 17:00,11,34,269
8275,12/12/2013 18:00,11,34,268
8276,12/12/2013 19:00,9,37,267
8277,12/12/2013 20:00,11,34,267
8278,12/12/2013 21:00,11,34,267
8279,12/12/2013 22:00,11,34,268
8280,12/12/2013 23:00,11,34,269
8281,12/13/2013 0:00,11,34,270
8282,12/13/2013 1:00,9,37,270
8283,12/13/2013 2:00,11,34,270
8284,12/13/2013 3:00,11,34,269
8285,12/13/2013 4:00,11,34,269
8286,12/13/2013 5:00,11,34,270
8287,12/13/2013 6:00,11,34,270
8288,12/13/2013 7:00,11,34,270
8289,12/13/2013 8:00,11,34,269
8290,12/13/2013 9:00,11,34,269
8291,12/13/2013 10:00,11,34,269
8292,12/13/2013 11:00,11,34,269
8293,12/13/2013 12:00,11,34,268
8294,12/13/2013 13:00,11,34,268
8295,12/13/2013 14:00,11,34,268
8296,12/13/2013 15:00,9,37,267
8297,12/13/2013 16:00,10,36,267
8298,12/13/2013 17:00,12,34,267
8299,12/13/2013 18:00,11,34,267
8300,12/13/2013 19:00,11,34,267
8301,12/13/2013 20:00,13,34,268
8302,12/13/2013 21:00,11,34,268
8303,12/13/2013 22:00,11,34,267
8304,12/13/2013 23:00,11,34,267
8305,12/14/2013 0:00,11,34,267
8306,12/14/2013 1:00,11,34,267
8307,12/14/2013 2:00,10,35,266
8308,12/14/2013 3:00,11,34,266
8309,12/14/2013 4:00,10,36,266
8310,12/14/2013 5:00,11,34,266
8311,12/14/2013 6:00,12,34,266
8312,12/14/2013 7:00,11,34,266
8313,12/14/2013 8:00,11,34,267
8314,12/14/2013 9:00,11,34,266
8315,12/14/2013 10:00,11,34,267
8316,12/14/2013 11:00,11,34,267
8317,12/14/2013 12:00,11,34,267
8318,12/14/2013 13:00,11,34,266
8319,12/14/2013 14:00,11,34,267
8320,12/14/2013 15:00,12,32,267
8321,12/14/2013 16:00,11,34,267
8322,12/14/2013 17:00,11,34,267
8323,12/14/2013 18:00,11,34,267
8324,12/14/2013 19:00,11,34,267
8325,12/14/2013 20:00,11,34,268
8326,12/14/2013 21:00,10,36,270
8327,12/14/2013 22:00,11,34,270
8328,12/14/2013 23:00,11,34,270
8329,12/15/2013 0:00,11,34,270
8330,12/15/2013 1:00,11,34,272
8331,12/15/2013 2:00,11,34,273
8332,12/15/2013 3:00,11,34,273
8333,12/15/2013 4:00,11,34,273
8334,12/15/2013 5:00,11,34,272
8335,12/15/2013 6:00,11,34,272
8336,12/15/2013 7:00,11,34,272
8337,12/15/2013 8:00,10,35,272
8338,12/15/2013 9:00,11,34,270
8339,12/15/2013 10:00,11,34,272
8340,12/15/2013 11:00,12,34,270
8341,12/15/2013 12:00,11,34,270
8342,12/15/2013 13:00,11,34,270
8343,12/15/2013 14:00,11,34,270
8344,12/15/2013 15:00,10,36,269
8345,12/15/2013 16:00,11,34,269
8346,12/15/2013 17:00,11,34,269
8347,12/15/2013 18:00,11,34,269
8348,12/15/2013 19:00,11,34,269
8349,12/15/2013 20:00,11,34,269
8350,12/15/2013 21:00,11,34,269
8351,12/15/2013 22:00,11,34,269
8352,12/15/2013 23:00,11,34,268
8353,12/16/2013 0:00,12,34,269
8354,12/16/2013 1:00,11,34,268
8355,12/16/2013 2:00,11,34,268
8356,12/16/2013 3:00,9,37,269
8357,12/16/2013 4:00,11,34,269
8358,12/16/2013 5:00,11,34,267
8359,12/16/2013 6:00,11,34,267
8360,12/16/2013 7:00,11,34,267
8361,12/16/2013 8:00,11,34,267
8362,12/16/2013 9:00,11,34,267
8363,12/16/2013 10:00,11,34,267
8364,12/16/2013 11:00,11,34,267
8365,12/16/2013 12:00,11,34,267
8366,12/16/2013 13:00,11,34,266
8367,12/16/2013 14:00,11,34,267
8368,12/16/2013 15:00,11,34,267
8369,12/16/2013 16:00,11,34,267
8370,12/16/2013 17:00,11,34,268
8371,12/16/2013 18:00,11,34,269
8372,12/16/2013 19:00,11,34,269
8373,12/16/2013 20:00,11,34,269
8374,12/16/2013 21:00,12,34,269
8375,12/16/2013 22:00,11,34,269
8376,12/16/2013 23:00,11,34,269
8377,12/17/2013 0:00,11,34,269
8378,12/17/2013 1:00,11,34,269
8379,12/17/2013 2:00,11,34,269
8380,12/17/2013 3:00,11,34,269
8381,12/17/2013 4:00,11,34,269
8382,12/17/2013 5:00,11,34,269
8383,12/17/2013 6:00,11,34,269
8384,12/17/2013 7:00,12,34,269
8385,12/17/2013 8:00,11,34,269
8386,12/17/2013 9:00,11,34,269
8387,12/17/2013 10:00,9,37,269
8388,12/17/2013 11:00,10,36,268
8389,12/17/2013 12:00,11,34,269
8390,12/17/2013 13:00,11,34,269
8391,12/17/2013 14:00,11,34,268
8392,12/17/2013 15:00,11,34,268
8393,12/17/2013 16:00,11,34,269
8394,12/17/2013 17:00,11,34,268
8395,12/17/2013 18:00,11,35,269
8396,12/17/2013 19:00,11,34,269
8397,12/17/2013 20:00,11,34,269
8398,12/17/2013 21:00,11,34,269
8399,12/17/2013 22:00,11,34,269
8400,12/17/2013 23:00,11,34,269
8401,12/18/2013 0:00,11,34,269
8402,12/18/2013 1:00,11,34,269
8403,12/18/2013 2:00,11,34,269
8404,12/18/2013 3:00,11,34,269
8405,12/18/2013 4:00,11,34,269
8406,12/18/2013 5:00,11,34,269
8407,12/18/2013 6:00,11,34,269
8408,12/18/2013 7:00,11,34,269
8409,12/18/2013 8:00,11,34,269
8410,12/18/2013 9:00,11,34,269
8411,12/18/2013 10:00,11,34,269
8412,12/18/2013 11:00,11,34,269
8413,12/18/2013 12:00,11,34,268
8414,12/18/2013 13:00,11,34,268
8415,12/18/2013 14:00,11,34,267
8416,12/18/2013 15:00,12,34,267
8417,12/18/2013 16:00,11,34,267
8418,12/18/2013 17:00,11,34,268
8419,12/18/2013 18:00,11,34,268
8420,12/18/2013 19:00,11,34,268
8421,12/18/2013 20:00,11,34,268
8422,12/18/2013 21:00,11,34,268
8423,12/18/2013 22:00,11,34,269
8424,12/18/2013 23:00,11,34,268
8425,12/19/2013 0:00,11,34,268
8426,12/19/2013 1:00,11,34,268
8427,12/19/2013 2:00,11,34,268
8428,12/19/2013 3:00,11,34,269
8429,12/19/2013 4:00,11,34,268
8430,12/19/2013 5:00,11,34,267
8431,12/19/2013 6:00,11,34,268
8432,12/19/2013 7:00,11,34,268
8433,12/19/2013 8:00,10,36,267
8434,12/19/2013 9:00,11,34,268
8435,12/19/2013 10:00,11,34,268
8436,12/19/2013 11:00,11,34,268
8437,12/19/2013 12:00,12,34,268
8438,12/19/2013 13:00,11,33,267
8439,12/19/2013 14:00,11,34,267
8440,12/19/2013 15:00,11,34,267
8441,12/19/2013 16:00,11,34,267
8442,12/19/2013 17:00,11,34,267
8443,12/19/2013 18:00,11,34,267
8444,12/19/2013 19:00,11,34,267
8445,12/19/2013 20:00,11,33,266
8446,12/19/2013 21:00,12,34,266
8447,12/19/2013 22:00,11,34,266
8448,12/19/2013 23:00,11,34,266
8449,12/20/2013 0:00,11,34,266
8450,12/20/2013 1:00,11,34,266
8451,12/20/2013 2:00,11,34,266
8452,12/20/2013 3:00,13,34,266
8453,12/20/2013 4:00,11,34,266
8454,12/20/2013 5:00,11,33,266
8455,12/20/2013 6:00,11,34,266
8456,12/20/2013 7:00,11,34,266
8457,12/20/2013 8:00,11,33,266
8458,12/20/2013 9:00,11,33,266
8459,12/20/2013 10:00,11,34,266
8460,12/20/2013 11:00,11,34,266
8461,12/20/2013 12:00,11,34,266
8462,12/20/2013 13:00,11,34,266
8463,12/20/2013 14:00,11,34,266
8464,12/20/2013 15:00,11,33,266
8465,12/20/2013 16:00,11,34,266
8466,12/20/2013 17:00,11,34,266
8467,12/20/2013 18:00,11,33,266
8468,12/20/2013 19:00,11,34,267
8469,12/20/2013 20:00,11,33,266
8470,12/20/2013 21:00,11,34,267
8471,12/20/2013 22:00,11,34,266
8472,12/20/2013 23:00,11,33,266
8473,12/21/2013 0:00,10,36,267
8474,12/21/2013 1:00,10,36,267
8475,12/21/2013 2:00,11,34,267
8476,12/21/2013 3:00,11,34,267
8477,12/21/2013 4:00,11,33,267
8478,12/21/2013 5:00,11,33,267
8479,12/21/2013 6:00,11,33,267
8480,12/21/2013 7:00,11,33,267
8481,12/21/2013 8:00,11,33,267
8482,12/21/2013 9:00,11,34,267
8483,12/21/2013 10:00,11,33,267
8484,12/21/2013 11:00,11,34,267
8485,12/21/2013 12:00,11,33,267
8486,12/21/2013 13:00,10,35,267
8487,12/21/2013 14:00,11,33,267
8488,12/21/2013 15:00,11,33,267
8489,12/21/2013 16:00,11,33,267
8490,12/21/2013 17:00,11,33,267
8491,12/21/2013 18:00,11,33,267
8492,12/21/2013 19:00,11,33,267
8493,12/21/2013 20:00,11,33,267
8494,12/21/2013 21:00,12,33,267
8495,12/21/2013 22:00,11,33,267
8496,12/21/2013 23:00,11,33,266
8497,12/22/2013 0:00,11,34,267
8498,12/22/2013 1:00,11,33,267
8499,12/22/2013 2:00,11,33,267
8500,12/22/2013 3:00,11,33,267
8501,12/22/2013 4:00,10,35,267
8502,12/22/2013 5:00,10,35,267
8503,12/22/2013 6:00,11,33,267
8504,12/22/2013 7:00,11,33,267
8505,12/22/2013 8:00,11,33,267
8506,12/22/2013 9:00,10,36,267
8507,12/22/2013 10:00,11,33,267
8508,12/22/2013 11:00,11,33,267
8509,12/22/2013 12:00,11,33,267
8510,12/22/2013 13:00,11,33,267
8511,12/22/2013 14:00,11,33,267
8512,12/22/2013 15:00,11,33,267
8513,12/22/2013 16:00,11,33,267
8514,12/22/2013 17:00,11,34,267
8515,12/22/2013 18:00,11,33,267
8516,12/22/2013 19:00,11,33,267
8517,12/22/2013 20:00,11,33,267
8518,12/22/2013 21:00,11,33,267
8519,12/22/2013 22:00,11,33,267
8520,12/22/2013 23:00,11,33,267
8521,12/23/2013 0:00,11,33,267
8522,12/23/2013 1:00,11,33,267
8523,12/23/2013 2:00,11,33,267
8524,12/23/2013 3:00,11,33,267
8525,12/23/2013 4:00,11,33,267
8526,12/23/2013 5:00,11,33,267
8527,12/23/2013 6:00,10,35,267
8528,12/23/2013 7:00,11,33,266
8529,12/23/2013 8:00,12,33,266
8530,12/23/2013 9:00,11,33,266
8531,12/23/2013 10:00,11,33,266
8532,12/23/2013 11:00,11,33,266
8533,12/23/2013 12:00,11,33,266
8534,12/23/2013 13:00,11,33,266
8535,12/23/2013 14:00,11,33,266
8536,12/23/2013 15:00,10,36,266
8537,12/23/2013 16:00,10,35,266
8538,12/23/2013 17:00,11,33,266
8539,12/23/2013 18:00,11,33,266
8540,12/23/2013 19:00,11,33,266
8541,12/23/2013 20:00,11,33,266
8542,12/23/2013 21:00,11,34,266
8543,12/23/2013 22:00,13,33,266
8544,12/23/2013 23:00,11,33,266
8545,12/24/2013 0:00,11,33,266
8546,12/24/2013 1:00,12,33,266
8547,12/24/2013 2:00,10,36,266
8548,12/24/2013 3:00,11,33,265
8549,12/24/2013 4:00,11,33,265
8550,12/24/2013 5:00,10,35,266
8551,12/24/2013 6:00,11,33,266
8552,12/24/2013 7:00,11,33,266
8553,12/24/2013 8:00,11,33,265
8554,12/24/2013 9:00,11,34,265
8555,12/24/2013 10:00,11,33,265
8556,12/24/2013 11:00,11,33,265
8557,12/24/2013 12:00,11,33,265
8558,12/24/2013 13:00,11,33,265
8559,12/24/2013 14:00,11,33,265
8560,12/24/2013 15:00,11,33,265
8561,12/24/2013 16:00,11,33,265
8562,12/24/2013 17:00,11,33,265
8563,12/24/2013 18:00,10,35,265
8564,12/24/2013 19:00,11,33,265
8565,12/24/2013 20:00,11,33,265
8566,12/24/2013 21:00,11,33,265
8567,12/24/2013 22:00,11,33,265
8568,12/24/2013 23:00,11,33,265
8569,12/25/2013 0:00,10,36,265
8570,12/25/2013 1:00,11,34,265
8571,12/25/2013 2:00,11,34,265
8572,12/25/2013 3:00,11,33,265
8573,12/25/2013 4:00,11,33,264
8574,12/25/2013 5:00,11,33,264
8575,12/25/2013 6:00,11,33,265
8576,12/25/2013 7:00,11,33,265
8577,12/25/2013 8:00,11,33,265
8578,12/25/2013 9:00,11,33,265
8579,12/25/2013 10:00,11,34,265
8580,12/25/2013 11:00,11,33,264
8581,12/25/2013 12:00,12,33,264
8582,12/25/2013 13:00,11,33,264
8583,12/25/2013 14:00,11,33,264
8584,12/25/2013 15:00,11,34,264
8585,12/25/2013 16:00,11,33,264
8586,12/25/2013 17:00,10,36,264
8587,12/25/2013 18:00,11,33,264
8588,12/25/2013 19:00,11,33,265
8589,12/25/2013 20:00,11,33,265
8590,12/25/2013 21:00,11,34,265
8591,12/25/2013 22:00,11,33,265
8592,12/25/2013 23:00,11,33,265
8593,12/26/2013 0:00,12,33,265
8594,12/26/2013 1:00,11,34,265
8595,12/26/2013 2:00,11,33,265
8596,12/26/2013 3:00,11,33,265
8597,12/26/2013 4:00,11,33,265
8598,12/26/2013 5:00,11,33,265
8599,12/26/2013 6:00,11,34,265
8600,12/26/2013 7:00,11,33,264
8601,12/26/2013 8:00,11,33,264
8602,12/26/2013 9:00,11,34,264
8603,12/26/2013 10:00,11,33,264
8604,12/26/2013 11:00,11,33,263
8605,12/26/2013 12:00,11,33,263
8606,12/26/2013 13:00,11,33,262
8607,12/26/2013 14:00,11,33,262
8608,12/26/2013 15:00,13,34,262
8609,12/26/2013 16:00,10,35,262
8610,12/26/2013 17:00,11,33,261
8611,12/26/2013 18:00,12,33,261
8612,12/26/2013 19:00,11,34,261
8613,12/26/2013 20:00,11,34,261
8614,12/26/2013 21:00,11,34,261
8615,12/26/2013 22:00,11,33,261
8616,12/26/2013 23:00,11,34,261
8617,12/27/2013 0:00,11,34,261
8618,12/27/2013 1:00,11,34,261
8619,12/27/2013 2:00,11,34,261
8620,12/27/2013 3:00,11,34,263
8621,12/27/2013 4:00,11,34,263
8622,12/27/2013 5:00,11,34,261
8623,12/27/2013 6:00,10,35,261
8624,12/27/2013 7:00,11,34,261
8625,12/27/2013 8:00,11,34,261
8626,12/27/2013 9:00,11,33,261
8627,12/27/2013 10:00,11,33,261
8628,12/27/2013 11:00,11,34,261
8629,12/27/2013 12:00,11,33,261
8630,12/27/2013 13:00,11,33,261
8631,12/27/2013 14:00,11,34,260
8632,12/27/2013 15:00,10,36,261
8633,12/27/2013 16:00,10,36,260
8634,12/27/2013 17:00,11,33,260
8635,12/27/2013 18:00,11,33,260
8636,12/27/2013 19:00,11,34,260
8637,12/27/2013 20:00,10,35,260
8638,12/27/2013 21:00,11,34,260
8639,12/27/2013 22:00,10,36,260
8640,12/27/2013 23:00,10,36,260
8641,12/28/2013 0:00,11,34,259
8642,12/28/2013 1:00,11,33,259
8643,12/28/2013 2:00,11,34,260
8644,12/28/2013 3:00,11,34,260
8645,12/28/2013 4:00,10,35,260
8646,12/28/2013 5:00,11,34,259
8647,12/28/2013 6:00,11,34,260
8648,12/28/2013 7:00,11,34,259
8649,12/28/2013 8:00,11,34,259
8650,12/28/2013 9:00,10,36,259
8651,12/28/2013 10:00,11,34,259
8652,12/28/2013 11:00,10,35,260
8653,12/28/2013 12:00,11,34,259
8654,12/28/2013 13:00,11,34,259
8655,12/28/2013 14:00,11,34,259
8656,12/28/2013 15:00,10,35,259
8657,12/28/2013 16:00,10,35,259
8658,12/28/2013 17:00,11,34,259
8659,12/28/2013 18:00,11,34,259
8660,12/28/2013 19:00,11,34,259
8661,12/28/2013 20:00,11,34,258
8662,12/28/2013 21:00,11,34,259
8663,12/28/2013 22:00,11,34,259
8664,12/28/2013 23:00,11,34,259
8665,12/29/2013 0:00,11,34,260
8666,12/29/2013 1:00,11,34,259
8667,12/29/2013 2:00,11,34,259
8668,12/29/2013 3:00,11,34,259
8669,12/29/2013 4:00,10,36,260
8670,12/29/2013 5:00,11,34,259
8671,12/29/2013 6:00,11,34,259
8672,12/29/2013 7:00,11,34,259
8673,12/29/2013 8:00,11,34,258
8674,12/29/2013 9:00,12,34,258
8675,12/29/2013 10:00,11,34,257
8676,12/29/2013 11:00,11,34,257
8677,12/29/2013 12:00,11,34,257
8678,12/29/2013 13:00,11,34,258
8679,12/29/2013 14:00,11,34,258
8680,12/29/2013 15:00,11,34,257
8681,12/29/2013 16:00,12,34,258
8682,12/29/2013 17:00,11,33,257
8683,12/29/2013 18:00,11,34,258
8684,12/29/2013 19:00,11,34,258
8685,12/29/2013 20:00,11,34,258
8686,12/29/2013 21:00,11,34,258
8687,12/29/2013 22:00,10,36,257
8688,12/29/2013 23:00,11,34,257
8689,12/30/2013 0:00,11,34,257
8690,12/30/2013 1:00,11,34,258
8691,12/30/2013 2:00,10,35,258
8692,12/30/2013 3:00,12,34,258
8693,12/30/2013 4:00,10,35,258
8694,12/30/2013 5:00,11,34,258
8695,12/30/2013 6:00,11,34,259
8696,12/30/2013 7:00,11,34,259
8697,12/30/2013 8:00,11,34,259
8698,12/30/2013 9:00,9,37,259
8699,12/30/2013 10:00,11,34,259
8700,12/30/2013 11:00,11,34,259
8701,12/30/2013 12:00,11,34,259
8702,12/30/2013 13:00,10,36,259
8703,12/30/2013 14:00,11,34,259
8704,12/30/2013 15:00,11,34,259
8705,12/30/2013 16:00,11,34,259
8706,12/30/2013 17:00,12,34,259
8707,12/30/2013 18:00,11,34,259
8708,12/30/2013 19:00,11,34,259
8709,12/30/2013 20:00,11,34,259
8710,12/30/2013 21:00,11,34,259
8711,12/30/2013 22:00,11,34,259
8712,12/30/2013 23:00,11,34,259
8713,12/31/2013 0:00,9,37,259
8714,12/31/2013 1:00,9,37,259
8715,12/31/2013 2:00,9,37,258
8716,12/31/2013 3:00,13,34,258
8717,12/31/2013 4:00,11,34,259
8718,12/31/2013 5:00,11,34,258
8719,12/31/2013 6:00,10,35,258
8720,12/31/2013 7:00,11,34,258
8721,12/31/2013 8:00,10,35,258
8722,12/31/2013 9:00,11,34,257
8723,12/31/2013 10:00,11,34,258
8724,12/31/2013 11:00,11,34,258
8725,12/31/2013 12:00,11,34,258
8726,12/31/2013 13:00,11,33,258
8727,12/31/2013 14:00,11,34,258
8728,12/31/2013 15:00,11,34,257
8729,12/31/2013 16:00,9,37,258
8730,12/31/2013 17:00,10,35,258
8731,12/31/2013 18:00,11,34,259
8732,12/31/2013 19:00,11,34,259
8733,12/31/2013 20:00,11,34,258
8734,12/31/2013 21:00,11,34,258
8735,12/31/2013 22:00,10,36,259
8736,12/31/2013 23:00,12,32,259
8737,1/1/2014 0:00,11,34,256
8738,1/1/2014 1:00,11,34,254
8739,1/1/2014 2:00,10,35,312
8740,1/1/2014 3:00,11,34,269
8741,1/1/2014 4:00,11,34,276
8742,1/1/2014 5:00,11,34,291
8743,1/1/2014 6:00,11,34,287
8744,1/1/2014 7:00,11,34,298
8745,1/1/2014 8:00,11,34,315
8746,1/1/2014 9:00,11,34,320
8747,1/1/2014 10:00,11,34,324
8748,1/1/2014 11:00,12,34,330
8749,1/1/2014 12:00,12,33,351
8750,1/1/2014 13:00,11,34,326
8751,1/1/2014 14:00,11,34,336
8752,1/1/2014 15:00,11,34,335
8753,1/1/2014 16:00,11,34,364
8754,1/1/2014 17:00,36,32,327
8755,1/1/2014 18:00,10,35,337
8756,1/1/2014 19:00,11,34,356
8757,1/1/2014 20:00,12,34,339
8758,1/1/2014 21:00,61,34,336
8759,1/1/2014 22:00,59,33,338
8760,1/1/2014 23:00,63,33,338
8761,1/2/2014 0:00,63,33,339
8762,1/2/2014 1:00,58,33,339
8763,1/2/2014 2:00,69,33,339
8764,1/2/2014 3:00,63,34,335
8765,1/2/2014 4:00,59,34,336
8766,1/2/2014 5:00,56,33,348
8767,1/2/2014 6:00,46,33,321
8768,1/2/2014 7:00,41,33,319
8769,1/2/2014 8:00,39,33,285
8770,1/2/2014 9:00,36,33,301
8771,1/2/2014 10:00,33,33,315
8772,1/2/2014 11:00,28,33,315
8773,1/2/2014 12:00,25,33,307
8774,1/2/2014 13:00,20,33,300
8775,1/2/2014 14:00,14,33,301
8776,1/2/2014 15:00,14,33,304
8777,1/2/2014 16:00,14,33,307
8778,1/2/2014 17:00,14,33,311
8779,1/2/2014 18:00,14,33,304
8780,1/2/2014 19:00,14,33,313
8781,1/2/2014 20:00,14,33,328
8782,1/2/2014 21:00,13,33,330
8783,1/2/2014 22:00,13,33,333
8784,1/2/2014 23:00,13,33,333
8785,1/3/2014 0:00,13,33,334
8786,1/3/2014 1:00,13,33,334
8787,1/3/2014 2:00,13,33,334
8788,1/3/2014 3:00,12,33,334
8789,1/3/2014 4:00,12,33,334
8790,1/3/2014 5:00,12,33,334
8791,1/3/2014 6:00,25,33,335
8792,1/3/2014 7:00,12,33,335
8793,1/3/2014 8:00,14,33,334
8794,1/3/2014 9:00,12,33,334
8795,1/3/2014 10:00,12,33,334
8796,1/3/2014 11:00,12,33,334
8797,1/3/2014 12:00,12,33,334
8798,1/3/2014 13:00,12,33,334
8799,1/3/2014 14:00,14,33,333
8800,1/3/2014 15:00,12,33,333
8801,1/3/2014 16:00,13,32,333
8802,1/3/2014 17:00,12,33,333
8803,1/3/2014 18:00,12,33,333
8804,1/3/2014 19:00,12,33,334
8805,1/3/2014 20:00,12,33,335
8806,1/3/2014 21:00,14,33,333
8807,1/3/2014 22:00,12,33,333
8808,1/3/2014 23:00,13,32,333
8809,1/4/2014 0:00,13,32,333
8810,1/4/2014 1:00,13,32,333
8811,1/4/2014 2:00,13,32,333
8812,1/4/2014 3:00,12,33,332
8813,1/4/2014 4:00,13,32,332
8814,1/4/2014 5:00,13,32,331
8815,1/4/2014 6:00,13,32,331
8816,1/4/2014 7:00,13,32,331
8817,1/4/2014 8:00,13,32,331
8818,1/4/2014 9:00,13,32,330
8819,1/4/2014 10:00,13,32,330
8820,1/4/2014 11:00,13,32,330
8821,1/4/2014 12:00,13,32,330
8822,1/4/2014 13:00,13,32,330
8823,1/4/2014 14:00,13,32,330
8824,1/4/2014 15:00,13,32,329
8825,1/4/2014 16:00,13,32,329
8826,1/4/2014 17:00,13,32,329
8827,1/4/2014 18:00,13,32,328
8828,1/4/2014 19:00,13,32,328
8829,1/4/2014 20:00,13,32,328
8830,1/4/2014 21:00,15,32,328
8831,1/4/2014 22:00,13,32,328
8832,1/4/2014 23:00,13,32,328
8833,1/5/2014 0:00,13,32,328
8834,1/5/2014 1:00,13,32,328
8835,1/5/2014 2:00,13,32,327
8836,1/5/2014 3:00,13,32,327
8837,1/5/2014 4:00,13,32,327
8838,1/5/2014 5:00,13,32,327
8839,1/5/2014 6:00,13,32,327
8840,1/5/2014 7:00,13,32,327
8841,1/5/2014 8:00,13,32,327
8842,1/5/2014 9:00,13,32,327
8843,1/5/2014 10:00,13,32,327
8844,1/5/2014 11:00,13,32,327
8845,1/5/2014 12:00,13,32,326
8846,1/5/2014 13:00,13,32,326
8847,1/5/2014 14:00,13,32,326
8848,1/5/2014 15:00,13,32,326
8849,1/5/2014 16:00,13,32,326
8850,1/5/2014 17:00,13,32,326
8851,1/5/2014 18:00,13,32,326
8852,1/5/2014 19:00,13,32,326
8853,1/5/2014 20:00,13,32,326
8854,1/5/2014 21:00,13,32,326
8855,1/5/2014 22:00,13,32,326
8856,1/5/2014 23:00,13,32,325
8857,1/6/2014 0:00,13,32,325
8858,1/6/2014 1:00,13,32,325
8859,1/6/2014 2:00,13,32,325
8860,1/6/2014 3:00,13,32,325
8861,1/6/2014 4:00,13,32,325
8862,1/6/2014 5:00,13,32,325
8863,1/6/2014 6:00,13,32,325
8864,1/6/2014 7:00,13,32,325
8865,1/6/2014 8:00,13,32,325
8866,1/6/2014 9:00,13,32,325
8867,1/6/2014 10:00,13,32,325
8868,1/6/2014 11:00,13,32,325
8869,1/6/2014 12:00,13,32,324
8870,1/6/2014 13:00,13,32,324
8871,1/6/2014 14:00,14,32,324
8872,1/6/2014 15:00,13,32,324
8873,1/6/2014 16:00,13,32,324
8874,1/6/2014 17:00,13,32,324
8875,1/6/2014 18:00,13,32,324
8876,1/6/2014 19:00,13,32,324
8877,1/6/2014 20:00,13,32,324
8878,1/6/2014 21:00,13,32,324
8879,1/6/2014 22:00,13,32,324
8880,1/6/2014 23:00,13,32,323
8881,1/7/2014 0:00,13,32,322
8882,1/7/2014 1:00,15,32,322
8883,1/7/2014 2:00,13,32,322
8884,1/7/2014 3:00,13,32,322
8885,1/7/2014 4:00,15,32,322
8886,1/7/2014 5:00,13,32,322
8887,1/7/2014 6:00,13,32,322
8888,1/7/2014 7:00,13,32,322
8889,1/7/2014 8:00,13,32,322
8890,1/7/2014 9:00,13,32,322
8891,1/7/2014 10:00,13,32,321
8892,1/7/2014 11:00,13,32,322
8893,1/7/2014 12:00,13,32,322
8894,1/7/2014 13:00,13,32,321
8895,1/7/2014 14:00,13,32,321
8896,1/7/2014 15:00,13,32,321
8897,1/7/2014 16:00,13,32,321
8898,1/7/2014 17:00,15,32,350
8899,1/7/2014 18:00,12,32,350
8900,1/7/2014 19:00,13,32,354
8901,1/7/2014 20:00,13,32,333
8902,1/7/2014 21:00,13,32,333
8903,1/7/2014 22:00,13,32,334
8904,1/7/2014 23:00,13,32,335
8905,1/8/2014 0:00,13,32,335
8906,1/8/2014 1:00,13,32,335
8907,1/8/2014 2:00,15,32,335
8908,1/8/2014 3:00,13,32,335
8909,1/8/2014 4:00,13,32,336
8910,1/8/2014 5:00,13,32,336
8911,1/8/2014 6:00,15,32,336
8912,1/8/2014 7:00,13,32,336
8913,1/8/2014 8:00,13,32,336
8914,1/8/2014 9:00,13,32,336
8915,1/8/2014 10:00,13,32,336
8916,1/8/2014 11:00,13,32,336
8917,1/8/2014 12:00,13,32,336
8918,1/8/2014 13:00,13,32,336
8919,1/8/2014 14:00,13,32,336
8920,1/8/2014 15:00,13,32,336
8921,1/8/2014 16:00,13,32,336
8922,1/8/2014 17:00,13,32,336
8923,1/8/2014 18:00,13,32,336
8924,1/8/2014 19:00,13,32,336
8925,1/8/2014 20:00,13,32,336
8926,1/8/2014 21:00,13,32,336
8927,1/8/2014 22:00,13,32,336
8928,1/8/2014 23:00,13,32,336
8929,1/9/2014 0:00,13,32,336
8930,1/9/2014 1:00,13,32,335
8931,1/9/2014 2:00,13,32,335
8932,1/9/2014 3:00,13,32,335
8933,1/9/2014 4:00,13,32,335
8934,1/9/2014 5:00,13,32,334
8935,1/9/2014 6:00,13,32,334
8936,1/9/2014 7:00,13,32,334
8937,1/9/2014 8:00,13,32,334
8938,1/9/2014 9:00,13,32,334
8939,1/9/2014 10:00,12,33,333
8940,1/9/2014 11:00,12,33,334
8941,1/9/2014 12:00,13,32,334
8942,1/9/2014 13:00,13,32,334
8943,1/9/2014 14:00,13,32,334
8944,1/9/2014 15:00,13,32,334
8945,1/9/2014 16:00,12,32,333
8946,1/9/2014 17:00,12,32,333
8947,1/9/2014 18:00,12,32,333
8948,1/9/2014 19:00,12,32,331
8949,1/9/2014 20:00,12,32,331
8950,1/9/2014 21:00,12,32,331
8951,1/9/2014 22:00,12,32,331
8952,1/9/2014 23:00,12,32,330
8953,1/10/2014 0:00,12,32,331
8954,1/10/2014 1:00,12,32,331
8955,1/10/2014 2:00,12,32,330
8956,1/10/2014 3:00,12,32,331
8957,1/10/2014 4:00,12,32,331
8958,1/10/2014 5:00,12,32,330
8959,1/10/2014 6:00,12,32,330
8960,1/10/2014 7:00,12,32,330
8961,1/10/2014 8:00,12,32,330
8962,1/10/2014 9:00,12,32,331
8963,1/10/2014 10:00,12,32,330
8964,1/10/2014 11:00,12,32,330
8965,1/10/2014 12:00,12,32,330
8966,1/10/2014 13:00,12,32,330
8967,1/10/2014 14:00,12,32,330
8968,1/10/2014 15:00,12,32,330
8969,1/10/2014 16:00,10,35,330
8970,1/10/2014 17:00,12,32,330
8971,1/10/2014 18:00,15,32,330
8972,1/10/2014 19:00,12,31,330
8973,1/10/2014 20:00,11,34,330
8974,1/10/2014 21:00,12,31,330
8975,1/10/2014 22:00,12,32,330
8976,1/10/2014 23:00,12,32,330
8977,1/11/2014 0:00,12,32,330
8978,1/11/2014 1:00,12,32,330
8979,1/11/2014 2:00,15,32,330
8980,1/11/2014 3:00,12,32,330
8981,1/11/2014 4:00,12,32,330
8982,1/11/2014 5:00,12,32,330
8983,1/11/2014 6:00,12,32,330
8984,1/11/2014 7:00,14,32,330
8985,1/11/2014 8:00,15,32,330
8986,1/11/2014 9:00,12,32,330
8987,1/11/2014 10:00,12,32,330
8988,1/11/2014 11:00,15,32,330
8989,1/11/2014 12:00,12,32,329
8990,1/11/2014 13:00,12,32,330
8991,1/11/2014 14:00,11,33,330
8992,1/11/2014 15:00,15,32,330
8993,1/11/2014 16:00,12,32,330
8994,1/11/2014 17:00,12,32,329
8995,1/11/2014 18:00,12,32,330
8996,1/11/2014 19:00,10,35,329
8997,1/11/2014 20:00,12,32,329
8998,1/11/2014 21:00,12,32,329
8999,1/11/2014 22:00,12,32,329
9000,1/11/2014 23:00,12,32,329
9001,1/12/2014 0:00,12,32,329
9002,1/12/2014 1:00,12,32,329
9003,1/12/2014 2:00,12,32,329
9004,1/12/2014 3:00,12,32,329
9005,1/12/2014 4:00,13,32,329
9006,1/12/2014 5:00,12,32,329
9007,1/12/2014 6:00,12,32,329
9008,1/12/2014 7:00,12,32,328
9009,1/12/2014 8:00,12,32,329
9010,1/12/2014 9:00,12,32,329
9011,1/12/2014 10:00,12,32,329
9012,1/12/2014 11:00,12,32,329
9013,1/12/2014 12:00,12,32,329
9014,1/12/2014 13:00,12,32,329
9015,1/12/2014 14:00,12,32,329
9016,1/12/2014 15:00,12,32,329
9017,1/12/2014 16:00,12,32,330
9018,1/12/2014 17:00,12,32,330
9019,1/12/2014 18:00,12,32,330
9020,1/12/2014 19:00,12,32,329
9021,1/12/2014 20:00,12,32,330
9022,1/12/2014 21:00,15,32,329
9023,1/12/2014 22:00,10,35,329
9024,1/12/2014 23:00,12,32,329
9025,1/13/2014 0:00,14,32,330
9026,1/13/2014 1:00,12,32,330
9027,1/13/2014 2:00,12,32,329
9028,1/13/2014 3:00,12,32,330
9029,1/13/2014 4:00,12,32,330
9030,1/13/2014 5:00,12,32,330
9031,1/13/2014 6:00,12,32,330
9032,1/13/2014 7:00,12,32,330
9033,1/13/2014 8:00,12,32,330
9034,1/13/2014 9:00,12,32,330
9035,1/13/2014 10:00,12,32,330
9036,1/13/2014 11:00,15,32,330
9037,1/13/2014 12:00,12,32,330
9038,1/13/2014 13:00,12,32,330
9039,1/13/2014 14:00,12,32,330
9040,1/13/2014 15:00,12,32,330
9041,1/13/2014 16:00,12,32,330
9042,1/13/2014 17:00,12,32,329
9043,1/13/2014 18:00,12,32,330
9044,1/13/2014 19:00,12,32,330
9045,1/13/2014 20:00,12,32,330
9046,1/13/2014 21:00,12,32,330
9047,1/13/2014 22:00,12,32,329
9048,1/13/2014 23:00,12,32,330
9049,1/14/2014 0:00,12,32,330
9050,1/14/2014 1:00,12,32,330
9051,1/14/2014 2:00,12,32,330
9052,1/14/2014 3:00,12,32,330
9053,1/14/2014 4:00,12,32,330
9054,1/14/2014 5:00,12,32,330
9055,1/14/2014 6:00,12,32,329
9056,1/14/2014 7:00,14,32,328
9057,1/14/2014 8:00,12,32,328
9058,1/14/2014 9:00,12,32,328
9059,1/14/2014 10:00,12,32,328
9060,1/14/2014 11:00,12,32,328
9061,1/14/2014 12:00,12,32,328
9062,1/14/2014 13:00,15,32,328
9063,1/14/2014 14:00,12,32,328
9064,1/14/2014 15:00,12,32,328
9065,1/14/2014 16:00,12,32,328
9066,1/14/2014 17:00,12,32,328
9067,1/14/2014 18:00,12,32,328
9068,1/14/2014 19:00,12,32,328
9069,1/14/2014 20:00,12,32,328
9070,1/14/2014 21:00,12,32,328
9071,1/14/2014 22:00,12,32,328
9072,1/14/2014 23:00,12,32,328
9073,1/15/2014 0:00,12,32,328
9074,1/15/2014 1:00,12,32,328
9075,1/15/2014 2:00,12,32,328
9076,1/15/2014 3:00,12,32,328
9077,1/15/2014 4:00,12,32,328
9078,1/15/2014 5:00,15,32,328
9079,1/15/2014 6:00,12,32,328
9080,1/15/2014 7:00,12,32,328
9081,1/15/2014 8:00,12,32,328
9082,1/15/2014 9:00,12,32,328
9083,1/15/2014 10:00,12,32,328
9084,1/15/2014 11:00,12,32,328
9085,1/15/2014 12:00,12,32,328
9086,1/15/2014 13:00,12,32,328
9087,1/15/2014 14:00,12,32,328
9088,1/15/2014 15:00,12,32,328
9089,1/15/2014 16:00,12,32,328
9090,1/15/2014 17:00,12,32,328
9091,1/15/2014 18:00,12,32,328
9092,1/15/2014 19:00,12,32,328
9093,1/15/2014 20:00,12,32,328
9094,1/15/2014 21:00,12,32,328
9095,1/15/2014 22:00,13,32,328
9096,1/15/2014 23:00,12,32,328
9097,1/16/2014 0:00,12,32,351
9098,1/16/2014 1:00,12,32,356
9099,1/16/2014 2:00,12,32,352
9100,1/16/2014 3:00,12,32,353
9101,1/16/2014 4:00,10,35,351
9102,1/16/2014 5:00,12,32,351
9103,1/16/2014 6:00,12,32,352
9104,1/16/2014 7:00,12,32,350
9105,1/16/2014 8:00,12,32,352
9106,1/16/2014 9:00,12,32,355
9107,1/16/2014 10:00,12,32,361
9108,1/16/2014 11:00,12,32,372
9109,1/16/2014 12:00,12,32,391
9110,1/16/2014 13:00,12,32,393
9111,1/16/2014 14:00,12,32,383
9112,1/16/2014 15:00,12,32,382
9113,1/16/2014 16:00,12,32,381
9114,1/16/2014 17:00,12,32,379
9115,1/16/2014 18:00,12,32,381
9116,1/16/2014 19:00,12,32,378
9117,1/16/2014 20:00,12,32,380
9118,1/16/2014 21:00,12,32,370
9119,1/16/2014 22:00,12,32,362
9120,1/16/2014 23:00,12,32,361
9121,1/17/2014 0:00,12,32,362
9122,1/17/2014 1:00,12,32,361
9123,1/17/2014 2:00,12,32,361
9124,1/17/2014 3:00,12,32,361
9125,1/17/2014 4:00,12,32,361
9126,1/17/2014 5:00,12,32,361
9127,1/17/2014 6:00,12,32,361
9128,1/17/2014 7:00,11,34,361
9129,1/17/2014 8:00,15,32,361
9130,1/17/2014 9:00,12,32,361
9131,1/17/2014 10:00,12,32,361
9132,1/17/2014 11:00,12,32,361
9133,1/17/2014 12:00,12,32,361
9134,1/17/2014 13:00,12,32,361
9135,1/17/2014 14:00,12,32,361
9136,1/17/2014 15:00,12,32,361
9137,1/17/2014 16:00,12,32,361
9138,1/17/2014 17:00,12,32,361
9139,1/17/2014 18:00,12,32,361
9140,1/17/2014 19:00,12,32,361
9141,1/17/2014 20:00,12,32,361
9142,1/17/2014 21:00,12,32,360
9143,1/17/2014 22:00,12,32,360
9144,1/17/2014 23:00,12,32,360
9145,1/18/2014 0:00,12,32,360
9146,1/18/2014 1:00,12,32,360
9147,1/18/2014 2:00,12,32,360
9148,1/18/2014 3:00,12,32,360
9149,1/18/2014 4:00,13,32,360
9150,1/18/2014 5:00,12,32,360
9151,1/18/2014 6:00,12,32,360
9152,1/18/2014 7:00,12,32,360
9153,1/18/2014 8:00,12,32,360
9154,1/18/2014 9:00,12,32,360
9155,1/18/2014 10:00,12,32,360
9156,1/18/2014 11:00,12,32,360
9157,1/18/2014 12:00,12,32,360
9158,1/18/2014 13:00,12,32,360
9159,1/18/2014 14:00,12,32,360
9160,1/18/2014 15:00,12,32,361
9161,1/18/2014 16:00,12,32,362
9162,1/18/2014 17:00,12,32,362
9163,1/18/2014 18:00,12,32,362
9164,1/18/2014 19:00,12,32,361
9165,1/18/2014 20:00,12,32,361
9166,1/18/2014 21:00,12,32,361
9167,1/18/2014 22:00,12,32,361
9168,1/18/2014 23:00,12,32,361
9169,1/19/2014 0:00,13,32,361
9170,1/19/2014 1:00,12,32,361
9171,1/19/2014 2:00,12,32,361
9172,1/19/2014 3:00,12,32,361
9173,1/19/2014 4:00,15,32,361
9174,1/19/2014 5:00,12,32,361
9175,1/19/2014 6:00,12,32,361
9176,1/19/2014 7:00,12,32,361
9177,1/19/2014 8:00,12,32,361
9178,1/19/2014 9:00,12,32,361
9179,1/19/2014 10:00,12,32,361
9180,1/19/2014 11:00,12,32,361
9181,1/19/2014 12:00,12,32,361
9182,1/19/2014 13:00,12,32,361
9183,1/19/2014 14:00,12,32,361
9184,1/19/2014 15:00,12,32,361
9185,1/19/2014 16:00,12,32,361
9186,1/19/2014 17:00,12,32,361
9187,1/19/2014 18:00,12,32,361
9188,1/19/2014 19:00,12,32,361
9189,1/19/2014 20:00,12,32,361
9190,1/19/2014 21:00,12,32,361
9191,1/19/2014 22:00,10,35,361
9192,1/19/2014 23:00,12,32,361
9193,1/20/2014 0:00,12,32,360
9194,1/20/2014 1:00,12,32,360
9195,1/20/2014 2:00,12,32,361
9196,1/20/2014 3:00,12,32,360
9197,1/20/2014 4:00,13,30,360
9198,1/20/2014 5:00,12,32,360
9199,1/20/2014 6:00,12,32,360
9200,1/20/2014 7:00,12,32,360
9201,1/20/2014 8:00,12,32,360
9202,1/20/2014 9:00,12,32,360
9203,1/20/2014 10:00,12,32,360
9204,1/20/2014 11:00,12,32,360
9205,1/20/2014 12:00,12,32,360
9206,1/20/2014 13:00,12,32,360
9207,1/20/2014 14:00,12,32,360
9208,1/20/2014 15:00,12,32,360
9209,1/20/2014 16:00,12,32,360
9210,1/20/2014 17:00,12,32,360
9211,1/20/2014 18:00,12,32,360
9212,1/20/2014 19:00,12,32,360
9213,1/20/2014 20:00,12,32,360
9214,1/20/2014 21:00,12,32,360
9215,1/20/2014 22:00,12,32,360
9216,1/20/2014 23:00,12,32,360
9217,1/21/2014 0:00,12,32,360
9218,1/21/2014 1:00,12,32,360
9219,1/21/2014 2:00,12,32,360
9220,1/21/2014 3:00,12,32,360
9221,1/21/2014 4:00,12,32,360
9222,1/21/2014 5:00,12,32,360
9223,1/21/2014 6:00,12,32,360
9224,1/21/2014 7:00,12,32,360
9225,1/21/2014 8:00,12,32,360
9226,1/21/2014 9:00,12,32,360
9227,1/21/2014 10:00,12,32,360
9228,1/21/2014 11:00,12,32,360
9229,1/21/2014 12:00,12,32,360
9230,1/21/2014 13:00,12,32,360
9231,1/21/2014 14:00,12,32,360
9232,1/21/2014 15:00,12,32,360
9233,1/21/2014 16:00,12,32,360
9234,1/21/2014 17:00,12,32,360
9235,1/21/2014 18:00,12,32,360
9236,1/21/2014 19:00,12,32,360
9237,1/21/2014 20:00,12,32,360
9238,1/21/2014 21:00,12,32,360
9239,1/21/2014 22:00,12,32,360
9240,1/21/2014 23:00,12,32,360
9241,1/22/2014 0:00,12,32,360
9242,1/22/2014 1:00,12,32,360
9243,1/22/2014 2:00,12,32,360
9244,1/22/2014 3:00,12,32,360
9245,1/22/2014 4:00,12,32,360
9246,1/22/2014 5:00,14,32,360
9247,1/22/2014 6:00,12,32,360
9248,1/22/2014 7:00,12,32,360
9249,1/22/2014 8:00,12,32,360
9250,1/22/2014 9:00,12,32,360
9251,1/22/2014 10:00,12,32,360
9252,1/22/2014 11:00,12,32,360
9253,1/22/2014 12:00,12,32,360
9254,1/22/2014 13:00,12,32,360
9255,1/22/2014 14:00,12,32,360
9256,1/22/2014 15:00,12,32,360
9257,1/22/2014 16:00,12,32,360
9258,1/22/2014 17:00,12,32,360
9259,1/22/2014 18:00,12,32,360
9260,1/22/2014 19:00,12,32,360
9261,1/22/2014 20:00,12,32,360
9262,1/22/2014 21:00,12,32,360
9263,1/22/2014 22:00,12,32,360
9264,1/22/2014 23:00,12,32,360
9265,1/23/2014 0:00,12,32,360
9266,1/23/2014 1:00,12,32,360
9267,1/23/2014 2:00,12,32,360
9268,1/23/2014 3:00,12,32,360
9269,1/23/2014 4:00,12,32,360
9270,1/23/2014 5:00,12,32,360
9271,1/23/2014 6:00,12,32,360
9272,1/23/2014 7:00,12,32,360
9273,1/23/2014 8:00,12,32,360
9274,1/23/2014 9:00,12,32,360
9275,1/23/2014 10:00,12,32,360
9276,1/23/2014 11:00,12,32,360
9277,1/23/2014 12:00,12,32,360
9278,1/23/2014 13:00,12,32,360
9279,1/23/2014 14:00,12,32,360
9280,1/23/2014 15:00,12,32,360
9281,1/23/2014 16:00,12,32,360
9282,1/23/2014 17:00,12,32,360
9283,1/23/2014 18:00,12,32,360
9284,1/23/2014 19:00,12,32,360
9285,1/23/2014 20:00,12,32,360
9286,1/23/2014 21:00,12,32,360
9287,1/23/2014 22:00,12,32,360
9288,1/23/2014 23:00,12,32,360
9289,1/24/2014 0:00,12,32,360
9290,1/24/2014 1:00,12,32,360
9291,1/24/2014 2:00,12,32,360
9292,1/24/2014 3:00,12,32,360
9293,1/24/2014 4:00,12,32,360
9294,1/24/2014 5:00,12,32,360
9295,1/24/2014 6:00,12,32,360
9296,1/24/2014 7:00,12,32,360
9297,1/24/2014 8:00,12,32,360
9298,1/24/2014 9:00,12,32,360
9299,1/24/2014 10:00,12,32,360
9300,1/24/2014 11:00,12,32,360
9301,1/24/2014 12:00,12,32,360
9302,1/24/2014 13:00,12,32,360
9303,1/24/2014 14:00,12,32,360
9304,1/24/2014 15:00,12,32,360
9305,1/24/2014 16:00,12,32,360
9306,1/24/2014 17:00,12,32,360
9307,1/24/2014 18:00,12,32,360
9308,1/24/2014 19:00,12,32,359
9309,1/24/2014 20:00,12,32,360
9310,1/24/2014 21:00,12,32,360
9311,1/24/2014 22:00,12,32,360
9312,1/24/2014 23:00,12,32,360
9313,1/25/2014 0:00,12,32,360
9314,1/25/2014 1:00,12,32,360
9315,1/25/2014 2:00,12,32,360
9316,1/25/2014 3:00,12,32,360
9317,1/25/2014 4:00,12,32,360
9318,1/25/2014 5:00,12,32,360
9319,1/25/2014 6:00,12,32,360
9320,1/25/2014 7:00,12,32,360
9321,1/25/2014 8:00,12,32,359
9322,1/25/2014 9:00,12,32,359
9323,1/25/2014 10:00,12,32,360
9324,1/25/2014 11:00,12,32,359
9325,1/25/2014 12:00,12,32,360
9326,1/25/2014 13:00,12,32,360
9327,1/25/2014 14:00,12,32,360
9328,1/25/2014 15:00,14,32,360
9329,1/25/2014 16:00,12,32,360
9330,1/25/2014 17:00,12,32,360
9331,1/25/2014 18:00,12,32,360
9332,1/25/2014 19:00,11,33,360
9333,1/25/2014 20:00,12,32,360
9334,1/25/2014 21:00,12,32,360
9335,1/25/2014 22:00,12,32,360
9336,1/25/2014 23:00,12,32,360
9337,1/26/2014 0:00,12,32,360
9338,1/26/2014 1:00,12,32,360
9339,1/26/2014 2:00,12,32,360
9340,1/26/2014 3:00,12,32,360
9341,1/26/2014 4:00,12,32,360
9342,1/26/2014 5:00,12,32,360
9343,1/26/2014 6:00,12,32,360
9344,1/26/2014 7:00,15,32,360
9345,1/26/2014 8:00,12,32,360
9346,1/26/2014 9:00,12,32,360
9347,1/26/2014 10:00,12,32,360
9348,1/26/2014 11:00,12,32,360
9349,1/26/2014 12:00,12,32,360
9350,1/26/2014 13:00,12,32,360
9351,1/26/2014 14:00,12,32,360
9352,1/26/2014 15:00,12,32,360
9353,1/26/2014 16:00,12,32,360
9354,1/26/2014 17:00,12,32,360
9355,1/26/2014 18:00,12,32,360
9356,1/26/2014 19:00,12,32,360
9357,1/26/2014 20:00,12,32,360
9358,1/26/2014 21:00,12,32,360
9359,1/26/2014 22:00,12,32,360
9360,1/26/2014 23:00,12,32,360
9361,1/27/2014 0:00,12,32,360
9362,1/27/2014 1:00,12,32,360
9363,1/27/2014 2:00,12,32,360
9364,1/27/2014 3:00,12,32,359
9365,1/27/2014 4:00,12,32,360
9366,1/27/2014 5:00,12,32,360
9367,1/27/2014 6:00,12,32,360
9368,1/27/2014 7:00,12,32,359
9369,1/27/2014 8:00,12,32,359
9370,1/27/2014 9:00,12,32,359
9371,1/27/2014 10:00,12,32,359
9372,1/27/2014 11:00,12,32,359
9373,1/27/2014 12:00,12,32,359
9374,1/27/2014 13:00,11,34,359
9375,1/27/2014 14:00,12,32,359
9376,1/27/2014 15:00,12,32,360
9377,1/27/2014 16:00,12,32,359
9378,1/27/2014 17:00,12,32,360
9379,1/27/2014 18:00,12,32,360
9380,1/27/2014 19:00,12,32,359
9381,1/27/2014 20:00,12,32,359
9382,1/27/2014 21:00,12,32,360
9383,1/27/2014 22:00,12,32,360
9384,1/27/2014 23:00,12,32,360
9385,1/28/2014 0:00,12,32,359
9386,1/28/2014 1:00,12,32,359
9387,1/28/2014 2:00,12,32,359
9388,1/28/2014 3:00,12,32,359
9389,1/28/2014 4:00,12,32,359
9390,1/28/2014 5:00,12,32,360
9391,1/28/2014 6:00,12,32,359
9392,1/28/2014 7:00,13,32,359
9393,1/28/2014 8:00,12,32,359
9394,1/28/2014 9:00,12,32,359
9395,1/28/2014 10:00,12,32,359
9396,1/28/2014 11:00,12,32,359
9397,1/28/2014 12:00,12,32,360
9398,1/28/2014 13:00,14,32,359
9399,1/28/2014 14:00,12,32,359
9400,1/28/2014 15:00,12,32,359
9401,1/28/2014 16:00,12,32,359
9402,1/28/2014 17:00,12,32,359
9403,1/28/2014 18:00,13,32,359
9404,1/28/2014 19:00,12,32,359
9405,1/28/2014 20:00,12,32,359
9406,1/28/2014 21:00,12,32,359
9407,1/28/2014 22:00,12,32,359
9408,1/28/2014 23:00,15,32,359
9409,1/29/2014 0:00,12,32,359
9410,1/29/2014 1:00,12,32,359
9411,1/29/2014 2:00,15,32,359
9412,1/29/2014 3:00,12,32,359
9413,1/29/2014 4:00,12,32,359
9414,1/29/2014 5:00,12,32,359
9415,1/29/2014 6:00,12,32,359
9416,1/29/2014 7:00,12,32,359
9417,1/29/2014 8:00,12,32,359
9418,1/29/2014 9:00,12,32,359
9419,1/29/2014 10:00,12,32,359
9420,1/29/2014 11:00,12,32,359
9421,1/29/2014 12:00,12,32,359
9422,1/29/2014 13:00,15,32,359
9423,1/29/2014 14:00,12,32,359
9424,1/29/2014 15:00,13,30,359
9425,1/29/2014 16:00,12,32,359
9426,1/29/2014 17:00,12,32,359
9427,1/29/2014 18:00,12,32,359
9428,1/29/2014 19:00,11,33,359
9429,1/29/2014 20:00,12,32,359
9430,1/29/2014 21:00,12,32,359
9431,1/29/2014 22:00,12,32,359
9432,1/29/2014 23:00,12,32,359
9433,1/30/2014 0:00,12,32,359
9434,1/30/2014 1:00,12,32,359
9435,1/30/2014 2:00,12,32,359
9436,1/30/2014 3:00,12,32,359
9437,1/30/2014 4:00,12,32,359
9438,1/30/2014 5:00,12,32,359
9439,1/30/2014 6:00,11,34,359
9440,1/30/2014 7:00,12,32,359
9441,1/30/2014 8:00,12,32,359
9442,1/30/2014 9:00,12,32,359
9443,1/30/2014 10:00,12,32,359
9444,1/30/2014 11:00,12,32,359
9445,1/30/2014 12:00,13,32,359
9446,1/30/2014 13:00,12,32,359
9447,1/30/2014 14:00,12,32,359
9448,1/30/2014 15:00,12,32,359
9449,1/30/2014 16:00,12,32,359
9450,1/30/2014 17:00,12,32,359
9451,1/30/2014 18:00,12,32,359
9452,1/30/2014 19:00,15,32,359
9453,1/30/2014 20:00,12,32,359
9454,1/30/2014 21:00,12,32,359
9455,1/30/2014 22:00,12,32,359
9456,1/30/2014 23:00,11,33,359
9457,1/31/2014 0:00,12,32,359
9458,1/31/2014 1:00,12,32,359
9459,1/31/2014 2:00,12,32,359
9460,1/31/2014 3:00,12,32,359
9461,1/31/2014 4:00,12,32,359
9462,1/31/2014 5:00,12,32,359
9463,1/31/2014 6:00,12,32,359
9464,1/31/2014 7:00,12,32,359
9465,1/31/2014 8:00,12,32,359
9466,1/31/2014 9:00,12,32,359
9467,1/31/2014 10:00,12,32,359
9468,1/31/2014 11:00,12,32,359
9469,1/31/2014 12:00,12,32,359
9470,1/31/2014 13:00,13,30,360
9471,1/31/2014 14:00,12,32,359
9472,1/31/2014 15:00,12,32,359
9473,1/31/2014 16:00,12,32,359
9474,1/31/2014 17:00,12,32,359
9475,1/31/2014 18:00,12,32,359
9476,1/31/2014 19:00,12,32,359
9477,1/31/2014 20:00,12,32,359
9478,1/31/2014 21:00,12,32,359
9479,1/31/2014 22:00,12,32,359
9480,1/31/2014 23:00,12,32,359
9481,2/1/2014 0:00,12,32,359
9482,2/1/2014 1:00,12,32,359
9483,2/1/2014 2:00,13,32,359
9484,2/1/2014 3:00,12,32,359
9485,2/1/2014 4:00,12,32,359
9486,2/1/2014 5:00,12,32,359
9487,2/1/2014 6:00,12,32,359
9488,2/1/2014 7:00,12,32,359
9489,2/1/2014 8:00,12,32,359
9490,2/1/2014 9:00,12,32,359
9491,2/1/2014 10:00,12,32,359
9492,2/1/2014 11:00,12,32,359
9493,2/1/2014 12:00,12,32,359
9494,2/1/2014 13:00,12,32,359
9495,2/1/2014 14:00,12,32,359
9496,2/1/2014 15:00,12,32,359
9497,2/1/2014 16:00,12,32,359
9498,2/1/2014 17:00,12,32,359
9499,2/1/2014 18:00,12,32,359
9500,2/1/2014 19:00,10,35,359
9501,2/1/2014 20:00,12,32,359
9502,2/1/2014 21:00,12,32,359
9503,2/1/2014 22:00,12,32,358
9504,2/1/2014 23:00,12,32,357
9505,2/2/2014 0:00,12,32,357
9506,2/2/2014 1:00,12,32,358
9507,2/2/2014 2:00,12,32,358
9508,2/2/2014 3:00,12,32,358
9509,2/2/2014 4:00,12,32,358
9510,2/2/2014 5:00,12,32,359
9511,2/2/2014 6:00,12,32,359
9512,2/2/2014 7:00,12,32,359
9513,2/2/2014 8:00,13,30,359
9514,2/2/2014 9:00,12,32,359
9515,2/2/2014 10:00,12,32,359
9516,2/2/2014 11:00,12,32,359
9517,2/2/2014 12:00,12,32,358
9518,2/2/2014 13:00,12,32,358
9519,2/2/2014 14:00,12,32,359
9520,2/2/2014 15:00,12,32,358
9521,2/2/2014 16:00,12,32,358
9522,2/2/2014 17:00,12,32,359
9523,2/2/2014 18:00,12,32,359
9524,2/2/2014 19:00,12,32,358
9525,2/2/2014 20:00,12,32,359
9526,2/2/2014 21:00,12,32,359
9527,2/2/2014 22:00,12,32,359
9528,2/2/2014 23:00,15,32,359
9529,2/3/2014 0:00,12,32,359
9530,2/3/2014 1:00,12,32,359
9531,2/3/2014 2:00,12,32,359
9532,2/3/2014 3:00,12,32,359
9533,2/3/2014 4:00,12,32,359
9534,2/3/2014 5:00,12,32,359
9535,2/3/2014 6:00,12,32,359
9536,2/3/2014 7:00,12,32,359
9537,2/3/2014 8:00,12,32,359
9538,2/3/2014 9:00,12,32,359
9539,2/3/2014 10:00,12,32,359
9540,2/3/2014 11:00,12,32,359
9541,2/3/2014 12:00,12,32,359
9542,2/3/2014 13:00,12,32,359
9543,2/3/2014 14:00,12,32,359
9544,2/3/2014 15:00,12,32,359
9545,2/3/2014 16:00,13,30,359
9546,2/3/2014 17:00,12,32,359
9547,2/3/2014 18:00,12,32,359
9548,2/3/2014 19:00,12,32,359
9549,2/3/2014 20:00,12,32,359
9550,2/3/2014 21:00,12,32,359
9551,2/3/2014 22:00,12,32,359
9552,2/3/2014 23:00,12,32,359
9553,2/4/2014 0:00,12,32,359
9554,2/4/2014 1:00,12,32,359
9555,2/4/2014 2:00,12,32,359
9556,2/4/2014 3:00,13,30,359
9557,2/4/2014 4:00,11,34,359
9558,2/4/2014 5:00,12,32,359
9559,2/4/2014 6:00,12,32,359
9560,2/4/2014 7:00,12,32,359
9561,2/4/2014 8:00,12,32,359
9562,2/4/2014 9:00,12,32,359
9563,2/4/2014 10:00,12,32,359
9564,2/4/2014 11:00,12,32,359
9565,2/4/2014 12:00,12,32,359
9566,2/4/2014 13:00,12,32,359
9567,2/4/2014 14:00,12,32,359
9568,2/4/2014 15:00,15,32,359
9569,2/4/2014 16:00,12,32,359
9570,2/4/2014 17:00,12,32,359
9571,2/4/2014 18:00,13,30,359
9572,2/4/2014 19:00,12,32,359
9573,2/4/2014 20:00,12,32,359
9574,2/4/2014 21:00,12,32,359
9575,2/4/2014 22:00,12,32,359
9576,2/4/2014 23:00,12,32,359
9577,2/5/2014 0:00,12,32,359
9578,2/5/2014 1:00,13,30,359
9579,2/5/2014 2:00,12,32,359
9580,2/5/2014 3:00,12,32,359
9581,2/5/2014 4:00,12,32,359
9582,2/5/2014 5:00,12,32,359
9583,2/5/2014 6:00,12,32,359
9584,2/5/2014 7:00,12,32,359
9585,2/5/2014 8:00,13,30,359
9586,2/5/2014 9:00,12,32,359
9587,2/5/2014 10:00,12,32,359
9588,2/5/2014 11:00,12,32,359
9589,2/5/2014 12:00,15,32,358
9590,2/5/2014 13:00,12,32,358
9591,2/5/2014 14:00,12,32,358
9592,2/5/2014 15:00,12,32,357
9593,2/5/2014 16:00,15,32,357
9594,2/5/2014 17:00,12,32,357
9595,2/5/2014 18:00,12,32,358
9596,2/5/2014 19:00,12,32,358
9597,2/5/2014 20:00,12,32,357
9598,2/5/2014 21:00,12,32,357
9599,2/5/2014 22:00,12,32,357
9600,2/5/2014 23:00,12,32,358
9601,2/6/2014 0:00,12,32,357
9602,2/6/2014 1:00,12,32,358
9603,2/6/2014 2:00,12,32,357
9604,2/6/2014 3:00,12,32,357
9605,2/6/2014 4:00,12,32,357
9606,2/6/2014 5:00,12,32,358
9607,2/6/2014 6:00,12,32,358
9608,2/6/2014 7:00,12,32,359
9609,2/6/2014 8:00,12,32,359
9610,2/6/2014 9:00,12,32,359
9611,2/6/2014 10:00,12,32,357
9612,2/6/2014 11:00,12,32,357
9613,2/6/2014 12:00,12,32,357
9614,2/6/2014 13:00,12,32,357
9615,2/6/2014 14:00,12,32,357
9616,2/6/2014 15:00,12,32,357
9617,2/6/2014 16:00,12,32,358
9618,2/6/2014 17:00,12,32,357
9619,2/6/2014 18:00,12,32,358
9620,2/6/2014 19:00,13,32,358
9621,2/6/2014 20:00,12,32,357
9622,2/6/2014 21:00,12,32,358
9623,2/6/2014 22:00,12,32,358
9624,2/6/2014 23:00,12,32,358
9625,2/7/2014 0:00,12,32,358
9626,2/7/2014 1:00,12,32,358
9627,2/7/2014 2:00,12,32,358
9628,2/7/2014 3:00,12,32,358
9629,2/7/2014 4:00,12,32,359
9630,2/7/2014 5:00,13,30,358
9631,2/7/2014 6:00,12,32,358
9632,2/7/2014 7:00,12,32,358
9633,2/7/2014 8:00,12,32,359
9634,2/7/2014 9:00,12,32,358
9635,2/7/2014 10:00,12,32,358
9636,2/7/2014 11:00,12,32,358
9637,2/7/2014 12:00,12,32,358
9638,2/7/2014 13:00,12,32,358
9639,2/7/2014 14:00,13,32,358
9640,2/7/2014 15:00,12,32,358
9641,2/7/2014 16:00,12,32,358
9642,2/7/2014 17:00,12,32,358
9643,2/7/2014 18:00,13,32,358
9644,2/7/2014 19:00,12,32,358
9645,2/7/2014 20:00,12,32,358
9646,2/7/2014 21:00,12,32,358
9647,2/7/2014 22:00,12,32,358
9648,2/7/2014 23:00,12,32,358
9649,2/8/2014 0:00,12,32,358
9650,2/8/2014 1:00,12,32,358
9651,2/8/2014 2:00,12,32,358
9652,2/8/2014 3:00,13,30,358
9653,2/8/2014 4:00,12,32,358
9654,2/8/2014 5:00,12,32,358
9655,2/8/2014 6:00,12,32,358
9656,2/8/2014 7:00,13,30,357
9657,2/8/2014 8:00,12,32,358
9658,2/8/2014 9:00,12,32,357
9659,2/8/2014 10:00,12,32,358
9660,2/8/2014 11:00,12,32,358
9661,2/8/2014 12:00,12,32,357
9662,2/8/2014 13:00,12,32,357
9663,2/8/2014 14:00,12,32,357
9664,2/8/2014 15:00,12,32,357
9665,2/8/2014 16:00,13,30,358
9666,2/8/2014 17:00,12,32,357
9667,2/8/2014 18:00,12,32,357
9668,2/8/2014 19:00,15,32,357
9669,2/8/2014 20:00,12,32,358
9670,2/8/2014 21:00,12,32,357
9671,2/8/2014 22:00,13,30,357
9672,2/8/2014 23:00,10,35,357
9673,2/9/2014 0:00,12,32,358
9674,2/9/2014 1:00,12,32,357
9675,2/9/2014 2:00,12,32,357
9676,2/9/2014 3:00,13,30,357
9677,2/9/2014 4:00,12,32,357
9678,2/9/2014 5:00,12,32,357
9679,2/9/2014 6:00,12,32,357
9680,2/9/2014 7:00,12,32,357
9681,2/9/2014 8:00,12,32,357
9682,2/9/2014 9:00,13,30,357
9683,2/9/2014 10:00,12,32,357
9684,2/9/2014 11:00,12,32,357
9685,2/9/2014 12:00,12,32,357
9686,2/9/2014 13:00,12,32,357
9687,2/9/2014 14:00,13,30,357
9688,2/9/2014 15:00,12,32,357
9689,2/9/2014 16:00,12,32,357
9690,2/9/2014 17:00,12,32,357
9691,2/9/2014 18:00,12,32,357
9692,2/9/2014 19:00,12,32,358
9693,2/9/2014 20:00,12,32,358
9694,2/9/2014 21:00,12,32,358
9695,2/9/2014 22:00,12,32,358
9696,2/9/2014 23:00,12,32,358
9697,2/10/2014 0:00,13,30,358
9698,2/10/2014 1:00,12,32,358
9699,2/10/2014 2:00,13,30,358
9700,2/10/2014 3:00,12,32,358
9701,2/10/2014 4:00,12,32,358
9702,2/10/2014 5:00,13,30,359
9703,2/10/2014 6:00,12,32,358
9704,2/10/2014 7:00,12,32,357
9705,2/10/2014 8:00,12,32,357
9706,2/10/2014 9:00,12,32,358
9707,2/10/2014 10:00,12,32,359
9708,2/10/2014 11:00,12,32,358
9709,2/10/2014 12:00,12,32,358
9710,2/10/2014 13:00,12,32,358
9711,2/10/2014 14:00,12,32,358
9712,2/10/2014 15:00,12,32,358
9713,2/10/2014 16:00,12,32,358
9714,2/10/2014 17:00,12,32,358
9715,2/10/2014 18:00,12,32,359
9716,2/10/2014 19:00,12,32,358
9717,2/10/2014 20:00,12,32,358
9718,2/10/2014 21:00,12,32,358
9719,2/10/2014 22:00,13,30,359
9720,2/10/2014 23:00,12,32,358
9721,2/11/2014 0:00,12,32,359
9722,2/11/2014 1:00,12,32,358
9723,2/11/2014 2:00,12,32,358
9724,2/11/2014 3:00,12,32,359
9725,2/11/2014 4:00,12,34,358
9726,2/11/2014 5:00,12,32,358
9727,2/11/2014 6:00,12,32,358
9728,2/11/2014 7:00,12,32,358
9729,2/11/2014 8:00,12,32,358
9730,2/11/2014 9:00,11,34,358
9731,2/11/2014 10:00,12,32,359
9732,2/11/2014 11:00,12,32,359
9733,2/11/2014 12:00,12,32,359
9734,2/11/2014 13:00,12,32,359
9735,2/11/2014 14:00,12,32,359
9736,2/11/2014 15:00,12,32,359
9737,2/11/2014 16:00,12,32,359
9738,2/11/2014 17:00,12,32,358
9739,2/11/2014 18:00,13,30,358
9740,2/11/2014 19:00,12,32,358
9741,2/11/2014 20:00,12,32,358
9742,2/11/2014 21:00,11,34,358
9743,2/11/2014 22:00,12,32,358
9744,2/11/2014 23:00,12,32,358
9745,2/12/2014 0:00,12,32,358
9746,2/12/2014 1:00,12,32,358
9747,2/12/2014 2:00,12,32,359
9748,2/12/2014 3:00,12,32,359
9749,2/12/2014 4:00,12,32,358
9750,2/12/2014 5:00,12,32,358
9751,2/12/2014 6:00,13,32,358
9752,2/12/2014 7:00,12,32,358
9753,2/12/2014 8:00,12,32,358
9754,2/12/2014 9:00,12,32,358
9755,2/12/2014 10:00,12,32,359
9756,2/12/2014 11:00,13,30,358
9757,2/12/2014 12:00,12,32,358
9758,2/12/2014 13:00,12,32,357
9759,2/12/2014 14:00,12,32,356
9760,2/12/2014 15:00,12,32,356
9761,2/12/2014 16:00,12,32,356
9762,2/12/2014 17:00,12,32,357
9763,2/12/2014 18:00,11,34,357
9764,2/12/2014 19:00,12,32,358
9765,2/12/2014 20:00,12,32,358
9766,2/12/2014 21:00,13,30,358
9767,2/12/2014 22:00,12,32,358
9768,2/12/2014 23:00,14,32,358
9769,2/13/2014 0:00,12,32,357
9770,2/13/2014 1:00,12,32,358
9771,2/13/2014 2:00,12,32,358
9772,2/13/2014 3:00,13,30,358
9773,2/13/2014 4:00,12,32,357
9774,2/13/2014 5:00,12,32,358
9775,2/13/2014 6:00,12,32,358
9776,2/13/2014 7:00,12,32,357
9777,2/13/2014 8:00,12,32,357
9778,2/13/2014 9:00,12,32,357
9779,2/13/2014 10:00,12,32,357
9780,2/13/2014 11:00,12,32,357
9781,2/13/2014 12:00,12,32,358
9782,2/13/2014 13:00,12,32,357
9783,2/13/2014 14:00,12,32,357
9784,2/13/2014 15:00,12,32,358
9785,2/13/2014 16:00,12,32,358
9786,2/13/2014 17:00,12,32,358
9787,2/13/2014 18:00,12,32,358
9788,2/13/2014 19:00,12,32,358
9789,2/13/2014 20:00,12,32,358
9790,2/13/2014 21:00,12,32,357
9791,2/13/2014 22:00,12,32,358
9792,2/13/2014 23:00,12,32,358
9793,2/14/2014 0:00,12,32,358
9794,2/14/2014 1:00,12,32,358
9795,2/14/2014 2:00,13,30,358
9796,2/14/2014 3:00,12,32,357
9797,2/14/2014 4:00,12,32,357
9798,2/14/2014 5:00,12,32,356
9799,2/14/2014 6:00,12,32,356
9800,2/14/2014 7:00,12,32,356
9801,2/14/2014 8:00,12,32,356
9802,2/14/2014 9:00,12,32,356
9803,2/14/2014 10:00,12,32,356
9804,2/14/2014 11:00,12,32,356
9805,2/14/2014 12:00,12,32,356
9806,2/14/2014 13:00,13,30,357
9807,2/14/2014 14:00,12,32,357
9808,2/14/2014 15:00,12,32,357
9809,2/14/2014 16:00,12,32,357
9810,2/14/2014 17:00,12,32,357
9811,2/14/2014 18:00,12,32,357
9812,2/14/2014 19:00,12,32,357
9813,2/14/2014 20:00,12,32,356
9814,2/14/2014 21:00,12,32,356
9815,2/14/2014 22:00,12,32,356
9816,2/14/2014 23:00,12,32,357
9817,2/15/2014 0:00,12,32,357
9818,2/15/2014 1:00,12,32,357
9819,2/15/2014 2:00,12,32,357
9820,2/15/2014 3:00,12,32,357
9821,2/15/2014 4:00,12,32,357
9822,2/15/2014 5:00,12,32,357
9823,2/15/2014 6:00,12,32,357
9824,2/15/2014 7:00,12,32,357
9825,2/15/2014 8:00,12,32,357
9826,2/15/2014 9:00,12,32,357
9827,2/15/2014 10:00,13,30,357
9828,2/15/2014 11:00,12,32,357
9829,2/15/2014 12:00,13,30,357
9830,2/15/2014 13:00,15,32,357
9831,2/15/2014 14:00,12,32,357
9832,2/15/2014 15:00,12,32,357
9833,2/15/2014 16:00,15,32,357
9834,2/15/2014 17:00,12,32,357
9835,2/15/2014 18:00,12,32,357
9836,2/15/2014 19:00,12,32,356
9837,2/15/2014 20:00,12,32,357
9838,2/15/2014 21:00,12,32,356
9839,2/15/2014 22:00,12,32,357
9840,2/15/2014 23:00,11,33,357
9841,2/16/2014 0:00,12,32,357
9842,2/16/2014 1:00,12,32,357
9843,2/16/2014 2:00,12,32,357
9844,2/16/2014 3:00,12,32,357
9845,2/16/2014 4:00,12,32,357
9846,2/16/2014 5:00,12,32,357
9847,2/16/2014 6:00,13,30,357
9848,2/16/2014 7:00,12,32,357
9849,2/16/2014 8:00,12,32,357
9850,2/16/2014 9:00,12,32,357
9851,2/16/2014 10:00,13,32,357
9852,2/16/2014 11:00,12,32,357
9853,2/16/2014 12:00,12,32,357
9854,2/16/2014 13:00,13,30,357
9855,2/16/2014 14:00,12,32,357
9856,2/16/2014 15:00,11,33,357
9857,2/16/2014 16:00,12,32,357
9858,2/16/2014 17:00,12,32,357
9859,2/16/2014 18:00,12,32,357
9860,2/16/2014 19:00,12,32,357
9861,2/16/2014 20:00,14,32,357
9862,2/16/2014 21:00,12,32,357
9863,2/16/2014 22:00,12,32,357
9864,2/16/2014 23:00,12,32,357
9865,2/17/2014 0:00,12,32,357
9866,2/17/2014 1:00,13,30,358
9867,2/17/2014 2:00,12,32,358
9868,2/17/2014 3:00,12,32,358
9869,2/17/2014 4:00,11,34,357
9870,2/17/2014 5:00,12,32,357
9871,2/17/2014 6:00,12,32,357
9872,2/17/2014 7:00,13,30,357
9873,2/17/2014 8:00,12,32,357
9874,2/17/2014 9:00,12,32,357
9875,2/17/2014 10:00,12,32,357
9876,2/17/2014 11:00,12,32,357
9877,2/17/2014 12:00,12,32,357
9878,2/17/2014 13:00,12,32,357
9879,2/17/2014 14:00,12,32,357
9880,2/17/2014 15:00,12,32,357
9881,2/17/2014 16:00,12,32,357
9882,2/17/2014 17:00,15,32,357
9883,2/17/2014 18:00,12,32,357
9884,2/17/2014 19:00,12,32,357
9885,2/17/2014 20:00,12,32,357
9886,2/17/2014 21:00,12,32,357
9887,2/17/2014 22:00,13,30,357
9888,2/17/2014 23:00,12,32,357
9889,2/18/2014 0:00,13,30,357
9890,2/18/2014 1:00,12,32,357
9891,2/18/2014 2:00,12,32,357
9892,2/18/2014 3:00,12,32,357
9893,2/18/2014 4:00,11,34,357
9894,2/18/2014 5:00,12,32,357
9895,2/18/2014 6:00,12,32,357
9896,2/18/2014 7:00,12,32,357
9897,2/18/2014 8:00,12,32,357
9898,2/18/2014 9:00,12,32,357
9899,2/18/2014 10:00,12,32,357
9900,2/18/2014 11:00,12,32,357
9901,2/18/2014 12:00,12,32,357
9902,2/18/2014 13:00,13,30,357
9903,2/18/2014 14:00,12,32,357
9904,2/18/2014 15:00,12,32,357
9905,2/18/2014 16:00,13,30,357
9906,2/18/2014 17:00,13,30,358
9907,2/18/2014 18:00,12,32,357
9908,2/18/2014 19:00,12,32,357
9909,2/18/2014 20:00,12,32,357
9910,2/18/2014 21:00,12,32,357
9911,2/18/2014 22:00,12,32,357
9912,2/18/2014 23:00,12,32,357
9913,2/19/2014 0:00,12,32,357
9914,2/19/2014 1:00,12,32,357
9915,2/19/2014 2:00,12,32,357
9916,2/19/2014 3:00,12,32,357
9917,2/19/2014 4:00,12,32,357
9918,2/19/2014 5:00,12,32,357
9919,2/19/2014 6:00,12,32,358
9920,2/19/2014 7:00,12,32,357
9921,2/19/2014 8:00,11,34,357
9922,2/19/2014 9:00,12,32,357
9923,2/19/2014 10:00,12,32,357
9924,2/19/2014 11:00,12,32,357
9925,2/19/2014 12:00,13,32,357
9926,2/19/2014 13:00,12,32,357
9927,2/19/2014 14:00,12,32,357
9928,2/19/2014 15:00,12,32,357
9929,2/19/2014 16:00,12,32,357
9930,2/19/2014 17:00,12,32,357
9931,2/19/2014 18:00,12,32,356
9932,2/19/2014 19:00,12,32,356
9933,2/19/2014 20:00,12,32,356
9934,2/19/2014 21:00,12,32,356
9935,2/19/2014 22:00,11,34,356
9936,2/19/2014 23:00,13,30,357
9937,2/20/2014 0:00,12,32,357
9938,2/20/2014 1:00,12,32,356
9939,2/20/2014 2:00,12,32,357
9940,2/20/2014 3:00,12,32,357
9941,2/20/2014 4:00,12,32,357
9942,2/20/2014 5:00,12,32,357
9943,2/20/2014 6:00,12,32,357
9944,2/20/2014 7:00,11,33,303
9945,2/20/2014 8:00,12,31,302
9946,2/20/2014 9:00,12,32,297
9947,2/20/2014 10:00,11,33,296
9948,2/20/2014 11:00,11,33,299
9949,2/20/2014 12:00,11,33,302
9950,2/20/2014 13:00,11,33,307
9951,2/20/2014 14:00,11,34,308
9952,2/20/2014 15:00,11,33,309
9953,2/20/2014 16:00,11,33,310
9954,2/20/2014 17:00,11,33,310
9955,2/20/2014 18:00,11,33,311
9956,2/20/2014 19:00,11,33,311
9957,2/20/2014 20:00,11,34,311
9958,2/20/2014 21:00,11,33,312
9959,2/20/2014 22:00,11,33,312
9960,2/20/2014 23:00,11,33,312
9961,2/21/2014 0:00,11,33,312
9962,2/21/2014 1:00,11,33,312
9963,2/21/2014 2:00,11,33,312
9964,2/21/2014 3:00,11,33,312
9965,2/21/2014 4:00,11,34,312
9966,2/21/2014 5:00,11,33,312
9967,2/21/2014 6:00,11,33,312
9968,2/21/2014 7:00,11,33,312
9969,2/21/2014 8:00,11,33,312
9970,2/21/2014 9:00,11,33,312
9971,2/21/2014 10:00,11,33,312
9972,2/21/2014 11:00,11,33,312
9973,2/21/2014 12:00,11,33,311
9974,2/21/2014 13:00,11,33,311
9975,2/21/2014 14:00,11,33,312
9976,2/21/2014 15:00,11,34,312
9977,2/21/2014 16:00,11,33,312
9978,2/21/2014 17:00,11,33,312
9979,2/21/2014 18:00,11,33,312
9980,2/21/2014 19:00,11,33,312
9981,2/21/2014 20:00,11,33,311
9982,2/21/2014 21:00,11,33,311
9983,2/21/2014 22:00,11,33,311
9984,2/21/2014 23:00,11,33,311
9985,2/22/2014 0:00,11,33,311
9986,2/22/2014 1:00,11,33,311
9987,2/22/2014 2:00,11,33,311
9988,2/22/2014 3:00,11,33,311
9989,2/22/2014 4:00,11,33,311
9990,2/22/2014 5:00,11,33,311
9991,2/22/2014 6:00,11,33,310
9992,2/22/2014 7:00,11,33,311
9993,2/22/2014 8:00,11,33,311
9994,2/22/2014 9:00,11,33,309
9995,2/22/2014 10:00,11,33,309
9996,2/22/2014 11:00,11,33,309
9997,2/22/2014 12:00,11,33,309
9998,2/22/2014 13:00,11,33,309
9999,2/22/2014 14:00,11,33,309
10000,2/22/2014 15:00,11,33,309
10001,2/22/2014 16:00,11,33,309
10002,2/22/2014 17:00,11,33,309
10003,2/22/2014 18:00,11,33,309
10004,2/22/2014 19:00,11,33,309
10005,2/22/2014 20:00,11,33,309
10006,2/22/2014 21:00,11,33,309
10007,2/22/2014 22:00,11,33,308
10008,2/22/2014 23:00,11,33,308
10009,2/23/2014 0:00,11,33,307
10010,2/23/2014 1:00,11,33,305
10011,2/23/2014 2:00,11,33,304
10012,2/23/2014 3:00,11,33,303
10013,2/23/2014 4:00,11,34,300
10014,2/23/2014 5:00,11,33,283
10015,2/23/2014 6:00,11,33,302
10016,2/23/2014 7:00,11,33,303
10017,2/23/2014 8:00,11,33,304
10018,2/23/2014 9:00,11,33,306
10019,2/23/2014 10:00,11,34,307
10020,2/23/2014 11:00,11,33,308
10021,2/23/2014 12:00,11,33,308
10022,2/23/2014 13:00,11,33,308
10023,2/23/2014 14:00,11,33,308
10024,2/23/2014 15:00,11,33,309
10025,2/23/2014 16:00,11,33,309
10026,2/23/2014 17:00,11,33,309
10027,2/23/2014 18:00,11,33,309
10028,2/23/2014 19:00,11,33,309
10029,2/23/2014 20:00,11,33,309
10030,2/23/2014 21:00,11,33,310
10031,2/23/2014 22:00,11,33,309
10032,2/23/2014 23:00,12,31,310
10033,2/24/2014 0:00,11,33,310
10034,2/24/2014 1:00,11,34,310
10035,2/24/2014 2:00,11,33,310
10036,2/24/2014 3:00,11,33,310
10037,2/24/2014 4:00,11,33,310
10038,2/24/2014 5:00,11,33,310
10039,2/24/2014 6:00,11,33,310
10040,2/24/2014 7:00,11,33,310
10041,2/24/2014 8:00,11,33,311
10042,2/24/2014 9:00,11,33,310
10043,2/24/2014 10:00,11,33,311
10044,2/24/2014 11:00,11,33,311
10045,2/24/2014 12:00,11,33,311
10046,2/24/2014 13:00,11,33,311
10047,2/24/2014 14:00,11,33,311
10048,2/24/2014 15:00,11,33,311
10049,2/24/2014 16:00,11,33,311
10050,2/24/2014 17:00,11,33,311
10051,2/24/2014 18:00,11,33,311
10052,2/24/2014 19:00,11,33,311
10053,2/24/2014 20:00,11,33,311
10054,2/24/2014 21:00,11,33,311
10055,2/24/2014 22:00,11,33,311
10056,2/24/2014 23:00,11,34,311
10057,2/25/2014 0:00,11,33,311
10058,2/25/2014 1:00,11,33,311
10059,2/25/2014 2:00,11,33,311
10060,2/25/2014 3:00,11,33,311
10061,2/25/2014 4:00,11,33,311
10062,2/25/2014 5:00,11,33,311
10063,2/25/2014 6:00,11,33,311
10064,2/25/2014 7:00,11,33,311
10065,2/25/2014 8:00,11,33,311
10066,2/25/2014 9:00,11,33,311
10067,2/25/2014 10:00,11,33,311
10068,2/25/2014 11:00,11,33,311
10069,2/25/2014 12:00,11,33,310
10070,2/25/2014 13:00,11,33,311
10071,2/25/2014 14:00,11,33,310
10072,2/25/2014 15:00,11,33,310
10073,2/25/2014 16:00,12,33,310
10074,2/25/2014 17:00,11,33,310
10075,2/25/2014 18:00,11,33,310
10076,2/25/2014 19:00,11,33,310
10077,2/25/2014 20:00,11,33,310
10078,2/25/2014 21:00,11,33,310
10079,2/25/2014 22:00,11,33,310
10080,2/25/2014 23:00,11,33,309
10081,2/26/2014 0:00,11,33,310
10082,2/26/2014 1:00,11,33,310
10083,2/26/2014 2:00,11,33,310
10084,2/26/2014 3:00,11,33,309
10085,2/26/2014 4:00,11,33,309
10086,2/26/2014 5:00,11,33,309
10087,2/26/2014 6:00,11,33,309
10088,2/26/2014 7:00,11,33,309
10089,2/26/2014 8:00,11,33,309
10090,2/26/2014 9:00,11,33,309
10091,2/26/2014 10:00,11,33,309
10092,2/26/2014 11:00,12,33,309
10093,2/26/2014 12:00,11,33,309
10094,2/26/2014 13:00,11,33,309
10095,2/26/2014 14:00,11,33,309
10096,2/26/2014 15:00,11,33,309
10097,2/26/2014 16:00,11,33,309
10098,2/26/2014 17:00,11,33,309
10099,2/26/2014 18:00,11,33,309
10100,2/26/2014 19:00,11,33,309
10101,2/26/2014 20:00,11,33,309
10102,2/26/2014 21:00,11,33,308
10103,2/26/2014 22:00,11,33,309
10104,2/26/2014 23:00,11,33,309
10105,2/27/2014 0:00,11,33,309
10106,2/27/2014 1:00,11,33,308
10107,2/27/2014 2:00,11,33,308
10108,2/27/2014 3:00,11,33,309
10109,2/27/2014 4:00,11,33,308
10110,2/27/2014 5:00,11,33,308
10111,2/27/2014 6:00,11,33,308
10112,2/27/2014 7:00,11,33,308
10113,2/27/2014 8:00,11,33,308
10114,2/27/2014 9:00,11,33,308
10115,2/27/2014 10:00,11,33,308
10116,2/27/2014 11:00,12,33,308
10117,2/27/2014 12:00,11,33,308
10118,2/27/2014 13:00,11,33,308
10119,2/27/2014 14:00,11,33,308
10120,2/27/2014 15:00,11,33,308
10121,2/27/2014 16:00,11,33,308
10122,2/27/2014 17:00,12,33,308
10123,2/27/2014 18:00,11,33,308
10124,2/27/2014 19:00,11,33,308
10125,2/27/2014 20:00,11,33,308
10126,2/27/2014 21:00,11,33,308
10127,2/27/2014 22:00,11,33,308
10128,2/27/2014 23:00,11,33,308
10129,2/28/2014 0:00,11,33,308
10130,2/28/2014 1:00,11,33,308
10131,2/28/2014 2:00,11,33,308
10132,2/28/2014 3:00,11,33,307
10133,2/28/2014 4:00,11,33,308
10134,2/28/2014 5:00,11,33,307
10135,2/28/2014 6:00,11,33,307
10136,2/28/2014 7:00,11,33,307
10137,2/28/2014 8:00,11,33,308
10138,2/28/2014 9:00,11,33,307
10139,2/28/2014 10:00,11,33,307
10140,2/28/2014 11:00,11,30,307
10141,2/28/2014 12:00,11,30,307
10142,2/28/2014 13:00,11,30,307
10143,2/28/2014 14:00,11,30,513
10144,2/28/2014 15:00,11,30,514
10145,2/28/2014 16:00,11,30,513
10146,2/28/2014 17:00,11,30,510
10147,2/28/2014 18:00,11,30,510
10148,2/28/2014 19:00,11,30,510
10149,2/28/2014 20:00,11,30,510
10150,2/28/2014 21:00,11,30,509
10151,2/28/2014 22:00,11,30,509
10152,2/28/2014 23:00,11,30,509
10153,3/1/2014 0:00,14,30,509
10154,3/1/2014 1:00,16,30,509
10155,3/1/2014 2:00,16,30,515
10156,3/1/2014 3:00,15,30,515
10157,3/1/2014 4:00,15,30,515
10158,3/1/2014 5:00,15,30,514
10159,3/1/2014 6:00,15,30,513
10160,3/1/2014 7:00,15,30,512
10161,3/1/2014 8:00,15,30,511
10162,3/1/2014 9:00,15,30,509
10163,3/1/2014 10:00,15,30,508
10164,3/1/2014 11:00,15,30,507
10165,3/1/2014 12:00,15,30,492
10166,3/1/2014 13:00,15,30,413
10167,3/1/2014 14:00,15,30,396
10168,3/1/2014 15:00,15,30,433
10169,3/1/2014 16:00,15,30,444
10170,3/1/2014 17:00,15,31,435
10171,3/1/2014 18:00,15,30,441
10172,3/1/2014 19:00,15,31,418
10173,3/1/2014 20:00,15,30,425
10174,3/1/2014 21:00,15,31,421
10175,3/1/2014 22:00,15,31,421
10176,3/1/2014 23:00,15,31,399
10177,3/2/2014 0:00,15,30,439
10178,3/2/2014 1:00,15,31,462
10179,3/2/2014 2:00,15,31,465
10180,3/2/2014 3:00,15,31,469
10181,3/2/2014 4:00,15,31,473
10182,3/2/2014 5:00,15,31,468
10183,3/2/2014 6:00,15,31,483
10184,3/2/2014 7:00,15,31,476
10185,3/2/2014 8:00,15,31,475
10186,3/2/2014 9:00,14,31,482
10187,3/2/2014 10:00,15,31,477
10188,3/2/2014 11:00,14,31,496
10189,3/2/2014 12:00,14,31,508
10190,3/2/2014 13:00,14,31,508
10191,3/2/2014 14:00,15,31,508
10192,3/2/2014 15:00,14,31,508
10193,3/2/2014 16:00,14,31,508
10194,3/2/2014 17:00,13,31,508
10195,3/2/2014 18:00,13,31,507
10196,3/2/2014 19:00,13,31,507
10197,3/2/2014 20:00,13,31,508
10198,3/2/2014 21:00,13,31,507
10199,3/2/2014 22:00,15,31,507
10200,3/2/2014 23:00,14,31,506
10201,3/3/2014 0:00,14,31,506
10202,3/3/2014 1:00,13,31,506
10203,3/3/2014 2:00,13,31,506
10204,3/3/2014 3:00,15,31,505
10205,3/3/2014 4:00,13,31,504
10206,3/3/2014 5:00,13,31,503
10207,3/3/2014 6:00,13,31,502
10208,3/3/2014 7:00,13,31,504
10209,3/3/2014 8:00,13,31,504
10210,3/3/2014 9:00,13,31,503
10211,3/3/2014 10:00,13,31,502
10212,3/3/2014 11:00,13,31,502
10213,3/3/2014 12:00,13,31,502
10214,3/3/2014 13:00,13,31,502
10215,3/3/2014 14:00,13,31,502
10216,3/3/2014 15:00,13,31,502
10217,3/3/2014 16:00,13,31,501
10218,3/3/2014 17:00,15,31,501
10219,3/3/2014 18:00,13,31,501
10220,3/3/2014 19:00,13,31,501
10221,3/3/2014 20:00,13,31,501
10222,3/3/2014 21:00,13,31,500
10223,3/3/2014 22:00,13,31,500
10224,3/3/2014 23:00,14,31,500
10225,3/4/2014 0:00,13,31,500
10226,3/4/2014 1:00,13,31,500
10227,3/4/2014 2:00,13,31,499
10228,3/4/2014 3:00,13,31,499
10229,3/4/2014 4:00,13,31,498
10230,3/4/2014 5:00,13,31,498
10231,3/4/2014 6:00,13,31,497
10232,3/4/2014 7:00,15,31,497
10233,3/4/2014 8:00,13,31,497
10234,3/4/2014 9:00,13,31,497
10235,3/4/2014 10:00,13,31,496
10236,3/4/2014 11:00,13,31,496
10237,3/4/2014 12:00,13,31,496
10238,3/4/2014 13:00,14,31,496
10239,3/4/2014 14:00,13,31,496
10240,3/4/2014 15:00,13,31,496
10241,3/4/2014 16:00,13,31,495
10242,3/4/2014 17:00,13,31,495
10243,3/4/2014 18:00,13,31,494
10244,3/4/2014 19:00,13,31,494
10245,3/4/2014 20:00,13,31,494
10246,3/4/2014 21:00,13,31,494
10247,3/4/2014 22:00,13,31,493
10248,3/4/2014 23:00,13,31,492
10249,3/5/2014 0:00,13,31,492
10250,3/5/2014 1:00,13,31,492
10251,3/5/2014 2:00,13,31,492
10252,3/5/2014 3:00,13,31,491
10253,3/5/2014 4:00,13,33,491
10254,3/5/2014 5:00,13,31,491
10255,3/5/2014 6:00,13,31,491
10256,3/5/2014 7:00,13,31,490
10257,3/5/2014 8:00,13,31,490
10258,3/5/2014 9:00,13,31,490
10259,3/5/2014 10:00,13,31,490
10260,3/5/2014 11:00,13,31,490
10261,3/5/2014 12:00,13,31,489
10262,3/5/2014 13:00,13,31,489
10263,3/5/2014 14:00,13,31,489
10264,3/5/2014 15:00,13,31,489
10265,3/5/2014 16:00,13,31,489
10266,3/5/2014 17:00,13,31,488
10267,3/5/2014 18:00,14,31,488
10268,3/5/2014 19:00,13,31,488
10269,3/5/2014 20:00,13,31,487
10270,3/5/2014 21:00,13,31,487
10271,3/5/2014 22:00,13,31,485
10272,3/5/2014 23:00,13,31,485
10273,3/6/2014 0:00,13,31,485
10274,3/6/2014 1:00,13,31,485
10275,3/6/2014 2:00,13,31,484
10276,3/6/2014 3:00,13,31,484
10277,3/6/2014 4:00,13,31,484
10278,3/6/2014 5:00,13,31,483
10279,3/6/2014 6:00,13,31,483
10280,3/6/2014 7:00,13,31,483
10281,3/6/2014 8:00,13,31,483
10282,3/6/2014 9:00,13,31,483
10283,3/6/2014 10:00,13,31,483
10284,3/6/2014 11:00,13,31,483
10285,3/6/2014 12:00,13,31,483
10286,3/6/2014 13:00,13,31,482
10287,3/6/2014 14:00,13,31,482
10288,3/6/2014 15:00,13,31,482
10289,3/6/2014 16:00,13,31,482
10290,3/6/2014 17:00,13,31,481
10291,3/6/2014 18:00,13,31,480
10292,3/6/2014 19:00,13,31,480
10293,3/6/2014 20:00,13,31,480
10294,3/6/2014 21:00,13,31,480
10295,3/6/2014 22:00,13,31,480
10296,3/6/2014 23:00,13,31,479
10297,3/7/2014 0:00,13,31,479
10298,3/7/2014 1:00,13,31,479
10299,3/7/2014 2:00,14,31,479
10300,3/7/2014 3:00,13,31,479
10301,3/7/2014 4:00,13,31,479
10302,3/7/2014 5:00,13,31,478
10303,3/7/2014 6:00,13,31,478
10304,3/7/2014 7:00,13,31,478
10305,3/7/2014 8:00,13,31,478
10306,3/7/2014 9:00,13,31,478
10307,3/7/2014 10:00,13,31,478
10308,3/7/2014 11:00,13,31,477
10309,3/7/2014 12:00,14,31,476
10310,3/7/2014 13:00,13,31,476
10311,3/7/2014 14:00,13,31,476
10312,3/7/2014 15:00,13,31,476
10313,3/7/2014 16:00,13,31,476
10314,3/7/2014 17:00,13,31,475
10315,3/7/2014 18:00,13,31,475
10316,3/7/2014 19:00,13,31,475
10317,3/7/2014 20:00,13,31,475
10318,3/7/2014 21:00,13,31,475
10319,3/7/2014 22:00,13,31,474
10320,3/7/2014 23:00,13,31,474
10321,3/8/2014 0:00,13,31,474
10322,3/8/2014 1:00,13,31,473
10323,3/8/2014 2:00,14,31,473
10324,3/8/2014 3:00,13,31,472
10325,3/8/2014 4:00,13,31,470
10326,3/8/2014 5:00,13,31,469
10327,3/8/2014 6:00,13,31,467
10328,3/8/2014 7:00,13,31,463
10329,3/8/2014 8:00,13,32,456
10330,3/8/2014 9:00,13,31,456
10331,3/8/2014 10:00,13,31,405
10332,3/8/2014 11:00,13,31,443
10333,3/8/2014 12:00,13,31,438
10334,3/8/2014 13:00,13,32,459
10335,3/8/2014 14:00,13,32,465
10336,3/8/2014 15:00,13,31,466
10337,3/8/2014 16:00,13,31,466
10338,3/8/2014 17:00,13,31,465
10339,3/8/2014 18:00,13,31,465
10340,3/8/2014 19:00,13,32,466
10341,3/8/2014 20:00,13,31,466
10342,3/8/2014 21:00,13,32,467
10343,3/8/2014 22:00,13,32,465
10344,3/8/2014 23:00,13,32,466
10345,3/9/2014 0:00,13,32,467
10346,3/9/2014 1:00,13,32,467
10347,3/9/2014 2:00,13,32,467
10348,3/9/2014 3:00,13,32,467
10349,3/9/2014 4:00,13,32,467
10350,3/9/2014 5:00,13,32,467
10351,3/9/2014 6:00,14,32,467
10352,3/9/2014 7:00,13,32,467
10353,3/9/2014 8:00,13,32,467
10354,3/9/2014 9:00,13,32,466
10355,3/9/2014 10:00,13,32,466
10356,3/9/2014 11:00,13,32,466
10357,3/9/2014 12:00,13,32,466
10358,3/9/2014 13:00,13,32,466
10359,3/9/2014 14:00,13,32,466
10360,3/9/2014 15:00,13,32,465
10361,3/9/2014 16:00,13,32,465
10362,3/9/2014 17:00,13,32,465
10363,3/9/2014 18:00,13,32,465
10364,3/9/2014 19:00,13,32,465
10365,3/9/2014 20:00,13,32,465
10366,3/9/2014 21:00,13,32,464
10367,3/9/2014 22:00,13,32,464
10368,3/9/2014 23:00,13,32,464
10369,3/10/2014 0:00,13,32,464
10370,3/10/2014 1:00,13,32,464
10371,3/10/2014 2:00,13,32,464
10372,3/10/2014 3:00,13,32,463
10373,3/10/2014 4:00,13,32,463
10374,3/10/2014 5:00,13,32,463
10375,3/10/2014 6:00,13,32,463
10376,3/10/2014 7:00,13,32,462
10377,3/10/2014 8:00,13,32,462
10378,3/10/2014 9:00,13,32,462
10379,3/10/2014 10:00,13,32,461
10380,3/10/2014 11:00,13,32,461
10381,3/10/2014 12:00,13,32,461
10382,3/10/2014 13:00,13,32,461
10383,3/10/2014 14:00,13,32,461
10384,3/10/2014 15:00,13,32,460
10385,3/10/2014 16:00,13,32,459
10386,3/10/2014 17:00,13,32,459
10387,3/10/2014 18:00,13,32,459
10388,3/10/2014 19:00,13,32,459
10389,3/10/2014 20:00,13,32,458
10390,3/10/2014 21:00,13,32,458
10391,3/10/2014 22:00,13,32,458
10392,3/10/2014 23:00,13,32,458
10393,3/11/2014 0:00,13,30,458
10394,3/11/2014 1:00,13,32,458
10395,3/11/2014 2:00,13,32,458
10396,3/11/2014 3:00,13,32,457
10397,3/11/2014 4:00,13,32,457
10398,3/11/2014 5:00,13,32,456
10399,3/11/2014 6:00,13,32,456
10400,3/11/2014 7:00,13,32,456
10401,3/11/2014 8:00,13,32,456
10402,3/11/2014 9:00,13,32,456
10403,3/11/2014 10:00,13,32,455
10404,3/11/2014 11:00,13,32,455
10405,3/11/2014 12:00,13,30,455
10406,3/11/2014 13:00,13,32,455
10407,3/11/2014 14:00,13,32,455
10408,3/11/2014 15:00,13,32,454
10409,3/11/2014 16:00,13,32,454
10410,3/11/2014 17:00,13,32,454
10411,3/11/2014 18:00,13,32,454
10412,3/11/2014 19:00,13,32,454
10413,3/11/2014 20:00,13,32,454
10414,3/11/2014 21:00,13,32,454
10415,3/11/2014 22:00,13,32,453
10416,3/11/2014 23:00,13,32,453
10417,3/12/2014 0:00,13,32,453
10418,3/12/2014 1:00,13,32,453
10419,3/12/2014 2:00,13,32,452
10420,3/12/2014 3:00,13,32,452
10421,3/12/2014 4:00,13,30,452
10422,3/12/2014 5:00,13,32,452
10423,3/12/2014 6:00,13,32,452
10424,3/12/2014 7:00,13,32,452
10425,3/12/2014 8:00,13,32,450
10426,3/12/2014 9:00,13,32,450
10427,3/12/2014 10:00,13,32,450
10428,3/12/2014 11:00,13,32,450
10429,3/12/2014 12:00,13,32,450
10430,3/12/2014 13:00,13,32,449
10431,3/12/2014 14:00,13,32,450
10432,3/12/2014 15:00,13,32,449
10433,3/12/2014 16:00,13,32,449
10434,3/12/2014 17:00,13,32,449
10435,3/12/2014 18:00,13,32,448
10436,3/12/2014 19:00,13,32,448
10437,3/12/2014 20:00,13,32,448
10438,3/12/2014 21:00,13,32,448
10439,3/12/2014 22:00,13,32,447
10440,3/12/2014 23:00,13,32,448
10441,3/13/2014 0:00,13,32,448
10442,3/13/2014 1:00,13,32,447
10443,3/13/2014 2:00,13,32,447
10444,3/13/2014 3:00,13,32,447
10445,3/13/2014 4:00,13,32,446
10446,3/13/2014 5:00,13,32,446
10447,3/13/2014 6:00,13,32,446
10448,3/13/2014 7:00,13,32,446
10449,3/13/2014 8:00,13,32,446
10450,3/13/2014 9:00,13,32,446
10451,3/13/2014 10:00,13,32,445
10452,3/13/2014 11:00,13,32,445
10453,3/13/2014 12:00,13,32,445
10454,3/13/2014 13:00,13,32,444
10455,3/13/2014 14:00,13,32,444
10456,3/13/2014 15:00,13,32,444
10457,3/13/2014 16:00,13,32,444
10458,3/13/2014 17:00,13,32,444
10459,3/13/2014 18:00,13,32,443
10460,3/13/2014 19:00,13,32,443
10461,3/13/2014 20:00,13,32,443
10462,3/13/2014 21:00,13,32,443
10463,3/13/2014 22:00,13,32,443
10464,3/13/2014 23:00,13,32,443
10465,3/14/2014 0:00,13,32,442
10466,3/14/2014 1:00,13,32,442
10467,3/14/2014 2:00,13,32,441
10468,3/14/2014 3:00,13,32,441
10469,3/14/2014 4:00,13,32,441
10470,3/14/2014 5:00,14,32,441
10471,3/14/2014 6:00,13,32,441
10472,3/14/2014 7:00,13,32,441
10473,3/14/2014 8:00,13,32,441
10474,3/14/2014 9:00,13,32,441
10475,3/14/2014 10:00,13,32,441
10476,3/14/2014 11:00,13,32,441
10477,3/14/2014 12:00,13,32,440
10478,3/14/2014 13:00,13,32,440
10479,3/14/2014 14:00,13,30,440
10480,3/14/2014 15:00,13,32,440
10481,3/14/2014 16:00,13,32,440
10482,3/14/2014 17:00,13,32,440
10483,3/14/2014 18:00,13,32,440
10484,3/14/2014 19:00,13,32,440
10485,3/14/2014 20:00,14,32,440
10486,3/14/2014 21:00,13,32,440
10487,3/14/2014 22:00,13,32,439
10488,3/14/2014 23:00,13,32,439
10489,3/15/2014 0:00,13,32,439
10490,3/15/2014 1:00,13,32,439
10491,3/15/2014 2:00,12,32,439
10492,3/15/2014 3:00,13,32,439
10493,3/15/2014 4:00,13,32,439
10494,3/15/2014 5:00,12,32,438
10495,3/15/2014 6:00,12,32,438
10496,3/15/2014 7:00,12,34,438
10497,3/15/2014 8:00,12,32,438
10498,3/15/2014 9:00,12,32,437
10499,3/15/2014 10:00,12,32,437
10500,3/15/2014 11:00,12,32,437
10501,3/15/2014 12:00,12,32,437
10502,3/15/2014 13:00,12,32,437
10503,3/15/2014 14:00,12,32,437
10504,3/15/2014 15:00,12,32,437
10505,3/15/2014 16:00,12,32,437
10506,3/15/2014 17:00,12,32,437
10507,3/15/2014 18:00,12,32,437
10508,3/15/2014 19:00,12,32,437
10509,3/15/2014 20:00,12,32,437
10510,3/15/2014 21:00,11,32,437
10511,3/15/2014 22:00,12,32,437
10512,3/15/2014 23:00,12,32,436
10513,3/16/2014 0:00,12,32,436
10514,3/16/2014 1:00,12,32,436
10515,3/16/2014 2:00,12,32,436
10516,3/16/2014 3:00,12,33,436
10517,3/16/2014 4:00,12,32,435
10518,3/16/2014 5:00,12,32,436
10519,3/16/2014 6:00,12,32,436
10520,3/16/2014 7:00,12,32,435
10521,3/16/2014 8:00,12,32,435
10522,3/16/2014 9:00,12,32,435
10523,3/16/2014 10:00,12,32,435
10524,3/16/2014 11:00,12,32,435
10525,3/16/2014 12:00,12,32,435
10526,3/16/2014 13:00,12,32,434
10527,3/16/2014 14:00,12,32,434
10528,3/16/2014 15:00,12,32,434
10529,3/16/2014 16:00,12,32,433
10530,3/16/2014 17:00,11,32,432
10531,3/16/2014 18:00,13,32,432
10532,3/16/2014 19:00,13,32,432
10533,3/16/2014 20:00,13,32,432
10534,3/16/2014 21:00,13,32,432
10535,3/16/2014 22:00,12,32,432
10536,3/16/2014 23:00,12,32,432
10537,3/17/2014 0:00,12,32,432
10538,3/17/2014 1:00,12,32,431
10539,3/17/2014 2:00,12,32,431
10540,3/17/2014 3:00,12,32,431
10541,3/17/2014 4:00,13,32,431
10542,3/17/2014 5:00,13,32,431
10543,3/17/2014 6:00,12,32,431
10544,3/17/2014 7:00,13,32,431
10545,3/17/2014 8:00,12,32,431
10546,3/17/2014 9:00,12,32,431
10547,3/17/2014 10:00,13,32,431
10548,3/17/2014 11:00,13,32,431
10549,3/17/2014 12:00,12,32,431
10550,3/17/2014 13:00,13,32,430
10551,3/17/2014 14:00,12,32,430
10552,3/17/2014 15:00,13,32,430
10553,3/17/2014 16:00,13,32,430
10554,3/17/2014 17:00,13,32,430
10555,3/17/2014 18:00,12,32,430
10556,3/17/2014 19:00,12,32,430
10557,3/17/2014 20:00,12,32,430
10558,3/17/2014 21:00,12,32,430
10559,3/17/2014 22:00,13,32,429
10560,3/17/2014 23:00,12,32,429
10561,3/18/2014 0:00,14,32,429
10562,3/18/2014 1:00,13,32,429
10563,3/18/2014 2:00,12,32,429
10564,3/18/2014 3:00,12,32,429
10565,3/18/2014 4:00,13,32,429
10566,3/18/2014 5:00,12,32,428
10567,3/18/2014 6:00,13,32,428
10568,3/18/2014 7:00,12,32,428
10569,3/18/2014 8:00,12,32,428
10570,3/18/2014 9:00,12,32,428
10571,3/18/2014 10:00,12,32,428
10572,3/18/2014 11:00,12,32,428
10573,3/18/2014 12:00,12,32,428
10574,3/18/2014 13:00,12,32,428
10575,3/18/2014 14:00,12,32,428
10576,3/18/2014 15:00,12,32,428
10577,3/18/2014 16:00,13,32,427
10578,3/18/2014 17:00,12,32,427
10579,3/18/2014 18:00,12,32,427
10580,3/18/2014 19:00,13,32,427
10581,3/18/2014 20:00,12,32,427
10582,3/18/2014 21:00,14,32,427
10583,3/18/2014 22:00,13,32,427
10584,3/18/2014 23:00,13,32,427
10585,3/19/2014 0:00,13,32,426
10586,3/19/2014 1:00,13,32,427
10587,3/19/2014 2:00,12,32,427
10588,3/19/2014 3:00,12,32,427
10589,3/19/2014 4:00,12,32,427
10590,3/19/2014 5:00,12,32,427
10591,3/19/2014 6:00,12,32,427
10592,3/19/2014 7:00,12,32,427
10593,3/19/2014 8:00,12,32,427
10594,3/19/2014 9:00,12,32,427
10595,3/19/2014 10:00,12,32,427
10596,3/19/2014 11:00,12,32,426
10597,3/19/2014 12:00,12,32,427
10598,3/19/2014 13:00,13,32,426
10599,3/19/2014 14:00,13,33,426
10600,3/19/2014 15:00,13,32,426
10601,3/19/2014 16:00,13,32,426
10602,3/19/2014 17:00,13,32,426
10603,3/19/2014 18:00,13,32,426
10604,3/19/2014 19:00,13,32,426
10605,3/19/2014 20:00,12,32,426
10606,3/19/2014 21:00,12,32,426
10607,3/19/2014 22:00,12,32,426
10608,3/19/2014 23:00,12,32,426
10609,3/20/2014 0:00,12,30,426
10610,3/20/2014 1:00,12,32,426
10611,3/20/2014 2:00,12,32,426
10612,3/20/2014 3:00,12,32,426
10613,3/20/2014 4:00,11,32,426
10614,3/20/2014 5:00,12,32,426
10615,3/20/2014 6:00,12,32,425
10616,3/20/2014 7:00,12,32,425
10617,3/20/2014 8:00,12,32,425
10618,3/20/2014 9:00,12,32,426
10619,3/20/2014 10:00,12,32,426
10620,3/20/2014 11:00,12,32,426
10621,3/20/2014 12:00,12,32,426
10622,3/20/2014 13:00,12,32,426
10623,3/20/2014 14:00,13,32,425
10624,3/20/2014 15:00,12,32,426
10625,3/20/2014 16:00,12,32,426
10626,3/20/2014 17:00,12,32,426
10627,3/20/2014 18:00,12,32,426
10628,3/20/2014 19:00,12,32,425
10629,3/20/2014 20:00,12,32,426
10630,3/20/2014 21:00,12,32,426
10631,3/20/2014 22:00,12,32,426
10632,3/20/2014 23:00,12,32,426
10633,3/21/2014 0:00,12,32,426
10634,3/21/2014 1:00,12,33,426
10635,3/21/2014 2:00,12,32,426
10636,3/21/2014 3:00,12,32,426
10637,3/21/2014 4:00,12,32,426
10638,3/21/2014 5:00,12,32,426
10639,3/21/2014 6:00,12,32,426
10640,3/21/2014 7:00,12,32,426
10641,3/21/2014 8:00,12,32,426
10642,3/21/2014 9:00,12,32,427
10643,3/21/2014 10:00,12,32,427
10644,3/21/2014 11:00,12,32,427
10645,3/21/2014 12:00,12,32,428
10646,3/21/2014 13:00,12,32,428
10647,3/21/2014 14:00,12,32,429
10648,3/21/2014 15:00,11,32,428
10649,3/21/2014 16:00,12,32,428
10650,3/21/2014 17:00,12,32,428
10651,3/21/2014 18:00,12,32,428
10652,3/21/2014 19:00,12,32,428
10653,3/21/2014 20:00,12,32,427
10654,3/21/2014 21:00,12,32,427
10655,3/21/2014 22:00,12,32,427
10656,3/21/2014 23:00,12,32,426
10657,3/22/2014 0:00,12,32,427
10658,3/22/2014 1:00,12,32,428
10659,3/22/2014 2:00,12,32,427
10660,3/22/2014 3:00,12,32,427
10661,3/22/2014 4:00,12,32,427
10662,3/22/2014 5:00,12,32,427
10663,3/22/2014 6:00,12,32,427
10664,3/22/2014 7:00,12,32,427
10665,3/22/2014 8:00,12,33,427
10666,3/22/2014 9:00,12,32,428
10667,3/22/2014 10:00,12,32,428
10668,3/22/2014 11:00,12,32,428
10669,3/22/2014 12:00,12,32,429
10670,3/22/2014 13:00,12,32,428
10671,3/22/2014 14:00,12,32,429
10672,3/22/2014 15:00,12,32,429
10673,3/22/2014 16:00,12,33,429
10674,3/22/2014 17:00,12,32,429
10675,3/22/2014 18:00,12,32,430
10676,3/22/2014 19:00,12,32,430
10677,3/22/2014 20:00,12,32,429
10678,3/22/2014 21:00,12,32,429
10679,3/22/2014 22:00,11,32,430
10680,3/22/2014 23:00,12,32,429
10681,3/23/2014 0:00,12,32,430
10682,3/23/2014 1:00,12,32,428
10683,3/23/2014 2:00,12,32,429
10684,3/23/2014 3:00,12,32,429
10685,3/23/2014 4:00,12,32,429
10686,3/23/2014 5:00,12,32,429
10687,3/23/2014 6:00,11,32,429
10688,3/23/2014 7:00,12,32,429
10689,3/23/2014 8:00,12,32,429
10690,3/23/2014 9:00,12,32,430
10691,3/23/2014 10:00,12,32,430
10692,3/23/2014 11:00,12,32,430
10693,3/23/2014 12:00,12,32,430
10694,3/23/2014 13:00,13,32,430
10695,3/23/2014 14:00,12,32,431
10696,3/23/2014 15:00,12,32,431
10697,3/23/2014 16:00,12,32,430
10698,3/23/2014 17:00,12,32,430
10699,3/23/2014 18:00,12,32,431
10700,3/23/2014 19:00,12,32,430
10701,3/23/2014 20:00,12,32,431
10702,3/23/2014 21:00,12,32,430
10703,3/23/2014 22:00,12,32,431
10704,3/23/2014 23:00,12,32,430
10705,3/24/2014 0:00,12,32,431
10706,3/24/2014 1:00,12,32,431
10707,3/24/2014 2:00,12,32,431
10708,3/24/2014 3:00,12,32,431
10709,3/24/2014 4:00,12,32,431
10710,3/24/2014 5:00,12,32,431
10711,3/24/2014 6:00,12,32,431
10712,3/24/2014 7:00,12,32,431
10713,3/24/2014 8:00,12,32,431
10714,3/24/2014 9:00,12,32,431
10715,3/24/2014 10:00,12,32,431
10716,3/24/2014 11:00,14,32,429
10717,3/24/2014 12:00,12,33,429
10718,3/24/2014 13:00,12,32,429
10719,3/24/2014 14:00,12,32,428
10720,3/24/2014 15:00,12,32,428
10721,3/24/2014 16:00,12,33,429
10722,3/24/2014 17:00,12,32,428
10723,3/24/2014 18:00,12,32,428
10724,3/24/2014 19:00,12,32,428
10725,3/24/2014 20:00,12,32,429
10726,3/24/2014 21:00,12,32,429
10727,3/24/2014 22:00,12,32,429
10728,3/24/2014 23:00,12,32,428
10729,3/25/2014 0:00,12,32,429
10730,3/25/2014 1:00,12,32,429
10731,3/25/2014 2:00,11,32,428
10732,3/25/2014 3:00,14,32,429
10733,3/25/2014 4:00,12,32,428
10734,3/25/2014 5:00,12,32,428
10735,3/25/2014 6:00,11,32,428
10736,3/25/2014 7:00,12,32,430
10737,3/25/2014 8:00,12,32,429
10738,3/25/2014 9:00,12,32,429
10739,3/25/2014 10:00,12,32,429
10740,3/25/2014 11:00,12,33,429
10741,3/25/2014 12:00,12,32,429
10742,3/25/2014 13:00,12,32,429
10743,3/25/2014 14:00,12,32,431
10744,3/25/2014 15:00,12,32,326
10745,3/25/2014 16:00,12,32,410
10746,3/25/2014 17:00,12,32,410
10747,3/25/2014 18:00,12,32,420
10748,3/25/2014 19:00,12,32,397
10749,3/25/2014 20:00,12,32,397
10750,3/25/2014 21:00,12,32,397
10751,3/25/2014 22:00,12,32,395
10752,3/25/2014 23:00,12,32,392
10753,3/26/2014 0:00,13,32,391
10754,3/26/2014 1:00,11,32,383
10755,3/26/2014 2:00,13,32,381
10756,3/26/2014 3:00,12,32,382
10757,3/26/2014 4:00,13,32,381
10758,3/26/2014 5:00,13,32,380
10759,3/26/2014 6:00,13,32,374
10760,3/26/2014 7:00,13,32,368
10761,3/26/2014 8:00,12,32,361
10762,3/26/2014 9:00,12,32,376
10763,3/26/2014 10:00,12,32,388
10764,3/26/2014 11:00,12,32,390
10765,3/26/2014 12:00,12,32,382
10766,3/26/2014 13:00,12,32,363
10767,3/26/2014 14:00,12,32,362
10768,3/26/2014 15:00,12,32,359
10769,3/26/2014 16:00,12,32,359
10770,3/26/2014 17:00,12,32,351
10771,3/26/2014 18:00,12,32,359
10772,3/26/2014 19:00,12,32,359
10773,3/26/2014 20:00,12,32,361
10774,3/26/2014 21:00,12,32,360
10775,3/26/2014 22:00,12,32,357
10776,3/26/2014 23:00,13,32,355
10777,3/27/2014 0:00,12,32,359
10778,3/27/2014 1:00,12,32,360
10779,3/27/2014 2:00,12,32,360
10780,3/27/2014 3:00,12,32,360
10781,3/27/2014 4:00,12,32,360
10782,3/27/2014 5:00,12,32,360
10783,3/27/2014 6:00,12,32,361
10784,3/27/2014 7:00,12,32,360
10785,3/27/2014 8:00,12,32,360
10786,3/27/2014 9:00,12,32,360
10787,3/27/2014 10:00,12,32,359
10788,3/27/2014 11:00,12,32,356
10789,3/27/2014 12:00,12,32,355
10790,3/27/2014 13:00,12,32,355
10791,3/27/2014 14:00,12,32,356
10792,3/27/2014 15:00,12,32,357
10793,3/27/2014 16:00,12,32,356
10794,3/27/2014 17:00,12,32,353
10795,3/27/2014 18:00,12,32,354
10796,3/27/2014 19:00,12,32,355
10797,3/27/2014 20:00,12,32,355
10798,3/27/2014 21:00,12,32,360
10799,3/27/2014 22:00,12,32,359
10800,3/27/2014 23:00,12,32,360
10801,3/28/2014 0:00,12,32,360
10802,3/28/2014 1:00,12,32,359
10803,3/28/2014 2:00,12,32,360
10804,3/28/2014 3:00,12,30,360
10805,3/28/2014 4:00,12,32,359
10806,3/28/2014 5:00,12,32,357
10807,3/28/2014 6:00,12,32,356
10808,3/28/2014 7:00,12,32,356
10809,3/28/2014 8:00,12,32,355
10810,3/28/2014 9:00,12,32,356
10811,3/28/2014 10:00,12,32,356
10812,3/28/2014 11:00,12,32,357
10813,3/28/2014 12:00,12,32,357
10814,3/28/2014 13:00,12,32,359
10815,3/28/2014 14:00,12,32,363
10816,3/28/2014 15:00,12,32,366
10817,3/28/2014 16:00,12,32,366
10818,3/28/2014 17:00,13,32,368
10819,3/28/2014 18:00,12,34,369
10820,3/28/2014 19:00,12,32,369
10821,3/28/2014 20:00,12,32,369
10822,3/28/2014 21:00,12,30,370
10823,3/28/2014 22:00,12,30,371
10824,3/28/2014 23:00,12,30,372
10825,3/29/2014 0:00,12,30,372
10826,3/29/2014 1:00,12,30,372
10827,3/29/2014 2:00,12,30,373
10828,3/29/2014 3:00,12,30,373
10829,3/29/2014 4:00,12,30,373
10830,3/29/2014 5:00,12,30,373
10831,3/29/2014 6:00,12,30,374
10832,3/29/2014 7:00,12,30,374
10833,3/29/2014 8:00,11,30,374
10834,3/29/2014 9:00,12,30,374
10835,3/29/2014 10:00,12,30,374
10836,3/29/2014 11:00,12,30,374
10837,3/29/2014 12:00,12,30,374
10838,3/29/2014 13:00,12,30,374
10839,3/29/2014 14:00,12,30,374
10840,3/29/2014 15:00,12,30,374
10841,3/29/2014 16:00,12,30,374
10842,3/29/2014 17:00,12,30,374
10843,3/29/2014 18:00,12,30,374
10844,3/29/2014 19:00,12,30,374
10845,3/29/2014 20:00,12,30,374
10846,3/29/2014 21:00,12,30,374
10847,3/29/2014 22:00,12,30,374
10848,3/29/2014 23:00,12,30,374
10849,3/30/2014 0:00,12,30,374
10850,3/30/2014 1:00,12,30,373
10851,3/30/2014 2:00,12,30,373
10852,3/30/2014 3:00,12,31,373
10853,3/30/2014 4:00,12,30,373
10854,3/30/2014 5:00,12,31,374
10855,3/30/2014 6:00,12,30,373
10856,3/30/2014 7:00,12,31,372
10857,3/30/2014 8:00,12,31,372
10858,3/30/2014 9:00,12,31,372
10859,3/30/2014 10:00,12,30,371
10860,3/30/2014 11:00,12,31,371
10861,3/30/2014 12:00,12,31,370
10862,3/30/2014 13:00,12,31,370
10863,3/30/2014 14:00,12,31,371
10864,3/30/2014 15:00,12,31,371
10865,3/30/2014 16:00,12,31,371
10866,3/30/2014 17:00,12,31,370
10867,3/30/2014 18:00,12,31,370
10868,3/30/2014 19:00,12,31,370
10869,3/30/2014 20:00,12,31,370
10870,3/30/2014 21:00,12,31,371
10871,3/30/2014 22:00,12,31,372
10872,3/30/2014 23:00,12,31,371
10873,3/31/2014 0:00,12,31,371
10874,3/31/2014 1:00,12,31,372
10875,3/31/2014 2:00,12,31,371
10876,3/31/2014 3:00,12,31,371
10877,3/31/2014 4:00,12,31,372
10878,3/31/2014 5:00,13,31,373
10879,3/31/2014 6:00,12,31,372
10880,3/31/2014 7:00,12,31,373
10881,3/31/2014 8:00,12,31,374
10882,3/31/2014 9:00,12,31,380
10883,3/31/2014 10:00,12,31,381
10884,3/31/2014 11:00,12,31,382
10885,3/31/2014 12:00,12,31,383
10886,3/31/2014 13:00,13,31,383
10887,3/31/2014 14:00,12,31,383
10888,3/31/2014 15:00,12,31,383
10889,3/31/2014 16:00,12,31,383
10890,3/31/2014 17:00,12,31,388
10891,3/31/2014 18:00,12,31,388
10892,3/31/2014 19:00,12,31,388
10893,3/31/2014 20:00,12,31,389
10894,3/31/2014 21:00,12,31,389
10895,3/31/2014 22:00,12,31,389
10896,3/31/2014 23:00,12,31,389
10897,4/1/2014 0:00,12,31,390
10898,4/1/2014 1:00,12,31,390
10899,4/1/2014 2:00,12,31,389
10900,4/1/2014 3:00,12,31,389
10901,4/1/2014 4:00,12,31,389
10902,4/1/2014 5:00,12,31,389
10903,4/1/2014 6:00,12,31,388
10904,4/1/2014 7:00,12,31,388
10905,4/1/2014 8:00,12,31,388
10906,4/1/2014 9:00,12,31,387
10907,4/1/2014 10:00,12,31,387
10908,4/1/2014 11:00,12,31,387
10909,4/1/2014 12:00,12,31,386
10910,4/1/2014 13:00,12,31,383
10911,4/1/2014 14:00,12,31,383
10912,4/1/2014 15:00,12,31,383
10913,4/1/2014 16:00,12,31,383
10914,4/1/2014 17:00,12,31,383
10915,4/1/2014 18:00,12,31,383
10916,4/1/2014 19:00,12,31,382
10917,4/1/2014 20:00,12,31,382
10918,4/1/2014 21:00,12,31,382
10919,4/1/2014 22:00,12,31,382
10920,4/1/2014 23:00,12,31,382
10921,4/2/2014 0:00,12,31,382
10922,4/2/2014 1:00,12,31,382
10923,4/2/2014 2:00,12,31,382
10924,4/2/2014 3:00,12,31,382
10925,4/2/2014 4:00,12,31,382
10926,4/2/2014 5:00,12,31,382
10927,4/2/2014 6:00,12,31,382
10928,4/2/2014 7:00,12,31,382
10929,4/2/2014 8:00,12,31,382
10930,4/2/2014 9:00,12,31,382
10931,4/2/2014 10:00,12,31,382
10932,4/2/2014 11:00,13,31,382
10933,4/2/2014 12:00,12,31,382
10934,4/2/2014 13:00,12,31,382
10935,4/2/2014 14:00,12,33,382
10936,4/2/2014 15:00,12,31,382
10937,4/2/2014 16:00,12,31,382
10938,4/2/2014 17:00,12,31,382
10939,4/2/2014 18:00,12,31,382
10940,4/2/2014 19:00,12,31,381
10941,4/2/2014 20:00,12,31,381
10942,4/2/2014 21:00,12,31,381
10943,4/2/2014 22:00,12,31,381
10944,4/2/2014 23:00,13,31,381
10945,4/3/2014 0:00,12,31,381
10946,4/3/2014 1:00,12,31,381
10947,4/3/2014 2:00,12,31,381
10948,4/3/2014 3:00,12,31,381
10949,4/3/2014 4:00,12,31,381
10950,4/3/2014 5:00,12,31,381
10951,4/3/2014 6:00,12,31,381
10952,4/3/2014 7:00,12,31,381
10953,4/3/2014 8:00,12,31,381
10954,4/3/2014 9:00,12,31,381
10955,4/3/2014 10:00,12,31,380
10956,4/3/2014 11:00,12,31,380
10957,4/3/2014 12:00,12,31,380
10958,4/3/2014 13:00,12,31,380
10959,4/3/2014 14:00,12,31,380
10960,4/3/2014 15:00,12,31,380
10961,4/3/2014 16:00,12,31,380
10962,4/3/2014 17:00,12,31,380
10963,4/3/2014 18:00,12,31,380
10964,4/3/2014 19:00,12,31,379
10965,4/3/2014 20:00,12,31,379
10966,4/3/2014 21:00,12,31,379
10967,4/3/2014 22:00,12,31,379
10968,4/3/2014 23:00,12,31,379
10969,4/4/2014 0:00,12,31,379
10970,4/4/2014 1:00,12,31,379
10971,4/4/2014 2:00,12,31,379
10972,4/4/2014 3:00,12,31,379
10973,4/4/2014 4:00,12,31,379
10974,4/4/2014 5:00,12,31,378
10975,4/4/2014 6:00,12,31,378
10976,4/4/2014 7:00,12,31,378
10977,4/4/2014 8:00,12,31,378
10978,4/4/2014 9:00,12,31,378
10979,4/4/2014 10:00,12,31,377
10980,4/4/2014 11:00,12,31,376
10981,4/4/2014 12:00,12,31,376
10982,4/4/2014 13:00,12,31,376
10983,4/4/2014 14:00,12,31,375
10984,4/4/2014 15:00,12,31,374
10985,4/4/2014 16:00,12,31,374
10986,4/4/2014 17:00,12,31,374
10987,4/4/2014 18:00,12,31,374
10988,4/4/2014 19:00,12,31,373
10989,4/4/2014 20:00,12,31,373
10990,4/4/2014 21:00,12,31,373
10991,4/4/2014 22:00,12,31,373
10992,4/4/2014 23:00,12,31,372
10993,4/5/2014 0:00,12,31,372
10994,4/5/2014 1:00,12,31,372
10995,4/5/2014 2:00,12,31,372
10996,4/5/2014 3:00,12,31,372
10997,4/5/2014 4:00,12,31,371
10998,4/5/2014 5:00,12,31,370
10999,4/5/2014 6:00,12,31,370
11000,4/5/2014 7:00,12,31,370
11001,4/5/2014 8:00,12,31,369
11002,4/5/2014 9:00,12,31,369
11003,4/5/2014 10:00,12,31,369
11004,4/5/2014 11:00,12,31,368
11005,4/5/2014 12:00,12,31,366
11006,4/5/2014 13:00,12,31,365
11007,4/5/2014 14:00,12,31,364
11008,4/5/2014 15:00,12,31,364
11009,4/5/2014 16:00,12,31,363
11010,4/5/2014 17:00,12,31,363
11011,4/5/2014 18:00,12,32,363
11012,4/5/2014 19:00,12,31,362
11013,4/5/2014 20:00,12,31,362
11014,4/5/2014 21:00,12,31,361
11015,4/5/2014 22:00,13,31,361
11016,4/5/2014 23:00,12,32,361
11017,4/6/2014 0:00,12,32,361
11018,4/6/2014 1:00,12,31,361
11019,4/6/2014 2:00,12,31,360
11020,4/6/2014 3:00,12,31,360
11021,4/6/2014 4:00,12,31,360
11022,4/6/2014 5:00,12,32,360
11023,4/6/2014 6:00,12,31,360
11024,4/6/2014 7:00,12,32,359
11025,4/6/2014 8:00,12,32,359
11026,4/6/2014 9:00,12,32,359
11027,4/6/2014 10:00,12,32,358
11028,4/6/2014 11:00,12,32,358
11029,4/6/2014 12:00,12,32,357
11030,4/6/2014 13:00,12,32,357
11031,4/6/2014 14:00,12,32,356
11032,4/6/2014 15:00,12,32,356
11033,4/6/2014 16:00,12,32,356
11034,4/6/2014 17:00,12,32,355
11035,4/6/2014 18:00,12,32,355
11036,4/6/2014 19:00,12,32,355
11037,4/6/2014 20:00,12,32,355
11038,4/6/2014 21:00,12,32,354
11039,4/6/2014 22:00,12,32,354
11040,4/6/2014 23:00,12,32,355
11041,4/7/2014 0:00,12,32,355
11042,4/7/2014 1:00,12,32,355
11043,4/7/2014 2:00,12,32,354
11044,4/7/2014 3:00,12,32,354
11045,4/7/2014 4:00,12,32,354
11046,4/7/2014 5:00,12,32,354
11047,4/7/2014 6:00,12,32,354
11048,4/7/2014 7:00,12,32,353
11049,4/7/2014 8:00,12,32,354
11050,4/7/2014 9:00,12,32,354
11051,4/7/2014 10:00,12,32,354
11052,4/7/2014 11:00,12,32,355
11053,4/7/2014 12:00,12,32,354
11054,4/7/2014 13:00,12,32,354
11055,4/7/2014 14:00,12,32,355
11056,4/7/2014 15:00,12,32,356
11057,4/7/2014 16:00,12,32,356
11058,4/7/2014 17:00,12,32,355
11059,4/7/2014 18:00,12,32,354
11060,4/7/2014 19:00,12,32,354
11061,4/7/2014 20:00,12,32,354
11062,4/7/2014 21:00,12,32,354
11063,4/7/2014 22:00,12,32,354
11064,4/7/2014 23:00,12,32,355
11065,4/8/2014 0:00,12,32,354
11066,4/8/2014 1:00,12,32,355
11067,4/8/2014 2:00,12,32,355
11068,4/8/2014 3:00,12,32,355
11069,4/8/2014 4:00,12,32,355
11070,4/8/2014 5:00,12,32,355
11071,4/8/2014 6:00,12,32,355
11072,4/8/2014 7:00,12,32,355
11073,4/8/2014 8:00,12,32,355
11074,4/8/2014 9:00,12,32,354
11075,4/8/2014 10:00,12,30,354
11076,4/8/2014 11:00,12,32,354
11077,4/8/2014 12:00,12,32,354
11078,4/8/2014 13:00,12,32,355
11079,4/8/2014 14:00,12,32,355
11080,4/8/2014 15:00,12,32,355
11081,4/8/2014 16:00,12,32,354
11082,4/8/2014 17:00,12,32,353
11083,4/8/2014 18:00,12,32,352
11084,4/8/2014 19:00,12,32,348
11085,4/8/2014 20:00,12,32,348
11086,4/8/2014 21:00,12,32,348
11087,4/8/2014 22:00,12,30,348
11088,4/8/2014 23:00,12,32,348
11089,4/9/2014 0:00,12,32,348
11090,4/9/2014 1:00,12,32,346
11091,4/9/2014 2:00,12,32,345
11092,4/9/2014 3:00,12,32,343
11093,4/9/2014 4:00,12,32,345
11094,4/9/2014 5:00,12,32,342
11095,4/9/2014 6:00,12,32,339
11096,4/9/2014 7:00,12,32,342
11097,4/9/2014 8:00,12,32,342
11098,4/9/2014 9:00,12,32,339
11099,4/9/2014 10:00,12,32,339
11100,4/9/2014 11:00,12,32,342
11101,4/9/2014 12:00,12,32,345
11102,4/9/2014 13:00,12,32,345
11103,4/9/2014 14:00,12,30,344
11104,4/9/2014 15:00,11,32,345
11105,4/9/2014 16:00,12,32,346
11106,4/9/2014 17:00,12,32,345
11107,4/9/2014 18:00,12,32,344
11108,4/9/2014 19:00,12,32,339
11109,4/9/2014 20:00,12,32,337
11110,4/9/2014 21:00,12,32,335
11111,4/9/2014 22:00,12,32,337
11112,4/9/2014 23:00,12,32,344
11113,4/10/2014 0:00,12,32,344
11114,4/10/2014 1:00,12,32,344
11115,4/10/2014 2:00,12,32,344
11116,4/10/2014 3:00,12,32,345
11117,4/10/2014 4:00,12,32,345
11118,4/10/2014 5:00,12,32,345
11119,4/10/2014 6:00,12,32,345
11120,4/10/2014 7:00,12,32,344
11121,4/10/2014 8:00,12,32,344
11122,4/10/2014 9:00,12,32,342
11123,4/10/2014 10:00,12,32,343
11124,4/10/2014 11:00,14,32,345
11125,4/10/2014 12:00,12,32,347
11126,4/10/2014 13:00,12,32,346
11127,4/10/2014 14:00,12,32,345
11128,4/10/2014 15:00,12,32,344
11129,4/10/2014 16:00,12,32,343
11130,4/10/2014 17:00,12,32,342
11131,4/10/2014 18:00,12,32,339
11132,4/10/2014 19:00,12,32,339
11133,4/10/2014 20:00,12,32,342
11134,4/10/2014 21:00,12,32,339
11135,4/10/2014 22:00,12,32,339
11136,4/10/2014 23:00,12,32,338
11137,4/11/2014 0:00,12,32,341
11138,4/11/2014 1:00,12,32,341
11139,4/11/2014 2:00,12,32,339
11140,4/11/2014 3:00,12,32,340
11141,4/11/2014 4:00,12,32,341
11142,4/11/2014 5:00,12,32,338
11143,4/11/2014 6:00,12,32,337
11144,4/11/2014 7:00,12,32,335
11145,4/11/2014 8:00,12,32,335
11146,4/11/2014 9:00,12,32,336
11147,4/11/2014 10:00,12,32,335
11148,4/11/2014 11:00,12,32,336
11149,4/11/2014 12:00,12,32,335
11150,4/11/2014 13:00,12,32,336
11151,4/11/2014 14:00,12,32,336
11152,4/11/2014 15:00,12,32,335
11153,4/11/2014 16:00,12,32,335
11154,4/11/2014 17:00,12,32,333
11155,4/11/2014 18:00,12,32,338
11156,4/11/2014 19:00,12,32,338
11157,4/11/2014 20:00,12,32,338
11158,4/11/2014 21:00,12,32,339
11159,4/11/2014 22:00,12,32,339
11160,4/11/2014 23:00,12,32,344
11161,4/12/2014 0:00,12,30,344
11162,4/12/2014 1:00,12,32,344
11163,4/12/2014 2:00,12,32,344
11164,4/12/2014 3:00,12,32,344
11165,4/12/2014 4:00,12,32,344
11166,4/12/2014 5:00,12,32,344
11167,4/12/2014 6:00,12,32,345
11168,4/12/2014 7:00,12,32,345
11169,4/12/2014 8:00,12,32,345
11170,4/12/2014 9:00,12,32,346
11171,4/12/2014 10:00,12,32,346
11172,4/12/2014 11:00,12,32,346
11173,4/12/2014 12:00,12,32,345
11174,4/12/2014 13:00,12,32,345
11175,4/12/2014 14:00,12,32,346
11176,4/12/2014 15:00,12,32,345
11177,4/12/2014 16:00,12,32,345
11178,4/12/2014 17:00,12,34,346
11179,4/12/2014 18:00,12,32,346
11180,4/12/2014 19:00,12,32,346
11181,4/12/2014 20:00,12,32,346
11182,4/12/2014 21:00,12,32,346
11183,4/12/2014 22:00,12,32,346
11184,4/12/2014 23:00,12,32,347
11185,4/13/2014 0:00,12,32,347
11186,4/13/2014 1:00,12,32,347
11187,4/13/2014 2:00,13,32,347
11188,4/13/2014 3:00,12,32,347
11189,4/13/2014 4:00,12,32,346
11190,4/13/2014 5:00,12,32,333
11191,4/13/2014 6:00,12,32,332
11192,4/13/2014 7:00,12,32,326
11193,4/13/2014 8:00,12,32,328
11194,4/13/2014 9:00,12,32,335
11195,4/13/2014 10:00,12,32,328
11196,4/13/2014 11:00,12,32,328
11197,4/13/2014 12:00,12,32,327
11198,4/13/2014 13:00,12,33,330
11199,4/13/2014 14:00,12,32,328
11200,4/13/2014 15:00,12,32,326
11201,4/13/2014 16:00,12,32,327
11202,4/13/2014 17:00,12,32,326
11203,4/13/2014 18:00,12,32,328
11204,4/13/2014 19:00,12,32,327
11205,4/13/2014 20:00,13,32,328
11206,4/13/2014 21:00,13,32,327
11207,4/13/2014 22:00,12,32,326
11208,4/13/2014 23:00,12,32,324
11209,4/14/2014 0:00,12,32,321
11210,4/14/2014 1:00,12,32,324
11211,4/14/2014 2:00,12,32,326
11212,4/14/2014 3:00,12,32,325
11213,4/14/2014 4:00,12,32,325
11214,4/14/2014 5:00,12,32,324
11215,4/14/2014 6:00,12,32,327
11216,4/14/2014 7:00,12,32,324
11217,4/14/2014 8:00,12,32,324
11218,4/14/2014 9:00,12,32,325
11219,4/14/2014 10:00,12,32,324
11220,4/14/2014 11:00,12,32,321
11221,4/14/2014 12:00,12,32,324
11222,4/14/2014 13:00,12,32,333
11223,4/14/2014 14:00,12,32,334
11224,4/14/2014 15:00,12,32,337
11225,4/14/2014 16:00,12,32,339
11226,4/14/2014 17:00,12,32,340
11227,4/14/2014 18:00,12,32,342
11228,4/14/2014 19:00,12,32,343
11229,4/14/2014 20:00,12,32,343
11230,4/14/2014 21:00,12,32,344
11231,4/14/2014 22:00,12,32,344
11232,4/14/2014 23:00,13,32,345
11233,4/15/2014 0:00,12,32,345
11234,4/15/2014 1:00,12,32,345
11235,4/15/2014 2:00,12,32,346
11236,4/15/2014 3:00,12,32,346
11237,4/15/2014 4:00,12,32,346
11238,4/15/2014 5:00,12,32,346
11239,4/15/2014 6:00,12,32,346
11240,4/15/2014 7:00,12,32,347
11241,4/15/2014 8:00,12,32,347
11242,4/15/2014 9:00,12,32,347
11243,4/15/2014 10:00,12,32,347
11244,4/15/2014 11:00,12,32,347
11245,4/15/2014 12:00,12,32,348
11246,4/15/2014 13:00,12,32,348
11247,4/15/2014 14:00,12,32,348
11248,4/15/2014 15:00,12,32,348
11249,4/15/2014 16:00,12,32,348
11250,4/15/2014 17:00,12,32,348
11251,4/15/2014 18:00,12,32,348
11252,4/15/2014 19:00,12,32,348
11253,4/15/2014 20:00,12,32,348
11254,4/15/2014 21:00,12,32,348
11255,4/15/2014 22:00,12,32,348
11256,4/15/2014 23:00,12,32,348
11257,4/16/2014 0:00,12,32,348
11258,4/16/2014 1:00,12,32,348
11259,4/16/2014 2:00,12,32,348
11260,4/16/2014 3:00,12,32,348
11261,4/16/2014 4:00,12,32,348
11262,4/16/2014 5:00,12,32,348
11263,4/16/2014 6:00,12,32,348
11264,4/16/2014 7:00,12,32,348
11265,4/16/2014 8:00,12,32,348
11266,4/16/2014 9:00,12,32,348
11267,4/16/2014 10:00,12,32,348
11268,4/16/2014 11:00,12,32,348
11269,4/16/2014 12:00,12,32,348
11270,4/16/2014 13:00,12,32,349
11271,4/16/2014 14:00,12,32,349
11272,4/16/2014 15:00,12,32,348
11273,4/16/2014 16:00,12,32,348
11274,4/16/2014 17:00,12,32,348
11275,4/16/2014 18:00,12,32,348
11276,4/16/2014 19:00,12,32,352
11277,4/16/2014 20:00,12,32,348
11278,4/16/2014 21:00,12,32,347
11279,4/16/2014 22:00,12,32,346
11280,4/16/2014 23:00,12,32,345
11281,4/17/2014 0:00,12,33,345
11282,4/17/2014 1:00,12,32,344
11283,4/17/2014 2:00,12,32,343
11284,4/17/2014 3:00,12,32,419
11285,4/17/2014 4:00,12,32,418
11286,4/17/2014 5:00,12,32,350
11287,4/17/2014 6:00,12,32,364
11288,4/17/2014 7:00,12,32,404
11289,4/17/2014 8:00,13,32,404
11290,4/17/2014 9:00,13,32,403
11291,4/17/2014 10:00,12,30,398
11292,4/17/2014 11:00,12,32,401
11293,4/17/2014 12:00,12,32,401
11294,4/17/2014 13:00,12,32,398
11295,4/17/2014 14:00,12,32,398
11296,4/17/2014 15:00,13,32,400
11297,4/17/2014 16:00,13,32,398
11298,4/17/2014 17:00,12,32,398
11299,4/17/2014 18:00,12,32,398
11300,4/17/2014 19:00,12,32,397
11301,4/17/2014 20:00,12,32,399
11302,4/17/2014 21:00,12,32,397
11303,4/17/2014 22:00,12,32,397
11304,4/17/2014 23:00,12,32,402
11305,4/18/2014 0:00,12,32,396
11306,4/18/2014 1:00,12,32,382
11307,4/18/2014 2:00,12,32,369
11308,4/18/2014 3:00,12,32,335
11309,4/18/2014 4:00,12,32,335
11310,4/18/2014 5:00,12,32,337
11311,4/18/2014 6:00,12,32,338
11312,4/18/2014 7:00,12,32,338
11313,4/18/2014 8:00,12,32,337
11314,4/18/2014 9:00,12,32,337
11315,4/18/2014 10:00,12,32,338
11316,4/18/2014 11:00,13,33,337
11317,4/18/2014 12:00,12,32,337
11318,4/18/2014 13:00,12,32,338
11319,4/18/2014 14:00,12,32,338
11320,4/18/2014 15:00,12,32,338
11321,4/18/2014 16:00,12,32,360
11322,4/18/2014 17:00,12,32,380
11323,4/18/2014 18:00,12,32,393
11324,4/18/2014 19:00,12,32,346
11325,4/18/2014 20:00,12,32,374
11326,4/18/2014 21:00,12,32,360
11327,4/18/2014 22:00,11,32,368
11328,4/18/2014 23:00,12,32,347
11329,4/19/2014 0:00,12,32,343
11330,4/19/2014 1:00,12,32,338
11331,4/19/2014 2:00,12,32,344
11332,4/19/2014 3:00,12,32,345
11333,4/19/2014 4:00,12,32,345
11334,4/19/2014 5:00,12,32,344
11335,4/19/2014 6:00,12,32,344
11336,4/19/2014 7:00,12,32,344
11337,4/19/2014 8:00,12,32,344
11338,4/19/2014 9:00,12,32,345
11339,4/19/2014 10:00,11,32,344
11340,4/19/2014 11:00,12,32,344
11341,4/19/2014 12:00,12,32,344
11342,4/19/2014 13:00,12,32,344
11343,4/19/2014 14:00,12,32,344
11344,4/19/2014 15:00,12,32,343
11345,4/19/2014 16:00,12,32,343
11346,4/19/2014 17:00,12,32,343
11347,4/19/2014 18:00,12,33,342
11348,4/19/2014 19:00,13,32,342
11349,4/19/2014 20:00,12,32,342
11350,4/19/2014 21:00,12,32,342
11351,4/19/2014 22:00,12,32,342
11352,4/19/2014 23:00,12,32,340
11353,4/20/2014 0:00,11,32,339
11354,4/20/2014 1:00,12,32,339
11355,4/20/2014 2:00,12,33,339
11356,4/20/2014 3:00,12,32,338
11357,4/20/2014 4:00,12,32,339
11358,4/20/2014 5:00,12,32,338
11359,4/20/2014 6:00,12,32,338
11360,4/20/2014 7:00,12,32,338
11361,4/20/2014 8:00,12,32,338
11362,4/20/2014 9:00,12,32,338
11363,4/20/2014 10:00,12,32,337
11364,4/20/2014 11:00,12,32,337
11365,4/20/2014 12:00,12,32,337
11366,4/20/2014 13:00,12,32,337
11367,4/20/2014 14:00,12,32,337
11368,4/20/2014 15:00,12,32,337
11369,4/20/2014 16:00,12,32,337
11370,4/20/2014 17:00,12,32,337
11371,4/20/2014 18:00,12,32,337
11372,4/20/2014 19:00,12,32,337
11373,4/20/2014 20:00,12,32,337
11374,4/20/2014 21:00,11,32,337
11375,4/20/2014 22:00,12,32,337
11376,4/20/2014 23:00,12,32,336
11377,4/21/2014 0:00,12,32,336
11378,4/21/2014 1:00,12,32,336
11379,4/21/2014 2:00,12,32,336
11380,4/21/2014 3:00,12,32,336
11381,4/21/2014 4:00,12,32,336
11382,4/21/2014 5:00,12,32,335
11383,4/21/2014 6:00,12,32,335
11384,4/21/2014 7:00,12,32,335
11385,4/21/2014 8:00,12,32,335
11386,4/21/2014 9:00,12,32,335
11387,4/21/2014 10:00,13,32,335
11388,4/21/2014 11:00,12,32,335
11389,4/21/2014 12:00,12,32,335
11390,4/21/2014 13:00,12,32,335
11391,4/21/2014 14:00,12,32,334
11392,4/21/2014 15:00,12,32,334
11393,4/21/2014 16:00,12,32,335
11394,4/21/2014 17:00,12,32,335
11395,4/21/2014 18:00,12,32,335
11396,4/21/2014 19:00,12,32,334
11397,4/21/2014 20:00,12,32,335
11398,4/21/2014 21:00,12,32,335
11399,4/21/2014 22:00,12,33,335
11400,4/21/2014 23:00,13,32,335
11401,4/22/2014 0:00,12,32,335
11402,4/22/2014 1:00,12,32,335
11403,4/22/2014 2:00,12,33,335
11404,4/22/2014 3:00,12,32,335
11405,4/22/2014 4:00,12,32,335
11406,4/22/2014 5:00,12,32,335
11407,4/22/2014 6:00,12,32,335
11408,4/22/2014 7:00,12,32,335
11409,4/22/2014 8:00,12,32,335
11410,4/22/2014 9:00,12,32,335
11411,4/22/2014 10:00,12,32,335
11412,4/22/2014 11:00,12,32,334
11413,4/22/2014 12:00,13,32,335
11414,4/22/2014 13:00,12,32,334
11415,4/22/2014 14:00,12,32,335
11416,4/22/2014 15:00,12,32,334
11417,4/22/2014 16:00,12,32,335
11418,4/22/2014 17:00,12,32,334
11419,4/22/2014 18:00,12,32,335
11420,4/22/2014 19:00,12,32,334
11421,4/22/2014 20:00,12,32,334
11422,4/22/2014 21:00,12,33,335
11423,4/22/2014 22:00,12,32,335
11424,4/22/2014 23:00,12,32,335
11425,4/23/2014 0:00,12,32,335
11426,4/23/2014 1:00,12,32,335
11427,4/23/2014 2:00,12,32,335
11428,4/23/2014 3:00,12,32,335
11429,4/23/2014 4:00,12,32,335
11430,4/23/2014 5:00,12,32,335
11431,4/23/2014 6:00,12,32,335
11432,4/23/2014 7:00,12,32,335
11433,4/23/2014 8:00,12,32,335
11434,4/23/2014 9:00,12,32,335
11435,4/23/2014 10:00,12,32,335
11436,4/23/2014 11:00,12,32,335
11437,4/23/2014 12:00,12,32,335
11438,4/23/2014 13:00,12,32,335
11439,4/23/2014 14:00,12,32,335
11440,4/23/2014 15:00,14,32,335
11441,4/23/2014 16:00,12,32,336
11442,4/23/2014 17:00,12,32,336
11443,4/23/2014 18:00,12,32,336
11444,4/23/2014 19:00,12,32,336
11445,4/23/2014 20:00,12,32,336
11446,4/23/2014 21:00,12,32,336
11447,4/23/2014 22:00,12,32,336
11448,4/23/2014 23:00,12,32,336
11449,4/24/2014 0:00,12,32,336
11450,4/24/2014 1:00,12,32,336
11451,4/24/2014 2:00,12,32,336
11452,4/24/2014 3:00,12,32,336
11453,4/24/2014 4:00,12,32,336
11454,4/24/2014 5:00,12,32,336
11455,4/24/2014 6:00,14,32,336
11456,4/24/2014 7:00,12,32,336
11457,4/24/2014 8:00,12,32,336
11458,4/24/2014 9:00,12,32,336
11459,4/24/2014 10:00,12,32,335
11460,4/24/2014 11:00,12,32,336
11461,4/24/2014 12:00,12,32,335
11462,4/24/2014 13:00,12,32,335
11463,4/24/2014 14:00,12,32,335
11464,4/24/2014 15:00,12,32,335
11465,4/24/2014 16:00,12,32,335
11466,4/24/2014 17:00,12,32,335
11467,4/24/2014 18:00,12,32,335
11468,4/24/2014 19:00,12,32,335
11469,4/24/2014 20:00,12,32,335
11470,4/24/2014 21:00,11,32,335
11471,4/24/2014 22:00,12,32,335
11472,4/24/2014 23:00,12,32,335
11473,4/25/2014 0:00,12,32,335
11474,4/25/2014 1:00,12,32,335
11475,4/25/2014 2:00,12,32,334
11476,4/25/2014 3:00,12,32,335
11477,4/25/2014 4:00,12,32,335
11478,4/25/2014 5:00,12,32,335
11479,4/25/2014 6:00,14,32,335
11480,4/25/2014 7:00,12,32,335
11481,4/25/2014 8:00,12,32,335
11482,4/25/2014 9:00,12,32,335
11483,4/25/2014 10:00,12,32,335
11484,4/25/2014 11:00,12,32,335
11485,4/25/2014 12:00,12,32,334
11486,4/25/2014 13:00,12,30,334
11487,4/25/2014 14:00,12,32,334
11488,4/25/2014 15:00,12,32,334
11489,4/25/2014 16:00,12,32,334
11490,4/25/2014 17:00,12,32,334
11491,4/25/2014 18:00,12,32,334
11492,4/25/2014 19:00,12,32,334
11493,4/25/2014 20:00,12,32,334
11494,4/25/2014 21:00,12,32,334
11495,4/25/2014 22:00,12,32,334
11496,4/25/2014 23:00,12,32,334
11497,4/26/2014 0:00,12,32,334
11498,4/26/2014 1:00,13,32,334
11499,4/26/2014 2:00,12,32,334
11500,4/26/2014 3:00,12,32,334
11501,4/26/2014 4:00,12,34,334
11502,4/26/2014 5:00,12,32,334
11503,4/26/2014 6:00,12,32,334
11504,4/26/2014 7:00,12,32,334
11505,4/26/2014 8:00,12,32,334
11506,4/26/2014 9:00,12,30,334
11507,4/26/2014 10:00,13,30,334
11508,4/26/2014 11:00,12,30,334
11509,4/26/2014 12:00,12,30,334
11510,4/26/2014 13:00,12,30,334
11511,4/26/2014 14:00,12,30,334
11512,4/26/2014 15:00,12,30,334
11513,4/26/2014 16:00,12,30,334
11514,4/26/2014 17:00,12,30,334
11515,4/26/2014 18:00,12,30,334
11516,4/26/2014 19:00,12,30,334
11517,4/26/2014 20:00,12,30,334
11518,4/26/2014 21:00,12,30,334
11519,4/26/2014 22:00,12,30,334
11520,4/26/2014 23:00,12,30,334
11521,4/27/2014 0:00,12,30,334
11522,4/27/2014 1:00,12,30,334
11523,4/27/2014 2:00,12,30,333
11524,4/27/2014 3:00,14,30,334
11525,4/27/2014 4:00,12,30,333
11526,4/27/2014 5:00,12,30,333
11527,4/27/2014 6:00,12,30,333
11528,4/27/2014 7:00,12,30,333
11529,4/27/2014 8:00,12,30,333
11530,4/27/2014 9:00,12,30,333
11531,4/27/2014 10:00,12,30,333
11532,4/27/2014 11:00,12,30,333
11533,4/27/2014 12:00,12,30,333
11534,4/27/2014 13:00,12,30,333
11535,4/27/2014 14:00,12,30,333
11536,4/27/2014 15:00,12,31,333
11537,4/27/2014 16:00,12,30,333
11538,4/27/2014 17:00,12,31,333
11539,4/27/2014 18:00,12,30,333
11540,4/27/2014 19:00,12,31,333
11541,4/27/2014 20:00,12,31,333
11542,4/27/2014 21:00,12,31,333
11543,4/27/2014 22:00,12,30,333
11544,4/27/2014 23:00,12,31,333
11545,4/28/2014 0:00,12,31,333
11546,4/28/2014 1:00,12,31,333
11547,4/28/2014 2:00,12,31,333
11548,4/28/2014 3:00,12,31,333
11549,4/28/2014 4:00,13,31,333
11550,4/28/2014 5:00,12,31,333
11551,4/28/2014 6:00,12,31,334
11552,4/28/2014 7:00,12,31,334
11553,4/28/2014 8:00,12,31,334
11554,4/28/2014 9:00,12,31,333
11555,4/28/2014 10:00,12,31,333
11556,4/28/2014 11:00,12,31,333
11557,4/28/2014 12:00,12,31,333
11558,4/28/2014 13:00,12,31,333
11559,4/28/2014 14:00,12,31,333
11560,4/28/2014 15:00,12,31,333
11561,4/28/2014 16:00,12,31,333
11562,4/28/2014 17:00,12,31,333
11563,4/28/2014 18:00,13,31,333
11564,4/28/2014 19:00,12,31,333
11565,4/28/2014 20:00,12,31,333
11566,4/28/2014 21:00,12,31,333
11567,4/28/2014 22:00,12,31,333
11568,4/28/2014 23:00,12,31,333
11569,4/29/2014 0:00,12,31,333
11570,4/29/2014 1:00,13,31,333
11571,4/29/2014 2:00,12,31,333
11572,4/29/2014 3:00,12,31,333
11573,4/29/2014 4:00,12,31,333
11574,4/29/2014 5:00,12,31,333
11575,4/29/2014 6:00,12,31,333
11576,4/29/2014 7:00,12,31,333
11577,4/29/2014 8:00,12,31,332
11578,4/29/2014 9:00,12,31,333
11579,4/29/2014 10:00,12,31,332
11580,4/29/2014 11:00,12,31,332
11581,4/29/2014 12:00,12,31,331
11582,4/29/2014 13:00,12,31,331
11583,4/29/2014 14:00,12,31,331
11584,4/29/2014 15:00,12,31,331
11585,4/29/2014 16:00,12,31,331
11586,4/29/2014 17:00,12,31,331
11587,4/29/2014 18:00,12,31,331
11588,4/29/2014 19:00,13,31,331
11589,4/29/2014 20:00,12,31,331
11590,4/29/2014 21:00,12,31,331
11591,4/29/2014 22:00,12,31,331
11592,4/29/2014 23:00,12,31,331
11593,4/30/2014 0:00,12,31,331
11594,4/30/2014 1:00,12,31,331
11595,4/30/2014 2:00,12,31,331
11596,4/30/2014 3:00,12,31,331
11597,4/30/2014 4:00,12,31,331
11598,4/30/2014 5:00,12,31,331
11599,4/30/2014 6:00,12,31,331
11600,4/30/2014 7:00,12,31,330
11601,4/30/2014 8:00,12,31,331
11602,4/30/2014 9:00,12,31,331
11603,4/30/2014 10:00,12,31,330
11604,4/30/2014 11:00,12,31,330
11605,4/30/2014 12:00,12,31,330
11606,4/30/2014 13:00,12,31,330
11607,4/30/2014 14:00,12,31,330
11608,4/30/2014 15:00,12,31,330
11609,4/30/2014 16:00,12,31,330
11610,4/30/2014 17:00,12,31,330
11611,4/30/2014 18:00,12,31,330
11612,4/30/2014 19:00,12,31,330
11613,4/30/2014 20:00,12,31,330
11614,4/30/2014 21:00,12,31,330
11615,4/30/2014 22:00,12,31,330
11616,4/30/2014 23:00,12,31,330
11617,5/1/2014 0:00,13,31,330
11618,5/1/2014 1:00,12,31,330
11619,5/1/2014 2:00,12,33,330
11620,5/1/2014 3:00,13,31,330
11621,5/1/2014 4:00,12,31,330
11622,5/1/2014 5:00,12,31,330
11623,5/1/2014 6:00,12,31,330
11624,5/1/2014 7:00,12,31,329
11625,5/1/2014 8:00,12,31,329
11626,5/1/2014 9:00,12,31,329
11627,5/1/2014 10:00,12,31,329
11628,5/1/2014 11:00,12,31,328
11629,5/1/2014 12:00,12,31,328
11630,5/1/2014 13:00,12,31,328
11631,5/1/2014 14:00,12,31,328
11632,5/1/2014 15:00,12,31,328
11633,5/1/2014 16:00,12,31,328
11634,5/1/2014 17:00,12,31,328
11635,5/1/2014 18:00,12,31,328
11636,5/1/2014 19:00,12,31,328
11637,5/1/2014 20:00,12,31,328
11638,5/1/2014 21:00,12,31,328
11639,5/1/2014 22:00,12,31,328
11640,5/1/2014 23:00,12,31,327
11641,5/2/2014 0:00,12,31,327
11642,5/2/2014 1:00,12,31,327
11643,5/2/2014 2:00,12,31,327
11644,5/2/2014 3:00,12,31,327
11645,5/2/2014 4:00,13,31,327
11646,5/2/2014 5:00,12,31,327
11647,5/2/2014 6:00,12,31,327
11648,5/2/2014 7:00,12,31,327
11649,5/2/2014 8:00,13,31,327
11650,5/2/2014 9:00,12,31,327
11651,5/2/2014 10:00,12,31,327
11652,5/2/2014 11:00,12,31,326
11653,5/2/2014 12:00,12,31,326
11654,5/2/2014 13:00,12,31,326
11655,5/2/2014 14:00,13,31,326
11656,5/2/2014 15:00,12,31,326
11657,5/2/2014 16:00,12,31,326
11658,5/2/2014 17:00,12,31,326
11659,5/2/2014 18:00,12,31,326
11660,5/2/2014 19:00,12,31,326
11661,5/2/2014 20:00,12,31,326
11662,5/2/2014 21:00,13,31,326
11663,5/2/2014 22:00,12,31,326
11664,5/2/2014 23:00,12,31,326
11665,5/3/2014 0:00,12,31,326
11666,5/3/2014 1:00,12,31,326
11667,5/3/2014 2:00,12,31,326
11668,5/3/2014 3:00,12,31,326
11669,5/3/2014 4:00,12,31,325
11670,5/3/2014 5:00,12,31,325
11671,5/3/2014 6:00,12,31,325
11672,5/3/2014 7:00,12,31,325
11673,5/3/2014 8:00,12,31,325
11674,5/3/2014 9:00,12,31,325
11675,5/3/2014 10:00,12,31,324
11676,5/3/2014 11:00,12,31,324
11677,5/3/2014 12:00,12,31,324
11678,5/3/2014 13:00,12,31,325
11679,5/3/2014 14:00,12,31,325
11680,5/3/2014 15:00,12,31,325
11681,5/3/2014 16:00,12,31,325
11682,5/3/2014 17:00,13,31,324
11683,5/3/2014 18:00,12,31,324
11684,5/3/2014 19:00,12,31,324
11685,5/3/2014 20:00,12,31,322
11686,5/3/2014 21:00,12,31,324
11687,5/3/2014 22:00,12,31,324
11688,5/3/2014 23:00,12,31,322
11689,5/4/2014 0:00,12,31,324
11690,5/4/2014 1:00,12,31,324
11691,5/4/2014 2:00,13,31,323
11692,5/4/2014 3:00,12,31,321
11693,5/4/2014 4:00,12,31,321
11694,5/4/2014 5:00,12,31,322
11695,5/4/2014 6:00,12,32,322
11696,5/4/2014 7:00,12,31,322
11697,5/4/2014 8:00,12,31,321
11698,5/4/2014 9:00,12,31,321
11699,5/4/2014 10:00,12,31,322
11700,5/4/2014 11:00,12,32,321
11701,5/4/2014 12:00,12,32,321
11702,5/4/2014 13:00,12,31,321
11703,5/4/2014 14:00,13,31,321
11704,5/4/2014 15:00,12,31,321
11705,5/4/2014 16:00,12,31,322
11706,5/4/2014 17:00,12,32,321
11707,5/4/2014 18:00,12,31,322
11708,5/4/2014 19:00,12,32,322
11709,5/4/2014 20:00,13,32,322
11710,5/4/2014 21:00,13,32,322
11711,5/4/2014 22:00,13,32,322
11712,5/4/2014 23:00,11,32,321
11713,5/5/2014 0:00,12,32,322
11714,5/5/2014 1:00,12,32,322
11715,5/5/2014 2:00,12,32,322
11716,5/5/2014 3:00,12,32,322
11717,5/5/2014 4:00,12,32,322
11718,5/5/2014 5:00,12,32,322
11719,5/5/2014 6:00,12,32,322
11720,5/5/2014 7:00,12,32,322
11721,5/5/2014 8:00,12,32,322
11722,5/5/2014 9:00,12,32,321
11723,5/5/2014 10:00,12,32,322
11724,5/5/2014 11:00,12,32,322
11725,5/5/2014 12:00,12,32,321
11726,5/5/2014 13:00,12,32,322
11727,5/5/2014 14:00,12,32,322
11728,5/5/2014 15:00,12,32,322
11729,5/5/2014 16:00,12,32,322
11730,5/5/2014 17:00,13,32,322
11731,5/5/2014 18:00,12,32,322
11732,5/5/2014 19:00,12,32,322
11733,5/5/2014 20:00,12,32,322
11734,5/5/2014 21:00,12,32,322
11735,5/5/2014 22:00,12,32,322
11736,5/5/2014 23:00,12,32,322
11737,5/6/2014 0:00,14,32,322
11738,5/6/2014 1:00,12,32,322
11739,5/6/2014 2:00,12,32,322
11740,5/6/2014 3:00,12,32,322
11741,5/6/2014 4:00,12,32,322
11742,5/6/2014 5:00,12,32,322
11743,5/6/2014 6:00,12,32,322
11744,5/6/2014 7:00,13,32,322
11745,5/6/2014 8:00,12,32,321
11746,5/6/2014 9:00,12,32,322
11747,5/6/2014 10:00,12,32,322
11748,5/6/2014 11:00,12,32,322
11749,5/6/2014 12:00,12,32,322
11750,5/6/2014 13:00,12,32,322
11751,5/6/2014 14:00,12,32,322
11752,5/6/2014 15:00,13,32,322
11753,5/6/2014 16:00,13,32,322
11754,5/6/2014 17:00,12,32,322
11755,5/6/2014 18:00,12,32,322
11756,5/6/2014 19:00,12,32,322
11757,5/6/2014 20:00,12,32,322
11758,5/6/2014 21:00,12,32,322
11759,5/6/2014 22:00,12,30,322
11760,5/6/2014 23:00,11,32,322
11761,5/7/2014 0:00,13,32,322
11762,5/7/2014 1:00,13,32,322
11763,5/7/2014 2:00,12,32,323
11764,5/7/2014 3:00,13,32,323
11765,5/7/2014 4:00,13,32,324
11766,5/7/2014 5:00,12,32,324
11767,5/7/2014 6:00,12,32,324
11768,5/7/2014 7:00,12,32,324
11769,5/7/2014 8:00,12,32,324
11770,5/7/2014 9:00,13,32,324
11771,5/7/2014 10:00,12,30,324
11772,5/7/2014 11:00,12,32,324
11773,5/7/2014 12:00,12,32,324
11774,5/7/2014 13:00,12,32,324
11775,5/7/2014 14:00,12,32,324
11776,5/7/2014 15:00,12,32,324
11777,5/7/2014 16:00,13,32,324
11778,5/7/2014 17:00,12,32,324
11779,5/7/2014 18:00,12,32,324
11780,5/7/2014 19:00,12,32,324
11781,5/7/2014 20:00,12,32,324
11782,5/7/2014 21:00,12,32,324
11783,5/7/2014 22:00,12,32,324
11784,5/7/2014 23:00,12,32,324
11785,5/8/2014 0:00,12,32,324
11786,5/8/2014 1:00,12,32,324
11787,5/8/2014 2:00,13,30,324
11788,5/8/2014 3:00,12,32,324
11789,5/8/2014 4:00,13,32,324
11790,5/8/2014 5:00,12,32,324
11791,5/8/2014 6:00,12,32,324
11792,5/8/2014 7:00,12,32,324
11793,5/8/2014 8:00,12,32,324
11794,5/8/2014 9:00,13,32,324
11795,5/8/2014 10:00,12,32,324
11796,5/8/2014 11:00,12,32,324
11797,5/8/2014 12:00,12,32,324
11798,5/8/2014 13:00,13,32,324
11799,5/8/2014 14:00,12,32,324
11800,5/8/2014 15:00,12,32,324
11801,5/8/2014 16:00,12,32,324
11802,5/8/2014 17:00,12,32,324
11803,5/8/2014 18:00,12,32,324
11804,5/8/2014 19:00,12,32,324
11805,5/8/2014 20:00,12,32,323
11806,5/8/2014 21:00,12,32,323
11807,5/8/2014 22:00,13,32,323
11808,5/8/2014 23:00,12,32,323
11809,5/9/2014 0:00,12,32,323
11810,5/9/2014 1:00,12,32,323
11811,5/9/2014 2:00,12,32,323
11812,5/9/2014 3:00,12,32,324
11813,5/9/2014 4:00,12,32,323
11814,5/9/2014 5:00,12,32,323
11815,5/9/2014 6:00,12,32,323
11816,5/9/2014 7:00,12,32,323
11817,5/9/2014 8:00,12,32,324
11818,5/9/2014 9:00,12,32,322
11819,5/9/2014 10:00,13,32,322
11820,5/9/2014 11:00,12,32,322
11821,5/9/2014 12:00,12,32,322
11822,5/9/2014 13:00,12,32,322
11823,5/9/2014 14:00,12,32,322
11824,5/9/2014 15:00,12,32,322
11825,5/9/2014 16:00,12,32,323
11826,5/9/2014 17:00,12,32,322
11827,5/9/2014 18:00,12,32,322
11828,5/9/2014 19:00,12,32,322
11829,5/9/2014 20:00,12,32,322
11830,5/9/2014 21:00,12,32,322
11831,5/9/2014 22:00,12,32,322
11832,5/9/2014 23:00,12,32,322
11833,5/10/2014 0:00,12,32,322
11834,5/10/2014 1:00,12,32,322
11835,5/10/2014 2:00,12,32,322
11836,5/10/2014 3:00,12,32,322
11837,5/10/2014 4:00,12,32,322
11838,5/10/2014 5:00,12,32,322
11839,5/10/2014 6:00,12,32,322
11840,5/10/2014 7:00,12,32,322
11841,5/10/2014 8:00,13,32,322
11842,5/10/2014 9:00,13,32,322
11843,5/10/2014 10:00,12,32,322
11844,5/10/2014 11:00,12,32,322
11845,5/10/2014 12:00,12,30,322
11846,5/10/2014 13:00,12,32,322
11847,5/10/2014 14:00,12,32,322
11848,5/10/2014 15:00,13,32,322
11849,5/10/2014 16:00,13,32,322
11850,5/10/2014 17:00,12,32,322
11851,5/10/2014 18:00,13,32,322
11852,5/10/2014 19:00,12,32,322
11853,5/10/2014 20:00,12,32,321
11854,5/10/2014 21:00,12,32,322
11855,5/10/2014 22:00,12,32,322
11856,5/10/2014 23:00,12,32,322
11857,5/11/2014 0:00,12,32,322
11858,5/11/2014 1:00,12,32,322
11859,5/11/2014 2:00,13,32,321
11860,5/11/2014 3:00,12,32,321
11861,5/11/2014 4:00,12,32,321
11862,5/11/2014 5:00,12,34,321
11863,5/11/2014 6:00,12,32,321
11864,5/11/2014 7:00,12,32,321
11865,5/11/2014 8:00,12,32,321
11866,5/11/2014 9:00,13,32,321
11867,5/11/2014 10:00,12,32,321
11868,5/11/2014 11:00,12,32,321
11869,5/11/2014 12:00,12,32,321
11870,5/11/2014 13:00,12,32,321
11871,5/11/2014 14:00,13,32,321
11872,5/11/2014 15:00,13,32,321
11873,5/11/2014 16:00,12,32,321
11874,5/11/2014 17:00,12,32,321
11875,5/11/2014 18:00,12,32,321
11876,5/11/2014 19:00,13,32,321
11877,5/11/2014 20:00,12,32,321
11878,5/11/2014 21:00,12,32,321
11879,5/11/2014 22:00,12,32,321
11880,5/11/2014 23:00,12,32,321
11881,5/12/2014 0:00,12,32,321
11882,5/12/2014 1:00,12,33,321
11883,5/12/2014 2:00,12,32,321
11884,5/12/2014 3:00,12,32,321
11885,5/12/2014 4:00,12,32,321
11886,5/12/2014 5:00,12,32,321
11887,5/12/2014 6:00,12,32,321
11888,5/12/2014 7:00,12,32,321
11889,5/12/2014 8:00,12,32,321
11890,5/12/2014 9:00,12,32,321
11891,5/12/2014 10:00,12,32,321
11892,5/12/2014 11:00,12,32,321
11893,5/12/2014 12:00,12,32,321
11894,5/12/2014 13:00,12,32,321
11895,5/12/2014 14:00,12,32,321
11896,5/12/2014 15:00,12,32,321
11897,5/12/2014 16:00,12,32,321
11898,5/12/2014 17:00,12,32,321
11899,5/12/2014 18:00,12,32,321
11900,5/12/2014 19:00,12,32,320
11901,5/12/2014 20:00,13,32,321
11902,5/12/2014 21:00,12,32,321
11903,5/12/2014 22:00,12,32,321
11904,5/12/2014 23:00,13,32,321
11905,5/13/2014 0:00,12,32,320
11906,5/13/2014 1:00,12,32,321
11907,5/13/2014 2:00,13,32,321
11908,5/13/2014 3:00,12,32,320
11909,5/13/2014 4:00,12,32,321
11910,5/13/2014 5:00,12,32,321
11911,5/13/2014 6:00,13,32,321
11912,5/13/2014 7:00,12,32,321
11913,5/13/2014 8:00,12,32,320
11914,5/13/2014 9:00,12,32,321
11915,5/13/2014 10:00,12,32,321
11916,5/13/2014 11:00,12,32,321
11917,5/13/2014 12:00,12,32,321
11918,5/13/2014 13:00,12,32,321
11919,5/13/2014 14:00,13,32,321
11920,5/13/2014 15:00,12,32,321
11921,5/13/2014 16:00,12,32,321
11922,5/13/2014 17:00,12,32,321
11923,5/13/2014 18:00,12,32,321
11924,5/13/2014 19:00,12,32,321
11925,5/13/2014 20:00,12,32,320
11926,5/13/2014 21:00,12,32,320
11927,5/13/2014 22:00,12,32,320
11928,5/13/2014 23:00,12,32,320
11929,5/14/2014 0:00,12,32,320
11930,5/14/2014 1:00,12,32,321
11931,5/14/2014 2:00,13,32,320
11932,5/14/2014 3:00,12,32,320
11933,5/14/2014 4:00,12,32,320
11934,5/14/2014 5:00,12,32,320
11935,5/14/2014 6:00,13,32,320
11936,5/14/2014 7:00,13,32,320
11937,5/14/2014 8:00,12,32,320
11938,5/14/2014 9:00,12,32,320
11939,5/14/2014 10:00,12,32,320
11940,5/14/2014 11:00,13,32,320
11941,5/14/2014 12:00,13,32,320
11942,5/14/2014 13:00,12,32,320
11943,5/14/2014 14:00,12,32,320
11944,5/14/2014 15:00,12,32,320
11945,5/14/2014 16:00,12,32,320
11946,5/14/2014 17:00,12,32,320
11947,5/14/2014 18:00,12,32,320
11948,5/14/2014 19:00,12,32,319
11949,5/14/2014 20:00,12,32,320
11950,5/14/2014 21:00,12,32,320
11951,5/14/2014 22:00,12,32,320
11952,5/14/2014 23:00,12,32,320
11953,5/15/2014 0:00,12,32,320
11954,5/15/2014 1:00,12,32,320
11955,5/15/2014 2:00,12,32,320
11956,5/15/2014 3:00,12,32,320
11957,5/15/2014 4:00,12,32,320
11958,5/15/2014 5:00,12,32,320
11959,5/15/2014 6:00,12,32,319
11960,5/15/2014 7:00,12,32,320
11961,5/15/2014 8:00,12,32,319
11962,5/15/2014 9:00,12,32,319
11963,5/15/2014 10:00,12,32,319
11964,5/15/2014 11:00,12,32,319
11965,5/15/2014 12:00,12,33,319
11966,5/15/2014 13:00,12,32,319
11967,5/15/2014 14:00,12,32,319
11968,5/15/2014 15:00,12,32,319
11969,5/15/2014 16:00,12,32,319
11970,5/15/2014 17:00,12,32,319
11971,5/15/2014 18:00,12,32,319
11972,5/15/2014 19:00,12,32,319
11973,5/15/2014 20:00,12,32,319
11974,5/15/2014 21:00,12,32,319
11975,5/15/2014 22:00,12,30,319
11976,5/15/2014 23:00,13,32,319
11977,5/16/2014 0:00,13,32,319
11978,5/16/2014 1:00,13,32,319
11979,5/16/2014 2:00,12,32,319
11980,5/16/2014 3:00,12,32,319
11981,5/16/2014 4:00,12,32,319
11982,5/16/2014 5:00,12,32,319
11983,5/16/2014 6:00,12,32,319
11984,5/16/2014 7:00,12,32,319
11985,5/16/2014 8:00,12,32,319
11986,5/16/2014 9:00,12,32,319
11987,5/16/2014 10:00,12,32,319
11988,5/16/2014 11:00,13,32,319
11989,5/16/2014 12:00,12,32,319
11990,5/16/2014 13:00,12,32,319
11991,5/16/2014 14:00,12,32,319
11992,5/16/2014 15:00,12,32,319
11993,5/16/2014 16:00,13,32,319
11994,5/16/2014 17:00,12,32,319
11995,5/16/2014 18:00,12,32,319
11996,5/16/2014 19:00,12,32,319
11997,5/16/2014 20:00,12,32,319
11998,5/16/2014 21:00,12,32,318
11999,5/16/2014 22:00,12,32,319
12000,5/16/2014 23:00,12,33,319
12001,5/17/2014 0:00,12,32,318
12002,5/17/2014 1:00,12,32,319
12003,5/17/2014 2:00,12,32,318
12004,5/17/2014 3:00,12,32,318
12005,5/17/2014 4:00,12,32,318
12006,5/17/2014 5:00,12,32,318
12007,5/17/2014 6:00,13,32,318
12008,5/17/2014 7:00,14,32,318
12009,5/17/2014 8:00,12,32,318
12010,5/17/2014 9:00,13,32,318
12011,5/17/2014 10:00,13,32,318
12012,5/17/2014 11:00,12,32,318
12013,5/17/2014 12:00,13,32,318
12014,5/17/2014 13:00,12,32,318
12015,5/17/2014 14:00,13,32,318
12016,5/17/2014 15:00,13,32,318
12017,5/17/2014 16:00,12,32,318
12018,5/17/2014 17:00,13,32,318
12019,5/17/2014 18:00,12,32,318
12020,5/17/2014 19:00,12,32,318
12021,5/17/2014 20:00,13,32,318
12022,5/17/2014 21:00,12,32,318
12023,5/17/2014 22:00,12,32,318
12024,5/17/2014 23:00,12,32,318
12025,5/18/2014 0:00,12,32,318
12026,5/18/2014 1:00,12,32,318
12027,5/18/2014 2:00,12,32,318
12028,5/18/2014 3:00,12,32,318
12029,5/18/2014 4:00,12,32,317
12030,5/18/2014 5:00,12,32,318
12031,5/18/2014 6:00,12,33,318
12032,5/18/2014 7:00,12,32,318
12033,5/18/2014 8:00,12,32,318
12034,5/18/2014 9:00,12,32,318
12035,5/18/2014 10:00,12,32,318
12036,5/18/2014 11:00,12,32,318
12037,5/18/2014 12:00,12,32,317
12038,5/18/2014 13:00,12,32,317
12039,5/18/2014 14:00,12,33,317
12040,5/18/2014 15:00,12,32,317
12041,5/18/2014 16:00,12,32,316
12042,5/18/2014 17:00,12,32,316
12043,5/18/2014 18:00,13,32,317
12044,5/18/2014 19:00,12,32,316
12045,5/18/2014 20:00,12,32,316
12046,5/18/2014 21:00,12,32,316
12047,5/18/2014 22:00,12,32,316
12048,5/18/2014 23:00,12,32,316
12049,5/19/2014 0:00,12,32,316
12050,5/19/2014 1:00,12,32,316
12051,5/19/2014 2:00,12,32,316
12052,5/19/2014 3:00,12,32,316
12053,5/19/2014 4:00,12,32,316
12054,5/19/2014 5:00,12,32,316
12055,5/19/2014 6:00,12,32,316
12056,5/19/2014 7:00,12,32,316
12057,5/19/2014 8:00,12,32,316
12058,5/19/2014 9:00,12,32,316
12059,5/19/2014 10:00,12,32,316
12060,5/19/2014 11:00,12,32,316
12061,5/19/2014 12:00,12,32,316
12062,5/19/2014 13:00,12,32,316
12063,5/19/2014 14:00,12,32,316
12064,5/19/2014 15:00,12,32,316
12065,5/19/2014 16:00,13,32,316
12066,5/19/2014 17:00,12,32,316
12067,5/19/2014 18:00,13,32,316
12068,5/19/2014 19:00,12,32,316
12069,5/19/2014 20:00,12,32,316
12070,5/19/2014 21:00,12,32,316
12071,5/19/2014 22:00,12,32,316
12072,5/19/2014 23:00,12,32,316
12073,5/20/2014 0:00,12,32,316
12074,5/20/2014 1:00,12,32,316
12075,5/20/2014 2:00,12,32,316
12076,5/20/2014 3:00,12,32,316
12077,5/20/2014 4:00,12,32,316
12078,5/20/2014 5:00,12,32,316
12079,5/20/2014 6:00,12,32,316
12080,5/20/2014 7:00,12,32,316
12081,5/20/2014 8:00,12,32,316
12082,5/20/2014 9:00,12,32,316
12083,5/20/2014 10:00,12,33,316
12084,5/20/2014 11:00,12,32,316
12085,5/20/2014 12:00,12,32,316
12086,5/20/2014 13:00,12,32,316
12087,5/20/2014 14:00,12,33,316
12088,5/20/2014 15:00,12,32,316
12089,5/20/2014 16:00,12,32,316
12090,5/20/2014 17:00,13,32,316
12091,5/20/2014 18:00,12,32,316
12092,5/20/2014 19:00,12,32,316
12093,5/20/2014 20:00,13,32,316
12094,5/20/2014 21:00,12,32,316
12095,5/20/2014 22:00,12,32,316
12096,5/20/2014 23:00,12,32,316
12097,5/21/2014 0:00,13,32,316
12098,5/21/2014 1:00,12,32,316
12099,5/21/2014 2:00,12,32,316
12100,5/21/2014 3:00,12,32,316
12101,5/21/2014 4:00,12,32,316
12102,5/21/2014 5:00,12,32,316
12103,5/21/2014 6:00,12,32,316
12104,5/21/2014 7:00,12,32,316
12105,5/21/2014 8:00,12,32,316
12106,5/21/2014 9:00,12,33,316
12107,5/21/2014 10:00,12,32,316
12108,5/21/2014 11:00,12,32,316
12109,5/21/2014 12:00,12,32,316
12110,5/21/2014 13:00,13,32,316
12111,5/21/2014 14:00,12,32,316
12112,5/21/2014 15:00,12,32,316
12113,5/21/2014 16:00,12,32,316
12114,5/21/2014 17:00,12,32,316
12115,5/21/2014 18:00,12,32,316
12116,5/21/2014 19:00,12,32,316
12117,5/21/2014 20:00,12,32,316
12118,5/21/2014 21:00,12,32,316
12119,5/21/2014 22:00,12,32,316
12120,5/21/2014 23:00,12,32,316
12121,5/22/2014 0:00,13,32,316
12122,5/22/2014 1:00,12,32,316
12123,5/22/2014 2:00,12,32,316
12124,5/22/2014 3:00,12,32,316
12125,5/22/2014 4:00,12,32,316
12126,5/22/2014 5:00,12,32,316
12127,5/22/2014 6:00,12,32,316
12128,5/22/2014 7:00,12,32,316
12129,5/22/2014 8:00,12,32,316
12130,5/22/2014 9:00,12,32,316
12131,5/22/2014 10:00,12,32,316
12132,5/22/2014 11:00,12,32,316
12133,5/22/2014 12:00,12,32,316
12134,5/22/2014 13:00,12,32,316
12135,5/22/2014 14:00,12,32,316
12136,5/22/2014 15:00,12,32,316
12137,5/22/2014 16:00,12,32,316
12138,5/22/2014 17:00,12,32,316
12139,5/22/2014 18:00,12,32,316
12140,5/22/2014 19:00,12,32,316
12141,5/22/2014 20:00,12,32,316
12142,5/22/2014 21:00,12,32,315
12143,5/22/2014 22:00,12,32,315
12144,5/22/2014 23:00,12,32,315
12145,5/23/2014 0:00,12,32,315
12146,5/23/2014 1:00,12,32,315
12147,5/23/2014 2:00,12,32,315
12148,5/23/2014 3:00,12,32,315
12149,5/23/2014 4:00,12,32,315
12150,5/23/2014 5:00,12,32,315
12151,5/23/2014 6:00,12,32,315
12152,5/23/2014 7:00,12,32,315
12153,5/23/2014 8:00,12,32,315
12154,5/23/2014 9:00,12,32,315
12155,5/23/2014 10:00,13,32,315
12156,5/23/2014 11:00,12,32,315
12157,5/23/2014 12:00,12,32,315
12158,5/23/2014 13:00,12,32,315
12159,5/23/2014 14:00,12,32,315
12160,5/23/2014 15:00,13,32,315
12161,5/23/2014 16:00,12,32,315
12162,5/23/2014 17:00,12,32,315
12163,5/23/2014 18:00,12,32,315
12164,5/23/2014 19:00,12,32,315
12165,5/23/2014 20:00,12,32,315
12166,5/23/2014 21:00,12,32,315
12167,5/23/2014 22:00,12,32,315
12168,5/23/2014 23:00,12,32,315
12169,5/24/2014 0:00,12,32,315
12170,5/24/2014 1:00,12,30,315
12171,5/24/2014 2:00,12,32,315
12172,5/24/2014 3:00,12,32,315
12173,5/24/2014 4:00,12,32,315
12174,5/24/2014 5:00,12,32,315
12175,5/24/2014 6:00,12,32,315
12176,5/24/2014 7:00,12,32,315
12177,5/24/2014 8:00,12,32,314
12178,5/24/2014 9:00,12,32,314
12179,5/24/2014 10:00,12,32,314
12180,5/24/2014 11:00,12,32,314
12181,5/24/2014 12:00,12,32,314
12182,5/24/2014 13:00,12,32,314
12183,5/24/2014 14:00,12,32,313
12184,5/24/2014 15:00,12,32,313
12185,5/24/2014 16:00,12,34,313
12186,5/24/2014 17:00,12,32,313
12187,5/24/2014 18:00,12,32,313
12188,5/24/2014 19:00,12,32,313
12189,5/24/2014 20:00,12,32,313
12190,5/24/2014 21:00,13,32,313
12191,5/24/2014 22:00,12,32,313
12192,5/24/2014 23:00,12,32,313
12193,5/25/2014 0:00,12,32,313
12194,5/25/2014 1:00,12,30,313
12195,5/25/2014 2:00,12,30,313
12196,5/25/2014 3:00,12,30,313
12197,5/25/2014 4:00,12,30,313
12198,5/25/2014 5:00,12,30,313
12199,5/25/2014 6:00,12,30,313
12200,5/25/2014 7:00,12,30,313
12201,5/25/2014 8:00,12,30,313
12202,5/25/2014 9:00,13,30,313
12203,5/25/2014 10:00,12,30,313
12204,5/25/2014 11:00,12,30,313
12205,5/25/2014 12:00,12,30,313
12206,5/25/2014 13:00,12,30,313
12207,5/25/2014 14:00,12,30,313
12208,5/25/2014 15:00,13,30,313
12209,5/25/2014 16:00,12,30,313
12210,5/25/2014 17:00,12,30,313
12211,5/25/2014 18:00,12,30,313
12212,5/25/2014 19:00,13,30,313
12213,5/25/2014 20:00,12,30,313
12214,5/25/2014 21:00,12,30,313
12215,5/25/2014 22:00,12,30,313
12216,5/25/2014 23:00,12,30,313
12217,5/26/2014 0:00,12,30,313
12218,5/26/2014 1:00,12,30,313
12219,5/26/2014 2:00,12,30,312
12220,5/26/2014 3:00,12,30,313
12221,5/26/2014 4:00,12,30,313
12222,5/26/2014 5:00,12,30,313
12223,5/26/2014 6:00,12,30,312
12224,5/26/2014 7:00,12,30,313
12225,5/26/2014 8:00,13,31,312
12226,5/26/2014 9:00,12,30,312
12227,5/26/2014 10:00,12,31,312
12228,5/26/2014 11:00,12,30,312
12229,5/26/2014 12:00,13,31,312
12230,5/26/2014 13:00,12,31,312
12231,5/26/2014 14:00,12,31,312
12232,5/26/2014 15:00,12,30,312
12233,5/26/2014 16:00,12,31,312
12234,5/26/2014 17:00,12,31,312
12235,5/26/2014 18:00,12,31,312
12236,5/26/2014 19:00,12,31,312
12237,5/26/2014 20:00,12,31,312
12238,5/26/2014 21:00,12,31,312
12239,5/26/2014 22:00,12,31,312
12240,5/26/2014 23:00,12,31,312
12241,5/27/2014 0:00,13,31,312
12242,5/27/2014 1:00,13,31,312
12243,5/27/2014 2:00,12,31,312
12244,5/27/2014 3:00,12,31,312
12245,5/27/2014 4:00,12,31,312
12246,5/27/2014 5:00,12,31,312
12247,5/27/2014 6:00,13,31,312
12248,5/27/2014 7:00,12,31,312
12249,5/27/2014 8:00,12,31,312
12250,5/27/2014 9:00,12,31,312
12251,5/27/2014 10:00,12,31,312
12252,5/27/2014 11:00,12,31,312
12253,5/27/2014 12:00,12,31,312
12254,5/27/2014 13:00,12,31,312
12255,5/27/2014 14:00,12,31,312
12256,5/27/2014 15:00,12,31,312
12257,5/27/2014 16:00,12,31,312
12258,5/27/2014 17:00,12,31,312
12259,5/27/2014 18:00,12,31,312
12260,5/27/2014 19:00,12,31,312
12261,5/27/2014 20:00,12,31,312
12262,5/27/2014 21:00,12,31,312
12263,5/27/2014 22:00,12,31,312
12264,5/27/2014 23:00,12,31,312
12265,5/28/2014 0:00,12,31,312
12266,5/28/2014 1:00,13,31,311
12267,5/28/2014 2:00,12,31,312
12268,5/28/2014 3:00,12,31,311
12269,5/28/2014 4:00,12,31,311
12270,5/28/2014 5:00,12,31,311
12271,5/28/2014 6:00,12,31,311
12272,5/28/2014 7:00,12,31,311
12273,5/28/2014 8:00,12,31,311
12274,5/28/2014 9:00,12,31,311
12275,5/28/2014 10:00,12,31,311
12276,5/28/2014 11:00,12,31,311
12277,5/28/2014 12:00,12,31,311
12278,5/28/2014 13:00,12,31,311
12279,5/28/2014 14:00,12,31,311
12280,5/28/2014 15:00,12,31,311
12281,5/28/2014 16:00,12,31,311
12282,5/28/2014 17:00,13,31,311
12283,5/28/2014 18:00,12,31,311
12284,5/28/2014 19:00,12,31,311
12285,5/28/2014 20:00,12,31,311
12286,5/28/2014 21:00,12,31,311
12287,5/28/2014 22:00,12,31,311
12288,5/28/2014 23:00,12,31,311
12289,5/29/2014 0:00,12,31,311
12290,5/29/2014 1:00,12,31,311
12291,5/29/2014 2:00,12,31,311
12292,5/29/2014 3:00,12,31,311
12293,5/29/2014 4:00,12,31,311
12294,5/29/2014 5:00,12,31,311
12295,5/29/2014 6:00,12,31,310
12296,5/29/2014 7:00,12,31,310
12297,5/29/2014 8:00,12,31,310
12298,5/29/2014 9:00,12,31,310
12299,5/29/2014 10:00,12,31,310
12300,5/29/2014 11:00,12,31,310
12301,5/29/2014 12:00,12,31,310
12302,5/29/2014 13:00,12,31,310
12303,5/29/2014 14:00,12,31,309
12304,5/29/2014 15:00,12,31,309
12305,5/29/2014 16:00,13,31,309
12306,5/29/2014 17:00,12,31,309
12307,5/29/2014 18:00,12,31,309
12308,5/29/2014 19:00,12,33,309
12309,5/29/2014 20:00,12,31,309
12310,5/29/2014 21:00,12,31,309
12311,5/29/2014 22:00,12,31,309
12312,5/29/2014 23:00,12,31,308
12313,5/30/2014 0:00,12,31,308
12314,5/30/2014 1:00,12,31,308
12315,5/30/2014 2:00,12,31,308
12316,5/30/2014 3:00,12,31,308
12317,5/30/2014 4:00,12,31,308
12318,5/30/2014 5:00,12,31,308
12319,5/30/2014 6:00,12,31,308
12320,5/30/2014 7:00,12,31,307
12321,5/30/2014 8:00,12,31,307
12322,5/30/2014 9:00,12,31,307
12323,5/30/2014 10:00,12,31,306
12324,5/30/2014 11:00,12,31,306
12325,5/30/2014 12:00,13,31,306
12326,5/30/2014 13:00,12,31,304
12327,5/30/2014 14:00,12,31,304
12328,5/30/2014 15:00,12,31,304
12329,5/30/2014 16:00,12,31,304
12330,5/30/2014 17:00,12,31,303
12331,5/30/2014 18:00,12,31,303
12332,5/30/2014 19:00,12,31,303
12333,5/30/2014 20:00,12,31,303
12334,5/30/2014 21:00,12,31,303
12335,5/30/2014 22:00,12,31,302
12336,5/30/2014 23:00,12,31,302
12337,5/31/2014 0:00,12,31,301
12338,5/31/2014 1:00,12,31,302
12339,5/31/2014 2:00,12,31,301
12340,5/31/2014 3:00,12,31,302
12341,5/31/2014 4:00,12,31,303
12342,5/31/2014 5:00,12,31,303
12343,5/31/2014 6:00,12,31,303
12344,5/31/2014 7:00,12,31,304
12345,5/31/2014 8:00,12,31,304
12346,5/31/2014 9:00,12,31,304
12347,5/31/2014 10:00,12,31,304
12348,5/31/2014 11:00,12,31,304
12349,5/31/2014 12:00,12,31,305
12350,5/31/2014 13:00,12,31,306
12351,5/31/2014 14:00,12,31,306
12352,5/31/2014 15:00,12,31,307
12353,5/31/2014 16:00,12,31,307
12354,5/31/2014 17:00,12,31,306
12355,5/31/2014 18:00,12,31,307
12356,5/31/2014 19:00,12,31,307
12357,5/31/2014 20:00,12,31,307
12358,5/31/2014 21:00,12,31,306
12359,5/31/2014 22:00,12,31,307
12360,5/31/2014 23:00,12,31,306
12361,6/1/2014 0:00,12,31,305
12362,6/1/2014 1:00,12,31,307
12363,6/1/2014 2:00,12,31,308
12364,6/1/2014 3:00,12,31,307
12365,6/1/2014 4:00,12,31,308
12366,6/1/2014 5:00,12,31,308
12367,6/1/2014 6:00,12,31,308
12368,6/1/2014 7:00,12,31,308
12369,6/1/2014 8:00,13,31,308
12370,6/1/2014 9:00,12,31,308
12371,6/1/2014 10:00,12,31,308
12372,6/1/2014 11:00,12,31,308
12373,6/1/2014 12:00,12,31,308
12374,6/1/2014 13:00,12,31,308
12375,6/1/2014 14:00,12,31,308
12376,6/1/2014 15:00,12,31,308
12377,6/1/2014 16:00,12,31,308
12378,6/1/2014 17:00,12,31,308
12379,6/1/2014 18:00,12,31,308
12380,6/1/2014 19:00,12,31,308
12381,6/1/2014 20:00,12,31,308
12382,6/1/2014 21:00,12,31,308
12383,6/1/2014 22:00,12,31,308
12384,6/1/2014 23:00,12,32,308
12385,6/2/2014 0:00,12,31,308
12386,6/2/2014 1:00,12,31,308
12387,6/2/2014 2:00,12,31,308
12388,6/2/2014 3:00,12,31,308
12389,6/2/2014 4:00,12,32,308
12390,6/2/2014 5:00,12,32,308
12391,6/2/2014 6:00,12,31,308
12392,6/2/2014 7:00,12,31,308
12393,6/2/2014 8:00,12,31,307
12394,6/2/2014 9:00,13,31,308
12395,6/2/2014 10:00,12,32,307
12396,6/2/2014 11:00,12,31,308
12397,6/2/2014 12:00,12,32,307
12398,6/2/2014 13:00,12,32,307
12399,6/2/2014 14:00,12,32,307
12400,6/2/2014 15:00,12,32,307
12401,6/2/2014 16:00,12,32,307
12402,6/2/2014 17:00,12,32,306
12403,6/2/2014 18:00,12,32,306
12404,6/2/2014 19:00,12,32,306
12405,6/2/2014 20:00,13,32,306
12406,6/2/2014 21:00,12,32,306
12407,6/2/2014 22:00,12,32,305
12408,6/2/2014 23:00,12,32,305
12409,6/3/2014 0:00,12,32,304
12410,6/3/2014 1:00,12,32,304
12411,6/3/2014 2:00,12,32,306
12412,6/3/2014 3:00,12,32,304
12413,6/3/2014 4:00,12,32,305
12414,6/3/2014 5:00,12,32,305
12415,6/3/2014 6:00,13,32,304
12416,6/3/2014 7:00,12,32,304
12417,6/3/2014 8:00,12,32,306
12418,6/3/2014 9:00,12,32,306
12419,6/3/2014 10:00,12,32,306
12420,6/3/2014 11:00,12,32,307
12421,6/3/2014 12:00,12,32,307
12422,6/3/2014 13:00,12,32,307
12423,6/3/2014 14:00,12,32,307
12424,6/3/2014 15:00,12,32,307
12425,6/3/2014 16:00,12,32,307
12426,6/3/2014 17:00,12,32,307
12427,6/3/2014 18:00,12,32,306
12428,6/3/2014 19:00,12,32,306
12429,6/3/2014 20:00,12,32,305
12430,6/3/2014 21:00,12,32,304
12431,6/3/2014 22:00,12,32,305
12432,6/3/2014 23:00,12,32,304
12433,6/4/2014 0:00,12,32,304
12434,6/4/2014 1:00,12,32,304
12435,6/4/2014 2:00,12,32,305
12436,6/4/2014 3:00,12,32,306
12437,6/4/2014 4:00,12,32,306
12438,6/4/2014 5:00,12,32,304
12439,6/4/2014 6:00,12,32,304
12440,6/4/2014 7:00,12,32,304
12441,6/4/2014 8:00,12,32,304
12442,6/4/2014 9:00,13,32,304
12443,6/4/2014 10:00,12,32,304
12444,6/4/2014 11:00,12,32,304
12445,6/4/2014 12:00,12,32,304
12446,6/4/2014 13:00,12,32,304
12447,6/4/2014 14:00,12,32,304
12448,6/4/2014 15:00,12,30,304
12449,6/4/2014 16:00,12,32,304
12450,6/4/2014 17:00,12,32,304
12451,6/4/2014 18:00,12,32,304
12452,6/4/2014 19:00,12,32,304
12453,6/4/2014 20:00,12,32,304
12454,6/4/2014 21:00,12,32,304
12455,6/4/2014 22:00,12,32,304
12456,6/4/2014 23:00,12,32,304
12457,6/5/2014 0:00,12,32,303
12458,6/5/2014 1:00,12,32,303
12459,6/5/2014 2:00,12,32,303
12460,6/5/2014 3:00,12,30,303
12461,6/5/2014 4:00,12,32,304
12462,6/5/2014 5:00,12,32,303
12463,6/5/2014 6:00,12,32,303
12464,6/5/2014 7:00,12,32,303
12465,6/5/2014 8:00,12,32,302
12466,6/5/2014 9:00,12,32,302
12467,6/5/2014 10:00,12,32,302
12468,6/5/2014 11:00,12,32,302
12469,6/5/2014 12:00,12,32,302
12470,6/5/2014 13:00,12,32,302
12471,6/5/2014 14:00,12,32,301
12472,6/5/2014 15:00,12,32,301
12473,6/5/2014 16:00,12,32,301
12474,6/5/2014 17:00,12,32,302
12475,6/5/2014 18:00,12,32,301
12476,6/5/2014 19:00,12,30,302
12477,6/5/2014 20:00,12,32,301
12478,6/5/2014 21:00,12,32,301
12479,6/5/2014 22:00,12,32,301
12480,6/5/2014 23:00,12,32,301
12481,6/6/2014 0:00,14,32,301
12482,6/6/2014 1:00,14,32,301
12483,6/6/2014 2:00,12,32,301
12484,6/6/2014 3:00,12,32,301
12485,6/6/2014 4:00,12,32,300
12486,6/6/2014 5:00,12,32,300
12487,6/6/2014 6:00,12,32,300
12488,6/6/2014 7:00,12,32,300
12489,6/6/2014 8:00,12,32,301
12490,6/6/2014 9:00,12,32,300
12491,6/6/2014 10:00,12,32,300
12492,6/6/2014 11:00,12,32,300
12493,6/6/2014 12:00,12,32,300
12494,6/6/2014 13:00,12,32,300
12495,6/6/2014 14:00,12,32,300
12496,6/6/2014 15:00,12,32,300
12497,6/6/2014 16:00,12,32,300
12498,6/6/2014 17:00,12,32,301
12499,6/6/2014 18:00,12,32,300
12500,6/6/2014 19:00,12,32,301
12501,6/6/2014 20:00,12,32,300
12502,6/6/2014 21:00,12,32,300
12503,6/6/2014 22:00,12,32,300
12504,6/6/2014 23:00,12,32,300
12505,6/7/2014 0:00,12,32,300
12506,6/7/2014 1:00,12,32,300
12507,6/7/2014 2:00,12,32,300
12508,6/7/2014 3:00,12,32,300
12509,6/7/2014 4:00,12,32,300
12510,6/7/2014 5:00,12,32,300
12511,6/7/2014 6:00,12,32,300
12512,6/7/2014 7:00,12,32,300
12513,6/7/2014 8:00,12,32,300
12514,6/7/2014 9:00,14,32,300
12515,6/7/2014 10:00,12,32,300
12516,6/7/2014 11:00,12,32,300
12517,6/7/2014 12:00,12,32,301
12518,6/7/2014 13:00,12,32,301
12519,6/7/2014 14:00,12,32,301
12520,6/7/2014 15:00,12,32,302
12521,6/7/2014 16:00,12,32,301
12522,6/7/2014 17:00,12,32,301
12523,6/7/2014 18:00,12,32,301
12524,6/7/2014 19:00,12,32,300
12525,6/7/2014 20:00,12,32,300
12526,6/7/2014 21:00,12,32,300
12527,6/7/2014 22:00,12,32,299
12528,6/7/2014 23:00,12,32,300
12529,6/8/2014 0:00,12,32,300
12530,6/8/2014 1:00,12,32,300
12531,6/8/2014 2:00,12,32,300
12532,6/8/2014 3:00,12,32,299
12533,6/8/2014 4:00,12,32,299
12534,6/8/2014 5:00,12,30,298
12535,6/8/2014 6:00,12,32,299
12536,6/8/2014 7:00,12,32,300
12537,6/8/2014 8:00,12,32,300
12538,6/8/2014 9:00,13,32,300
12539,6/8/2014 10:00,12,32,299
12540,6/8/2014 11:00,12,32,301
12541,6/8/2014 12:00,12,32,300
12542,6/8/2014 13:00,12,32,299
12543,6/8/2014 14:00,12,32,299
12544,6/8/2014 15:00,12,32,299
12545,6/8/2014 16:00,12,32,300
12546,6/8/2014 17:00,12,32,299
12547,6/8/2014 18:00,12,32,299
12548,6/8/2014 19:00,12,32,299
12549,6/8/2014 20:00,12,32,299
12550,6/8/2014 21:00,12,32,299
12551,6/8/2014 22:00,12,34,299
12552,6/8/2014 23:00,12,32,299
12553,6/9/2014 0:00,12,32,298
12554,6/9/2014 1:00,12,32,299
12555,6/9/2014 2:00,12,32,299
12556,6/9/2014 3:00,14,32,299
12557,6/9/2014 4:00,12,32,299
12558,6/9/2014 5:00,12,32,299
12559,6/9/2014 6:00,12,32,299
12560,6/9/2014 7:00,12,32,299
12561,6/9/2014 8:00,12,32,300
12562,6/9/2014 9:00,12,32,298
12563,6/9/2014 10:00,12,32,298
12564,6/9/2014 11:00,12,32,299
12565,6/9/2014 12:00,14,32,299
12566,6/9/2014 13:00,12,32,298
12567,6/9/2014 14:00,12,32,298
12568,6/9/2014 15:00,12,32,298
12569,6/9/2014 16:00,12,32,298
12570,6/9/2014 17:00,12,32,297
12571,6/9/2014 18:00,12,33,295
12572,6/9/2014 19:00,12,32,296
12573,6/9/2014 20:00,12,32,297
12574,6/9/2014 21:00,12,32,296
12575,6/9/2014 22:00,12,32,296
12576,6/9/2014 23:00,12,32,296
12577,6/10/2014 0:00,12,32,297
12578,6/10/2014 1:00,12,32,296
12579,6/10/2014 2:00,12,32,297
12580,6/10/2014 3:00,12,32,295
12581,6/10/2014 4:00,12,32,296
12582,6/10/2014 5:00,12,32,296
12583,6/10/2014 6:00,12,32,296
12584,6/10/2014 7:00,12,32,295
12585,6/10/2014 8:00,12,32,295
12586,6/10/2014 9:00,12,32,295
12587,6/10/2014 10:00,12,32,295
12588,6/10/2014 11:00,12,32,294
12589,6/10/2014 12:00,12,32,294
12590,6/10/2014 13:00,12,32,295
12591,6/10/2014 14:00,12,32,294
12592,6/10/2014 15:00,12,32,295
12593,6/10/2014 16:00,13,32,295
12594,6/10/2014 17:00,12,32,295
12595,6/10/2014 18:00,12,32,294
12596,6/10/2014 19:00,12,32,294
12597,6/10/2014 20:00,12,32,293
12598,6/10/2014 21:00,12,32,294
12599,6/10/2014 22:00,12,32,294
12600,6/10/2014 23:00,12,32,294
12601,6/11/2014 0:00,12,32,291
12602,6/11/2014 1:00,12,32,292
12603,6/11/2014 2:00,12,32,291
12604,6/11/2014 3:00,12,32,293
12605,6/11/2014 4:00,12,32,291
12606,6/11/2014 5:00,12,32,291
12607,6/11/2014 6:00,12,32,291
12608,6/11/2014 7:00,12,32,288
12609,6/11/2014 8:00,12,32,288
12610,6/11/2014 9:00,12,32,287
12611,6/11/2014 10:00,12,32,274
12612,6/11/2014 11:00,12,32,282
12613,6/11/2014 12:00,12,32,283
12614,6/11/2014 13:00,12,32,282
12615,6/11/2014 14:00,12,32,283
12616,6/11/2014 15:00,12,32,283
12617,6/11/2014 16:00,12,32,283
12618,6/11/2014 17:00,12,32,283
12619,6/11/2014 18:00,12,32,283
12620,6/11/2014 19:00,12,32,283
12621,6/11/2014 20:00,13,32,283
12622,6/11/2014 21:00,12,32,283
12623,6/11/2014 22:00,12,32,283
12624,6/11/2014 23:00,12,32,283
12625,6/12/2014 0:00,12,32,283
12626,6/12/2014 1:00,13,32,283
12627,6/12/2014 2:00,12,32,284
12628,6/12/2014 3:00,12,32,283
12629,6/12/2014 4:00,12,32,283
12630,6/12/2014 5:00,12,32,284
12631,6/12/2014 6:00,13,32,285
12632,6/12/2014 7:00,13,32,285
12633,6/12/2014 8:00,12,32,285
12634,6/12/2014 9:00,12,32,284
12635,6/12/2014 10:00,12,32,284
12636,6/12/2014 11:00,12,32,284
12637,6/12/2014 12:00,12,32,284
12638,6/12/2014 13:00,12,32,284
12639,6/12/2014 14:00,12,32,283
12640,6/12/2014 15:00,13,32,284
12641,6/12/2014 16:00,12,32,283
12642,6/12/2014 17:00,12,32,283
12643,6/12/2014 18:00,12,32,283
12644,6/12/2014 19:00,12,32,283
12645,6/12/2014 20:00,12,32,283
12646,6/12/2014 21:00,12,32,283
12647,6/12/2014 22:00,12,32,283
12648,6/12/2014 23:00,12,32,283
12649,6/13/2014 0:00,12,32,283
12650,6/13/2014 1:00,12,32,283
12651,6/13/2014 2:00,12,32,283
12652,6/13/2014 3:00,12,32,283
12653,6/13/2014 4:00,12,32,283
12654,6/13/2014 5:00,12,33,283
12655,6/13/2014 6:00,12,32,283
12656,6/13/2014 7:00,12,32,283
12657,6/13/2014 8:00,12,32,283
12658,6/13/2014 9:00,12,32,284
12659,6/13/2014 10:00,12,32,284
12660,6/13/2014 11:00,12,32,283
12661,6/13/2014 12:00,12,32,283
12662,6/13/2014 13:00,12,32,283
12663,6/13/2014 14:00,12,32,283
12664,6/13/2014 15:00,12,30,283
12665,6/13/2014 16:00,12,32,283
12666,6/13/2014 17:00,12,32,283
12667,6/13/2014 18:00,13,32,283
12668,6/13/2014 19:00,12,32,283
12669,6/13/2014 20:00,12,32,283
12670,6/13/2014 21:00,12,32,283
12671,6/13/2014 22:00,12,32,283
12672,6/13/2014 23:00,12,32,283
12673,6/14/2014 0:00,13,32,283
12674,6/14/2014 1:00,12,32,284
12675,6/14/2014 2:00,12,32,283
12676,6/14/2014 3:00,12,32,283
12677,6/14/2014 4:00,12,32,283
12678,6/14/2014 5:00,12,32,283
12679,6/14/2014 6:00,12,32,283
12680,6/14/2014 7:00,12,32,283
12681,6/14/2014 8:00,12,32,283
12682,6/14/2014 9:00,12,32,283
12683,6/14/2014 10:00,12,32,283
12684,6/14/2014 11:00,12,32,283
12685,6/14/2014 12:00,12,32,283
12686,6/14/2014 13:00,12,32,283
12687,6/14/2014 14:00,12,32,283
12688,6/14/2014 15:00,12,32,282
12689,6/14/2014 16:00,12,33,283
12690,6/14/2014 17:00,12,32,283
12691,6/14/2014 18:00,12,32,283
12692,6/14/2014 19:00,12,32,283
12693,6/14/2014 20:00,12,32,283
12694,6/14/2014 21:00,12,32,283
12695,6/14/2014 22:00,12,32,283
12696,6/14/2014 23:00,12,32,283
12697,6/15/2014 0:00,13,32,283
12698,6/15/2014 1:00,12,32,283
12699,6/15/2014 2:00,12,32,282
12700,6/15/2014 3:00,12,32,283
12701,6/15/2014 4:00,12,32,283
12702,6/15/2014 5:00,12,32,283
12703,6/15/2014 6:00,12,32,283
12704,6/15/2014 7:00,12,32,283
12705,6/15/2014 8:00,12,32,283
12706,6/15/2014 9:00,12,32,283
12707,6/15/2014 10:00,12,32,283
12708,6/15/2014 11:00,12,32,283
12709,6/15/2014 12:00,12,32,283
12710,6/15/2014 13:00,12,32,283
12711,6/15/2014 14:00,12,32,282
12712,6/15/2014 15:00,12,32,282
12713,6/15/2014 16:00,12,32,283
12714,6/15/2014 17:00,12,32,283
12715,6/15/2014 18:00,12,32,282
12716,6/15/2014 19:00,12,32,282
12717,6/15/2014 20:00,12,32,282
12718,6/15/2014 21:00,12,32,282
12719,6/15/2014 22:00,12,32,282
12720,6/15/2014 23:00,12,33,282
12721,6/16/2014 0:00,12,32,282
12722,6/16/2014 1:00,12,32,282
12723,6/16/2014 2:00,12,32,282
12724,6/16/2014 3:00,12,32,282
12725,6/16/2014 4:00,12,32,282
12726,6/16/2014 5:00,12,32,282
12727,6/16/2014 6:00,12,32,283
12728,6/16/2014 7:00,12,33,283
12729,6/16/2014 8:00,12,32,283
12730,6/16/2014 9:00,12,32,283
12731,6/16/2014 10:00,12,32,283
12732,6/16/2014 11:00,12,32,283
12733,6/16/2014 12:00,12,32,283
12734,6/16/2014 13:00,12,32,283
12735,6/16/2014 14:00,12,32,283
12736,6/16/2014 15:00,12,32,283
12737,6/16/2014 16:00,12,32,283
12738,6/16/2014 17:00,12,32,283
12739,6/16/2014 18:00,12,32,283
12740,6/16/2014 19:00,12,32,283
12741,6/16/2014 20:00,12,32,283
12742,6/16/2014 21:00,12,32,283
12743,6/16/2014 22:00,12,32,283
12744,6/16/2014 23:00,12,32,283
12745,6/17/2014 0:00,12,32,283
12746,6/17/2014 1:00,12,32,282
12747,6/17/2014 2:00,12,32,282
12748,6/17/2014 3:00,12,32,283
12749,6/17/2014 4:00,12,32,282
12750,6/17/2014 5:00,12,32,283
12751,6/17/2014 6:00,12,32,283
12752,6/17/2014 7:00,12,32,283
12753,6/17/2014 8:00,12,32,282
12754,6/17/2014 9:00,12,32,282
12755,6/17/2014 10:00,12,32,282
12756,6/17/2014 11:00,12,32,282
12757,6/17/2014 12:00,12,32,282
12758,6/17/2014 13:00,12,32,282
12759,6/17/2014 14:00,12,32,282
12760,6/17/2014 15:00,12,32,282
12761,6/17/2014 16:00,12,32,282
12762,6/17/2014 17:00,12,32,282
12763,6/17/2014 18:00,12,32,282
12764,6/17/2014 19:00,12,32,282
12765,6/17/2014 20:00,12,32,282
12766,6/17/2014 21:00,12,32,282
12767,6/17/2014 22:00,12,32,282
12768,6/17/2014 23:00,12,32,282
12769,6/18/2014 0:00,12,32,282
12770,6/18/2014 1:00,12,32,282
12771,6/18/2014 2:00,12,32,282
12772,6/18/2014 3:00,12,33,282
12773,6/18/2014 4:00,12,32,282
12774,6/18/2014 5:00,12,32,282
12775,6/18/2014 6:00,12,32,282
12776,6/18/2014 7:00,12,33,282
12777,6/18/2014 8:00,12,32,282
12778,6/18/2014 9:00,12,32,282
12779,6/18/2014 10:00,12,32,282
12780,6/18/2014 11:00,12,32,282
12781,6/18/2014 12:00,12,32,282
12782,6/18/2014 13:00,12,32,282
12783,6/18/2014 14:00,12,32,282
12784,6/18/2014 15:00,12,32,282
12785,6/18/2014 16:00,12,32,282
12786,6/18/2014 17:00,12,32,282
12787,6/18/2014 18:00,12,32,282
12788,6/18/2014 19:00,14,32,282
12789,6/18/2014 20:00,12,32,282
12790,6/18/2014 21:00,12,32,282
12791,6/18/2014 22:00,11,32,282
12792,6/18/2014 23:00,12,32,282
12793,6/19/2014 0:00,12,32,282
12794,6/19/2014 1:00,13,32,282
12795,6/19/2014 2:00,13,33,282
12796,6/19/2014 3:00,12,32,282
12797,6/19/2014 4:00,12,32,282
12798,6/19/2014 5:00,12,32,282
12799,6/19/2014 6:00,13,32,282
12800,6/19/2014 7:00,12,32,282
12801,6/19/2014 8:00,12,32,282
12802,6/19/2014 9:00,12,32,281
12803,6/19/2014 10:00,12,32,281
12804,6/19/2014 11:00,12,32,281
12805,6/19/2014 12:00,12,32,281
12806,6/19/2014 13:00,12,32,281
12807,6/19/2014 14:00,12,32,281
12808,6/19/2014 15:00,13,32,281
12809,6/19/2014 16:00,12,32,281
12810,6/19/2014 17:00,12,32,280
12811,6/19/2014 18:00,12,32,278
12812,6/19/2014 19:00,12,32,278
12813,6/19/2014 20:00,12,32,278
12814,6/19/2014 21:00,12,32,277
12815,6/19/2014 22:00,12,32,277
12816,6/19/2014 23:00,12,32,276
12817,6/20/2014 0:00,12,32,276
12818,6/20/2014 1:00,12,32,276
12819,6/20/2014 2:00,12,32,276
12820,6/20/2014 3:00,13,32,276
12821,6/20/2014 4:00,12,32,275
12822,6/20/2014 5:00,12,32,273
12823,6/20/2014 6:00,12,32,266
12824,6/20/2014 7:00,12,32,264
12825,6/20/2014 8:00,12,32,283
12826,6/20/2014 9:00,12,32,283
12827,6/20/2014 10:00,12,32,276
12828,6/20/2014 11:00,12,32,267
12829,6/20/2014 12:00,12,32,267
12830,6/20/2014 13:00,12,32,251
12831,6/20/2014 14:00,12,32,291
12832,6/20/2014 15:00,12,32,294
12833,6/20/2014 16:00,12,32,295
12834,6/20/2014 17:00,13,32,294
12835,6/20/2014 18:00,12,32,296
12836,6/20/2014 19:00,12,32,296
12837,6/20/2014 20:00,12,32,298
12838,6/20/2014 21:00,12,32,300
12839,6/20/2014 22:00,12,32,296
12840,6/20/2014 23:00,12,32,301
12841,6/21/2014 0:00,12,32,301
12842,6/21/2014 1:00,12,32,299
12843,6/21/2014 2:00,12,32,299
12844,6/21/2014 3:00,12,32,301
12845,6/21/2014 4:00,12,32,299
12846,6/21/2014 5:00,12,32,299
12847,6/21/2014 6:00,12,32,296
12848,6/21/2014 7:00,12,32,299
12849,6/21/2014 8:00,12,32,299
12850,6/21/2014 9:00,12,32,300
12851,6/21/2014 10:00,12,32,301
12852,6/21/2014 11:00,12,32,301
12853,6/21/2014 12:00,12,32,301
12854,6/21/2014 13:00,12,32,298
12855,6/21/2014 14:00,12,32,300
12856,6/21/2014 15:00,13,32,300
12857,6/21/2014 16:00,12,32,299
12858,6/21/2014 17:00,12,32,300
12859,6/21/2014 18:00,12,30,300
12860,6/21/2014 19:00,13,32,300
12861,6/21/2014 20:00,12,32,300
12862,6/21/2014 21:00,12,32,299
12863,6/21/2014 22:00,12,32,299
12864,6/21/2014 23:00,12,32,299
12865,6/22/2014 0:00,12,32,300
12866,6/22/2014 1:00,12,32,300
12867,6/22/2014 2:00,12,32,300
12868,6/22/2014 3:00,13,32,299
12869,6/22/2014 4:00,13,32,299
12870,6/22/2014 5:00,12,32,301
12871,6/22/2014 6:00,12,32,302
12872,6/22/2014 7:00,12,32,298
12873,6/22/2014 8:00,12,32,301
12874,6/22/2014 9:00,12,34,298
12875,6/22/2014 10:00,12,32,298
12876,6/22/2014 11:00,12,32,299
12877,6/22/2014 12:00,12,32,296
12878,6/22/2014 13:00,12,32,298
12879,6/22/2014 14:00,13,32,298
12880,6/22/2014 15:00,12,32,298
12881,6/22/2014 16:00,12,32,298
12882,6/22/2014 17:00,12,32,298
12883,6/22/2014 18:00,12,32,298
12884,6/22/2014 19:00,12,32,298
12885,6/22/2014 20:00,12,32,296
12886,6/22/2014 21:00,13,32,296
12887,6/22/2014 22:00,12,32,296
12888,6/22/2014 23:00,12,32,298
12889,6/23/2014 0:00,12,32,296
12890,6/23/2014 1:00,12,32,296
12891,6/23/2014 2:00,12,32,296
12892,6/23/2014 3:00,12,32,296
12893,6/23/2014 4:00,12,32,296
12894,6/23/2014 5:00,12,32,296
12895,6/23/2014 6:00,12,32,296
12896,6/23/2014 7:00,12,31,296
12897,6/23/2014 8:00,12,32,298
12898,6/23/2014 9:00,13,32,298
12899,6/23/2014 10:00,12,32,296
12900,6/23/2014 11:00,11,32,296
12901,6/23/2014 12:00,12,32,296
12902,6/23/2014 13:00,12,32,295
12903,6/23/2014 14:00,12,32,300
12904,6/23/2014 15:00,12,32,295
12905,6/23/2014 16:00,12,31,296
12906,6/23/2014 17:00,12,31,296
12907,6/23/2014 18:00,13,31,295
12908,6/23/2014 19:00,12,31,295
12909,6/23/2014 20:00,12,31,295
12910,6/23/2014 21:00,13,31,298
12911,6/23/2014 22:00,12,31,295
12912,6/23/2014 23:00,12,31,295
12913,6/24/2014 0:00,13,31,295
12914,6/24/2014 1:00,12,31,295
12915,6/24/2014 2:00,12,31,295
12916,6/24/2014 3:00,12,31,296
12917,6/24/2014 4:00,12,31,293
12918,6/24/2014 5:00,12,31,294
12919,6/24/2014 6:00,12,31,296
12920,6/24/2014 7:00,12,31,298
12921,6/24/2014 8:00,12,31,299
12922,6/24/2014 9:00,12,31,299
12923,6/24/2014 10:00,12,31,299
12924,6/24/2014 11:00,12,31,299
12925,6/24/2014 12:00,12,31,299
12926,6/24/2014 13:00,12,31,299
12927,6/24/2014 14:00,12,31,295
12928,6/24/2014 15:00,12,31,296
12929,6/24/2014 16:00,12,31,298
12930,6/24/2014 17:00,12,31,298
12931,6/24/2014 18:00,12,31,299
12932,6/24/2014 19:00,12,31,299
12933,6/24/2014 20:00,13,31,295
12934,6/24/2014 21:00,12,31,298
12935,6/24/2014 22:00,12,31,298
12936,6/24/2014 23:00,13,31,298
12937,6/25/2014 0:00,12,32,299
12938,6/25/2014 1:00,12,31,295
12939,6/25/2014 2:00,12,31,298
12940,6/25/2014 3:00,12,31,297
12941,6/25/2014 4:00,12,31,298
12942,6/25/2014 5:00,12,31,299
12943,6/25/2014 6:00,13,31,299
12944,6/25/2014 7:00,12,31,299
12945,6/25/2014 8:00,12,31,299
12946,6/25/2014 9:00,12,31,299
12947,6/25/2014 10:00,13,31,295
12948,6/25/2014 11:00,12,31,294
12949,6/25/2014 12:00,12,31,294
12950,6/25/2014 13:00,13,31,293
12951,6/25/2014 14:00,12,31,285
12952,6/25/2014 15:00,12,31,293
12953,6/25/2014 16:00,12,31,293
12954,6/25/2014 17:00,13,31,291
12955,6/25/2014 18:00,13,31,292
12956,6/25/2014 19:00,12,31,285
12957,6/25/2014 20:00,12,31,291
12958,6/25/2014 21:00,12,31,292
12959,6/25/2014 22:00,12,31,291
12960,6/25/2014 23:00,12,31,291
12961,6/26/2014 0:00,12,31,291
12962,6/26/2014 1:00,13,31,291
12963,6/26/2014 2:00,12,31,292
12964,6/26/2014 3:00,12,31,292
12965,6/26/2014 4:00,12,31,293
12966,6/26/2014 5:00,12,31,293
12967,6/26/2014 6:00,12,31,293
12968,6/26/2014 7:00,12,31,293
12969,6/26/2014 8:00,12,31,291
12970,6/26/2014 9:00,12,31,291
12971,6/26/2014 10:00,12,31,284
12972,6/26/2014 11:00,12,31,287
12973,6/26/2014 12:00,13,31,286
12974,6/26/2014 13:00,12,31,289
12975,6/26/2014 14:00,13,31,289
12976,6/26/2014 15:00,12,31,289
12977,6/26/2014 16:00,12,31,294
12978,6/26/2014 17:00,12,31,290
12979,6/26/2014 18:00,12,31,290
12980,6/26/2014 19:00,12,31,295
12981,6/26/2014 20:00,12,31,295
12982,6/26/2014 21:00,13,31,287
12983,6/26/2014 22:00,12,31,290
12984,6/26/2014 23:00,12,31,290
12985,6/27/2014 0:00,13,31,289
12986,6/27/2014 1:00,12,31,291
12987,6/27/2014 2:00,12,31,294
12988,6/27/2014 3:00,12,31,290
12989,6/27/2014 4:00,13,31,289
12990,6/27/2014 5:00,12,31,293
12991,6/27/2014 6:00,12,31,293
12992,6/27/2014 7:00,12,31,293
12993,6/27/2014 8:00,12,31,293
12994,6/27/2014 9:00,11,31,293
12995,6/27/2014 10:00,12,31,293
12996,6/27/2014 11:00,12,31,292
12997,6/27/2014 12:00,12,31,293
12998,6/27/2014 13:00,12,31,293
12999,6/27/2014 14:00,12,31,293
13000,6/27/2014 15:00,12,31,293
13001,6/27/2014 16:00,12,31,292
13002,6/27/2014 17:00,12,31,291
13003,6/27/2014 18:00,12,31,291
13004,6/27/2014 19:00,12,31,291
13005,6/27/2014 20:00,12,31,290
13006,6/27/2014 21:00,12,31,285
13007,6/27/2014 22:00,12,31,294
13008,6/27/2014 23:00,12,31,293
13009,6/28/2014 0:00,12,31,293
13010,6/28/2014 1:00,12,31,293
13011,6/28/2014 2:00,12,31,294
13012,6/28/2014 3:00,12,31,293
13013,6/28/2014 4:00,13,31,293
13014,6/28/2014 5:00,12,31,293
13015,6/28/2014 6:00,13,31,291
13016,6/28/2014 7:00,12,31,295
13017,6/28/2014 8:00,12,31,296
13018,6/28/2014 9:00,12,31,297
13019,6/28/2014 10:00,13,31,298
13020,6/28/2014 11:00,13,31,298
13021,6/28/2014 12:00,12,31,298
13022,6/28/2014 13:00,12,31,298
13023,6/28/2014 14:00,12,31,298
13024,6/28/2014 15:00,12,31,297
13025,6/28/2014 16:00,13,31,292
13026,6/28/2014 17:00,12,31,291
13027,6/28/2014 18:00,12,31,293
13028,6/28/2014 19:00,12,31,291
13029,6/28/2014 20:00,12,31,293
13030,6/28/2014 21:00,12,31,292
13031,6/28/2014 22:00,12,31,291
13032,6/28/2014 23:00,12,31,293
13033,6/29/2014 0:00,12,31,294
13034,6/29/2014 1:00,12,31,294
13035,6/29/2014 2:00,12,31,295
13036,6/29/2014 3:00,12,31,295
13037,6/29/2014 4:00,12,31,296
13038,6/29/2014 5:00,13,31,296
13039,6/29/2014 6:00,12,31,296
13040,6/29/2014 7:00,12,31,297
13041,6/29/2014 8:00,12,31,297
13042,6/29/2014 9:00,12,31,297
13043,6/29/2014 10:00,12,31,296
13044,6/29/2014 11:00,12,31,295
13045,6/29/2014 12:00,12,31,295
13046,6/29/2014 13:00,12,31,296
13047,6/29/2014 14:00,12,31,296
13048,6/29/2014 15:00,12,31,296
13049,6/29/2014 16:00,12,31,295
13050,6/29/2014 17:00,12,31,295
13051,6/29/2014 18:00,12,31,295
13052,6/29/2014 19:00,12,31,297
13053,6/29/2014 20:00,12,31,295
13054,6/29/2014 21:00,12,31,295
13055,6/29/2014 22:00,12,31,295
13056,6/29/2014 23:00,12,31,295
13057,6/30/2014 0:00,12,31,295
13058,6/30/2014 1:00,12,31,295
13059,6/30/2014 2:00,12,31,294
13060,6/30/2014 3:00,14,31,295
13061,6/30/2014 4:00,12,31,294
13062,6/30/2014 5:00,12,31,295
13063,6/30/2014 6:00,12,31,290
13064,6/30/2014 7:00,12,31,287
13065,6/30/2014 8:00,12,31,287
13066,6/30/2014 9:00,14,31,287
13067,6/30/2014 10:00,12,31,287
13068,6/30/2014 11:00,12,31,286
13069,6/30/2014 12:00,12,31,294
13070,6/30/2014 13:00,11,31,294
13071,6/30/2014 14:00,12,31,294
13072,6/30/2014 15:00,12,31,295
13073,6/30/2014 16:00,12,31,295
13074,6/30/2014 17:00,12,31,295
13075,6/30/2014 18:00,12,31,295
13076,6/30/2014 19:00,12,31,295
13077,6/30/2014 20:00,12,31,295
13078,6/30/2014 21:00,12,31,295
13079,6/30/2014 22:00,11,31,296
13080,6/30/2014 23:00,12,31,296
13081,7/1/2014 0:00,12,31,295
13082,7/1/2014 1:00,12,31,296
13083,7/1/2014 2:00,12,31,296
13084,7/1/2014 3:00,12,31,296
13085,7/1/2014 4:00,12,31,296
13086,7/1/2014 5:00,13,32,295
13087,7/1/2014 6:00,12,31,296
13088,7/1/2014 7:00,12,31,296
13089,7/1/2014 8:00,12,31,295
13090,7/1/2014 9:00,12,31,294
13091,7/1/2014 10:00,12,31,296
13092,7/1/2014 11:00,13,31,296
13093,7/1/2014 12:00,12,31,296
13094,7/1/2014 13:00,12,31,296
13095,7/1/2014 14:00,12,31,296
13096,7/1/2014 15:00,12,31,295
13097,7/1/2014 16:00,12,31,297
13098,7/1/2014 17:00,12,31,297
13099,7/1/2014 18:00,12,31,298
13100,7/1/2014 19:00,13,31,298
13101,7/1/2014 20:00,12,31,298
13102,7/1/2014 21:00,12,31,298
13103,7/1/2014 22:00,13,31,298
13104,7/1/2014 23:00,12,31,298
13105,7/2/2014 0:00,12,31,298
13106,7/2/2014 1:00,12,31,297
13107,7/2/2014 2:00,12,31,295
13108,7/2/2014 3:00,12,31,295
13109,7/2/2014 4:00,12,31,295
13110,7/2/2014 5:00,12,31,296
13111,7/2/2014 6:00,13,31,296
13112,7/2/2014 7:00,12,31,296
13113,7/2/2014 8:00,12,31,294
13114,7/2/2014 9:00,12,31,294
13115,7/2/2014 10:00,12,31,295
13116,7/2/2014 11:00,12,31,295
13117,7/2/2014 12:00,12,31,295
13118,7/2/2014 13:00,12,31,296
13119,7/2/2014 14:00,12,31,295
13120,7/2/2014 15:00,12,31,293
13121,7/2/2014 16:00,12,31,295
13122,7/2/2014 17:00,12,31,295
13123,7/2/2014 18:00,12,31,296
13124,7/2/2014 19:00,12,31,296
13125,7/2/2014 20:00,12,31,296
13126,7/2/2014 21:00,13,31,297
13127,7/2/2014 22:00,12,31,297
13128,7/2/2014 23:00,12,31,297
13129,7/3/2014 0:00,12,31,298
13130,7/3/2014 1:00,12,31,298
13131,7/3/2014 2:00,12,31,298
13132,7/3/2014 3:00,12,31,298
13133,7/3/2014 4:00,12,31,298
13134,7/3/2014 5:00,12,31,297
13135,7/3/2014 6:00,12,31,297
13136,7/3/2014 7:00,12,31,296
13137,7/3/2014 8:00,12,31,296
13138,7/3/2014 9:00,12,31,295
13139,7/3/2014 10:00,12,31,295
13140,7/3/2014 11:00,12,31,295
13141,7/3/2014 12:00,12,31,296
13142,7/3/2014 13:00,12,31,296
13143,7/3/2014 14:00,12,31,296
13144,7/3/2014 15:00,12,31,296
13145,7/3/2014 16:00,12,33,297
13146,7/3/2014 17:00,12,31,297
13147,7/3/2014 18:00,12,31,297
13148,7/3/2014 19:00,14,31,297
13149,7/3/2014 20:00,12,31,297
13150,7/3/2014 21:00,12,31,298
13151,7/3/2014 22:00,12,31,298
13152,7/3/2014 23:00,12,31,298
13153,7/4/2014 0:00,12,31,298
13154,7/4/2014 1:00,12,31,297
13155,7/4/2014 2:00,12,31,298
13156,7/4/2014 3:00,12,31,298
13157,7/4/2014 4:00,12,31,297
13158,7/4/2014 5:00,12,31,298
13159,7/4/2014 6:00,12,31,297
13160,7/4/2014 7:00,12,31,297
13161,7/4/2014 8:00,11,31,297
13162,7/4/2014 9:00,12,31,296
13163,7/4/2014 10:00,12,31,296
13164,7/4/2014 11:00,12,31,296
13165,7/4/2014 12:00,12,31,295
13166,7/4/2014 13:00,12,31,296
13167,7/4/2014 14:00,12,31,295
13168,7/4/2014 15:00,12,31,295
13169,7/4/2014 16:00,12,31,295
13170,7/4/2014 17:00,12,31,295
13171,7/4/2014 18:00,12,31,295
13172,7/4/2014 19:00,14,31,294
13173,7/4/2014 20:00,12,31,294
13174,7/4/2014 21:00,12,31,294
13175,7/4/2014 22:00,12,31,295
13176,7/4/2014 23:00,12,31,295
13177,7/5/2014 0:00,12,31,295
13178,7/5/2014 1:00,12,31,295
13179,7/5/2014 2:00,12,31,296
13180,7/5/2014 3:00,12,31,296
13181,7/5/2014 4:00,12,31,296
13182,7/5/2014 5:00,11,31,296
13183,7/5/2014 6:00,12,31,295
13184,7/5/2014 7:00,12,31,296
13185,7/5/2014 8:00,12,31,296
13186,7/5/2014 9:00,12,31,295
13187,7/5/2014 10:00,12,31,296
13188,7/5/2014 11:00,12,31,296
13189,7/5/2014 12:00,12,31,296
13190,7/5/2014 13:00,12,31,296
13191,7/5/2014 14:00,12,31,295
13192,7/5/2014 15:00,11,31,296
13193,7/5/2014 16:00,11,31,296
13194,7/5/2014 17:00,12,31,295
13195,7/5/2014 18:00,13,31,295
13196,7/5/2014 19:00,12,31,295
13197,7/5/2014 20:00,11,31,295
13198,7/5/2014 21:00,11,31,296
13199,7/5/2014 22:00,12,31,295
13200,7/5/2014 23:00,11,31,296
13201,7/6/2014 0:00,12,31,296
13202,7/6/2014 1:00,12,31,295
13203,7/6/2014 2:00,12,31,295
13204,7/6/2014 3:00,11,31,294
13205,7/6/2014 4:00,11,31,291
13206,7/6/2014 5:00,12,31,290
13207,7/6/2014 6:00,11,31,290
13208,7/6/2014 7:00,12,31,295
13209,7/6/2014 8:00,11,31,296
13210,7/6/2014 9:00,11,31,296
13211,7/6/2014 10:00,12,31,297
13212,7/6/2014 11:00,11,31,296
13213,7/6/2014 12:00,12,31,297
13214,7/6/2014 13:00,12,31,298
13215,7/6/2014 14:00,11,31,298
13216,7/6/2014 15:00,12,31,298
13217,7/6/2014 16:00,12,31,298
13218,7/6/2014 17:00,11,31,299
13219,7/6/2014 18:00,12,31,299
13220,7/6/2014 19:00,12,31,299
13221,7/6/2014 20:00,11,31,299
13222,7/6/2014 21:00,12,31,299
13223,7/6/2014 22:00,11,31,299
13224,7/6/2014 23:00,11,31,299
13225,7/7/2014 0:00,12,31,300
13226,7/7/2014 1:00,12,31,300
13227,7/7/2014 2:00,12,31,300
13228,7/7/2014 3:00,12,31,299
13229,7/7/2014 4:00,11,31,299
13230,7/7/2014 5:00,12,31,299
13231,7/7/2014 6:00,13,31,299
13232,7/7/2014 7:00,12,31,298
13233,7/7/2014 8:00,12,31,294
13234,7/7/2014 9:00,10,31,299
13235,7/7/2014 10:00,11,31,299
13236,7/7/2014 11:00,12,32,300
13237,7/7/2014 12:00,12,31,300
13238,7/7/2014 13:00,13,31,300
13239,7/7/2014 14:00,12,31,300
13240,7/7/2014 15:00,12,31,300
13241,7/7/2014 16:00,11,31,300
13242,7/7/2014 17:00,11,31,294
13243,7/7/2014 18:00,12,31,294
13244,7/7/2014 19:00,12,31,296
13245,7/7/2014 20:00,12,31,297
13246,7/7/2014 21:00,12,31,298
13247,7/7/2014 22:00,12,31,299
13248,7/7/2014 23:00,12,31,299
13249,7/8/2014 0:00,12,31,299
13250,7/8/2014 1:00,12,31,299
13251,7/8/2014 2:00,12,31,299
13252,7/8/2014 3:00,12,31,299
13253,7/8/2014 4:00,12,31,299
13254,7/8/2014 5:00,12,31,299
13255,7/8/2014 6:00,12,31,299
13256,7/8/2014 7:00,12,31,299
13257,7/8/2014 8:00,12,31,299
13258,7/8/2014 9:00,12,31,299
13259,7/8/2014 10:00,12,31,299
13260,7/8/2014 11:00,12,31,298
13261,7/8/2014 12:00,12,31,298
13262,7/8/2014 13:00,12,31,297
13263,7/8/2014 14:00,12,31,296
13264,7/8/2014 15:00,12,31,296
13265,7/8/2014 16:00,12,31,296
13266,7/8/2014 17:00,12,31,296
13267,7/8/2014 18:00,12,31,296
13268,7/8/2014 19:00,11,31,296
13269,7/8/2014 20:00,12,31,296
13270,7/8/2014 21:00,12,31,296
13271,7/8/2014 22:00,12,31,296
13272,7/8/2014 23:00,12,31,296
13273,7/9/2014 0:00,13,31,296
13274,7/9/2014 1:00,12,31,296
13275,7/9/2014 2:00,12,31,296
13276,7/9/2014 3:00,12,31,296
13277,7/9/2014 4:00,12,31,296
13278,7/9/2014 5:00,12,31,296
13279,7/9/2014 6:00,12,31,296
13280,7/9/2014 7:00,12,31,296
13281,7/9/2014 8:00,12,31,296
13282,7/9/2014 9:00,12,31,291
13283,7/9/2014 10:00,12,31,296
13284,7/9/2014 11:00,11,31,297
13285,7/9/2014 12:00,11,31,294
13286,7/9/2014 13:00,11,31,296
13287,7/9/2014 14:00,12,31,296
13288,7/9/2014 15:00,11,31,297
13289,7/9/2014 16:00,11,31,297
13290,7/9/2014 17:00,12,31,298
13291,7/9/2014 18:00,12,31,297
13292,7/9/2014 19:00,12,31,297
13293,7/9/2014 20:00,12,31,298
13294,7/9/2014 21:00,12,31,297
13295,7/9/2014 22:00,12,31,298
13296,7/9/2014 23:00,12,31,298
13297,7/10/2014 0:00,12,31,297
13298,7/10/2014 1:00,12,31,296
13299,7/10/2014 2:00,12,31,296
13300,7/10/2014 3:00,12,31,296
13301,7/10/2014 4:00,12,31,296
13302,7/10/2014 5:00,12,31,294
13303,7/10/2014 6:00,12,31,295
13304,7/10/2014 7:00,12,31,295
13305,7/10/2014 8:00,12,31,295
13306,7/10/2014 9:00,11,31,295
13307,7/10/2014 10:00,13,31,294
13308,7/10/2014 11:00,13,31,294
13309,7/10/2014 12:00,12,31,293
13310,7/10/2014 13:00,12,31,295
13311,7/10/2014 14:00,12,31,294
13312,7/10/2014 15:00,12,31,294
13313,7/10/2014 16:00,12,31,294
13314,7/10/2014 17:00,10,31,293
13315,7/10/2014 18:00,12,31,293
13316,7/10/2014 19:00,12,31,294
13317,7/10/2014 20:00,12,31,294
13318,7/10/2014 21:00,12,31,293
13319,7/10/2014 22:00,12,31,293
13320,7/10/2014 23:00,12,31,294
13321,7/11/2014 0:00,12,31,294
13322,7/11/2014 1:00,12,31,294
13323,7/11/2014 2:00,12,31,294
13324,7/11/2014 3:00,12,31,294
13325,7/11/2014 4:00,12,31,293
13326,7/11/2014 5:00,12,31,291
13327,7/11/2014 6:00,12,31,294
13328,7/11/2014 7:00,12,31,294
13329,7/11/2014 8:00,12,31,294
13330,7/11/2014 9:00,12,31,294
13331,7/11/2014 10:00,12,31,294
13332,7/11/2014 11:00,12,31,295
13333,7/11/2014 12:00,12,31,294
13334,7/11/2014 13:00,12,31,294
13335,7/11/2014 14:00,12,31,294
13336,7/11/2014 15:00,12,31,293
13337,7/11/2014 16:00,12,31,291
13338,7/11/2014 17:00,12,31,295
13339,7/11/2014 18:00,12,31,295
13340,7/11/2014 19:00,12,31,294
13341,7/11/2014 20:00,12,31,291
13342,7/11/2014 21:00,12,31,291
13343,7/11/2014 22:00,12,31,291
13344,7/11/2014 23:00,12,31,293
13345,7/12/2014 0:00,12,31,294
13346,7/12/2014 1:00,12,31,296
13347,7/12/2014 2:00,12,31,296
13348,7/12/2014 3:00,12,31,297
13349,7/12/2014 4:00,10,31,298
13350,7/12/2014 5:00,12,31,298
13351,7/12/2014 6:00,12,31,298
13352,7/12/2014 7:00,12,31,298
13353,7/12/2014 8:00,12,31,298
13354,7/12/2014 9:00,12,31,298
13355,7/12/2014 10:00,12,31,298
13356,7/12/2014 11:00,12,31,298
13357,7/12/2014 12:00,12,31,298
13358,7/12/2014 13:00,12,31,298
13359,7/12/2014 14:00,12,31,298
13360,7/12/2014 15:00,12,31,298
13361,7/12/2014 16:00,12,31,298
13362,7/12/2014 17:00,12,31,298
13363,7/12/2014 18:00,12,31,298
13364,7/12/2014 19:00,12,31,298
13365,7/12/2014 20:00,12,31,298
13366,7/12/2014 21:00,12,31,297
13367,7/12/2014 22:00,12,31,297
13368,7/12/2014 23:00,10,33,297
13369,7/13/2014 0:00,11,31,296
13370,7/13/2014 1:00,12,31,296
13371,7/13/2014 2:00,10,31,296
13372,7/13/2014 3:00,12,31,295
13373,7/13/2014 4:00,15,31,295
13374,7/13/2014 5:00,12,31,295
13375,7/13/2014 6:00,12,31,294
13376,7/13/2014 7:00,12,31,294
13377,7/13/2014 8:00,12,31,294
13378,7/13/2014 9:00,12,31,294
13379,7/13/2014 10:00,12,31,294
13380,7/13/2014 11:00,12,33,294
13381,7/13/2014 12:00,12,31,294
13382,7/13/2014 13:00,13,31,293
13383,7/13/2014 14:00,11,31,293
13384,7/13/2014 15:00,12,31,293
13385,7/13/2014 16:00,12,31,293
13386,7/13/2014 17:00,12,31,293
13387,7/13/2014 18:00,12,31,292
13388,7/13/2014 19:00,12,31,286
13389,7/13/2014 20:00,12,31,289
13390,7/13/2014 21:00,12,31,289
13391,7/13/2014 22:00,12,31,287
13392,7/13/2014 23:00,12,31,290
13393,7/14/2014 0:00,13,31,290
13394,7/14/2014 1:00,12,33,290
13395,7/14/2014 2:00,12,31,290
13396,7/14/2014 3:00,12,31,287
13397,7/14/2014 4:00,11,31,287
13398,7/14/2014 5:00,12,31,285
13399,7/14/2014 6:00,12,31,289
13400,7/14/2014 7:00,12,31,289
13401,7/14/2014 8:00,12,31,289
13402,7/14/2014 9:00,12,31,290
13403,7/14/2014 10:00,12,31,290
13404,7/14/2014 11:00,12,31,291
13405,7/14/2014 12:00,12,31,291
13406,7/14/2014 13:00,12,31,290
13407,7/14/2014 14:00,12,31,289
13408,7/14/2014 15:00,12,31,291
13409,7/14/2014 16:00,12,31,290
13410,7/14/2014 17:00,12,31,290
13411,7/14/2014 18:00,12,31,289
13412,7/14/2014 19:00,12,31,286
13413,7/14/2014 20:00,12,31,288
13414,7/14/2014 21:00,12,31,289
13415,7/14/2014 22:00,12,33,289
13416,7/14/2014 23:00,12,31,288
13417,7/15/2014 0:00,12,31,287
13418,7/15/2014 1:00,12,31,288
13419,7/15/2014 2:00,15,31,287
13420,7/15/2014 3:00,12,31,289
13421,7/15/2014 4:00,12,31,290
13422,7/15/2014 5:00,14,31,291
13423,7/15/2014 6:00,14,31,291
13424,7/15/2014 7:00,12,31,291
13425,7/15/2014 8:00,12,31,292
13426,7/15/2014 9:00,12,31,289
13427,7/15/2014 10:00,12,31,286
13428,7/15/2014 11:00,12,31,285
13429,7/15/2014 12:00,12,31,289
13430,7/15/2014 13:00,12,31,277
13431,7/15/2014 14:00,12,31,281
13432,7/15/2014 15:00,12,31,278
13433,7/15/2014 16:00,12,31,276
13434,7/15/2014 17:00,12,31,285
13435,7/15/2014 18:00,12,31,285
13436,7/15/2014 19:00,12,31,285
13437,7/15/2014 20:00,12,31,277
13438,7/15/2014 21:00,12,31,277
13439,7/15/2014 22:00,12,31,276
13440,7/15/2014 23:00,12,31,276
13441,7/16/2014 0:00,14,31,275
13442,7/16/2014 1:00,12,31,274
13443,7/16/2014 2:00,12,31,273
13444,7/16/2014 3:00,12,31,273
13445,7/16/2014 4:00,12,31,270
13446,7/16/2014 5:00,12,31,273
13447,7/16/2014 6:00,12,31,274
13448,7/16/2014 7:00,12,31,281
13449,7/16/2014 8:00,13,31,272
13450,7/16/2014 9:00,9,31,272
13451,7/16/2014 10:00,12,31,275
13452,7/16/2014 11:00,12,31,276
13453,7/16/2014 12:00,28,31,276
13454,7/16/2014 13:00,12,31,277
13455,7/16/2014 14:00,12,31,278
13456,7/16/2014 15:00,12,31,278
13457,7/16/2014 16:00,12,31,281
13458,7/16/2014 17:00,12,31,281
13459,7/16/2014 18:00,12,31,281
13460,7/16/2014 19:00,12,31,281
13461,7/16/2014 20:00,12,31,281
13462,7/16/2014 21:00,12,31,281
13463,7/16/2014 22:00,12,31,287
13464,7/16/2014 23:00,12,31,288
13465,7/17/2014 0:00,12,31,282
13466,7/17/2014 1:00,12,31,281
13467,7/17/2014 2:00,12,31,281
13468,7/17/2014 3:00,15,31,281
13469,7/17/2014 4:00,12,31,281
13470,7/17/2014 5:00,12,31,281
13471,7/17/2014 6:00,12,31,281
13472,7/17/2014 7:00,12,31,281
13473,7/17/2014 8:00,12,31,281
13474,7/17/2014 9:00,12,31,281
13475,7/17/2014 10:00,12,31,281
13476,7/17/2014 11:00,12,31,286
13477,7/17/2014 12:00,12,31,287
13478,7/17/2014 13:00,12,31,283
13479,7/17/2014 14:00,12,31,282
13480,7/17/2014 15:00,12,31,281
13481,7/17/2014 16:00,12,31,281
13482,7/17/2014 17:00,10,31,281
13483,7/17/2014 18:00,15,31,281
13484,7/17/2014 19:00,12,31,279
13485,7/17/2014 20:00,12,31,278
13486,7/17/2014 21:00,12,31,280
13487,7/17/2014 22:00,12,31,279
13488,7/17/2014 23:00,12,31,279
13489,7/18/2014 0:00,15,31,279
13490,7/18/2014 1:00,12,31,279
13491,7/18/2014 2:00,12,31,278
13492,7/18/2014 3:00,12,31,278
13493,7/18/2014 4:00,12,31,278
13494,7/18/2014 5:00,12,31,278
13495,7/18/2014 6:00,12,31,278
13496,7/18/2014 7:00,11,31,278
13497,7/18/2014 8:00,12,31,278
13498,7/18/2014 9:00,12,31,278
13499,7/18/2014 10:00,12,31,278
13500,7/18/2014 11:00,12,31,278
13501,7/18/2014 12:00,12,31,278
13502,7/18/2014 13:00,12,31,278
13503,7/18/2014 14:00,12,31,278
13504,7/18/2014 15:00,12,31,279
13505,7/18/2014 16:00,12,31,284
13506,7/18/2014 17:00,12,31,285
13507,7/18/2014 18:00,12,31,286
13508,7/18/2014 19:00,12,31,286
13509,7/18/2014 20:00,12,31,284
13510,7/18/2014 21:00,12,31,282
13511,7/18/2014 22:00,12,33,282
13512,7/18/2014 23:00,12,31,281
13513,7/19/2014 0:00,12,31,281
13514,7/19/2014 1:00,12,31,280
13515,7/19/2014 2:00,12,31,279
13516,7/19/2014 3:00,12,31,278
13517,7/19/2014 4:00,12,31,278
13518,7/19/2014 5:00,12,31,278
13519,7/19/2014 6:00,12,31,278
13520,7/19/2014 7:00,12,31,278
13521,7/19/2014 8:00,12,31,278
13522,7/19/2014 9:00,12,31,278
13523,7/19/2014 10:00,12,31,277
13524,7/19/2014 11:00,12,31,277
13525,7/19/2014 12:00,12,31,283
13526,7/19/2014 13:00,12,31,284
13527,7/19/2014 14:00,12,31,284
13528,7/19/2014 15:00,12,31,284
13529,7/19/2014 16:00,12,31,283
13530,7/19/2014 17:00,12,31,283
13531,7/19/2014 18:00,12,31,283
13532,7/19/2014 19:00,12,31,283
13533,7/19/2014 20:00,12,31,283
13534,7/19/2014 21:00,13,31,283
13535,7/19/2014 22:00,12,31,283
13536,7/19/2014 23:00,12,31,283
13537,7/20/2014 0:00,12,31,283
13538,7/20/2014 1:00,12,31,283
13539,7/20/2014 2:00,12,31,283
13540,7/20/2014 3:00,12,31,283
13541,7/20/2014 4:00,11,31,283
13542,7/20/2014 5:00,12,31,283
13543,7/20/2014 6:00,12,31,283
13544,7/20/2014 7:00,12,31,283
13545,7/20/2014 8:00,12,31,283
13546,7/20/2014 9:00,12,31,283
13547,7/20/2014 10:00,12,31,283
13548,7/20/2014 11:00,12,31,283
13549,7/20/2014 12:00,12,31,283
13550,7/20/2014 13:00,12,31,283
13551,7/20/2014 14:00,12,31,283
13552,7/20/2014 15:00,12,31,283
13553,7/20/2014 16:00,12,31,283
13554,7/20/2014 17:00,12,31,283
13555,7/20/2014 18:00,12,31,283
13556,7/20/2014 19:00,12,31,283
13557,7/20/2014 20:00,12,31,283
13558,7/20/2014 21:00,12,31,283
13559,7/20/2014 22:00,12,31,283
13560,7/20/2014 23:00,12,31,283
13561,7/21/2014 0:00,12,31,283
13562,7/21/2014 1:00,12,31,283
13563,7/21/2014 2:00,12,31,283
13564,7/21/2014 3:00,12,31,282
13565,7/21/2014 4:00,12,31,283
13566,7/21/2014 5:00,12,31,283
13567,7/21/2014 6:00,11,31,282
13568,7/21/2014 7:00,12,31,283
13569,7/21/2014 8:00,12,31,283
13570,7/21/2014 9:00,12,31,283
13571,7/21/2014 10:00,12,31,283
13572,7/21/2014 11:00,12,31,283
13573,7/21/2014 12:00,12,31,283
13574,7/21/2014 13:00,12,31,283
13575,7/21/2014 14:00,12,31,283
13576,7/21/2014 15:00,12,31,282
13577,7/21/2014 16:00,13,31,282
13578,7/21/2014 17:00,12,31,282
13579,7/21/2014 18:00,12,31,282
13580,7/21/2014 19:00,12,31,282
13581,7/21/2014 20:00,11,31,285
13582,7/21/2014 21:00,11,31,285
13583,7/21/2014 22:00,12,31,285
13584,7/21/2014 23:00,12,31,285
13585,7/22/2014 0:00,12,31,285
13586,7/22/2014 1:00,12,31,284
13587,7/22/2014 2:00,12,31,283
13588,7/22/2014 3:00,11,31,283
13589,7/22/2014 4:00,11,31,282
13590,7/22/2014 5:00,12,31,282
13591,7/22/2014 6:00,12,31,282
13592,7/22/2014 7:00,12,31,281
13593,7/22/2014 8:00,11,31,281
13594,7/22/2014 9:00,12,31,281
13595,7/22/2014 10:00,12,31,281
13596,7/22/2014 11:00,12,31,281
13597,7/22/2014 12:00,11,31,281
13598,7/22/2014 13:00,12,31,281
13599,7/22/2014 14:00,12,31,281
13600,7/22/2014 15:00,11,31,281
13601,7/22/2014 16:00,12,31,281
13602,7/22/2014 17:00,12,31,281
13603,7/22/2014 18:00,12,31,281
13604,7/22/2014 19:00,12,31,281
13605,7/22/2014 20:00,12,31,281
13606,7/22/2014 21:00,12,31,281
13607,7/22/2014 22:00,12,31,281
13608,7/22/2014 23:00,12,31,281
13609,7/23/2014 0:00,12,31,281
13610,7/23/2014 1:00,11,31,281
13611,7/23/2014 2:00,12,31,281
13612,7/23/2014 3:00,12,31,281
13613,7/23/2014 4:00,13,31,280
13614,7/23/2014 5:00,11,31,280
13615,7/23/2014 6:00,12,31,280
13616,7/23/2014 7:00,12,31,279
13617,7/23/2014 8:00,11,31,279
13618,7/23/2014 9:00,11,31,279
13619,7/23/2014 10:00,12,31,279
13620,7/23/2014 11:00,11,31,279
13621,7/23/2014 12:00,12,31,280
13622,7/23/2014 13:00,12,31,280
13623,7/23/2014 14:00,11,31,280
13624,7/23/2014 15:00,11,31,281
13625,7/23/2014 16:00,12,31,280
13626,7/23/2014 17:00,11,31,281
13627,7/23/2014 18:00,12,31,281
13628,7/23/2014 19:00,12,31,281
13629,7/23/2014 20:00,11,30,281
13630,7/23/2014 21:00,12,32,281
13631,7/23/2014 22:00,11,32,281
13632,7/23/2014 23:00,12,31,281
13633,7/24/2014 0:00,12,31,281
13634,7/24/2014 1:00,12,32,281
13635,7/24/2014 2:00,11,31,281
13636,7/24/2014 3:00,12,31,281
13637,7/24/2014 4:00,11,31,281
13638,7/24/2014 5:00,12,31,281
13639,7/24/2014 6:00,12,32,281
13640,7/24/2014 7:00,11,32,281
13641,7/24/2014 8:00,11,32,281
13642,7/24/2014 9:00,13,32,281
13643,7/24/2014 10:00,12,32,281
13644,7/24/2014 11:00,11,32,281
13645,7/24/2014 12:00,12,32,281
13646,7/24/2014 13:00,12,32,281
13647,7/24/2014 14:00,12,32,281
13648,7/24/2014 15:00,12,32,281
13649,7/24/2014 16:00,12,32,282
13650,7/24/2014 17:00,12,31,283
13651,7/24/2014 18:00,12,32,282
13652,7/24/2014 19:00,11,32,283
13653,7/24/2014 20:00,12,32,283
13654,7/24/2014 21:00,12,32,283
13655,7/24/2014 22:00,12,31,283
13656,7/24/2014 23:00,12,32,283
13657,7/25/2014 0:00,12,32,283
13658,7/25/2014 1:00,12,30,283
13659,7/25/2014 2:00,11,32,283
13660,7/25/2014 3:00,12,32,283
13661,7/25/2014 4:00,11,30,283
13662,7/25/2014 5:00,11,32,283
13663,7/25/2014 6:00,11,32,283
13664,7/25/2014 7:00,11,32,283
13665,7/25/2014 8:00,12,32,283
13666,7/25/2014 9:00,12,32,283
13667,7/25/2014 10:00,12,32,283
13668,7/25/2014 11:00,12,32,283
13669,7/25/2014 12:00,12,32,283
13670,7/25/2014 13:00,11,31,282
13671,7/25/2014 14:00,12,32,283
13672,7/25/2014 15:00,12,32,283
13673,7/25/2014 16:00,12,31,283
13674,7/25/2014 17:00,13,31,282
13675,7/25/2014 18:00,11,32,283
13676,7/25/2014 19:00,12,32,283
13677,7/25/2014 20:00,11,31,283
13678,7/25/2014 21:00,11,32,283
13679,7/25/2014 22:00,12,31,282
13680,7/25/2014 23:00,11,31,283
13681,7/26/2014 0:00,11,32,282
13682,7/26/2014 1:00,12,32,283
13683,7/26/2014 2:00,12,32,283
13684,7/26/2014 3:00,12,32,282
13685,7/26/2014 4:00,12,32,283
13686,7/26/2014 5:00,12,30,282
13687,7/26/2014 6:00,12,32,283
13688,7/26/2014 7:00,12,32,283
13689,7/26/2014 8:00,12,31,282
13690,7/26/2014 9:00,12,30,282
13691,7/26/2014 10:00,12,31,283
13692,7/26/2014 11:00,11,31,283
13693,7/26/2014 12:00,11,32,283
13694,7/26/2014 13:00,12,32,283
13695,7/26/2014 14:00,12,32,283
13696,7/26/2014 15:00,12,30,283
13697,7/26/2014 16:00,12,32,282
13698,7/26/2014 17:00,12,31,282
13699,7/26/2014 18:00,11,31,282
13700,7/26/2014 19:00,11,32,282
13701,7/26/2014 20:00,12,32,283
13702,7/26/2014 21:00,12,32,282
13703,7/26/2014 22:00,11,30,283
13704,7/26/2014 23:00,11,31,283
13705,7/27/2014 0:00,12,32,283
13706,7/27/2014 1:00,11,31,283
13707,7/27/2014 2:00,11,32,283
13708,7/27/2014 3:00,12,31,283
13709,7/27/2014 4:00,11,32,283
13710,7/27/2014 5:00,12,32,283
13711,7/27/2014 6:00,11,32,283
13712,7/27/2014 7:00,11,31,283
13713,7/27/2014 8:00,12,31,283
13714,7/27/2014 9:00,12,32,285
13715,7/27/2014 10:00,11,32,285
13716,7/27/2014 11:00,12,32,286
13717,7/27/2014 12:00,11,32,284
13718,7/27/2014 13:00,12,31,283
13719,7/27/2014 14:00,12,32,282
13720,7/27/2014 15:00,11,31,282
13721,7/27/2014 16:00,11,31,281
13722,7/27/2014 17:00,12,32,281
13723,7/27/2014 18:00,11,31,281
13724,7/27/2014 19:00,12,31,281
13725,7/27/2014 20:00,12,31,280
13726,7/27/2014 21:00,11,32,278
13727,7/27/2014 22:00,12,31,278
13728,7/27/2014 23:00,12,32,278
13729,7/28/2014 0:00,11,31,278
13730,7/28/2014 1:00,11,31,278
13731,7/28/2014 2:00,12,32,278
13732,7/28/2014 3:00,11,30,278
13733,7/28/2014 4:00,12,32,278
13734,7/28/2014 5:00,12,31,278
13735,7/28/2014 6:00,11,31,278
13736,7/28/2014 7:00,12,31,278
13737,7/28/2014 8:00,12,32,278
13738,7/28/2014 9:00,11,32,278
13739,7/28/2014 10:00,12,32,277
13740,7/28/2014 11:00,12,31,277
13741,7/28/2014 12:00,11,32,277
13742,7/28/2014 13:00,12,31,277
13743,7/28/2014 14:00,12,31,277
13744,7/28/2014 15:00,11,30,277
13745,7/28/2014 16:00,12,32,277
13746,7/28/2014 17:00,11,31,278
13747,7/28/2014 18:00,12,32,277
13748,7/28/2014 19:00,11,31,278
13749,7/28/2014 20:00,12,31,277
13750,7/28/2014 21:00,11,30,277
13751,7/28/2014 22:00,12,30,277
13752,7/28/2014 23:00,12,30,277
13753,7/29/2014 0:00,12,34,277
13754,7/29/2014 1:00,12,31,277
13755,7/29/2014 2:00,12,31,277
13756,7/29/2014 3:00,12,32,277
13757,7/29/2014 4:00,11,32,277
13758,7/29/2014 5:00,11,31,278
13759,7/29/2014 6:00,11,31,277
13760,7/29/2014 7:00,12,32,277
13761,7/29/2014 8:00,11,31,277
13762,7/29/2014 9:00,12,32,278
13763,7/29/2014 10:00,12,31,278
13764,7/29/2014 11:00,12,31,278
13765,7/29/2014 12:00,12,31,278
13766,7/29/2014 13:00,12,32,278
13767,7/29/2014 14:00,11,31,277
13768,7/29/2014 15:00,12,31,277
13769,7/29/2014 16:00,13,31,277
13770,7/29/2014 17:00,13,32,277
13771,7/29/2014 18:00,12,30,277
13772,7/29/2014 19:00,11,32,277
13773,7/29/2014 20:00,12,31,277
13774,7/29/2014 21:00,12,31,277
13775,7/29/2014 22:00,11,32,277
13776,7/29/2014 23:00,12,31,276
13777,7/30/2014 0:00,12,31,276
13778,7/30/2014 1:00,12,32,276
13779,7/30/2014 2:00,13,31,277
13780,7/30/2014 3:00,12,32,276
13781,7/30/2014 4:00,12,32,276
13782,7/30/2014 5:00,12,32,277
13783,7/30/2014 6:00,12,31,277
13784,7/30/2014 7:00,12,31,276
13785,7/30/2014 8:00,12,30,276
13786,7/30/2014 9:00,12,31,276
13787,7/30/2014 10:00,12,32,276
13788,7/30/2014 11:00,11,31,276
13789,7/30/2014 12:00,12,32,276
13790,7/30/2014 13:00,12,32,276
13791,7/30/2014 14:00,11,32,276
13792,7/30/2014 15:00,12,31,276
13793,7/30/2014 16:00,12,30,275
13794,7/30/2014 17:00,11,30,275
13795,7/30/2014 18:00,12,31,275
13796,7/30/2014 19:00,13,32,275
13797,7/30/2014 20:00,12,31,274
13798,7/30/2014 21:00,11,31,274
13799,7/30/2014 22:00,12,31,275
13800,7/30/2014 23:00,12,31,273
13801,7/31/2014 0:00,12,33,275
13802,7/31/2014 1:00,11,30,273
13803,7/31/2014 2:00,12,30,273
13804,7/31/2014 3:00,12,31,274
13805,7/31/2014 4:00,11,31,273
13806,7/31/2014 5:00,12,30,273
13807,7/31/2014 6:00,12,31,273
13808,7/31/2014 7:00,12,31,273
13809,7/31/2014 8:00,12,31,273
13810,7/31/2014 9:00,12,31,275
13811,7/31/2014 10:00,12,30,274
13812,7/31/2014 11:00,12,31,274
13813,7/31/2014 12:00,12,31,274
13814,7/31/2014 13:00,12,31,274
13815,7/31/2014 14:00,12,31,275
13816,7/31/2014 15:00,12,31,275
13817,7/31/2014 16:00,12,31,275
13818,7/31/2014 17:00,11,30,276
13819,7/31/2014 18:00,11,31,275
13820,7/31/2014 19:00,11,31,275
13821,7/31/2014 20:00,11,31,276
13822,7/31/2014 21:00,12,31,276
13823,7/31/2014 22:00,12,31,275
13824,7/31/2014 23:00,12,31,275
13825,8/1/2014 0:00,12,31,275
13826,8/1/2014 1:00,12,31,275
13827,8/1/2014 2:00,12,31,275
13828,8/1/2014 3:00,12,30,275
13829,8/1/2014 4:00,12,31,275
13830,8/1/2014 5:00,11,30,276
13831,8/1/2014 6:00,12,31,276
13832,8/1/2014 7:00,12,31,276
13833,8/1/2014 8:00,12,31,276
13834,8/1/2014 9:00,12,31,276
13835,8/1/2014 10:00,13,30,276
13836,8/1/2014 11:00,12,31,277
13837,8/1/2014 12:00,12,31,277
13838,8/1/2014 13:00,12,31,276
13839,8/1/2014 14:00,12,31,277
13840,8/1/2014 15:00,12,31,276
13841,8/1/2014 16:00,12,31,277
13842,8/1/2014 17:00,11,31,276
13843,8/1/2014 18:00,12,31,276
13844,8/1/2014 19:00,12,31,276
13845,8/1/2014 20:00,12,31,276
13846,8/1/2014 21:00,12,31,276
13847,8/1/2014 22:00,12,31,276
13848,8/1/2014 23:00,12,30,276
13849,8/2/2014 0:00,12,31,276
13850,8/2/2014 1:00,12,31,276
13851,8/2/2014 2:00,12,31,277
13852,8/2/2014 3:00,12,31,276
13853,8/2/2014 4:00,12,31,276
13854,8/2/2014 5:00,12,31,277
13855,8/2/2014 6:00,12,31,277
13856,8/2/2014 7:00,12,31,277
13857,8/2/2014 8:00,12,31,276
13858,8/2/2014 9:00,13,31,277
13859,8/2/2014 10:00,12,31,277
13860,8/2/2014 11:00,12,30,277
13861,8/2/2014 12:00,12,31,277
13862,8/2/2014 13:00,11,31,277
13863,8/2/2014 14:00,11,31,276
13864,8/2/2014 15:00,11,31,277
13865,8/2/2014 16:00,12,31,276
13866,8/2/2014 17:00,11,31,276
13867,8/2/2014 18:00,11,31,276
13868,8/2/2014 19:00,12,31,275
13869,8/2/2014 20:00,12,31,276
13870,8/2/2014 21:00,11,31,275
13871,8/2/2014 22:00,12,31,275
13872,8/2/2014 23:00,11,31,275
13873,8/3/2014 0:00,12,31,275
13874,8/3/2014 1:00,12,31,275
13875,8/3/2014 2:00,12,31,275
13876,8/3/2014 3:00,12,31,275
13877,8/3/2014 4:00,12,31,275
13878,8/3/2014 5:00,11,31,276
13879,8/3/2014 6:00,11,31,276
13880,8/3/2014 7:00,11,31,275
13881,8/3/2014 8:00,12,31,275
13882,8/3/2014 9:00,11,30,276
13883,8/3/2014 10:00,12,30,275
13884,8/3/2014 11:00,11,31,275
13885,8/3/2014 12:00,12,31,275
13886,8/3/2014 13:00,11,31,275
13887,8/3/2014 14:00,12,31,276
13888,8/3/2014 15:00,11,31,275
13889,8/3/2014 16:00,12,30,275
13890,8/3/2014 17:00,11,30,276
13891,8/3/2014 18:00,12,31,276
13892,8/3/2014 19:00,12,31,276
13893,8/3/2014 20:00,11,31,275
13894,8/3/2014 21:00,12,31,275
13895,8/3/2014 22:00,12,31,275
13896,8/3/2014 23:00,12,31,276
13897,8/4/2014 0:00,12,31,276
13898,8/4/2014 1:00,11,31,276
13899,8/4/2014 2:00,12,31,276
13900,8/4/2014 3:00,12,30,276
13901,8/4/2014 4:00,12,31,275
13902,8/4/2014 5:00,12,31,275
13903,8/4/2014 6:00,11,31,276
13904,8/4/2014 7:00,12,31,275
13905,8/4/2014 8:00,11,31,275
13906,8/4/2014 9:00,12,31,276
13907,8/4/2014 10:00,11,30,276
13908,8/4/2014 11:00,11,31,275
13909,8/4/2014 12:00,11,31,276
13910,8/4/2014 13:00,12,31,275
13911,8/4/2014 14:00,11,31,276
13912,8/4/2014 15:00,12,30,276
13913,8/4/2014 16:00,12,30,276
13914,8/4/2014 17:00,12,31,276
13915,8/4/2014 18:00,12,31,276
13916,8/4/2014 19:00,11,31,276
13917,8/4/2014 20:00,11,30,275
13918,8/4/2014 21:00,12,31,275
13919,8/4/2014 22:00,12,31,274
13920,8/4/2014 23:00,12,31,276
13921,8/5/2014 0:00,12,31,273
13922,8/5/2014 1:00,12,31,273
13923,8/5/2014 2:00,12,31,272
13924,8/5/2014 3:00,12,31,272
13925,8/5/2014 4:00,12,31,272
13926,8/5/2014 5:00,11,31,272
13927,8/5/2014 6:00,12,31,272
13928,8/5/2014 7:00,12,31,272
13929,8/5/2014 8:00,12,31,273
13930,8/5/2014 9:00,11,31,273
13931,8/5/2014 10:00,12,31,272
13932,8/5/2014 11:00,11,31,273
13933,8/5/2014 12:00,12,31,273
13934,8/5/2014 13:00,11,31,272
13935,8/5/2014 14:00,12,31,273
13936,8/5/2014 15:00,11,31,273
13937,8/5/2014 16:00,11,31,272
13938,8/5/2014 17:00,12,31,272
13939,8/5/2014 18:00,12,31,272
13940,8/5/2014 19:00,11,31,273
13941,8/5/2014 20:00,12,31,273
13942,8/5/2014 21:00,11,30,272
13943,8/5/2014 22:00,12,31,272
13944,8/5/2014 23:00,11,31,272
13945,8/6/2014 0:00,12,30,270
13946,8/6/2014 1:00,11,31,270
13947,8/6/2014 2:00,11,31,270
13948,8/6/2014 3:00,11,30,270
13949,8/6/2014 4:00,12,31,270
13950,8/6/2014 5:00,11,31,270
13951,8/6/2014 6:00,12,31,269
13952,8/6/2014 7:00,12,30,273
13953,8/6/2014 8:00,11,31,269
13954,8/6/2014 9:00,11,31,269
13955,8/6/2014 10:00,12,31,269
13956,8/6/2014 11:00,12,31,269
13957,8/6/2014 12:00,12,31,269
13958,8/6/2014 13:00,12,31,269
13959,8/6/2014 14:00,12,31,269
13960,8/6/2014 15:00,11,30,269
13961,8/6/2014 16:00,12,31,269
13962,8/6/2014 17:00,12,31,269
13963,8/6/2014 18:00,12,31,269
13964,8/6/2014 19:00,12,31,269
13965,8/6/2014 20:00,12,31,269
13966,8/6/2014 21:00,11,31,269
13967,8/6/2014 22:00,12,31,269
13968,8/6/2014 23:00,12,31,269
13969,8/7/2014 0:00,12,31,269
13970,8/7/2014 1:00,12,31,269
13971,8/7/2014 2:00,12,31,268
13972,8/7/2014 3:00,12,31,269
13973,8/7/2014 4:00,11,31,268
13974,8/7/2014 5:00,12,31,268
13975,8/7/2014 6:00,12,31,269
13976,8/7/2014 7:00,12,30,269
13977,8/7/2014 8:00,12,30,269
13978,8/7/2014 9:00,12,31,269
13979,8/7/2014 10:00,11,31,269
13980,8/7/2014 11:00,12,31,269
13981,8/7/2014 12:00,12,30,268
13982,8/7/2014 13:00,11,30,267
13983,8/7/2014 14:00,12,31,270
13984,8/7/2014 15:00,12,31,269
13985,8/7/2014 16:00,11,31,268
13986,8/7/2014 17:00,12,31,267
13987,8/7/2014 18:00,11,31,269
13988,8/7/2014 19:00,12,31,270
13989,8/7/2014 20:00,12,31,270
13990,8/7/2014 21:00,12,31,272
13991,8/7/2014 22:00,11,31,269
13992,8/7/2014 23:00,12,31,270
13993,8/8/2014 0:00,11,31,273
13994,8/8/2014 1:00,12,31,274
13995,8/8/2014 2:00,11,31,273
13996,8/8/2014 3:00,11,31,274
13997,8/8/2014 4:00,11,31,276
13998,8/8/2014 5:00,12,31,274
13999,8/8/2014 6:00,12,31,276
14000,8/8/2014 7:00,12,31,274
14001,8/8/2014 8:00,12,31,276
14002,8/8/2014 9:00,12,31,276
14003,8/8/2014 10:00,12,31,275
14004,8/8/2014 11:00,12,31,273
14005,8/8/2014 12:00,12,31,273
14006,8/8/2014 13:00,12,31,272
14007,8/8/2014 14:00,12,31,286
14008,8/8/2014 15:00,12,31,290
14009,8/8/2014 16:00,12,31,291
14010,8/8/2014 17:00,12,31,293
14011,8/8/2014 18:00,11,31,294
14012,8/8/2014 19:00,12,31,295
14013,8/8/2014 20:00,12,31,295
14014,8/8/2014 21:00,12,31,296
14015,8/8/2014 22:00,12,31,296
14016,8/8/2014 23:00,11,31,296
14017,8/9/2014 0:00,11,30,297
14018,8/9/2014 1:00,12,30,298
14019,8/9/2014 2:00,12,30,298
14020,8/9/2014 3:00,12,31,298
14021,8/9/2014 4:00,11,31,298
14022,8/9/2014 5:00,12,31,298
14023,8/9/2014 6:00,12,31,298
14024,8/9/2014 7:00,12,31,298
14025,8/9/2014 8:00,11,31,298
14026,8/9/2014 9:00,12,31,298
14027,8/9/2014 10:00,12,31,298
14028,8/9/2014 11:00,12,31,298
14029,8/9/2014 12:00,12,30,298
14030,8/9/2014 13:00,12,31,298
14031,8/9/2014 14:00,12,31,298
14032,8/9/2014 15:00,12,31,298
14033,8/9/2014 16:00,12,31,298
14034,8/9/2014 17:00,12,30,298
14035,8/9/2014 18:00,12,31,298
14036,8/9/2014 19:00,12,31,299
14037,8/9/2014 20:00,12,31,299
14038,8/9/2014 21:00,12,31,299
14039,8/9/2014 22:00,12,31,299
14040,8/9/2014 23:00,12,31,299
14041,8/10/2014 0:00,12,31,299
14042,8/10/2014 1:00,12,31,299
14043,8/10/2014 2:00,11,31,299
14044,8/10/2014 3:00,12,31,299
14045,8/10/2014 4:00,11,31,299
14046,8/10/2014 5:00,12,31,299
14047,8/10/2014 6:00,12,31,299
14048,8/10/2014 7:00,12,30,299
14049,8/10/2014 8:00,12,31,299
14050,8/10/2014 9:00,12,31,299
14051,8/10/2014 10:00,11,30,299
14052,8/10/2014 11:00,12,30,299
14053,8/10/2014 12:00,12,31,299
14054,8/10/2014 13:00,12,30,300
14055,8/10/2014 14:00,12,31,299
14056,8/10/2014 15:00,11,30,299
14057,8/10/2014 16:00,12,30,299
14058,8/10/2014 17:00,12,31,299
14059,8/10/2014 18:00,12,30,299
14060,8/10/2014 19:00,12,31,299
14061,8/10/2014 20:00,11,31,299
14062,8/10/2014 21:00,12,31,299
14063,8/10/2014 22:00,12,31,299
14064,8/10/2014 23:00,12,32,299
14065,8/11/2014 0:00,12,31,299
14066,8/11/2014 1:00,11,31,299
14067,8/11/2014 2:00,12,31,299
14068,8/11/2014 3:00,12,31,299
14069,8/11/2014 4:00,13,31,299
14070,8/11/2014 5:00,12,31,299
14071,8/11/2014 6:00,11,32,299
14072,8/11/2014 7:00,12,32,299
14073,8/11/2014 8:00,11,31,299
14074,8/11/2014 9:00,12,31,299
14075,8/11/2014 10:00,11,32,300
14076,8/11/2014 11:00,12,31,300
14077,8/11/2014 12:00,12,31,301
14078,8/11/2014 13:00,12,31,301
14079,8/11/2014 14:00,12,31,301
14080,8/11/2014 15:00,12,32,301
14081,8/11/2014 16:00,12,31,302
14082,8/11/2014 17:00,12,31,302
14083,8/11/2014 18:00,12,31,302
14084,8/11/2014 19:00,12,30,302
14085,8/11/2014 20:00,11,31,302
14086,8/11/2014 21:00,12,31,302
14087,8/11/2014 22:00,12,32,302
14088,8/11/2014 23:00,12,31,302
14089,8/12/2014 0:00,12,32,302
14090,8/12/2014 1:00,11,32,302
14091,8/12/2014 2:00,11,32,302
14092,8/12/2014 3:00,12,32,302
14093,8/12/2014 4:00,12,32,302
14094,8/12/2014 5:00,11,32,302
14095,8/12/2014 6:00,12,32,302
14096,8/12/2014 7:00,12,32,302
14097,8/12/2014 8:00,12,32,301
14098,8/12/2014 9:00,12,32,302
14099,8/12/2014 10:00,12,32,302
14100,8/12/2014 11:00,12,32,302
14101,8/12/2014 12:00,12,32,301
14102,8/12/2014 13:00,12,32,301
14103,8/12/2014 14:00,12,32,301
14104,8/12/2014 15:00,12,32,301
14105,8/12/2014 16:00,12,32,301
14106,8/12/2014 17:00,12,30,301
14107,8/12/2014 18:00,12,32,301
14108,8/12/2014 19:00,12,30,301
14109,8/12/2014 20:00,12,32,300
14110,8/12/2014 21:00,12,32,300
14111,8/12/2014 22:00,12,32,301
14112,8/12/2014 23:00,12,32,300
14113,8/13/2014 0:00,12,32,300
14114,8/13/2014 1:00,11,32,300
14115,8/13/2014 2:00,12,32,300
14116,8/13/2014 3:00,12,32,300
14117,8/13/2014 4:00,12,32,300
14118,8/13/2014 5:00,12,32,300
14119,8/13/2014 6:00,12,32,300
14120,8/13/2014 7:00,12,32,300
14121,8/13/2014 8:00,12,32,300
14122,8/13/2014 9:00,12,32,300
14123,8/13/2014 10:00,12,32,300
14124,8/13/2014 11:00,12,32,300
14125,8/13/2014 12:00,12,32,300
14126,8/13/2014 13:00,12,32,300
14127,8/13/2014 14:00,12,31,301
14128,8/13/2014 15:00,11,32,301
14129,8/13/2014 16:00,11,32,301
14130,8/13/2014 17:00,12,32,301
14131,8/13/2014 18:00,12,30,301
14132,8/13/2014 19:00,12,32,301
14133,8/13/2014 20:00,12,32,301
14134,8/13/2014 21:00,12,30,300
14135,8/13/2014 22:00,12,32,300
14136,8/13/2014 23:00,12,32,300
14137,8/14/2014 0:00,11,32,300
14138,8/14/2014 1:00,12,30,300
14139,8/14/2014 2:00,12,32,299
14140,8/14/2014 3:00,12,32,300
14141,8/14/2014 4:00,12,32,299
14142,8/14/2014 5:00,12,32,299
14143,8/14/2014 6:00,12,32,299
14144,8/14/2014 7:00,12,32,299
14145,8/14/2014 8:00,12,32,299
14146,8/14/2014 9:00,12,32,299
14147,8/14/2014 10:00,12,32,299
14148,8/14/2014 11:00,12,32,299
14149,8/14/2014 12:00,11,32,299
14150,8/14/2014 13:00,12,32,299
14151,8/14/2014 14:00,11,30,298
14152,8/14/2014 15:00,11,32,298
14153,8/14/2014 16:00,12,32,297
14154,8/14/2014 17:00,12,32,296
14155,8/14/2014 18:00,12,32,294
14156,8/14/2014 19:00,12,32,299
14157,8/14/2014 20:00,12,32,300
14158,8/14/2014 21:00,11,32,301
14159,8/14/2014 22:00,12,32,300
14160,8/14/2014 23:00,12,32,301
14161,8/15/2014 0:00,12,32,300
14162,8/15/2014 1:00,12,32,299
14163,8/15/2014 2:00,11,32,301
14164,8/15/2014 3:00,12,32,304
14165,8/15/2014 4:00,11,32,308
14166,8/15/2014 5:00,12,32,307
14167,8/15/2014 6:00,12,32,307
14168,8/15/2014 7:00,12,32,308
14169,8/15/2014 8:00,12,32,308
14170,8/15/2014 9:00,11,32,307
14171,8/15/2014 10:00,11,32,304
14172,8/15/2014 11:00,11,32,304
14173,8/15/2014 12:00,12,32,301
14174,8/15/2014 13:00,11,32,304
14175,8/15/2014 14:00,12,32,298
14176,8/15/2014 15:00,11,32,308
14177,8/15/2014 16:00,11,32,309
14178,8/15/2014 17:00,11,32,310
14179,8/15/2014 18:00,11,32,311
14180,8/15/2014 19:00,11,32,310
14181,8/15/2014 20:00,11,32,310
14182,8/15/2014 21:00,11,32,311
14183,8/15/2014 22:00,11,32,309
14184,8/15/2014 23:00,11,32,308
14185,8/16/2014 0:00,11,32,308
14186,8/16/2014 1:00,11,32,308
14187,8/16/2014 2:00,11,32,309
14188,8/16/2014 3:00,11,32,309
14189,8/16/2014 4:00,11,32,309
14190,8/16/2014 5:00,12,32,308
14191,8/16/2014 6:00,11,32,309
14192,8/16/2014 7:00,12,32,309
14193,8/16/2014 8:00,11,32,309
14194,8/16/2014 9:00,11,32,309
14195,8/16/2014 10:00,12,32,309
14196,8/16/2014 11:00,11,30,309
14197,8/16/2014 12:00,11,32,309
14198,8/16/2014 13:00,11,32,309
14199,8/16/2014 14:00,11,32,309
14200,8/16/2014 15:00,11,32,309
14201,8/16/2014 16:00,11,30,308
14202,8/16/2014 17:00,11,32,308
14203,8/16/2014 18:00,11,32,308
14204,8/16/2014 19:00,11,32,308
14205,8/16/2014 20:00,11,32,307
14206,8/16/2014 21:00,11,32,307
14207,8/16/2014 22:00,11,32,307
14208,8/16/2014 23:00,11,32,305
14209,8/17/2014 0:00,11,32,304
14210,8/17/2014 1:00,11,32,304
14211,8/17/2014 2:00,11,32,305
14212,8/17/2014 3:00,11,32,303
14213,8/17/2014 4:00,11,32,302
14214,8/17/2014 5:00,11,32,297
14215,8/17/2014 6:00,11,32,296
14216,8/17/2014 7:00,11,32,299
14217,8/17/2014 8:00,11,32,302
14218,8/17/2014 9:00,11,32,307
14219,8/17/2014 10:00,11,32,308
14220,8/17/2014 11:00,11,32,309
14221,8/17/2014 12:00,11,32,310
14222,8/17/2014 13:00,11,32,310
14223,8/17/2014 14:00,12,32,311
14224,8/17/2014 15:00,12,32,311
14225,8/17/2014 16:00,11,32,311
14226,8/17/2014 17:00,11,32,312
14227,8/17/2014 18:00,11,32,312
14228,8/17/2014 19:00,11,32,312
14229,8/17/2014 20:00,11,32,312
14230,8/17/2014 21:00,11,32,312
14231,8/17/2014 22:00,11,30,312
14232,8/17/2014 23:00,11,32,312
14233,8/18/2014 0:00,11,32,312
14234,8/18/2014 1:00,11,31,312
14235,8/18/2014 2:00,11,31,312
14236,8/18/2014 3:00,11,32,312
14237,8/18/2014 4:00,11,32,312
14238,8/18/2014 5:00,11,31,312
14239,8/18/2014 6:00,11,32,312
14240,8/18/2014 7:00,11,32,312
14241,8/18/2014 8:00,11,31,311
14242,8/18/2014 9:00,11,32,311
14243,8/18/2014 10:00,11,30,312
14244,8/18/2014 11:00,11,31,312
14245,8/18/2014 12:00,11,31,312
14246,8/18/2014 13:00,11,31,312
14247,8/18/2014 14:00,11,32,312
14248,8/18/2014 15:00,11,32,312
14249,8/18/2014 16:00,11,30,311
14250,8/18/2014 17:00,11,32,311
14251,8/18/2014 18:00,11,32,311
14252,8/18/2014 19:00,11,32,311
14253,8/18/2014 20:00,11,30,311
14254,8/18/2014 21:00,11,32,311
14255,8/18/2014 22:00,11,32,311
14256,8/18/2014 23:00,11,32,311
14257,8/19/2014 0:00,11,32,311
14258,8/19/2014 1:00,11,32,311
14259,8/19/2014 2:00,11,32,310
14260,8/19/2014 3:00,11,31,311
14261,8/19/2014 4:00,11,31,311
14262,8/19/2014 5:00,11,32,309
14263,8/19/2014 6:00,11,32,309
14264,8/19/2014 7:00,11,32,309
14265,8/19/2014 8:00,11,31,309
14266,8/19/2014 9:00,11,30,309
14267,8/19/2014 10:00,11,32,309
14268,8/19/2014 11:00,11,32,309
14269,8/19/2014 12:00,11,31,309
14270,8/19/2014 13:00,11,30,309
14271,8/19/2014 14:00,11,32,309
14272,8/19/2014 15:00,11,32,309
14273,8/19/2014 16:00,11,32,309
14274,8/19/2014 17:00,11,31,309
14275,8/19/2014 18:00,11,31,308
14276,8/19/2014 19:00,11,31,308
14277,8/19/2014 20:00,11,32,307
14278,8/19/2014 21:00,11,31,305
14279,8/19/2014 22:00,11,31,304
14280,8/19/2014 23:00,11,32,303
14281,8/20/2014 0:00,11,31,300
14282,8/20/2014 1:00,11,30,283
14283,8/20/2014 2:00,11,32,302
14284,8/20/2014 3:00,11,32,303
14285,8/20/2014 4:00,11,31,304
14286,8/20/2014 5:00,11,31,306
14287,8/20/2014 6:00,11,32,307
14288,8/20/2014 7:00,11,30,308
14289,8/20/2014 8:00,11,32,308
14290,8/20/2014 9:00,11,32,308
14291,8/20/2014 10:00,11,32,308
14292,8/20/2014 11:00,11,32,309
14293,8/20/2014 12:00,11,32,309
14294,8/20/2014 13:00,11,31,309
14295,8/20/2014 14:00,11,32,309
14296,8/20/2014 15:00,11,32,309
14297,8/20/2014 16:00,11,32,309
14298,8/20/2014 17:00,11,31,310
14299,8/20/2014 18:00,11,32,309
14300,8/20/2014 19:00,11,32,310
14301,8/20/2014 20:00,11,32,310
14302,8/20/2014 21:00,11,32,310
14303,8/20/2014 22:00,11,32,310
14304,8/20/2014 23:00,11,32,310
14305,8/21/2014 0:00,11,32,310
14306,8/21/2014 1:00,11,32,310
14307,8/21/2014 2:00,11,31,310
14308,8/21/2014 3:00,11,31,310
14309,8/21/2014 4:00,11,32,311
14310,8/21/2014 5:00,12,31,310
14311,8/21/2014 6:00,11,32,311
14312,8/21/2014 7:00,11,31,311
14313,8/21/2014 8:00,11,31,311
14314,8/21/2014 9:00,11,32,311
14315,8/21/2014 10:00,11,32,311
14316,8/21/2014 11:00,11,31,311
14317,8/21/2014 12:00,11,32,311
14318,8/21/2014 13:00,11,31,311
14319,8/21/2014 14:00,11,31,311
14320,8/21/2014 15:00,11,32,311
14321,8/21/2014 16:00,11,31,311
14322,8/21/2014 17:00,11,31,311
14323,8/21/2014 18:00,11,31,311
14324,8/21/2014 19:00,11,32,311
14325,8/21/2014 20:00,11,31,311
14326,8/21/2014 21:00,11,32,311
14327,8/21/2014 22:00,11,31,311
14328,8/21/2014 23:00,11,31,311
14329,8/22/2014 0:00,11,32,311
14330,8/22/2014 1:00,11,32,311
14331,8/22/2014 2:00,11,31,311
14332,8/22/2014 3:00,11,31,311
14333,8/22/2014 4:00,11,31,311
14334,8/22/2014 5:00,11,31,311
14335,8/22/2014 6:00,11,32,311
14336,8/22/2014 7:00,11,31,311
14337,8/22/2014 8:00,11,31,310
14338,8/22/2014 9:00,11,31,311
14339,8/22/2014 10:00,11,31,310
14340,8/22/2014 11:00,11,31,310
14341,8/22/2014 12:00,11,31,310
14342,8/22/2014 13:00,11,31,310
14343,8/22/2014 14:00,11,31,310
14344,8/22/2014 15:00,11,31,310
14345,8/22/2014 16:00,11,31,310
14346,8/22/2014 17:00,11,30,310
14347,8/22/2014 18:00,11,31,310
14348,8/22/2014 19:00,11,31,309
14349,8/22/2014 20:00,11,31,310
14350,8/22/2014 21:00,11,31,310
14351,8/22/2014 22:00,12,31,310
14352,8/22/2014 23:00,11,31,309
14353,8/23/2014 0:00,11,31,309
14354,8/23/2014 1:00,11,31,309
14355,8/23/2014 2:00,11,31,309
14356,8/23/2014 3:00,11,31,309
14357,8/23/2014 4:00,11,31,309
14358,8/23/2014 5:00,11,31,309
14359,8/23/2014 6:00,11,31,309
14360,8/23/2014 7:00,11,31,309
14361,8/23/2014 8:00,11,31,309
14362,8/23/2014 9:00,11,31,309
14363,8/23/2014 10:00,11,31,309
14364,8/23/2014 11:00,11,31,309
14365,8/23/2014 12:00,11,31,309
14366,8/23/2014 13:00,11,30,309
14367,8/23/2014 14:00,11,31,309
14368,8/23/2014 15:00,11,31,309
14369,8/23/2014 16:00,11,31,309
14370,8/23/2014 17:00,12,31,308
14371,8/23/2014 18:00,11,31,309
14372,8/23/2014 19:00,11,31,309
14373,8/23/2014 20:00,11,31,309
14374,8/23/2014 21:00,11,31,308
14375,8/23/2014 22:00,11,31,308
14376,8/23/2014 23:00,11,31,309
14377,8/24/2014 0:00,11,31,308
14378,8/24/2014 1:00,11,31,308
14379,8/24/2014 2:00,11,31,308
14380,8/24/2014 3:00,11,31,308
14381,8/24/2014 4:00,11,31,308
14382,8/24/2014 5:00,11,31,308
14383,8/24/2014 6:00,11,31,308
14384,8/24/2014 7:00,11,31,308
14385,8/24/2014 8:00,11,31,308
14386,8/24/2014 9:00,11,31,308
14387,8/24/2014 10:00,11,31,308
14388,8/24/2014 11:00,11,31,308
14389,8/24/2014 12:00,11,31,308
14390,8/24/2014 13:00,11,31,308
14391,8/24/2014 14:00,11,31,308
14392,8/24/2014 15:00,11,31,308
14393,8/24/2014 16:00,11,31,308
14394,8/24/2014 17:00,12,31,308
14395,8/24/2014 18:00,11,31,308
14396,8/24/2014 19:00,11,31,308
14397,8/24/2014 20:00,11,31,308
14398,8/24/2014 21:00,11,31,308
14399,8/24/2014 22:00,11,31,308
14400,8/24/2014 23:00,12,31,307
14401,8/25/2014 0:00,11,31,308
14402,8/25/2014 1:00,11,31,307
14403,8/25/2014 2:00,11,31,307
14404,8/25/2014 3:00,11,31,307
14405,8/25/2014 4:00,11,31,308
14406,8/25/2014 5:00,11,31,307
14407,8/25/2014 6:00,11,31,307
14408,8/25/2014 7:00,11,31,307
14409,8/25/2014 8:00,11,31,307
14410,8/25/2014 9:00,11,30,307
14411,8/25/2014 10:00,11,31,307
14412,8/25/2014 11:00,11,31,307
14413,8/25/2014 12:00,11,31,307
14414,8/25/2014 13:00,11,31,307
14415,8/25/2014 14:00,11,31,307
14416,8/25/2014 15:00,11,31,307
14417,8/25/2014 16:00,11,31,307
14418,8/25/2014 17:00,11,31,307
14419,8/25/2014 18:00,11,31,307
14420,8/25/2014 19:00,11,31,307
14421,8/25/2014 20:00,11,31,307
14422,8/25/2014 21:00,11,31,307
14423,8/25/2014 22:00,11,31,307
14424,8/25/2014 23:00,11,31,307
14425,8/26/2014 0:00,11,31,307
14426,8/26/2014 1:00,11,31,307
14427,8/26/2014 2:00,11,31,306
14428,8/26/2014 3:00,11,31,306
14429,8/26/2014 4:00,11,31,306
14430,8/26/2014 5:00,11,31,306
14431,8/26/2014 6:00,11,31,306
14432,8/26/2014 7:00,11,31,304
14433,8/26/2014 8:00,11,31,305
14434,8/26/2014 9:00,11,31,306
14435,8/26/2014 10:00,11,31,306
14436,8/26/2014 11:00,11,31,304
14437,8/26/2014 12:00,11,31,304
14438,8/26/2014 13:00,11,31,304
14439,8/26/2014 14:00,11,31,304
14440,8/26/2014 15:00,11,31,305
14441,8/26/2014 16:00,12,31,304
14442,8/26/2014 17:00,11,31,304
14443,8/26/2014 18:00,11,32,304
14444,8/26/2014 19:00,11,31,304
14445,8/26/2014 20:00,11,31,304
14446,8/26/2014 21:00,11,30,304
14447,8/26/2014 22:00,11,31,304
14448,8/26/2014 23:00,11,31,304
14449,8/27/2014 0:00,11,31,304
14450,8/27/2014 1:00,11,31,304
14451,8/27/2014 2:00,11,32,304
14452,8/27/2014 3:00,11,31,304
14453,8/27/2014 4:00,11,31,304
14454,8/27/2014 5:00,11,31,304
14455,8/27/2014 6:00,11,31,304
14456,8/27/2014 7:00,11,31,304
14457,8/27/2014 8:00,11,31,304
14458,8/27/2014 9:00,11,32,304
14459,8/27/2014 10:00,11,31,304
14460,8/27/2014 11:00,11,32,304
14461,8/27/2014 12:00,11,32,304
14462,8/27/2014 13:00,11,32,304
14463,8/27/2014 14:00,11,31,304
14464,8/27/2014 15:00,11,31,304
14465,8/27/2014 16:00,11,31,304
14466,8/27/2014 17:00,11,32,304
14467,8/27/2014 18:00,11,31,304
14468,8/27/2014 19:00,11,31,304
14469,8/27/2014 20:00,11,31,304
14470,8/27/2014 21:00,11,32,304
14471,8/27/2014 22:00,11,32,304
14472,8/27/2014 23:00,12,32,304
14473,8/28/2014 0:00,11,31,304
14474,8/28/2014 1:00,11,32,304
14475,8/28/2014 2:00,11,31,304
14476,8/28/2014 3:00,11,31,303
14477,8/28/2014 4:00,11,32,303
14478,8/28/2014 5:00,11,31,303
14479,8/28/2014 6:00,11,31,303
14480,8/28/2014 7:00,11,32,303
14481,8/28/2014 8:00,11,31,303
14482,8/28/2014 9:00,11,32,303
14483,8/28/2014 10:00,11,32,303
14484,8/28/2014 11:00,11,32,303
14485,8/28/2014 12:00,11,31,303
14486,8/28/2014 13:00,11,31,303
14487,8/28/2014 14:00,11,31,303
14488,8/28/2014 15:00,11,31,303
14489,8/28/2014 16:00,11,32,303
14490,8/28/2014 17:00,11,32,303
14491,8/28/2014 18:00,11,32,303
14492,8/28/2014 19:00,11,32,303
14493,8/28/2014 20:00,11,31,303
14494,8/28/2014 21:00,11,31,303
14495,8/28/2014 22:00,11,32,303
14496,8/28/2014 23:00,11,32,303
14497,8/29/2014 0:00,11,32,303
14498,8/29/2014 1:00,11,32,303
14499,8/29/2014 2:00,11,32,303
14500,8/29/2014 3:00,11,31,303
14501,8/29/2014 4:00,11,31,303
14502,8/29/2014 5:00,11,32,303
14503,8/29/2014 6:00,11,31,303
14504,8/29/2014 7:00,11,32,303
14505,8/29/2014 8:00,11,32,303
14506,8/29/2014 9:00,11,32,303
14507,8/29/2014 10:00,11,32,303
14508,8/29/2014 11:00,11,32,303
14509,8/29/2014 12:00,11,32,303
14510,8/29/2014 13:00,11,32,303
14511,8/29/2014 14:00,11,32,303
14512,8/29/2014 15:00,11,32,303
14513,8/29/2014 16:00,11,32,302
14514,8/29/2014 17:00,11,32,302
14515,8/29/2014 18:00,11,31,302
14516,8/29/2014 19:00,11,31,302
14517,8/29/2014 20:00,11,31,302
14518,8/29/2014 21:00,11,32,302
14519,8/29/2014 22:00,11,32,302
14520,8/29/2014 23:00,11,32,302
14521,8/30/2014 0:00,11,31,302
14522,8/30/2014 1:00,11,32,302
14523,8/30/2014 2:00,11,32,302
14524,8/30/2014 3:00,11,31,302
14525,8/30/2014 4:00,11,32,302
14526,8/30/2014 5:00,11,32,302
14527,8/30/2014 6:00,11,31,302
14528,8/30/2014 7:00,11,32,302
14529,8/30/2014 8:00,11,32,302
14530,8/30/2014 9:00,12,31,302
14531,8/30/2014 10:00,11,31,302
14532,8/30/2014 11:00,11,31,302
14533,8/30/2014 12:00,11,32,302
14534,8/30/2014 13:00,11,31,302
14535,8/30/2014 14:00,11,32,302
14536,8/30/2014 15:00,11,31,302
14537,8/30/2014 16:00,11,32,302
14538,8/30/2014 17:00,11,32,302
14539,8/30/2014 18:00,11,31,302
14540,8/30/2014 19:00,11,31,302
14541,8/30/2014 20:00,11,32,302
14542,8/30/2014 21:00,11,31,302
14543,8/30/2014 22:00,12,32,302
14544,8/30/2014 23:00,11,32,302
14545,8/31/2014 0:00,11,32,302
14546,8/31/2014 1:00,11,31,302
14547,8/31/2014 2:00,11,32,302
14548,8/31/2014 3:00,11,32,302
14549,8/31/2014 4:00,11,32,302
14550,8/31/2014 5:00,11,32,302
14551,8/31/2014 6:00,11,32,302
14552,8/31/2014 7:00,11,32,302
14553,8/31/2014 8:00,11,32,302
14554,8/31/2014 9:00,11,31,302
14555,8/31/2014 10:00,11,31,302
14556,8/31/2014 11:00,11,31,302
14557,8/31/2014 12:00,11,32,302
14558,8/31/2014 13:00,11,32,302
14559,8/31/2014 14:00,11,32,302
14560,8/31/2014 15:00,11,31,302
14561,8/31/2014 16:00,11,32,302
14562,8/31/2014 17:00,11,31,302
14563,8/31/2014 18:00,11,32,302
14564,8/31/2014 19:00,11,31,302
14565,8/31/2014 20:00,11,32,302
14566,8/31/2014 21:00,11,32,302
14567,8/31/2014 22:00,11,32,302
14568,8/31/2014 23:00,11,32,302
14569,9/1/2014 0:00,11,32,302
14570,9/1/2014 1:00,11,32,302
14571,9/1/2014 2:00,11,32,302
14572,9/1/2014 3:00,11,32,302
14573,9/1/2014 4:00,11,32,302
14574,9/1/2014 5:00,11,32,302
14575,9/1/2014 6:00,11,32,301
14576,9/1/2014 7:00,11,32,301
14577,9/1/2014 8:00,11,32,302
14578,9/1/2014 9:00,11,32,301
14579,9/1/2014 10:00,11,32,301
14580,9/1/2014 11:00,11,32,301
14581,9/1/2014 12:00,11,32,302
14582,9/1/2014 13:00,11,32,301
14583,9/1/2014 14:00,11,32,301
14584,9/1/2014 15:00,11,32,301
14585,9/1/2014 16:00,11,32,301
14586,9/1/2014 17:00,11,31,301
14587,9/1/2014 18:00,11,32,301
14588,9/1/2014 19:00,11,32,301
14589,9/1/2014 20:00,11,32,301
14590,9/1/2014 21:00,11,32,301
14591,9/1/2014 22:00,11,32,301
14592,9/1/2014 23:00,11,32,301
14593,9/2/2014 0:00,11,32,301
14594,9/2/2014 1:00,11,32,301
14595,9/2/2014 2:00,11,32,301
14596,9/2/2014 3:00,11,32,301
14597,9/2/2014 4:00,11,32,301
14598,9/2/2014 5:00,11,32,301
14599,9/2/2014 6:00,11,32,301
14600,9/2/2014 7:00,11,32,301
14601,9/2/2014 8:00,11,32,301
14602,9/2/2014 9:00,11,32,301
14603,9/2/2014 10:00,11,32,301
14604,9/2/2014 11:00,11,32,301
14605,9/2/2014 12:00,11,32,301
14606,9/2/2014 13:00,11,32,301
14607,9/2/2014 14:00,11,32,301
14608,9/2/2014 15:00,11,32,301
14609,9/2/2014 16:00,11,32,301
14610,9/2/2014 17:00,11,32,301
14611,9/2/2014 18:00,11,32,301
14612,9/2/2014 19:00,11,32,301
14613,9/2/2014 20:00,11,32,301
14614,9/2/2014 21:00,11,32,301
14615,9/2/2014 22:00,11,32,301
14616,9/2/2014 23:00,11,32,301
14617,9/3/2014 0:00,11,32,301
14618,9/3/2014 1:00,11,32,301
14619,9/3/2014 2:00,11,32,301
14620,9/3/2014 3:00,11,32,301
14621,9/3/2014 4:00,11,32,301
14622,9/3/2014 5:00,11,32,301
14623,9/3/2014 6:00,11,32,301
14624,9/3/2014 7:00,11,32,301
14625,9/3/2014 8:00,11,32,301
14626,9/3/2014 9:00,11,32,301
14627,9/3/2014 10:00,11,32,301
14628,9/3/2014 11:00,11,32,301
14629,9/3/2014 12:00,11,32,301
14630,9/3/2014 13:00,11,32,301
14631,9/3/2014 14:00,11,32,301
14632,9/3/2014 15:00,11,32,301
14633,9/3/2014 16:00,11,32,301
14634,9/3/2014 17:00,11,32,300
14635,9/3/2014 18:00,11,32,301
14636,9/3/2014 19:00,11,32,301
14637,9/3/2014 20:00,11,32,301
14638,9/3/2014 21:00,11,32,301
14639,9/3/2014 22:00,11,32,301
14640,9/3/2014 23:00,11,32,301
14641,9/4/2014 0:00,11,32,301
14642,9/4/2014 1:00,11,32,300
14643,9/4/2014 2:00,12,32,301
14644,9/4/2014 3:00,11,32,300
14645,9/4/2014 4:00,11,32,300
14646,9/4/2014 5:00,11,32,301
14647,9/4/2014 6:00,11,32,300
14648,9/4/2014 7:00,11,32,301
14649,9/4/2014 8:00,11,32,300
14650,9/4/2014 9:00,11,32,300
14651,9/4/2014 10:00,11,32,300
14652,9/4/2014 11:00,11,32,300
14653,9/4/2014 12:00,11,32,300
14654,9/4/2014 13:00,11,32,300
14655,9/4/2014 14:00,11,32,300
14656,9/4/2014 15:00,11,32,300
14657,9/4/2014 16:00,11,32,300
14658,9/4/2014 17:00,11,32,300
14659,9/4/2014 18:00,11,32,300
14660,9/4/2014 19:00,11,32,300
14661,9/4/2014 20:00,11,32,300
14662,9/4/2014 21:00,11,32,300
14663,9/4/2014 22:00,11,32,300
14664,9/4/2014 23:00,11,32,300
14665,9/5/2014 0:00,11,32,300
14666,9/5/2014 1:00,11,32,300
14667,9/5/2014 2:00,11,32,300
14668,9/5/2014 3:00,11,32,300
14669,9/5/2014 4:00,11,32,300
14670,9/5/2014 5:00,11,32,300
14671,9/5/2014 6:00,11,32,300
14672,9/5/2014 7:00,11,30,300
14673,9/5/2014 8:00,11,32,300
14674,9/5/2014 9:00,11,32,300
14675,9/5/2014 10:00,11,32,300
14676,9/5/2014 11:00,11,32,300
14677,9/5/2014 12:00,11,32,300
14678,9/5/2014 13:00,11,32,300
14679,9/5/2014 14:00,11,32,300
14680,9/5/2014 15:00,11,32,300
14681,9/5/2014 16:00,11,32,300
14682,9/5/2014 17:00,11,32,300
14683,9/5/2014 18:00,11,32,300
14684,9/5/2014 19:00,11,32,300
14685,9/5/2014 20:00,11,32,300
14686,9/5/2014 21:00,11,32,300
14687,9/5/2014 22:00,11,32,300
14688,9/5/2014 23:00,11,32,300
14689,9/6/2014 0:00,11,32,300
14690,9/6/2014 1:00,11,32,300
14691,9/6/2014 2:00,11,32,300
14692,9/6/2014 3:00,11,32,300
14693,9/6/2014 4:00,11,32,300
14694,9/6/2014 5:00,11,32,300
14695,9/6/2014 6:00,11,32,300
14696,9/6/2014 7:00,11,32,300
14697,9/6/2014 8:00,11,32,300
14698,9/6/2014 9:00,11,32,300
14699,9/6/2014 10:00,11,32,300
14700,9/6/2014 11:00,11,32,300
14701,9/6/2014 12:00,11,32,300
14702,9/6/2014 13:00,11,32,300
14703,9/6/2014 14:00,11,32,300
14704,9/6/2014 15:00,11,32,300
14705,9/6/2014 16:00,11,32,300
14706,9/6/2014 17:00,11,32,300
14707,9/6/2014 18:00,11,32,300
14708,9/6/2014 19:00,11,32,300
14709,9/6/2014 20:00,11,32,300
14710,9/6/2014 21:00,11,32,300
14711,9/6/2014 22:00,11,32,300
14712,9/6/2014 23:00,11,32,300
14713,9/7/2014 0:00,11,32,300
14714,9/7/2014 1:00,11,32,300
14715,9/7/2014 2:00,11,32,300
14716,9/7/2014 3:00,11,32,300
14717,9/7/2014 4:00,11,32,300
14718,9/7/2014 5:00,11,32,299
14719,9/7/2014 6:00,11,32,299
14720,9/7/2014 7:00,11,32,299
14721,9/7/2014 8:00,11,32,300
14722,9/7/2014 9:00,11,32,299
14723,9/7/2014 10:00,11,32,299
14724,9/7/2014 11:00,11,32,299
14725,9/7/2014 12:00,11,32,299
14726,9/7/2014 13:00,11,32,299
14727,9/7/2014 14:00,11,32,299
14728,9/7/2014 15:00,11,32,299
14729,9/7/2014 16:00,11,32,299
14730,9/7/2014 17:00,12,32,299
14731,9/7/2014 18:00,11,32,299
14732,9/7/2014 19:00,11,32,299
14733,9/7/2014 20:00,11,32,299
14734,9/7/2014 21:00,11,32,299
14735,9/7/2014 22:00,11,32,299
14736,9/7/2014 23:00,11,32,299
14737,9/8/2014 0:00,12,32,299
14738,9/8/2014 1:00,11,30,299
14739,9/8/2014 2:00,11,32,299
14740,9/8/2014 3:00,11,32,299
14741,9/8/2014 4:00,11,32,299
14742,9/8/2014 5:00,11,32,315
14743,9/8/2014 6:00,11,32,303
14744,9/8/2014 7:00,11,32,300
14745,9/8/2014 8:00,11,32,305
14746,9/8/2014 9:00,11,32,304
14747,9/8/2014 10:00,11,32,310
14748,9/8/2014 11:00,11,32,309
14749,9/8/2014 12:00,11,32,310
14750,9/8/2014 13:00,11,32,309
14751,9/8/2014 14:00,11,32,309
14752,9/8/2014 15:00,11,32,308
14753,9/8/2014 16:00,11,32,308
14754,9/8/2014 17:00,11,32,307
14755,9/8/2014 18:00,10,32,304
14756,9/8/2014 19:00,11,32,307
14757,9/8/2014 20:00,11,32,307
14758,9/8/2014 21:00,13,32,304
14759,9/8/2014 22:00,12,32,301
14760,9/8/2014 23:00,11,32,300
14761,9/9/2014 0:00,9,32,298
14762,9/9/2014 1:00,10,32,299
14763,9/9/2014 2:00,11,32,302
14764,9/9/2014 3:00,13,32,302
14765,9/9/2014 4:00,11,32,301
14766,9/9/2014 5:00,10,32,300
14767,9/9/2014 6:00,11,32,301
14768,9/9/2014 7:00,9,32,302
14769,9/9/2014 8:00,10,32,303
14770,9/9/2014 9:00,11,32,303
14771,9/9/2014 10:00,11,32,303
14772,9/9/2014 11:00,11,32,303
14773,9/9/2014 12:00,11,32,303
14774,9/9/2014 13:00,10,32,303
14775,9/9/2014 14:00,11,32,304
14776,9/9/2014 15:00,11,32,304
14777,9/9/2014 16:00,11,32,303
14778,9/9/2014 17:00,11,32,301
14779,9/9/2014 18:00,11,32,300
14780,9/9/2014 19:00,11,32,300
14781,9/9/2014 20:00,11,32,300
14782,9/9/2014 21:00,10,32,296
14783,9/9/2014 22:00,9,32,298
14784,9/9/2014 23:00,11,32,282
14785,9/10/2014 0:00,10,32,280
14786,9/10/2014 1:00,10,32,280
14787,9/10/2014 2:00,11,32,281
14788,9/10/2014 3:00,11,32,281
14789,9/10/2014 4:00,11,32,273
14790,9/10/2014 5:00,11,32,288
14791,9/10/2014 6:00,10,32,273
14792,9/10/2014 7:00,11,32,270
14793,9/10/2014 8:00,10,32,278
14794,9/10/2014 9:00,11,32,265
14795,9/10/2014 10:00,11,32,266
14796,9/10/2014 11:00,11,32,266
14797,9/10/2014 12:00,12,32,276
14798,9/10/2014 13:00,11,32,266
14799,9/10/2014 14:00,9,32,264
14800,9/10/2014 15:00,11,32,265
14801,9/10/2014 16:00,11,32,262
14802,9/10/2014 17:00,11,32,260
14803,9/10/2014 18:00,11,32,260
14804,9/10/2014 19:00,11,32,261
14805,9/10/2014 20:00,11,32,260
14806,9/10/2014 21:00,10,32,260
14807,9/10/2014 22:00,11,32,259
14808,9/10/2014 23:00,11,32,260
14809,9/11/2014 0:00,11,32,259
14810,9/11/2014 1:00,13,32,260
14811,9/11/2014 2:00,12,32,258
14812,9/11/2014 3:00,11,32,258
14813,9/11/2014 4:00,12,32,258
14814,9/11/2014 5:00,10,32,257
14815,9/11/2014 6:00,11,32,257
14816,9/11/2014 7:00,11,32,255
14817,9/11/2014 8:00,11,32,254
14818,9/11/2014 9:00,11,32,255
14819,9/11/2014 10:00,11,32,257
14820,9/11/2014 11:00,11,32,257
14821,9/11/2014 12:00,11,32,257
14822,9/11/2014 13:00,10,32,257
14823,9/11/2014 14:00,11,32,258
14824,9/11/2014 15:00,11,32,260
14825,9/11/2014 16:00,11,32,260
14826,9/11/2014 17:00,11,32,260
14827,9/11/2014 18:00,10,32,262
14828,9/11/2014 19:00,12,32,263
14829,9/11/2014 20:00,10,32,263
14830,9/11/2014 21:00,11,32,264
14831,9/11/2014 22:00,12,32,264
14832,9/11/2014 23:00,11,34,264
14833,9/12/2014 0:00,11,32,264
14834,9/12/2014 1:00,11,32,265
14835,9/12/2014 2:00,11,30,265
14836,9/12/2014 3:00,11,32,265
14837,9/12/2014 4:00,11,32,265
14838,9/12/2014 5:00,11,32,265
14839,9/12/2014 6:00,12,32,265
14840,9/12/2014 7:00,11,30,265
14841,9/12/2014 8:00,10,32,265
14842,9/12/2014 9:00,11,32,265
14843,9/12/2014 10:00,11,32,264
14844,9/12/2014 11:00,11,32,264
14845,9/12/2014 12:00,11,32,264
14846,9/12/2014 13:00,11,32,264
14847,9/12/2014 14:00,10,32,264
14848,9/12/2014 15:00,11,32,263
14849,9/12/2014 16:00,11,30,263
14850,9/12/2014 17:00,11,32,263
14851,9/12/2014 18:00,10,32,260
14852,9/12/2014 19:00,11,32,259
14853,9/12/2014 20:00,11,32,259
14854,9/12/2014 21:00,10,32,259
14855,9/12/2014 22:00,11,32,257
14856,9/12/2014 23:00,11,32,259
14857,9/13/2014 0:00,11,32,258
14858,9/13/2014 1:00,9,32,257
14859,9/13/2014 2:00,11,32,258
14860,9/13/2014 3:00,11,32,258
14861,9/13/2014 4:00,11,32,255
14862,9/13/2014 5:00,10,32,254
14863,9/13/2014 6:00,10,32,257
14864,9/13/2014 7:00,11,32,258
14865,9/13/2014 8:00,11,32,255
14866,9/13/2014 9:00,11,32,253
14867,9/13/2014 10:00,11,32,253
14868,9/13/2014 11:00,11,32,252
14869,9/13/2014 12:00,9,32,253
14870,9/13/2014 13:00,11,32,252
14871,9/13/2014 14:00,10,32,251
14872,9/13/2014 15:00,11,32,251
14873,9/13/2014 16:00,11,32,252
14874,9/13/2014 17:00,11,32,253
14875,9/13/2014 18:00,11,32,253
14876,9/13/2014 19:00,11,32,252
14877,9/13/2014 20:00,9,32,253
14878,9/13/2014 21:00,10,32,252
14879,9/13/2014 22:00,11,32,251
14880,9/13/2014 23:00,10,32,250
14881,9/14/2014 0:00,11,32,248
14882,9/14/2014 1:00,11,32,250
14883,9/14/2014 2:00,11,32,246
14884,9/14/2014 3:00,11,32,250
14885,9/14/2014 4:00,10,32,245
14886,9/14/2014 5:00,10,32,248
14887,9/14/2014 6:00,11,32,248
14888,9/14/2014 7:00,11,32,246
14889,9/14/2014 8:00,11,32,248
14890,9/14/2014 9:00,11,32,248
14891,9/14/2014 10:00,11,32,248
14892,9/14/2014 11:00,11,32,248
14893,9/14/2014 12:00,11,32,250
14894,9/14/2014 13:00,11,32,251
14895,9/14/2014 14:00,11,32,251
14896,9/14/2014 15:00,11,32,250
14897,9/14/2014 16:00,11,30,252
14898,9/14/2014 17:00,11,32,254
14899,9/14/2014 18:00,11,32,252
14900,9/14/2014 19:00,11,32,251
14901,9/14/2014 20:00,11,30,254
14902,9/14/2014 21:00,12,32,254
14903,9/14/2014 22:00,11,32,254
14904,9/14/2014 23:00,10,32,253
14905,9/15/2014 0:00,10,32,253
14906,9/15/2014 1:00,11,32,255
14907,9/15/2014 2:00,11,32,253
14908,9/15/2014 3:00,11,32,253
14909,9/15/2014 4:00,11,30,253
14910,9/15/2014 5:00,11,32,253
14911,9/15/2014 6:00,9,32,253
14912,9/15/2014 7:00,11,32,268
14913,9/15/2014 8:00,11,32,270
14914,9/15/2014 9:00,11,32,273
14915,9/15/2014 10:00,11,32,274
14916,9/15/2014 11:00,11,32,274
14917,9/15/2014 12:00,11,32,274
14918,9/15/2014 13:00,11,32,259
14919,9/15/2014 14:00,11,32,259
14920,9/15/2014 15:00,11,30,258
14921,9/15/2014 16:00,11,32,257
14922,9/15/2014 17:00,12,32,255
14923,9/15/2014 18:00,10,32,256
14924,9/15/2014 19:00,11,32,256
14925,9/15/2014 20:00,11,32,270
14926,9/15/2014 21:00,11,32,258
14927,9/15/2014 22:00,11,30,257
14928,9/15/2014 23:00,11,32,255
14929,9/16/2014 0:00,11,32,253
14930,9/16/2014 1:00,11,32,261
14931,9/16/2014 2:00,11,32,260
14932,9/16/2014 3:00,11,32,259
14933,9/16/2014 4:00,11,32,261
14934,9/16/2014 5:00,11,32,265
14935,9/16/2014 6:00,11,32,261
14936,9/16/2014 7:00,11,32,263
14937,9/16/2014 8:00,11,32,264
14938,9/16/2014 9:00,11,32,260
14939,9/16/2014 10:00,11,30,261
14940,9/16/2014 11:00,10,32,260
14941,9/16/2014 12:00,10,34,259
14942,9/16/2014 13:00,11,32,260
14943,9/16/2014 14:00,11,32,259
14944,9/16/2014 15:00,10,32,259
14945,9/16/2014 16:00,11,32,259
14946,9/16/2014 17:00,11,32,259
14947,9/16/2014 18:00,11,32,259
14948,9/16/2014 19:00,11,30,259
14949,9/16/2014 20:00,11,32,260
14950,9/16/2014 21:00,11,32,260
14951,9/16/2014 22:00,11,30,260
14952,9/16/2014 23:00,11,32,260
14953,9/17/2014 0:00,11,32,259
14954,9/17/2014 1:00,11,32,259
14955,9/17/2014 2:00,12,32,258
14956,9/17/2014 3:00,12,32,258
14957,9/17/2014 4:00,9,32,257
14958,9/17/2014 5:00,11,32,255
14959,9/17/2014 6:00,10,32,255
14960,9/17/2014 7:00,11,32,255
14961,9/17/2014 8:00,11,32,254
14962,9/17/2014 9:00,11,32,255
14963,9/17/2014 10:00,11,32,255
14964,9/17/2014 11:00,11,32,255
14965,9/17/2014 12:00,11,32,254
14966,9/17/2014 13:00,11,32,254
14967,9/17/2014 14:00,11,32,254
14968,9/17/2014 15:00,11,32,252
14969,9/17/2014 16:00,11,32,252
14970,9/17/2014 17:00,11,32,252
14971,9/17/2014 18:00,11,32,251
14972,9/17/2014 19:00,11,32,252
14973,9/17/2014 20:00,11,32,252
14974,9/17/2014 21:00,11,30,254
14975,9/17/2014 22:00,11,32,253
14976,9/17/2014 23:00,11,32,251
14977,9/18/2014 0:00,11,30,252
14978,9/18/2014 1:00,9,32,250
14979,9/18/2014 2:00,11,32,250
14980,9/18/2014 3:00,11,32,250
14981,9/18/2014 4:00,11,32,248
14982,9/18/2014 5:00,11,32,252
14983,9/18/2014 6:00,11,32,250
14984,9/18/2014 7:00,11,30,253
14985,9/18/2014 8:00,11,32,248
14986,9/18/2014 9:00,11,32,250
14987,9/18/2014 10:00,11,32,248
14988,9/18/2014 11:00,11,30,248
14989,9/18/2014 12:00,11,32,248
14990,9/18/2014 13:00,11,32,251
14991,9/18/2014 14:00,10,32,250
14992,9/18/2014 15:00,11,32,250
14993,9/18/2014 16:00,11,32,247
14994,9/18/2014 17:00,11,32,250
14995,9/18/2014 18:00,11,30,245
14996,9/18/2014 19:00,12,32,250
14997,9/18/2014 20:00,11,32,249
14998,9/18/2014 21:00,11,32,253
14999,9/18/2014 22:00,11,32,250
15000,9/18/2014 23:00,11,32,252
15001,9/19/2014 0:00,11,32,250
15002,9/19/2014 1:00,11,32,254
15003,9/19/2014 2:00,11,30,253
15004,9/19/2014 3:00,12,32,251
15005,9/19/2014 4:00,11,32,252
15006,9/19/2014 5:00,11,32,251
15007,9/19/2014 6:00,11,32,251
15008,9/19/2014 7:00,11,32,252
15009,9/19/2014 8:00,11,32,251
15010,9/19/2014 9:00,13,32,251
15011,9/19/2014 10:00,10,32,252
15012,9/19/2014 11:00,11,32,252
15013,9/19/2014 12:00,11,32,249
15014,9/19/2014 13:00,11,30,252
15015,9/19/2014 14:00,11,32,250
15016,9/19/2014 15:00,11,30,251
15017,9/19/2014 16:00,11,32,263
15018,9/19/2014 17:00,11,32,251
15019,9/19/2014 18:00,11,32,251
15020,9/19/2014 19:00,11,32,251
15021,9/19/2014 20:00,11,32,252
15022,9/19/2014 21:00,10,32,251
15023,9/19/2014 22:00,11,30,250
15024,9/19/2014 23:00,11,32,252
15025,9/20/2014 0:00,11,32,251
15026,9/20/2014 1:00,12,30,251
15027,9/20/2014 2:00,11,32,251
15028,9/20/2014 3:00,11,32,251
15029,9/20/2014 4:00,11,32,251
15030,9/20/2014 5:00,11,30,251
15031,9/20/2014 6:00,11,32,251
15032,9/20/2014 7:00,11,32,251
15033,9/20/2014 8:00,11,32,251
15034,9/20/2014 9:00,11,32,251
15035,9/20/2014 10:00,9,33,252
15036,9/20/2014 11:00,10,32,251
15037,9/20/2014 12:00,11,32,248
15038,9/20/2014 13:00,11,32,250
15039,9/20/2014 14:00,11,32,250
15040,9/20/2014 15:00,11,32,251
15041,9/20/2014 16:00,11,32,252
15042,9/20/2014 17:00,11,32,251
15043,9/20/2014 18:00,11,32,252
15044,9/20/2014 19:00,10,32,251
15045,9/20/2014 20:00,11,32,251
15046,9/20/2014 21:00,10,32,251
15047,9/20/2014 22:00,11,32,251
15048,9/20/2014 23:00,11,32,252
15049,9/21/2014 0:00,12,32,250
15050,9/21/2014 1:00,11,32,250
15051,9/21/2014 2:00,11,32,249
15052,9/21/2014 3:00,11,32,250
15053,9/21/2014 4:00,11,32,250
15054,9/21/2014 5:00,11,30,248
15055,9/21/2014 6:00,9,32,250
15056,9/21/2014 7:00,10,30,250
15057,9/21/2014 8:00,9,32,249
15058,9/21/2014 9:00,11,32,248
15059,9/21/2014 10:00,9,32,248
15060,9/21/2014 11:00,9,30,248
15061,9/21/2014 12:00,9,30,249
15062,9/21/2014 13:00,11,32,248
15063,9/21/2014 14:00,11,32,250
15064,9/21/2014 15:00,11,32,250
15065,9/21/2014 16:00,11,32,250
15066,9/21/2014 17:00,11,30,250
15067,9/21/2014 18:00,11,32,250
15068,9/21/2014 19:00,9,32,250
15069,9/21/2014 20:00,12,32,250
15070,9/21/2014 21:00,11,32,249
15071,9/21/2014 22:00,11,32,250
15072,9/21/2014 23:00,13,32,248
15073,9/22/2014 0:00,11,32,248
15074,9/22/2014 1:00,11,32,246
15075,9/22/2014 2:00,11,32,246
15076,9/22/2014 3:00,11,32,246
15077,9/22/2014 4:00,11,32,246
15078,9/22/2014 5:00,11,32,245
15079,9/22/2014 6:00,11,30,246
15080,9/22/2014 7:00,11,32,246
15081,9/22/2014 8:00,11,32,250
15082,9/22/2014 9:00,11,32,251
15083,9/22/2014 10:00,11,32,253
15084,9/22/2014 11:00,11,32,252
15085,9/22/2014 12:00,11,32,253
15086,9/22/2014 13:00,11,32,253
15087,9/22/2014 14:00,11,32,253
15088,9/22/2014 15:00,11,32,253
15089,9/22/2014 16:00,12,32,253
15090,9/22/2014 17:00,11,31,252
15091,9/22/2014 18:00,11,31,251
15092,9/22/2014 19:00,11,32,251
15093,9/22/2014 20:00,11,32,252
15094,9/22/2014 21:00,11,32,251
15095,9/22/2014 22:00,11,32,253
15096,9/22/2014 23:00,11,32,253
15097,9/23/2014 0:00,11,32,252
15098,9/23/2014 1:00,11,32,252
15099,9/23/2014 2:00,9,32,253
15100,9/23/2014 3:00,11,32,253
15101,9/23/2014 4:00,11,32,254
15102,9/23/2014 5:00,11,32,253
15103,9/23/2014 6:00,11,32,253
15104,9/23/2014 7:00,11,31,252
15105,9/23/2014 8:00,11,32,251
15106,9/23/2014 9:00,11,32,251
15107,9/23/2014 10:00,11,32,251
15108,9/23/2014 11:00,11,32,251
15109,9/23/2014 12:00,11,32,252
15110,9/23/2014 13:00,11,32,251
15111,9/23/2014 14:00,11,34,251
15112,9/23/2014 15:00,11,32,251
15113,9/23/2014 16:00,11,32,251
15114,9/23/2014 17:00,10,32,251
15115,9/23/2014 18:00,11,32,250
15116,9/23/2014 19:00,12,32,250
15117,9/23/2014 20:00,11,32,250
15118,9/23/2014 21:00,11,32,246
15119,9/23/2014 22:00,11,32,248
15120,9/23/2014 23:00,11,34,249
15121,9/24/2014 0:00,11,32,250
15122,9/24/2014 1:00,11,32,250
15123,9/24/2014 2:00,11,32,251
15124,9/24/2014 3:00,11,32,251
15125,9/24/2014 4:00,11,32,253
15126,9/24/2014 5:00,11,32,252
15127,9/24/2014 6:00,11,30,253
15128,9/24/2014 7:00,12,32,254
15129,9/24/2014 8:00,9,32,253
15130,9/24/2014 9:00,11,32,253
15131,9/24/2014 10:00,11,32,253
15132,9/24/2014 11:00,11,32,253
15133,9/24/2014 12:00,11,33,253
15134,9/24/2014 13:00,11,32,253
15135,9/24/2014 14:00,11,32,254
15136,9/24/2014 15:00,11,32,254
15137,9/24/2014 16:00,11,32,254
15138,9/24/2014 17:00,11,32,254
15139,9/24/2014 18:00,11,32,253
15140,9/24/2014 19:00,11,32,253
15141,9/24/2014 20:00,9,30,253
15142,9/24/2014 21:00,11,32,252
15143,9/24/2014 22:00,11,32,252
15144,9/24/2014 23:00,11,30,252
15145,9/25/2014 0:00,11,32,251
15146,9/25/2014 1:00,10,32,252
15147,9/25/2014 2:00,11,32,252
15148,9/25/2014 3:00,11,32,251
15149,9/25/2014 4:00,11,32,252
15150,9/25/2014 5:00,11,32,252
15151,9/25/2014 6:00,11,32,252
15152,9/25/2014 7:00,11,30,251
15153,9/25/2014 8:00,11,32,251
15154,9/25/2014 9:00,11,32,251
15155,9/25/2014 10:00,11,32,252
15156,9/25/2014 11:00,11,32,246
15157,9/25/2014 12:00,11,32,253
15158,9/25/2014 13:00,11,32,254
15159,9/25/2014 14:00,11,32,254
15160,9/25/2014 15:00,11,32,253
15161,9/25/2014 16:00,11,32,252
15162,9/25/2014 17:00,11,32,252
15163,9/25/2014 18:00,11,32,253
15164,9/25/2014 19:00,11,32,253
15165,9/25/2014 20:00,11,32,253
15166,9/25/2014 21:00,11,32,253
15167,9/25/2014 22:00,11,32,253
15168,9/25/2014 23:00,11,32,253
15169,9/26/2014 0:00,9,32,253
15170,9/26/2014 1:00,11,32,253
15171,9/26/2014 2:00,12,32,253
15172,9/26/2014 3:00,11,32,253
15173,9/26/2014 4:00,11,32,254
15174,9/26/2014 5:00,11,32,253
15175,9/26/2014 6:00,11,32,253
15176,9/26/2014 7:00,10,32,253
15177,9/26/2014 8:00,11,31,253
15178,9/26/2014 9:00,11,32,253
15179,9/26/2014 10:00,11,32,254
15180,9/26/2014 11:00,11,32,253
15181,9/26/2014 12:00,11,34,253
15182,9/26/2014 13:00,11,32,253
15183,9/26/2014 14:00,11,32,253
15184,9/26/2014 15:00,11,32,252
15185,9/26/2014 16:00,11,32,253
15186,9/26/2014 17:00,11,32,253
15187,9/26/2014 18:00,10,32,253
15188,9/26/2014 19:00,11,32,253
15189,9/26/2014 20:00,11,32,253
15190,9/26/2014 21:00,11,32,252
15191,9/26/2014 22:00,9,32,252
15192,9/26/2014 23:00,11,32,251
15193,9/27/2014 0:00,11,32,251
15194,9/27/2014 1:00,11,32,253
15195,9/27/2014 2:00,11,32,253
15196,9/27/2014 3:00,11,32,254
15197,9/27/2014 4:00,11,32,254
15198,9/27/2014 5:00,11,32,254
15199,9/27/2014 6:00,11,32,254
15200,9/27/2014 7:00,10,32,253
15201,9/27/2014 8:00,11,32,253
15202,9/27/2014 9:00,11,33,254
15203,9/27/2014 10:00,11,32,253
15204,9/27/2014 11:00,11,32,253
15205,9/27/2014 12:00,11,32,251
15206,9/27/2014 13:00,11,32,251
15207,9/27/2014 14:00,11,32,250
15208,9/27/2014 15:00,11,32,250
15209,9/27/2014 16:00,11,32,251
15210,9/27/2014 17:00,12,32,250
15211,9/27/2014 18:00,11,32,250
15212,9/27/2014 19:00,11,31,250
15213,9/27/2014 20:00,11,32,251
15214,9/27/2014 21:00,11,32,252
15215,9/27/2014 22:00,11,32,253
15216,9/27/2014 23:00,11,32,252
15217,9/28/2014 0:00,11,32,253
15218,9/28/2014 1:00,11,32,251
15219,9/28/2014 2:00,12,32,248
15220,9/28/2014 3:00,11,32,248
15221,9/28/2014 4:00,11,32,248
15222,9/28/2014 5:00,11,32,250
15223,9/28/2014 6:00,11,33,248
15224,9/28/2014 7:00,11,32,248
15225,9/28/2014 8:00,11,32,246
15226,9/28/2014 9:00,11,32,246
15227,9/28/2014 10:00,11,32,244
15228,9/28/2014 11:00,10,32,250
15229,9/28/2014 12:00,11,32,252
15230,9/28/2014 13:00,11,32,250
15231,9/28/2014 14:00,11,32,252
15232,9/28/2014 15:00,11,32,252
15233,9/28/2014 16:00,11,33,253
15234,9/28/2014 17:00,11,33,252
15235,9/28/2014 18:00,11,32,251
15236,9/28/2014 19:00,11,32,253
15237,9/28/2014 20:00,9,32,252
15238,9/28/2014 21:00,10,33,252
15239,9/28/2014 22:00,10,33,252
15240,9/28/2014 23:00,11,32,252
15241,9/29/2014 0:00,12,33,253
15242,9/29/2014 1:00,11,32,254
15243,9/29/2014 2:00,11,32,255
15244,9/29/2014 3:00,11,32,255
15245,9/29/2014 4:00,11,33,255
15246,9/29/2014 5:00,11,33,257
15247,9/29/2014 6:00,11,33,257
15248,9/29/2014 7:00,11,33,257
15249,9/29/2014 8:00,9,32,258
15250,9/29/2014 9:00,11,33,258
15251,9/29/2014 10:00,11,34,258
15252,9/29/2014 11:00,11,32,258
15253,9/29/2014 12:00,11,33,258
15254,9/29/2014 13:00,11,32,258
15255,9/29/2014 14:00,11,32,258
15256,9/29/2014 15:00,11,33,259
15257,9/29/2014 16:00,11,32,258
15258,9/29/2014 17:00,11,32,258
15259,9/29/2014 18:00,11,33,257
15260,9/29/2014 19:00,11,32,257
15261,9/29/2014 20:00,11,32,257
15262,9/29/2014 21:00,11,33,258
15263,9/29/2014 22:00,11,32,257
15264,9/29/2014 23:00,11,33,257
15265,9/30/2014 0:00,9,33,258
15266,9/30/2014 1:00,11,32,258
15267,9/30/2014 2:00,11,32,259
15268,9/30/2014 3:00,11,32,259
15269,9/30/2014 4:00,11,32,259
15270,9/30/2014 5:00,11,33,259
15271,9/30/2014 6:00,9,32,259
15272,9/30/2014 7:00,11,32,259
15273,9/30/2014 8:00,11,32,260
15274,9/30/2014 9:00,11,32,260
15275,9/30/2014 10:00,11,35,260
15276,9/30/2014 11:00,11,33,260
15277,9/30/2014 12:00,11,32,260
15278,9/30/2014 13:00,11,32,260
15279,9/30/2014 14:00,11,32,260
15280,9/30/2014 15:00,11,32,260
15281,9/30/2014 16:00,11,32,260
15282,9/30/2014 17:00,11,33,260
15283,9/30/2014 18:00,11,33,261
15284,9/30/2014 19:00,11,32,260
15285,9/30/2014 20:00,11,32,260
15286,9/30/2014 21:00,11,32,260
15287,9/30/2014 22:00,11,32,260
15288,9/30/2014 23:00,11,32,260
15289,10/1/2014 0:00,11,32,260
15290,10/1/2014 1:00,11,31,260
15291,10/1/2014 2:00,11,32,260
15292,10/1/2014 3:00,11,32,260
15293,10/1/2014 4:00,11,32,260
15294,10/1/2014 5:00,11,32,260
15295,10/1/2014 6:00,11,32,260
15296,10/1/2014 7:00,11,32,260
15297,10/1/2014 8:00,11,32,259
15298,10/1/2014 9:00,11,32,259
15299,10/1/2014 10:00,11,32,259
15300,10/1/2014 11:00,11,32,259
15301,10/1/2014 12:00,11,32,259
15302,10/1/2014 13:00,11,32,259
15303,10/1/2014 14:00,11,32,259
15304,10/1/2014 15:00,11,32,258
15305,10/1/2014 16:00,11,32,258
15306,10/1/2014 17:00,11,32,257
15307,10/1/2014 18:00,11,32,255
15308,10/1/2014 19:00,11,32,254
15309,10/1/2014 20:00,11,33,254
15310,10/1/2014 21:00,11,32,253
15311,10/1/2014 22:00,12,32,254
15312,10/1/2014 23:00,11,32,254
15313,10/2/2014 0:00,11,32,254
15314,10/2/2014 1:00,12,32,255
15315,10/2/2014 2:00,11,32,255
15316,10/2/2014 3:00,11,32,256
15317,10/2/2014 4:00,12,32,256
15318,10/2/2014 5:00,11,32,254
15319,10/2/2014 6:00,11,32,254
15320,10/2/2014 7:00,11,32,255
15321,10/2/2014 8:00,11,32,255
15322,10/2/2014 9:00,11,32,256
15323,10/2/2014 10:00,11,32,255
15324,10/2/2014 11:00,11,32,255
15325,10/2/2014 12:00,11,33,254
15326,10/2/2014 13:00,11,33,255
15327,10/2/2014 14:00,11,33,256
15328,10/2/2014 15:00,11,32,254
15329,10/2/2014 16:00,11,33,255
15330,10/2/2014 17:00,9,33,253
15331,10/2/2014 18:00,11,32,254
15332,10/2/2014 19:00,11,32,255
15333,10/2/2014 20:00,11,32,256
15334,10/2/2014 21:00,11,32,256
15335,10/2/2014 22:00,11,32,257
15336,10/2/2014 23:00,11,32,257
15337,10/3/2014 0:00,10,32,257
15338,10/3/2014 1:00,11,32,260
15339,10/3/2014 2:00,11,32,260
15340,10/3/2014 3:00,11,31,261
15341,10/3/2014 4:00,11,32,261
15342,10/3/2014 5:00,11,32,261
15343,10/3/2014 6:00,11,32,263
15344,10/3/2014 7:00,9,32,263
15345,10/3/2014 8:00,11,32,264
15346,10/3/2014 9:00,11,32,264
15347,10/3/2014 10:00,11,33,265
15348,10/3/2014 11:00,11,32,265
15349,10/3/2014 12:00,11,32,265
15350,10/3/2014 13:00,9,32,265
15351,10/3/2014 14:00,11,32,265
15352,10/3/2014 15:00,11,32,265
15353,10/3/2014 16:00,11,32,265
15354,10/3/2014 17:00,9,32,265
15355,10/3/2014 18:00,11,35,265
15356,10/3/2014 19:00,12,32,265
15357,10/3/2014 20:00,11,32,265
15358,10/3/2014 21:00,11,32,265
15359,10/3/2014 22:00,11,32,265
15360,10/3/2014 23:00,11,32,265
15361,10/4/2014 0:00,11,32,264
15362,10/4/2014 1:00,11,32,265
15363,10/4/2014 2:00,11,32,265
15364,10/4/2014 3:00,11,32,265
15365,10/4/2014 4:00,11,32,265
15366,10/4/2014 5:00,11,32,266
15367,10/4/2014 6:00,11,32,265
15368,10/4/2014 7:00,11,32,265
15369,10/4/2014 8:00,11,32,265
15370,10/4/2014 9:00,11,32,265
15371,10/4/2014 10:00,11,32,265
15372,10/4/2014 11:00,11,32,266
15373,10/4/2014 12:00,11,32,265
15374,10/4/2014 13:00,11,32,265
15375,10/4/2014 14:00,11,32,266
15376,10/4/2014 15:00,11,32,266
15377,10/4/2014 16:00,9,32,266
15378,10/4/2014 17:00,11,32,266
15379,10/4/2014 18:00,10,32,267
15380,10/4/2014 19:00,12,32,267
15381,10/4/2014 20:00,11,32,267
15382,10/4/2014 21:00,11,32,268
15383,10/4/2014 22:00,11,32,269
15384,10/4/2014 23:00,11,32,267
15385,10/5/2014 0:00,11,32,267
15386,10/5/2014 1:00,11,32,267
15387,10/5/2014 2:00,11,32,267
15388,10/5/2014 3:00,11,32,266
15389,10/5/2014 4:00,11,32,266
15390,10/5/2014 5:00,11,35,265
15391,10/5/2014 6:00,10,32,266
15392,10/5/2014 7:00,11,32,266
15393,10/5/2014 8:00,11,32,263
15394,10/5/2014 9:00,11,32,265
15395,10/5/2014 10:00,11,32,265
15396,10/5/2014 11:00,11,32,265
15397,10/5/2014 12:00,11,32,267
15398,10/5/2014 13:00,10,32,269
15399,10/5/2014 14:00,11,32,269
15400,10/5/2014 15:00,11,32,269
15401,10/5/2014 16:00,11,32,269
15402,10/5/2014 17:00,11,32,270
15403,10/5/2014 18:00,11,32,269
15404,10/5/2014 19:00,11,32,269
15405,10/5/2014 20:00,11,32,267
15406,10/5/2014 21:00,11,32,268
15407,10/5/2014 22:00,11,32,269
15408,10/5/2014 23:00,11,32,269
15409,10/6/2014 0:00,11,36,269
15410,10/6/2014 1:00,11,34,269
15411,10/6/2014 2:00,11,31,269
15412,10/6/2014 3:00,11,35,269
15413,10/6/2014 4:00,11,32,269
15414,10/6/2014 5:00,11,32,270
15415,10/6/2014 6:00,11,32,269
15416,10/6/2014 7:00,11,32,269
15417,10/6/2014 8:00,11,32,269
15418,10/6/2014 9:00,11,32,269
15419,10/6/2014 10:00,11,32,269
15420,10/6/2014 11:00,11,32,268
15421,10/6/2014 12:00,11,32,267
15422,10/6/2014 13:00,11,32,268
15423,10/6/2014 14:00,11,32,267
15424,10/6/2014 15:00,11,33,267
15425,10/6/2014 16:00,11,32,267
15426,10/6/2014 17:00,9,32,267
15427,10/6/2014 18:00,11,32,267
15428,10/6/2014 19:00,9,32,267
15429,10/6/2014 20:00,11,32,266
15430,10/6/2014 21:00,11,32,269
15431,10/6/2014 22:00,11,32,269
15432,10/6/2014 23:00,11,32,268
15433,10/7/2014 0:00,11,32,267
15434,10/7/2014 1:00,11,32,267
15435,10/7/2014 2:00,11,32,266
15436,10/7/2014 3:00,11,32,267
15437,10/7/2014 4:00,11,32,267
15438,10/7/2014 5:00,11,34,267
15439,10/7/2014 6:00,11,32,267
15440,10/7/2014 7:00,11,32,266
15441,10/7/2014 8:00,11,32,267
15442,10/7/2014 9:00,11,32,267
15443,10/7/2014 10:00,11,32,266
15444,10/7/2014 11:00,11,32,266
15445,10/7/2014 12:00,11,32,266
15446,10/7/2014 13:00,12,32,267
15447,10/7/2014 14:00,11,32,267
15448,10/7/2014 15:00,11,32,266
15449,10/7/2014 16:00,11,32,267
15450,10/7/2014 17:00,11,32,266
15451,10/7/2014 18:00,11,32,267
15452,10/7/2014 19:00,11,32,267
15453,10/7/2014 20:00,11,32,267
15454,10/7/2014 21:00,10,32,267
15455,10/7/2014 22:00,11,32,268
15456,10/7/2014 23:00,11,32,269
15457,10/8/2014 0:00,10,32,268
15458,10/8/2014 1:00,11,32,268
15459,10/8/2014 2:00,10,32,267
15460,10/8/2014 3:00,11,32,267
15461,10/8/2014 4:00,10,32,267
15462,10/8/2014 5:00,11,32,267
15463,10/8/2014 6:00,11,32,267
15464,10/8/2014 7:00,12,33,267
15465,10/8/2014 8:00,11,32,267
15466,10/8/2014 9:00,11,32,267
15467,10/8/2014 10:00,11,32,267
15468,10/8/2014 11:00,11,32,267
15469,10/8/2014 12:00,11,32,268
15470,10/8/2014 13:00,11,32,268
15471,10/8/2014 14:00,11,32,268
15472,10/8/2014 15:00,11,32,269
15473,10/8/2014 16:00,11,32,268
15474,10/8/2014 17:00,11,32,269
15475,10/8/2014 18:00,11,32,269
15476,10/8/2014 19:00,11,32,269
15477,10/8/2014 20:00,11,32,269
15478,10/8/2014 21:00,11,32,269
15479,10/8/2014 22:00,12,32,269
15480,10/8/2014 23:00,11,32,268
15481,10/9/2014 0:00,11,32,267
15482,10/9/2014 1:00,11,32,267
15483,10/9/2014 2:00,11,32,267
15484,10/9/2014 3:00,11,32,268
15485,10/9/2014 4:00,11,32,269
15486,10/9/2014 5:00,11,32,270
15487,10/9/2014 6:00,11,32,270
15488,10/9/2014 7:00,11,32,270
15489,10/9/2014 8:00,11,32,269
15490,10/9/2014 9:00,11,32,269
15491,10/9/2014 10:00,9,37,270
15492,10/9/2014 11:00,11,32,270
15493,10/9/2014 12:00,11,31,270
15494,10/9/2014 13:00,11,32,269
15495,10/9/2014 14:00,11,32,269
15496,10/9/2014 15:00,11,32,269
15497,10/9/2014 16:00,9,32,269
15498,10/9/2014 17:00,11,31,268
15499,10/9/2014 18:00,11,32,268
15500,10/9/2014 19:00,11,32,268
15501,10/9/2014 20:00,11,31,267
15502,10/9/2014 21:00,11,32,267
15503,10/9/2014 22:00,11,32,267
15504,10/9/2014 23:00,11,32,267
15505,10/10/2014 0:00,11,32,267
15506,10/10/2014 1:00,11,32,268
15507,10/10/2014 2:00,11,32,268
15508,10/10/2014 3:00,11,31,267
15509,10/10/2014 4:00,11,32,267
15510,10/10/2014 5:00,11,32,267
15511,10/10/2014 6:00,9,32,267
15512,10/10/2014 7:00,10,32,266
15513,10/10/2014 8:00,12,32,266
15514,10/10/2014 9:00,11,32,266
15515,10/10/2014 10:00,11,32,266
15516,10/10/2014 11:00,13,32,266
15517,10/10/2014 12:00,11,32,266
15518,10/10/2014 13:00,11,32,267
15519,10/10/2014 14:00,11,31,266
15520,10/10/2014 15:00,11,32,267
15521,10/10/2014 16:00,11,31,267
15522,10/10/2014 17:00,10,32,267
15523,10/10/2014 18:00,11,36,266
15524,10/10/2014 19:00,10,32,267
15525,10/10/2014 20:00,11,32,267
15526,10/10/2014 21:00,12,32,267
15527,10/10/2014 22:00,11,31,267
15528,10/10/2014 23:00,11,32,267
15529,10/11/2014 0:00,11,32,267
15530,10/11/2014 1:00,11,32,268
15531,10/11/2014 2:00,11,32,270
15532,10/11/2014 3:00,11,32,270
15533,10/11/2014 4:00,11,32,270
15534,10/11/2014 5:00,11,32,270
15535,10/11/2014 6:00,12,32,272
15536,10/11/2014 7:00,11,31,273
15537,10/11/2014 8:00,11,34,273
15538,10/11/2014 9:00,11,32,273
15539,10/11/2014 10:00,11,32,272
15540,10/11/2014 11:00,11,32,272
15541,10/11/2014 12:00,10,32,272
15542,10/11/2014 13:00,11,32,272
15543,10/11/2014 14:00,11,32,270
15544,10/11/2014 15:00,11,32,272
15545,10/11/2014 16:00,11,32,270
15546,10/11/2014 17:00,11,32,270
15547,10/11/2014 18:00,11,32,270
15548,10/11/2014 19:00,11,32,270
15549,10/11/2014 20:00,11,32,269
15550,10/11/2014 21:00,11,32,269
15551,10/11/2014 22:00,11,32,269
15552,10/11/2014 23:00,10,32,269
15553,10/12/2014 0:00,11,32,269
15554,10/12/2014 1:00,11,32,269
15555,10/12/2014 2:00,12,32,269
15556,10/12/2014 3:00,11,32,269
15557,10/12/2014 4:00,11,32,268
15558,10/12/2014 5:00,11,31,269
15559,10/12/2014 6:00,10,32,268
15560,10/12/2014 7:00,11,32,268
15561,10/12/2014 8:00,11,32,269
15562,10/12/2014 9:00,11,32,269
15563,10/12/2014 10:00,11,32,267
15564,10/12/2014 11:00,11,32,267
15565,10/12/2014 12:00,11,32,267
15566,10/12/2014 13:00,11,32,267
15567,10/12/2014 14:00,11,32,267
15568,10/12/2014 15:00,12,32,267
15569,10/12/2014 16:00,11,32,267
15570,10/12/2014 17:00,11,32,267
15571,10/12/2014 18:00,9,32,266
15572,10/12/2014 19:00,11,32,267
15573,10/12/2014 20:00,11,32,267
15574,10/12/2014 21:00,11,32,267
15575,10/12/2014 22:00,11,32,268
15576,10/12/2014 23:00,11,32,269
15577,10/13/2014 0:00,11,32,269
15578,10/13/2014 1:00,11,32,269
15579,10/13/2014 2:00,11,32,269
15580,10/13/2014 3:00,11,32,269
15581,10/13/2014 4:00,11,32,269
15582,10/13/2014 5:00,11,33,269
15583,10/13/2014 6:00,11,32,269
15584,10/13/2014 7:00,11,32,269
15585,10/13/2014 8:00,11,32,269
15586,10/13/2014 9:00,11,31,269
15587,10/13/2014 10:00,11,32,269
15588,10/13/2014 11:00,11,32,269
15589,10/13/2014 12:00,12,32,269
15590,10/13/2014 13:00,11,32,269
15591,10/13/2014 14:00,11,32,269
15592,10/13/2014 15:00,11,32,269
15593,10/13/2014 16:00,11,32,268
15594,10/13/2014 17:00,11,32,269
15595,10/13/2014 18:00,11,32,269
15596,10/13/2014 19:00,11,32,268
15597,10/13/2014 20:00,11,32,268
15598,10/13/2014 21:00,11,32,269
15599,10/13/2014 22:00,12,32,268
15600,10/13/2014 23:00,11,32,269
15601,10/14/2014 0:00,11,32,269
15602,10/14/2014 1:00,9,32,269
15603,10/14/2014 2:00,10,32,269
15604,10/14/2014 3:00,11,32,269
15605,10/14/2014 4:00,11,32,269
15606,10/14/2014 5:00,11,32,269
15607,10/14/2014 6:00,11,32,269
15608,10/14/2014 7:00,11,33,269
15609,10/14/2014 8:00,11,32,269
15610,10/14/2014 9:00,11,32,269
15611,10/14/2014 10:00,11,32,269
15612,10/14/2014 11:00,11,32,269
15613,10/14/2014 12:00,11,32,269
15614,10/14/2014 13:00,11,32,269
15615,10/14/2014 14:00,11,32,269
15616,10/14/2014 15:00,11,32,269
15617,10/14/2014 16:00,11,32,269
15618,10/14/2014 17:00,11,32,268
15619,10/14/2014 18:00,11,32,268
15620,10/14/2014 19:00,11,32,267
15621,10/14/2014 20:00,11,32,267
15622,10/14/2014 21:00,11,33,267
15623,10/14/2014 22:00,11,34,268
15624,10/14/2014 23:00,11,32,268
15625,10/15/2014 0:00,11,32,268
15626,10/15/2014 1:00,11,31,268
15627,10/15/2014 2:00,11,32,268
15628,10/15/2014 3:00,11,32,269
15629,10/15/2014 4:00,11,33,268
15630,10/15/2014 5:00,11,33,268
15631,10/15/2014 6:00,12,32,268
15632,10/15/2014 7:00,11,32,268
15633,10/15/2014 8:00,11,32,269
15634,10/15/2014 9:00,11,33,268
15635,10/15/2014 10:00,11,32,267
15636,10/15/2014 11:00,11,32,268
15637,10/15/2014 12:00,11,32,268
15638,10/15/2014 13:00,11,33,267
15639,10/15/2014 14:00,11,32,268
15640,10/15/2014 15:00,11,32,268
15641,10/15/2014 16:00,11,33,268
15642,10/15/2014 17:00,11,32,268
15643,10/15/2014 18:00,11,32,267
15644,10/15/2014 19:00,11,32,267
15645,10/15/2014 20:00,11,32,267
15646,10/15/2014 21:00,11,32,267
15647,10/15/2014 22:00,11,31,267
15648,10/15/2014 23:00,10,32,267
15649,10/16/2014 0:00,11,32,267
15650,10/16/2014 1:00,11,32,266
15651,10/16/2014 2:00,11,33,266
15652,10/16/2014 3:00,12,32,266
15653,10/16/2014 4:00,11,32,266
15654,10/16/2014 5:00,11,32,266
15655,10/16/2014 6:00,11,33,266
15656,10/16/2014 7:00,11,32,266
15657,10/16/2014 8:00,11,32,266
15658,10/16/2014 9:00,11,33,266
15659,10/16/2014 10:00,11,33,266
15660,10/16/2014 11:00,11,32,266
15661,10/16/2014 12:00,12,33,266
15662,10/16/2014 13:00,11,32,266
15663,10/16/2014 14:00,11,31,266
15664,10/16/2014 15:00,11,33,266
15665,10/16/2014 16:00,11,33,266
15666,10/16/2014 17:00,11,32,266
15667,10/16/2014 18:00,13,34,266
15668,10/16/2014 19:00,11,32,266
15669,10/16/2014 20:00,11,32,266
15670,10/16/2014 21:00,11,33,266
15671,10/16/2014 22:00,11,32,266
15672,10/16/2014 23:00,11,33,266
15673,10/17/2014 0:00,11,32,267
15674,10/17/2014 1:00,11,32,266
15675,10/17/2014 2:00,11,32,267
15676,10/17/2014 3:00,11,33,266
15677,10/17/2014 4:00,11,32,266
15678,10/17/2014 5:00,11,33,267
15679,10/17/2014 6:00,11,32,267
15680,10/17/2014 7:00,11,32,267
15681,10/17/2014 8:00,11,33,267
15682,10/17/2014 9:00,11,33,267
15683,10/17/2014 10:00,11,32,267
15684,10/17/2014 11:00,11,32,267
15685,10/17/2014 12:00,11,33,267
15686,10/17/2014 13:00,11,32,267
15687,10/17/2014 14:00,11,32,267
15688,10/17/2014 15:00,10,32,267
15689,10/17/2014 16:00,10,32,267
15690,10/17/2014 17:00,11,32,267
15691,10/17/2014 18:00,11,32,267
15692,10/17/2014 19:00,11,32,267
15693,10/17/2014 20:00,11,34,267
15694,10/17/2014 21:00,11,32,267
15695,10/17/2014 22:00,11,32,267
15696,10/17/2014 23:00,11,32,267
15697,10/18/2014 0:00,11,32,267
15698,10/18/2014 1:00,11,32,267
15699,10/18/2014 2:00,11,32,267
15700,10/18/2014 3:00,11,34,267
15701,10/18/2014 4:00,10,32,266
15702,10/18/2014 5:00,11,34,267
15703,10/18/2014 6:00,11,33,267
15704,10/18/2014 7:00,11,34,267
15705,10/18/2014 8:00,11,33,267
15706,10/18/2014 9:00,11,32,267
15707,10/18/2014 10:00,11,32,267
15708,10/18/2014 11:00,11,32,267
15709,10/18/2014 12:00,12,32,267
15710,10/18/2014 13:00,11,32,267
15711,10/18/2014 14:00,11,34,267
15712,10/18/2014 15:00,11,32,267
15713,10/18/2014 16:00,11,32,267
15714,10/18/2014 17:00,11,32,267
15715,10/18/2014 18:00,11,32,267
15716,10/18/2014 19:00,10,34,267
15717,10/18/2014 20:00,10,32,267
15718,10/18/2014 21:00,11,34,267
15719,10/18/2014 22:00,11,33,267
15720,10/18/2014 23:00,11,32,267
15721,10/19/2014 0:00,10,33,267
15722,10/19/2014 1:00,11,33,267
15723,10/19/2014 2:00,11,31,267
15724,10/19/2014 3:00,11,31,267
15725,10/19/2014 4:00,11,32,267
15726,10/19/2014 5:00,11,32,267
15727,10/19/2014 6:00,11,32,267
15728,10/19/2014 7:00,11,32,267
15729,10/19/2014 8:00,11,32,267
15730,10/19/2014 9:00,11,32,267
15731,10/19/2014 10:00,11,31,267
15732,10/19/2014 11:00,11,32,267
15733,10/19/2014 12:00,11,34,266
15734,10/19/2014 13:00,11,33,266
15735,10/19/2014 14:00,11,32,266
15736,10/19/2014 15:00,11,32,266
15737,10/19/2014 16:00,11,32,266
15738,10/19/2014 17:00,11,32,266
15739,10/19/2014 18:00,11,32,266
15740,10/19/2014 19:00,11,33,266
15741,10/19/2014 20:00,11,34,266
15742,10/19/2014 21:00,10,32,266
15743,10/19/2014 22:00,11,32,266
15744,10/19/2014 23:00,12,33,266
15745,10/20/2014 0:00,11,33,266
15746,10/20/2014 1:00,11,32,266
15747,10/20/2014 2:00,11,34,266
15748,10/20/2014 3:00,11,33,266
15749,10/20/2014 4:00,11,32,266
15750,10/20/2014 5:00,11,34,266
15751,10/20/2014 6:00,10,32,266
15752,10/20/2014 7:00,10,34,266
15753,10/20/2014 8:00,11,34,265
15754,10/20/2014 9:00,11,32,265
15755,10/20/2014 10:00,11,32,266
15756,10/20/2014 11:00,11,34,266
15757,10/20/2014 12:00,11,32,266
15758,10/20/2014 13:00,13,33,265
15759,10/20/2014 14:00,11,32,265
15760,10/20/2014 15:00,11,32,265
15761,10/20/2014 16:00,12,34,265
15762,10/20/2014 17:00,10,34,265
15763,10/20/2014 18:00,11,32,265
15764,10/20/2014 19:00,11,33,265
15765,10/20/2014 20:00,10,32,265
15766,10/20/2014 21:00,11,32,265
15767,10/20/2014 22:00,11,33,265
15768,10/20/2014 23:00,11,32,265
15769,10/21/2014 0:00,11,32,265
15770,10/21/2014 1:00,11,34,265
15771,10/21/2014 2:00,11,34,265
15772,10/21/2014 3:00,11,32,265
15773,10/21/2014 4:00,11,34,265
15774,10/21/2014 5:00,11,32,265
15775,10/21/2014 6:00,11,32,265
15776,10/21/2014 7:00,11,33,265
15777,10/21/2014 8:00,11,32,265
15778,10/21/2014 9:00,10,32,264
15779,10/21/2014 10:00,11,34,264
15780,10/21/2014 11:00,11,32,265
15781,10/21/2014 12:00,11,32,265
15782,10/21/2014 13:00,11,34,265
15783,10/21/2014 14:00,11,32,265
15784,10/21/2014 15:00,10,32,265
15785,10/21/2014 16:00,11,33,264
15786,10/21/2014 17:00,11,32,264
15787,10/21/2014 18:00,11,34,264
15788,10/21/2014 19:00,11,32,264
15789,10/21/2014 20:00,11,34,264
15790,10/21/2014 21:00,11,32,264
15791,10/21/2014 22:00,11,34,264
15792,10/21/2014 23:00,11,31,264
15793,10/22/2014 0:00,11,32,265
15794,10/22/2014 1:00,11,31,265
15795,10/22/2014 2:00,11,32,265
15796,10/22/2014 3:00,12,32,265
15797,10/22/2014 4:00,11,32,265
15798,10/22/2014 5:00,11,34,265
15799,10/22/2014 6:00,11,34,265
15800,10/22/2014 7:00,11,33,265
15801,10/22/2014 8:00,10,32,265
15802,10/22/2014 9:00,11,33,265
15803,10/22/2014 10:00,11,32,265
15804,10/22/2014 11:00,11,32,265
15805,10/22/2014 12:00,11,31,264
15806,10/22/2014 13:00,11,32,264
15807,10/22/2014 14:00,11,32,264
15808,10/22/2014 15:00,12,33,264
15809,10/22/2014 16:00,11,32,263
15810,10/22/2014 17:00,11,32,263
15811,10/22/2014 18:00,11,30,262
15812,10/22/2014 19:00,11,32,262
15813,10/22/2014 20:00,11,34,262
15814,10/22/2014 21:00,11,32,262
15815,10/22/2014 22:00,11,32,261
15816,10/22/2014 23:00,11,33,261
15817,10/23/2014 0:00,11,32,261
15818,10/23/2014 1:00,11,32,261
15819,10/23/2014 2:00,11,32,261
15820,10/23/2014 3:00,11,30,261
15821,10/23/2014 4:00,11,32,261
15822,10/23/2014 5:00,11,32,261
15823,10/23/2014 6:00,13,32,261
15824,10/23/2014 7:00,10,32,261
15825,10/23/2014 8:00,11,32,263
15826,10/23/2014 9:00,12,32,263
15827,10/23/2014 10:00,11,32,261
15828,10/23/2014 11:00,11,32,261
15829,10/23/2014 12:00,11,34,261
15830,10/23/2014 13:00,11,32,261
15831,10/23/2014 14:00,11,32,261
15832,10/23/2014 15:00,11,34,261
15833,10/23/2014 16:00,11,32,261
15834,10/23/2014 17:00,11,32,261
15835,10/23/2014 18:00,11,33,261
15836,10/23/2014 19:00,11,32,260
15837,10/23/2014 20:00,11,32,261
15838,10/23/2014 21:00,10,32,260
15839,10/23/2014 22:00,11,33,260
15840,10/23/2014 23:00,11,32,260
15841,10/24/2014 0:00,11,32,260
15842,10/24/2014 1:00,11,32,260
15843,10/24/2014 2:00,11,33,260
15844,10/24/2014 3:00,11,32,260
15845,10/24/2014 4:00,11,32,260
15846,10/24/2014 5:00,11,33,259
15847,10/24/2014 6:00,10,32,259
15848,10/24/2014 7:00,10,32,260
15849,10/24/2014 8:00,11,32,260
15850,10/24/2014 9:00,11,32,260
15851,10/24/2014 10:00,11,32,259
15852,10/24/2014 11:00,10,32,260
15853,10/24/2014 12:00,11,31,259
15854,10/24/2014 13:00,10,32,259
15855,10/24/2014 14:00,10,32,259
15856,10/24/2014 15:00,11,32,259
15857,10/24/2014 16:00,11,32,260
15858,10/24/2014 17:00,11,32,259
15859,10/24/2014 18:00,11,34,259
15860,10/24/2014 19:00,10,34,259
15861,10/24/2014 20:00,11,33,259
15862,10/24/2014 21:00,11,34,259
15863,10/24/2014 22:00,11,32,259
15864,10/24/2014 23:00,11,32,259
15865,10/25/2014 0:00,10,32,259
15866,10/25/2014 1:00,11,32,258
15867,10/25/2014 2:00,10,32,259
15868,10/25/2014 3:00,11,32,259
15869,10/25/2014 4:00,11,32,259
15870,10/25/2014 5:00,11,32,260
15871,10/25/2014 6:00,10,34,259
15872,10/25/2014 7:00,10,32,259
15873,10/25/2014 8:00,11,32,259
15874,10/25/2014 9:00,11,32,260
15875,10/25/2014 10:00,11,32,259
15876,10/25/2014 11:00,11,32,259
15877,10/25/2014 12:00,11,32,259
15878,10/25/2014 13:00,11,32,258
15879,10/25/2014 14:00,11,32,258
15880,10/25/2014 15:00,11,32,257
15881,10/25/2014 16:00,11,32,257
15882,10/25/2014 17:00,11,32,257
15883,10/25/2014 18:00,11,34,258
15884,10/25/2014 19:00,10,32,258
15885,10/25/2014 20:00,11,32,257
15886,10/25/2014 21:00,11,32,258
15887,10/25/2014 22:00,11,32,257
15888,10/25/2014 23:00,11,32,258
15889,10/26/2014 0:00,12,32,258
15890,10/26/2014 1:00,11,32,258
15891,10/26/2014 2:00,11,32,258
15892,10/26/2014 3:00,11,32,257
15893,10/26/2014 4:00,11,32,257
15894,10/26/2014 5:00,11,32,257
15895,10/26/2014 6:00,11,32,258
15896,10/26/2014 7:00,12,32,258
15897,10/26/2014 8:00,11,32,258
15898,10/26/2014 9:00,11,32,258
15899,10/26/2014 10:00,11,32,258
15900,10/26/2014 11:00,11,32,259
15901,10/26/2014 12:00,11,32,259
15902,10/26/2014 13:00,10,32,259
15903,10/26/2014 14:00,11,33,259
15904,10/26/2014 15:00,11,33,259
15905,10/26/2014 16:00,11,33,259
15906,10/26/2014 17:00,10,31,259
15907,10/26/2014 18:00,12,33,259
15908,10/26/2014 19:00,10,33,259
15909,10/26/2014 20:00,11,32,259
15910,10/26/2014 21:00,11,33,259
15911,10/26/2014 22:00,11,33,259
15912,10/26/2014 23:00,11,32,259
15913,10/27/2014 0:00,9,33,259
15914,10/27/2014 1:00,11,32,259
15915,10/27/2014 2:00,11,32,259
15916,10/27/2014 3:00,11,32,259
15917,10/27/2014 4:00,10,32,259
15918,10/27/2014 5:00,11,32,259
15919,10/27/2014 6:00,11,34,259
15920,10/27/2014 7:00,11,33,258
15921,10/27/2014 8:00,12,33,258
15922,10/27/2014 9:00,11,32,259
15923,10/27/2014 10:00,11,33,258
15924,10/27/2014 11:00,11,32,258
15925,10/27/2014 12:00,11,34,258
15926,10/27/2014 13:00,11,32,258
15927,10/27/2014 14:00,11,33,257
15928,10/27/2014 15:00,9,32,258
15929,10/27/2014 16:00,9,34,258
15930,10/27/2014 17:00,9,32,258
15931,10/27/2014 18:00,13,33,258
15932,10/27/2014 19:00,11,32,258
15933,10/27/2014 20:00,11,32,257
15934,10/27/2014 21:00,10,34,258
15935,10/27/2014 22:00,11,32,258
15936,10/27/2014 23:00,10,31,259
15937,10/28/2014 0:00,11,31,259
15938,10/28/2014 1:00,11,32,258
15939,10/28/2014 2:00,11,33,258
15940,10/28/2014 3:00,11,32,259
15941,10/28/2014 4:00,11,32,259
15942,10/28/2014 5:00,11,32,256
15943,10/28/2014 6:00,11,32,254
15944,10/28/2014 7:00,9,34,312
15945,10/28/2014 8:00,10,32,269
15946,10/28/2014 9:00,11,34,276
15947,10/28/2014 10:00,11,32,291
15948,10/28/2014 11:00,11,34,287
15949,10/28/2014 12:00,11,33,298
15950,10/28/2014 13:00,10,33,315
15951,10/28/2014 14:00,12,32,320
15952,10/28/2014 15:00,11,33,324
15953,10/28/2014 16:00,11,32,330
15954,10/28/2014 17:00,10,32,351
15955,10/28/2014 18:00,11,32,326
15956,10/28/2014 19:00,11,32,336
15957,10/28/2014 20:00,11,33,335
15958,10/28/2014 21:00,11,33,364
15959,10/28/2014 22:00,11,32,327
15960,10/28/2014 23:00,11,32,337
15961,10/29/2014 0:00,11,32,356
15962,10/29/2014 1:00,11,32,339
15963,10/29/2014 2:00,12,32,336
15964,10/29/2014 3:00,12,32,338
15965,10/29/2014 4:00,11,32,338
15966,10/29/2014 5:00,11,32,339
15967,10/29/2014 6:00,11,33,339
15968,10/29/2014 7:00,11,32,339
15969,10/29/2014 8:00,36,32,335
15970,10/29/2014 9:00,10,32,336
15971,10/29/2014 10:00,11,33,348
15972,10/29/2014 11:00,12,32,321
15973,10/29/2014 12:00,61,33,319
15974,10/29/2014 13:00,59,32,285
15975,10/29/2014 14:00,63,33,301
15976,10/29/2014 15:00,63,32,315
15977,10/29/2014 16:00,58,34,315
15978,10/29/2014 17:00,69,33,307
15979,10/29/2014 18:00,63,32,300
15980,10/29/2014 19:00,59,32,301
15981,10/29/2014 20:00,56,33,304
15982,10/29/2014 21:00,46,32,307
15983,10/29/2014 22:00,41,33,311
15984,10/29/2014 23:00,39,32,304
15985,10/30/2014 0:00,36,33,313
15986,10/30/2014 1:00,33,32,328
15987,10/30/2014 2:00,28,33,330
15988,10/30/2014 3:00,25,34,333
15989,10/30/2014 4:00,20,34,333
15990,10/30/2014 5:00,14,32,334
15991,10/30/2014 6:00,14,33,334
15992,10/30/2014 7:00,14,32,334
15993,10/30/2014 8:00,14,32,334
15994,10/30/2014 9:00,14,33,334
15995,10/30/2014 10:00,14,33,334
15996,10/30/2014 11:00,14,32,335
15997,10/30/2014 12:00,13,32,335
15998,10/30/2014 13:00,13,32,334
15999,10/30/2014 14:00,13,32,334
16000,10/30/2014 15:00,13,32,334
16001,10/30/2014 16:00,13,33,334
16002,10/30/2014 17:00,13,32,334
16003,10/30/2014 18:00,12,32,334
16004,10/30/2014 19:00,12,32,333
16005,10/30/2014 20:00,12,32,333
16006,10/30/2014 21:00,25,32,333
16007,10/30/2014 22:00,12,33,333
16008,10/30/2014 23:00,14,32,333
16009,10/31/2014 0:00,12,32,334
16010,10/31/2014 1:00,12,32,335
16011,10/31/2014 2:00,12,32,333
16012,10/31/2014 3:00,12,32,333
16013,10/31/2014 4:00,12,32,333
16014,10/31/2014 5:00,14,34,333
16015,10/31/2014 6:00,12,32,333
16016,10/31/2014 7:00,13,32,333
16017,10/31/2014 8:00,12,32,332
16018,10/31/2014 9:00,12,32,332
16019,10/31/2014 10:00,12,32,331
16020,10/31/2014 11:00,12,33,331
16021,10/31/2014 12:00,14,32,331
16022,10/31/2014 13:00,12,32,331
16023,10/31/2014 14:00,13,34,330
16024,10/31/2014 15:00,13,32,330
16025,10/31/2014 16:00,13,32,330
16026,10/31/2014 17:00,13,33,330
16027,10/31/2014 18:00,12,32,330
16028,10/31/2014 19:00,13,33,330
16029,10/31/2014 20:00,13,32,329
16030,10/31/2014 21:00,13,32,329
16031,10/31/2014 22:00,13,32,329
16032,10/31/2014 23:00,13,33,328
16033,11/1/2014 0:00,13,32,328
16034,11/1/2014 1:00,13,34,328
16035,11/1/2014 2:00,13,32,328
16036,11/1/2014 3:00,13,33,328
16037,11/1/2014 4:00,13,34,328
16038,11/1/2014 5:00,13,34,328
16039,11/1/2014 6:00,13,32,328
16040,11/1/2014 7:00,13,32,327
16041,11/1/2014 8:00,13,32,327
16042,11/1/2014 9:00,13,32,327
16043,11/1/2014 10:00,13,32,327
16044,11/1/2014 11:00,13,32,327
16045,11/1/2014 12:00,15,32,327
16046,11/1/2014 13:00,13,32,327
16047,11/1/2014 14:00,13,32,327
16048,11/1/2014 15:00,13,32,327
16049,11/1/2014 16:00,13,32,327
16050,11/1/2014 17:00,13,32,326
16051,11/1/2014 18:00,13,32,326
16052,11/1/2014 19:00,13,33,326
16053,11/1/2014 20:00,13,32,326
16054,11/1/2014 21:00,13,32,326
16055,11/1/2014 22:00,13,32,326
16056,11/1/2014 23:00,13,32,326
16057,11/2/2014 0:00,13,34,326
16058,11/2/2014 1:00,13,33,326
16059,11/2/2014 2:00,13,32,326
16060,11/2/2014 3:00,13,32,326
16061,11/2/2014 4:00,13,32,325
16062,11/2/2014 5:00,13,33,325
16063,11/2/2014 6:00,13,32,325
16064,11/2/2014 7:00,13,32,325
16065,11/2/2014 8:00,13,32,325
16066,11/2/2014 9:00,13,34,325
16067,11/2/2014 10:00,13,32,325
16068,11/2/2014 11:00,13,32,325
16069,11/2/2014 12:00,13,32,325
16070,11/2/2014 13:00,13,32,325
16071,11/2/2014 14:00,13,32,325
16072,11/2/2014 15:00,13,32,325
16073,11/2/2014 16:00,13,32,325
16074,11/2/2014 17:00,13,32,324
16075,11/2/2014 18:00,13,31,324
16076,11/2/2014 19:00,13,32,324
16077,11/2/2014 20:00,13,32,324
16078,11/2/2014 21:00,13,32,324
16079,11/2/2014 22:00,13,32,324
16080,11/2/2014 23:00,13,32,324
16081,11/3/2014 0:00,13,32,324
16082,11/3/2014 1:00,13,32,324
16083,11/3/2014 2:00,13,32,324
16084,11/3/2014 3:00,13,34,324
16085,11/3/2014 4:00,13,32,323
16086,11/3/2014 5:00,14,34,322
16087,11/3/2014 6:00,13,32,322
16088,11/3/2014 7:00,13,32,322
16089,11/3/2014 8:00,13,32,322
16090,11/3/2014 9:00,13,32,322
16091,11/3/2014 10:00,13,32,322
16092,11/3/2014 11:00,13,34,322
16093,11/3/2014 12:00,13,32,322
16094,11/3/2014 13:00,13,32,322
16095,11/3/2014 14:00,13,32,322
16096,11/3/2014 15:00,13,32,321
16097,11/3/2014 16:00,15,34,322
16098,11/3/2014 17:00,13,32,322
16099,11/3/2014 18:00,13,32,321
16100,11/3/2014 19:00,15,32,321
16101,11/3/2014 20:00,13,32,321
16102,11/3/2014 21:00,13,34,321
16103,11/3/2014 22:00,13,32,350
16104,11/3/2014 23:00,13,32,350
16105,11/4/2014 0:00,13,32,354
16106,11/4/2014 1:00,13,32,333
16107,11/4/2014 2:00,13,34,333
16108,11/4/2014 3:00,13,32,334
16109,11/4/2014 4:00,13,32,335
16110,11/4/2014 5:00,13,32,335
16111,11/4/2014 6:00,13,32,335
16112,11/4/2014 7:00,13,33,335
16113,11/4/2014 8:00,15,32,335
16114,11/4/2014 9:00,12,34,336
16115,11/4/2014 10:00,13,32,336
16116,11/4/2014 11:00,13,33,336
16117,11/4/2014 12:00,13,32,336
16118,11/4/2014 13:00,13,32,336
16119,11/4/2014 14:00,13,32,336
16120,11/4/2014 15:00,13,32,336
16121,11/4/2014 16:00,13,32,336
16122,11/4/2014 17:00,15,32,336
16123,11/4/2014 18:00,13,32,336
16124,11/4/2014 19:00,13,32,336
16125,11/4/2014 20:00,13,32,336
16126,11/4/2014 21:00,15,33,336
16127,11/4/2014 22:00,13,32,336
16128,11/4/2014 23:00,13,32,336
16129,11/5/2014 0:00,13,32,336
16130,11/5/2014 1:00,13,32,336
16131,11/5/2014 2:00,13,33,336
16132,11/5/2014 3:00,13,34,336
16133,11/5/2014 4:00,13,32,336
16134,11/5/2014 5:00,13,32,336
16135,11/5/2014 6:00,13,34,335
16136,11/5/2014 7:00,13,32,335
16137,11/5/2014 8:00,13,32,335
16138,11/5/2014 9:00,13,32,335
16139,11/5/2014 10:00,13,32,334
16140,11/5/2014 11:00,13,32,334
16141,11/5/2014 12:00,13,32,334
16142,11/5/2014 13:00,13,32,334
16143,11/5/2014 14:00,13,32,334
16144,11/5/2014 15:00,13,32,333
16145,11/5/2014 16:00,13,32,334
16146,11/5/2014 17:00,13,32,334
16147,11/5/2014 18:00,13,32,334
16148,11/5/2014 19:00,13,32,334
16149,11/5/2014 20:00,13,32,334
16150,11/5/2014 21:00,13,32,333
16151,11/5/2014 22:00,13,32,333
16152,11/5/2014 23:00,13,32,333
16153,11/6/2014 0:00,13,32,331
16154,11/6/2014 1:00,12,32,331
16155,11/6/2014 2:00,12,34,331
16156,11/6/2014 3:00,13,32,331
16157,11/6/2014 4:00,13,32,330
16158,11/6/2014 5:00,13,32,331
16159,11/6/2014 6:00,13,32,331
16160,11/6/2014 7:00,12,32,330
16161,11/6/2014 8:00,12,32,331
16162,11/6/2014 9:00,12,32,331
16163,11/6/2014 10:00,12,32,330
16164,11/6/2014 11:00,12,32,330
16165,11/6/2014 12:00,12,32,330
16166,11/6/2014 13:00,12,32,330
16167,11/6/2014 14:00,12,32,331
16168,11/6/2014 15:00,12,32,330
16169,11/6/2014 16:00,12,34,330
16170,11/6/2014 17:00,12,34,330
16171,11/6/2014 18:00,12,32,330
16172,11/6/2014 19:00,12,32,330
16173,11/6/2014 20:00,12,32,330
16174,11/6/2014 21:00,12,32,330
16175,11/6/2014 22:00,12,32,330
16176,11/6/2014 23:00,12,32,330
16177,11/7/2014 0:00,12,32,330
16178,11/7/2014 1:00,12,33,330
16179,11/7/2014 2:00,12,32,330
16180,11/7/2014 3:00,12,32,330
16181,11/7/2014 4:00,12,32,330
16182,11/7/2014 5:00,12,32,330
16183,11/7/2014 6:00,12,32,330
16184,11/7/2014 7:00,10,32,330
16185,11/7/2014 8:00,12,32,330
16186,11/7/2014 9:00,15,32,330
16187,11/7/2014 10:00,12,32,330
16188,11/7/2014 11:00,11,32,330
16189,11/7/2014 12:00,12,32,330
16190,11/7/2014 13:00,12,33,330
16191,11/7/2014 14:00,12,32,330
16192,11/7/2014 15:00,12,33,330
16193,11/7/2014 16:00,12,34,330
16194,11/7/2014 17:00,15,32,329
16195,11/7/2014 18:00,12,32,330
16196,11/7/2014 19:00,12,32,330
16197,11/7/2014 20:00,12,32,330
16198,11/7/2014 21:00,12,32,330
16199,11/7/2014 22:00,14,33,329
16200,11/7/2014 23:00,15,32,330
16201,11/8/2014 0:00,12,32,329
16202,11/8/2014 1:00,12,32,329
16203,11/8/2014 2:00,15,32,329
16204,11/8/2014 3:00,12,33,329
16205,11/8/2014 4:00,12,32,329
16206,11/8/2014 5:00,11,33,329
16207,11/8/2014 6:00,15,32,329
16208,11/8/2014 7:00,12,32,329
16209,11/8/2014 8:00,12,32,329
16210,11/8/2014 9:00,12,32,329
16211,11/8/2014 10:00,10,33,329
16212,11/8/2014 11:00,12,33,329
16213,11/8/2014 12:00,12,33,328
16214,11/8/2014 13:00,12,32,329
16215,11/8/2014 14:00,12,33,329
16216,11/8/2014 15:00,12,32,329
16217,11/8/2014 16:00,12,33,329
16218,11/8/2014 17:00,12,33,329
16219,11/8/2014 18:00,12,33,329
16220,11/8/2014 19:00,13,33,329
16221,11/8/2014 20:00,12,33,329
16222,11/8/2014 21:00,12,33,330
16223,11/8/2014 22:00,12,33,330
16224,11/8/2014 23:00,12,33,330
16225,11/9/2014 0:00,12,33,329
16226,11/9/2014 1:00,12,34,330
16227,11/9/2014 2:00,12,33,329
16228,11/9/2014 3:00,12,33,329
16229,11/9/2014 4:00,12,33,329
16230,11/9/2014 5:00,12,33,330
16231,11/9/2014 6:00,12,31,330
16232,11/9/2014 7:00,12,33,329
16233,11/9/2014 8:00,12,32,330
16234,11/9/2014 9:00,12,33,330
16235,11/9/2014 10:00,12,33,330
16236,11/9/2014 11:00,12,31,330
16237,11/9/2014 12:00,15,33,330
16238,11/9/2014 13:00,10,33,330
16239,11/9/2014 14:00,12,33,330
16240,11/9/2014 15:00,14,33,330
16241,11/9/2014 16:00,12,34,330
16242,11/9/2014 17:00,12,33,330
16243,11/9/2014 18:00,12,33,330
16244,11/9/2014 19:00,12,33,330
16245,11/9/2014 20:00,12,34,330
16246,11/9/2014 21:00,12,33,330
16247,11/9/2014 22:00,12,33,329
16248,11/9/2014 23:00,12,33,330
16249,11/10/2014 0:00,12,33,330
16250,11/10/2014 1:00,12,33,330
16251,11/10/2014 2:00,15,33,330
16252,11/10/2014 3:00,12,33,329
16253,11/10/2014 4:00,12,33,330
16254,11/10/2014 5:00,12,33,330
16255,11/10/2014 6:00,12,33,330
16256,11/10/2014 7:00,12,33,330
16257,11/10/2014 8:00,12,33,330
16258,11/10/2014 9:00,12,33,330
16259,11/10/2014 10:00,12,34,330
16260,11/10/2014 11:00,12,33,329
16261,11/10/2014 12:00,12,33,328
16262,11/10/2014 13:00,12,33,328
16263,11/10/2014 14:00,12,33,328
16264,11/10/2014 15:00,12,31,328
16265,11/10/2014 16:00,12,32,328
16266,11/10/2014 17:00,12,33,328
16267,11/10/2014 18:00,12,33,328
16268,11/10/2014 19:00,12,33,328
16269,11/10/2014 20:00,12,33,328
16270,11/10/2014 21:00,12,34,328
16271,11/10/2014 22:00,14,33,328
16272,11/10/2014 23:00,12,33,328
16273,11/11/2014 0:00,12,33,328
16274,11/11/2014 1:00,12,33,328
16275,11/11/2014 2:00,12,33,328
16276,11/11/2014 3:00,12,34,328
16277,11/11/2014 4:00,15,33,328
16278,11/11/2014 5:00,12,33,328
16279,11/11/2014 6:00,12,33,328
16280,11/11/2014 7:00,12,33,328
16281,11/11/2014 8:00,12,33,328
16282,11/11/2014 9:00,12,33,328
16283,11/11/2014 10:00,12,33,328
16284,11/11/2014 11:00,12,34,328
16285,11/11/2014 12:00,12,33,328
16286,11/11/2014 13:00,12,33,328
16287,11/11/2014 14:00,12,33,328
16288,11/11/2014 15:00,12,33,328
16289,11/11/2014 16:00,12,33,328
16290,11/11/2014 17:00,12,33,328
16291,11/11/2014 18:00,12,33,328
16292,11/11/2014 19:00,12,33,328
16293,11/11/2014 20:00,15,33,328
16294,11/11/2014 21:00,12,33,328
16295,11/11/2014 22:00,12,34,328
16296,11/11/2014 23:00,12,33,328
16297,11/12/2014 0:00,12,33,328
16298,11/12/2014 1:00,12,33,328
16299,11/12/2014 2:00,12,33,328
16300,11/12/2014 3:00,12,33,328
16301,11/12/2014 4:00,12,33,328
16302,11/12/2014 5:00,12,33,351
16303,11/12/2014 6:00,12,33,356
16304,11/12/2014 7:00,12,33,352
16305,11/12/2014 8:00,12,33,353
16306,11/12/2014 9:00,12,33,351
16307,11/12/2014 10:00,12,33,351
16308,11/12/2014 11:00,12,33,352
16309,11/12/2014 12:00,12,33,350
16310,11/12/2014 13:00,13,33,352
16311,11/12/2014 14:00,12,33,355
16312,11/12/2014 15:00,12,33,361
16313,11/12/2014 16:00,12,33,372
16314,11/12/2014 17:00,12,33,391
16315,11/12/2014 18:00,12,33,393
16316,11/12/2014 19:00,10,33,383
16317,11/12/2014 20:00,12,33,382
16318,11/12/2014 21:00,12,33,381
16319,11/12/2014 22:00,12,33,379
16320,11/12/2014 23:00,12,33,381
16321,11/13/2014 0:00,12,33,378
16322,11/13/2014 1:00,12,33,380
16323,11/13/2014 2:00,12,33,370
16324,11/13/2014 3:00,12,33,362
16325,11/13/2014 4:00,12,33,361
16326,11/13/2014 5:00,12,33,362
16327,11/13/2014 6:00,12,33,361
16328,11/13/2014 7:00,12,33,361
16329,11/13/2014 8:00,12,33,361
16330,11/13/2014 9:00,12,33,361
16331,11/13/2014 10:00,12,33,361
16332,11/13/2014 11:00,12,34,361
16333,11/13/2014 12:00,12,33,361
16334,11/13/2014 13:00,12,33,361
16335,11/13/2014 14:00,12,33,361
16336,11/13/2014 15:00,12,33,361
16337,11/13/2014 16:00,12,33,361
16338,11/13/2014 17:00,12,34,361
16339,11/13/2014 18:00,12,33,361
16340,11/13/2014 19:00,12,33,361
16341,11/13/2014 20:00,12,33,361
16342,11/13/2014 21:00,12,33,361
16343,11/13/2014 22:00,11,33,361
16344,11/13/2014 23:00,15,33,361
16345,11/14/2014 0:00,12,33,361
16346,11/14/2014 1:00,12,33,361
16347,11/14/2014 2:00,12,33,360
16348,11/14/2014 3:00,12,33,360
16349,11/14/2014 4:00,12,33,360
16350,11/14/2014 5:00,12,33,360
16351,11/14/2014 6:00,12,31,360
16352,11/14/2014 7:00,12,33,360
16353,11/14/2014 8:00,12,34,360
16354,11/14/2014 9:00,12,33,360
16355,11/14/2014 10:00,12,33,360
16356,11/14/2014 11:00,12,33,360
16357,11/14/2014 12:00,12,33,360
16358,11/14/2014 13:00,12,33,360
16359,11/14/2014 14:00,12,33,360
16360,11/14/2014 15:00,12,33,360
16361,11/14/2014 16:00,12,33,360
16362,11/14/2014 17:00,12,33,360
16363,11/14/2014 18:00,12,33,360
16364,11/14/2014 19:00,13,33,360
16365,11/14/2014 20:00,12,33,361
16366,11/14/2014 21:00,12,33,362
16367,11/14/2014 22:00,12,33,362
16368,11/14/2014 23:00,12,33,362
16369,11/15/2014 0:00,12,33,361
16370,11/15/2014 1:00,12,33,361
16371,11/15/2014 2:00,12,33,361
16372,11/15/2014 3:00,12,33,361
16373,11/15/2014 4:00,12,33,361
16374,11/15/2014 5:00,12,33,361
16375,11/15/2014 6:00,12,34,361
16376,11/15/2014 7:00,12,33,361
16377,11/15/2014 8:00,12,33,361
16378,11/15/2014 9:00,12,33,361
16379,11/15/2014 10:00,12,33,361
16380,11/15/2014 11:00,12,33,361
16381,11/15/2014 12:00,12,33,361
16382,11/15/2014 13:00,12,33,361
16383,11/15/2014 14:00,12,33,361
16384,11/15/2014 15:00,13,33,361
16385,11/15/2014 16:00,12,33,361
16386,11/15/2014 17:00,12,33,361
16387,11/15/2014 18:00,12,33,361
16388,11/15/2014 19:00,15,33,361
16389,11/15/2014 20:00,12,33,361
16390,11/15/2014 21:00,12,33,361
16391,11/15/2014 22:00,12,33,361
16392,11/15/2014 23:00,12,33,361
16393,11/16/2014 0:00,12,33,361
16394,11/16/2014 1:00,12,33,361
16395,11/16/2014 2:00,12,33,361
16396,11/16/2014 3:00,12,33,361
16397,11/16/2014 4:00,12,33,361
16398,11/16/2014 5:00,12,33,360
16399,11/16/2014 6:00,12,33,360
16400,11/16/2014 7:00,12,33,361
16401,11/16/2014 8:00,12,33,360
16402,11/16/2014 9:00,12,33,360
16403,11/16/2014 10:00,12,33,360
16404,11/16/2014 11:00,12,33,360
16405,11/16/2014 12:00,12,33,360
16406,11/16/2014 13:00,10,33,360
16407,11/16/2014 14:00,12,33,360
16408,11/16/2014 15:00,12,33,360
16409,11/16/2014 16:00,12,33,360
16410,11/16/2014 17:00,12,33,360
16411,11/16/2014 18:00,12,33,360
16412,11/16/2014 19:00,13,33,360
16413,11/16/2014 20:00,12,33,360
16414,11/16/2014 21:00,12,33,360
16415,11/16/2014 22:00,12,33,360
16416,11/16/2014 23:00,12,33,360
16417,11/17/2014 0:00,12,33,360
16418,11/17/2014 1:00,12,33,360
16419,11/17/2014 2:00,12,33,360
16420,11/17/2014 3:00,12,33,360
16421,11/17/2014 4:00,12,33,360
16422,11/17/2014 5:00,12,33,360
16423,11/17/2014 6:00,12,33,360
16424,11/17/2014 7:00,12,33,360
16425,11/17/2014 8:00,12,33,360
16426,11/17/2014 9:00,12,33,360
16427,11/17/2014 10:00,12,33,360
16428,11/17/2014 11:00,12,33,360
16429,11/17/2014 12:00,12,33,360
16430,11/17/2014 13:00,12,33,360
16431,11/17/2014 14:00,12,33,360
16432,11/17/2014 15:00,12,33,360
16433,11/17/2014 16:00,12,33,360
16434,11/17/2014 17:00,12,33,360
16435,11/17/2014 18:00,12,33,360
16436,11/17/2014 19:00,12,33,360
16437,11/17/2014 20:00,12,33,360
16438,11/17/2014 21:00,12,33,360
16439,11/17/2014 22:00,12,33,360
16440,11/17/2014 23:00,12,33,360
16441,11/18/2014 0:00,12,33,360
16442,11/18/2014 1:00,12,33,360
16443,11/18/2014 2:00,12,33,360
16444,11/18/2014 3:00,12,33,360
16445,11/18/2014 4:00,12,33,360
16446,11/18/2014 5:00,12,33,360
16447,11/18/2014 6:00,12,33,360
16448,11/18/2014 7:00,12,33,360
16449,11/18/2014 8:00,12,33,360
16450,11/18/2014 9:00,12,33,360
16451,11/18/2014 10:00,12,33,360
16452,11/18/2014 11:00,12,33,360
16453,11/18/2014 12:00,12,33,360
16454,11/18/2014 13:00,12,33,360
16455,11/18/2014 14:00,12,33,360
16456,11/18/2014 15:00,12,33,360
16457,11/18/2014 16:00,12,33,360
16458,11/18/2014 17:00,12,33,360
16459,11/18/2014 18:00,12,33,360
16460,11/18/2014 19:00,12,33,360
16461,11/18/2014 20:00,14,33,360
16462,11/18/2014 21:00,12,33,360
16463,11/18/2014 22:00,12,33,360
16464,11/18/2014 23:00,12,33,360
16465,11/19/2014 0:00,12,33,360
16466,11/19/2014 1:00,12,33,360
16467,11/19/2014 2:00,12,33,360
16468,11/19/2014 3:00,12,33,360
16469,11/19/2014 4:00,12,33,360
16470,11/19/2014 5:00,12,33,360
16471,11/19/2014 6:00,12,33,360
16472,11/19/2014 7:00,12,34,360
16473,11/19/2014 8:00,12,33,360
16474,11/19/2014 9:00,12,33,360
16475,11/19/2014 10:00,12,33,360
16476,11/19/2014 11:00,12,33,360
16477,11/19/2014 12:00,12,33,360
16478,11/19/2014 13:00,12,33,360
16479,11/19/2014 14:00,12,33,360
16480,11/19/2014 15:00,12,33,360
16481,11/19/2014 16:00,12,33,360
16482,11/19/2014 17:00,12,33,360
16483,11/19/2014 18:00,12,33,360
16484,11/19/2014 19:00,12,33,360
16485,11/19/2014 20:00,12,33,360
16486,11/19/2014 21:00,12,33,360
16487,11/19/2014 22:00,12,34,360
16488,11/19/2014 23:00,12,33,360
16489,11/20/2014 0:00,12,33,360
16490,11/20/2014 1:00,12,33,360
16491,11/20/2014 2:00,12,34,360
16492,11/20/2014 3:00,12,33,360
16493,11/20/2014 4:00,12,33,360
16494,11/20/2014 5:00,12,33,360
16495,11/20/2014 6:00,12,34,360
16496,11/20/2014 7:00,12,33,360
16497,11/20/2014 8:00,12,33,360
16498,11/20/2014 9:00,12,33,360
16499,11/20/2014 10:00,12,33,360
16500,11/20/2014 11:00,12,33,360
16501,11/20/2014 12:00,12,33,360
16502,11/20/2014 13:00,12,33,360
16503,11/20/2014 14:00,12,33,360
16504,11/20/2014 15:00,12,33,360
16505,11/20/2014 16:00,12,33,360
16506,11/20/2014 17:00,12,33,360
16507,11/20/2014 18:00,12,33,360
16508,11/20/2014 19:00,12,33,360
16509,11/20/2014 20:00,12,33,360
16510,11/20/2014 21:00,12,34,360
16511,11/20/2014 22:00,12,33,360
16512,11/20/2014 23:00,12,33,360
16513,11/21/2014 0:00,12,33,359
16514,11/21/2014 1:00,12,33,360
16515,11/21/2014 2:00,12,33,360
16516,11/21/2014 3:00,12,33,360
16517,11/21/2014 4:00,12,33,360
16518,11/21/2014 5:00,12,34,360
16519,11/21/2014 6:00,12,33,360
16520,11/21/2014 7:00,12,33,360
16521,11/21/2014 8:00,12,33,360
16522,11/21/2014 9:00,12,33,360
16523,11/21/2014 10:00,12,33,360
16524,11/21/2014 11:00,12,33,360
16525,11/21/2014 12:00,12,33,360
16526,11/21/2014 13:00,12,33,359
16527,11/21/2014 14:00,12,33,359
16528,11/21/2014 15:00,12,33,360
16529,11/21/2014 16:00,12,33,359
16530,11/21/2014 17:00,12,33,360
16531,11/21/2014 18:00,12,33,360
16532,11/21/2014 19:00,12,33,360
16533,11/21/2014 20:00,12,33,360
16534,11/21/2014 21:00,12,33,360
16535,11/21/2014 22:00,12,33,360
16536,11/21/2014 23:00,12,33,360
16537,11/22/2014 0:00,12,33,360
16538,11/22/2014 1:00,12,34,360
16539,11/22/2014 2:00,12,33,360
16540,11/22/2014 3:00,12,33,360
16541,11/22/2014 4:00,12,34,360
16542,11/22/2014 5:00,12,33,360
16543,11/22/2014 6:00,14,33,360
16544,11/22/2014 7:00,12,33,360
16545,11/22/2014 8:00,12,34,360
16546,11/22/2014 9:00,12,34,360
16547,11/22/2014 10:00,11,33,360
16548,11/22/2014 11:00,12,33,360
16549,11/22/2014 12:00,12,33,360
16550,11/22/2014 13:00,12,33,360
16551,11/22/2014 14:00,12,34,360
16552,11/22/2014 15:00,12,33,360
16553,11/22/2014 16:00,12,33,360
16554,11/22/2014 17:00,12,33,360
16555,11/22/2014 18:00,12,33,360
16556,11/22/2014 19:00,12,33,360
16557,11/22/2014 20:00,12,33,360
16558,11/22/2014 21:00,12,33,360
16559,11/22/2014 22:00,15,33,360
16560,11/22/2014 23:00,12,33,360
16561,11/23/2014 0:00,12,33,360
16562,11/23/2014 1:00,12,33,360
16563,11/23/2014 2:00,12,33,360
16564,11/23/2014 3:00,12,33,360
16565,11/23/2014 4:00,12,33,360
16566,11/23/2014 5:00,12,33,360
16567,11/23/2014 6:00,12,33,360
16568,11/23/2014 7:00,12,33,360
16569,11/23/2014 8:00,12,33,359
16570,11/23/2014 9:00,12,33,360
16571,11/23/2014 10:00,12,33,360
16572,11/23/2014 11:00,12,33,360
16573,11/23/2014 12:00,12,33,359
16574,11/23/2014 13:00,12,33,359
16575,11/23/2014 14:00,12,33,359
16576,11/23/2014 15:00,12,33,359
16577,11/23/2014 16:00,12,33,359
16578,11/23/2014 17:00,12,33,359
16579,11/23/2014 18:00,12,33,359
16580,11/23/2014 19:00,12,33,359
16581,11/23/2014 20:00,12,33,360
16582,11/23/2014 21:00,12,33,359
16583,11/23/2014 22:00,12,33,360
16584,11/23/2014 23:00,12,33,360
16585,11/24/2014 0:00,12,33,359
16586,11/24/2014 1:00,12,33,359
16587,11/24/2014 2:00,12,33,360
16588,11/24/2014 3:00,12,33,360
16589,11/24/2014 4:00,11,33,360
16590,11/24/2014 5:00,12,33,359
16591,11/24/2014 6:00,12,33,359
16592,11/24/2014 7:00,12,33,359
16593,11/24/2014 8:00,12,33,359
16594,11/24/2014 9:00,12,33,359
16595,11/24/2014 10:00,12,33,360
16596,11/24/2014 11:00,12,33,359
16597,11/24/2014 12:00,12,33,359
16598,11/24/2014 13:00,12,33,359
16599,11/24/2014 14:00,12,33,359
16600,11/24/2014 15:00,12,33,359
16601,11/24/2014 16:00,12,33,359
16602,11/24/2014 17:00,12,33,360
16603,11/24/2014 18:00,12,33,359
16604,11/24/2014 19:00,12,33,359
16605,11/24/2014 20:00,12,33,359
16606,11/24/2014 21:00,12,33,359
16607,11/24/2014 22:00,13,33,359
16608,11/24/2014 23:00,12,33,359
16609,11/25/2014 0:00,12,33,359
16610,11/25/2014 1:00,12,33,359
16611,11/25/2014 2:00,12,33,359
16612,11/25/2014 3:00,12,33,359
16613,11/25/2014 4:00,14,33,359
16614,11/25/2014 5:00,12,33,359
16615,11/25/2014 6:00,12,33,359
16616,11/25/2014 7:00,12,33,359
16617,11/25/2014 8:00,12,33,359
16618,11/25/2014 9:00,13,33,359
16619,11/25/2014 10:00,12,33,359
16620,11/25/2014 11:00,12,33,359
16621,11/25/2014 12:00,12,33,359
16622,11/25/2014 13:00,12,33,359
16623,11/25/2014 14:00,15,33,359
16624,11/25/2014 15:00,12,33,359
16625,11/25/2014 16:00,12,34,359
16626,11/25/2014 17:00,15,33,359
16627,11/25/2014 18:00,12,33,359
16628,11/25/2014 19:00,12,33,359
16629,11/25/2014 20:00,12,33,359
16630,11/25/2014 21:00,12,33,359
16631,11/25/2014 22:00,12,33,359
16632,11/25/2014 23:00,12,33,359
16633,11/26/2014 0:00,12,33,359
16634,11/26/2014 1:00,12,33,359
16635,11/26/2014 2:00,12,33,359
16636,11/26/2014 3:00,12,33,359
16637,11/26/2014 4:00,15,33,359
16638,11/26/2014 5:00,12,33,359
16639,11/26/2014 6:00,13,33,359
16640,11/26/2014 7:00,12,33,359
16641,11/26/2014 8:00,12,33,359
16642,11/26/2014 9:00,12,33,359
16643,11/26/2014 10:00,11,33,359
16644,11/26/2014 11:00,12,33,359
16645,11/26/2014 12:00,12,33,359
16646,11/26/2014 13:00,12,33,359
16647,11/26/2014 14:00,12,33,359
16648,11/26/2014 15:00,12,34,359
16649,11/26/2014 16:00,12,33,359
16650,11/26/2014 17:00,12,33,359
16651,11/26/2014 18:00,12,33,359
16652,11/26/2014 19:00,12,33,359
16653,11/26/2014 20:00,12,33,359
16654,11/26/2014 21:00,11,33,359
16655,11/26/2014 22:00,12,33,359
16656,11/26/2014 23:00,12,33,359
16657,11/27/2014 0:00,12,33,359
16658,11/27/2014 1:00,12,33,359
16659,11/27/2014 2:00,12,33,359
16660,11/27/2014 3:00,13,33,359
16661,11/27/2014 4:00,12,33,359
16662,11/27/2014 5:00,12,33,359
16663,11/27/2014 6:00,12,33,359
16664,11/27/2014 7:00,12,33,359
16665,11/27/2014 8:00,12,33,359
16666,11/27/2014 9:00,12,33,359
16667,11/27/2014 10:00,15,33,359
16668,11/27/2014 11:00,12,33,359
16669,11/27/2014 12:00,12,33,359
16670,11/27/2014 13:00,12,33,359
16671,11/27/2014 14:00,11,33,359
16672,11/27/2014 15:00,12,33,359
16673,11/27/2014 16:00,12,33,359
16674,11/27/2014 17:00,12,33,359
16675,11/27/2014 18:00,12,33,360
16676,11/27/2014 19:00,12,33,359
16677,11/27/2014 20:00,12,33,359
16678,11/27/2014 21:00,12,33,359
16679,11/27/2014 22:00,12,33,359
16680,11/27/2014 23:00,12,33,359
16681,11/28/2014 0:00,12,33,359
16682,11/28/2014 1:00,12,34,359
16683,11/28/2014 2:00,12,33,359
16684,11/28/2014 3:00,12,33,359
16685,11/28/2014 4:00,13,33,359
16686,11/28/2014 5:00,12,33,359
16687,11/28/2014 6:00,12,33,359
16688,11/28/2014 7:00,12,33,359
16689,11/28/2014 8:00,12,33,359
16690,11/28/2014 9:00,12,33,359
16691,11/28/2014 10:00,12,33,359
16692,11/28/2014 11:00,12,33,359
16693,11/28/2014 12:00,12,33,359
16694,11/28/2014 13:00,12,33,359
16695,11/28/2014 14:00,12,33,359
16696,11/28/2014 15:00,12,33,359
16697,11/28/2014 16:00,12,33,359
16698,11/28/2014 17:00,13,33,359
16699,11/28/2014 18:00,12,33,359
16700,11/28/2014 19:00,12,33,359
16701,11/28/2014 20:00,12,33,359
16702,11/28/2014 21:00,12,33,359
16703,11/28/2014 22:00,12,33,359
16704,11/28/2014 23:00,12,33,359
16705,11/29/2014 0:00,12,33,359
16706,11/29/2014 1:00,12,33,359
16707,11/29/2014 2:00,12,33,359
16708,11/29/2014 3:00,12,33,358
16709,11/29/2014 4:00,12,33,357
16710,11/29/2014 5:00,12,33,357
16711,11/29/2014 6:00,12,33,358
16712,11/29/2014 7:00,12,33,358
16713,11/29/2014 8:00,12,33,358
16714,11/29/2014 9:00,12,33,358
16715,11/29/2014 10:00,10,33,359
16716,11/29/2014 11:00,12,33,359
16717,11/29/2014 12:00,12,34,359
16718,11/29/2014 13:00,12,33,359
16719,11/29/2014 14:00,12,33,359
16720,11/29/2014 15:00,12,33,359
16721,11/29/2014 16:00,12,33,359
16722,11/29/2014 17:00,12,33,358
16723,11/29/2014 18:00,12,33,358
16724,11/29/2014 19:00,12,33,359
16725,11/29/2014 20:00,12,33,358
16726,11/29/2014 21:00,12,33,358
16727,11/29/2014 22:00,12,33,359
16728,11/29/2014 23:00,13,33,359
16729,11/30/2014 0:00,12,33,358
16730,11/30/2014 1:00,12,33,359
16731,11/30/2014 2:00,12,33,359
16732,11/30/2014 3:00,12,33,359
16733,11/30/2014 4:00,12,33,359
16734,11/30/2014 5:00,12,33,359
16735,11/30/2014 6:00,12,33,359
16736,11/30/2014 7:00,12,33,359
16737,11/30/2014 8:00,12,33,359
16738,11/30/2014 9:00,12,34,359
16739,11/30/2014 10:00,12,34,359
16740,11/30/2014 11:00,12,33,359
16741,11/30/2014 12:00,12,33,359
16742,11/30/2014 13:00,12,33,359
16743,11/30/2014 14:00,15,33,359
16744,11/30/2014 15:00,12,33,359
16745,11/30/2014 16:00,12,33,359
16746,11/30/2014 17:00,12,33,359
16747,11/30/2014 18:00,12,33,359
16748,11/30/2014 19:00,12,33,359
16749,11/30/2014 20:00,12,33,359
16750,11/30/2014 21:00,12,33,359
16751,11/30/2014 22:00,12,33,359
16752,11/30/2014 23:00,12,33,359
16753,12/1/2014 0:00,12,33,359
16754,12/1/2014 1:00,12,33,359
16755,12/1/2014 2:00,12,33,359
16756,12/1/2014 3:00,12,33,359
16757,12/1/2014 4:00,12,33,359
16758,12/1/2014 5:00,12,33,359
16759,12/1/2014 6:00,12,33,359
16760,12/1/2014 7:00,13,33,359
16761,12/1/2014 8:00,12,33,359
16762,12/1/2014 9:00,12,33,359
16763,12/1/2014 10:00,12,33,359
16764,12/1/2014 11:00,12,33,359
16765,12/1/2014 12:00,12,33,359
16766,12/1/2014 13:00,12,33,359
16767,12/1/2014 14:00,12,34,359
16768,12/1/2014 15:00,12,33,359
16769,12/1/2014 16:00,12,33,359
16770,12/1/2014 17:00,12,33,359
16771,12/1/2014 18:00,13,33,359
16772,12/1/2014 19:00,11,33,359
16773,12/1/2014 20:00,12,34,359
16774,12/1/2014 21:00,12,33,359
16775,12/1/2014 22:00,12,33,359
16776,12/1/2014 23:00,12,33,359
16777,12/2/2014 0:00,12,33,359
16778,12/2/2014 1:00,12,32,359
16779,12/2/2014 2:00,12,33,359
16780,12/2/2014 3:00,12,33,359
16781,12/2/2014 4:00,12,34,359
16782,12/2/2014 5:00,12,33,359
16783,12/2/2014 6:00,15,33,359
16784,12/2/2014 7:00,12,33,359
16785,12/2/2014 8:00,12,33,359
16786,12/2/2014 9:00,13,33,359
16787,12/2/2014 10:00,12,33,359
16788,12/2/2014 11:00,12,33,359
16789,12/2/2014 12:00,12,34,359
16790,12/2/2014 13:00,12,33,359
16791,12/2/2014 14:00,12,34,359
16792,12/2/2014 15:00,12,33,359
16793,12/2/2014 16:00,13,33,359
16794,12/2/2014 17:00,12,33,358
16795,12/2/2014 18:00,12,33,358
16796,12/2/2014 19:00,12,35,358
16797,12/2/2014 20:00,12,33,357
16798,12/2/2014 21:00,12,33,357
16799,12/2/2014 22:00,12,33,357
16800,12/2/2014 23:00,13,33,358
16801,12/3/2014 0:00,12,34,358
16802,12/3/2014 1:00,12,37,357
16803,12/3/2014 2:00,12,35,357
16804,12/3/2014 3:00,15,34,357
16805,12/3/2014 4:00,12,33,358
16806,12/3/2014 5:00,12,33,357
16807,12/3/2014 6:00,12,36,358
16808,12/3/2014 7:00,15,33,357
16809,12/3/2014 8:00,12,37,357
16810,12/3/2014 9:00,12,36,357
16811,12/3/2014 10:00,12,33,358
16812,12/3/2014 11:00,12,33,358
16813,12/3/2014 12:00,12,33,359
16814,12/3/2014 13:00,12,34,359
16815,12/3/2014 14:00,12,36,359
16816,12/3/2014 15:00,12,33,357
16817,12/3/2014 16:00,12,33,357
16818,12/3/2014 17:00,12,33,357
16819,12/3/2014 18:00,12,34,357
16820,12/3/2014 19:00,12,33,357
16821,12/3/2014 20:00,12,33,357
16822,12/3/2014 21:00,12,33,358
16823,12/3/2014 22:00,12,36,357
16824,12/3/2014 23:00,12,37,358
16825,12/4/2014 0:00,12,33,358
16826,12/4/2014 1:00,12,36,357
16827,12/4/2014 2:00,12,35,358
16828,12/4/2014 3:00,12,33,358
16829,12/4/2014 4:00,12,33,358
16830,12/4/2014 5:00,12,33,358
16831,12/4/2014 6:00,12,33,358
16832,12/4/2014 7:00,12,35,358
16833,12/4/2014 8:00,12,33,358
16834,12/4/2014 9:00,12,36,359
16835,12/4/2014 10:00,13,33,358
16836,12/4/2014 11:00,12,33,358
16837,12/4/2014 12:00,12,33,358
16838,12/4/2014 13:00,12,32,359
16839,12/4/2014 14:00,12,33,358
16840,12/4/2014 15:00,12,37,358
16841,12/4/2014 16:00,12,33,358
16842,12/4/2014 17:00,12,34,358
16843,12/4/2014 18:00,12,33,358
16844,12/4/2014 19:00,12,34,358
16845,12/4/2014 20:00,13,34,358
16846,12/4/2014 21:00,12,33,358
16847,12/4/2014 22:00,12,36,358
16848,12/4/2014 23:00,12,34,358
16849,12/5/2014 0:00,12,34,358
16850,12/5/2014 1:00,12,34,358
16851,12/5/2014 2:00,12,34,358
16852,12/5/2014 3:00,12,34,358
16853,12/5/2014 4:00,12,34,358
16854,12/5/2014 5:00,13,34,358
16855,12/5/2014 6:00,12,35,358
16856,12/5/2014 7:00,12,34,358
16857,12/5/2014 8:00,12,34,358
16858,12/5/2014 9:00,13,33,358
16859,12/5/2014 10:00,12,33,358
16860,12/5/2014 11:00,12,34,358
16861,12/5/2014 12:00,12,34,357
16862,12/5/2014 13:00,12,34,358
16863,12/5/2014 14:00,12,36,357
16864,12/5/2014 15:00,12,34,358
16865,12/5/2014 16:00,12,34,358
16866,12/5/2014 17:00,12,34,357
16867,12/5/2014 18:00,13,34,357
16868,12/5/2014 19:00,12,36,357
16869,12/5/2014 20:00,12,34,357
16870,12/5/2014 21:00,12,35,358
16871,12/5/2014 22:00,13,34,357
16872,12/5/2014 23:00,12,32,357
16873,12/6/2014 0:00,12,34,357
16874,12/6/2014 1:00,12,34,358
16875,12/6/2014 2:00,12,34,357
16876,12/6/2014 3:00,12,34,357
16877,12/6/2014 4:00,12,34,357
16878,12/6/2014 5:00,12,34,358
16879,12/6/2014 6:00,12,34,357
16880,12/6/2014 7:00,13,34,357
16881,12/6/2014 8:00,12,34,357
16882,12/6/2014 9:00,12,36,357
16883,12/6/2014 10:00,15,34,357
16884,12/6/2014 11:00,12,34,357
16885,12/6/2014 12:00,12,34,357
16886,12/6/2014 13:00,13,34,357
16887,12/6/2014 14:00,10,34,357
16888,12/6/2014 15:00,12,35,357
16889,12/6/2014 16:00,12,34,357
16890,12/6/2014 17:00,12,34,357
16891,12/6/2014 18:00,13,34,357
16892,12/6/2014 19:00,12,35,357
16893,12/6/2014 20:00,12,34,357
16894,12/6/2014 21:00,12,34,357
16895,12/6/2014 22:00,12,36,357
16896,12/6/2014 23:00,12,34,357
16897,12/7/2014 0:00,13,34,358
16898,12/7/2014 1:00,12,34,358
16899,12/7/2014 2:00,12,37,358
16900,12/7/2014 3:00,12,34,358
16901,12/7/2014 4:00,12,34,358
16902,12/7/2014 5:00,13,34,358
16903,12/7/2014 6:00,12,36,358
16904,12/7/2014 7:00,12,35,358
16905,12/7/2014 8:00,12,34,358
16906,12/7/2014 9:00,12,34,358
16907,12/7/2014 10:00,12,34,359
16908,12/7/2014 11:00,12,34,358
16909,12/7/2014 12:00,12,34,357
16910,12/7/2014 13:00,12,37,357
16911,12/7/2014 14:00,12,34,358
16912,12/7/2014 15:00,13,36,359
16913,12/7/2014 16:00,12,34,358
16914,12/7/2014 17:00,13,34,358
16915,12/7/2014 18:00,12,34,358
16916,12/7/2014 19:00,12,34,358
16917,12/7/2014 20:00,13,34,358
16918,12/7/2014 21:00,12,37,358
16919,12/7/2014 22:00,12,35,358
16920,12/7/2014 23:00,12,34,359
16921,12/8/2014 0:00,12,35,358
16922,12/8/2014 1:00,12,34,358
16923,12/8/2014 2:00,12,34,358
16924,12/8/2014 3:00,12,34,359
16925,12/8/2014 4:00,12,34,358
16926,12/8/2014 5:00,12,36,359
16927,12/8/2014 6:00,12,36,358
16928,12/8/2014 7:00,12,34,358
16929,12/8/2014 8:00,12,34,359
16930,12/8/2014 9:00,12,34,358
16931,12/8/2014 10:00,12,34,358
16932,12/8/2014 11:00,12,34,358
16933,12/8/2014 12:00,12,34,358
16934,12/8/2014 13:00,13,34,358
16935,12/8/2014 14:00,12,34,358
16936,12/8/2014 15:00,12,34,359
16937,12/8/2014 16:00,12,34,359
16938,12/8/2014 17:00,12,34,359
16939,12/8/2014 18:00,12,34,359
16940,12/8/2014 19:00,12,34,359
16941,12/8/2014 20:00,12,34,359
16942,12/8/2014 21:00,12,34,359
16943,12/8/2014 22:00,12,32,358
16944,12/8/2014 23:00,12,34,358
16945,12/9/2014 0:00,11,36,358
16946,12/9/2014 1:00,12,36,358
16947,12/9/2014 2:00,12,34,358
16948,12/9/2014 3:00,12,34,358
16949,12/9/2014 4:00,12,34,358
16950,12/9/2014 5:00,12,34,358
16951,12/9/2014 6:00,12,34,358
16952,12/9/2014 7:00,12,37,359
16953,12/9/2014 8:00,12,34,359
16954,12/9/2014 9:00,13,34,358
16955,12/9/2014 10:00,12,34,358
16956,12/9/2014 11:00,12,34,358
16957,12/9/2014 12:00,11,34,358
16958,12/9/2014 13:00,12,34,358
16959,12/9/2014 14:00,12,34,358
16960,12/9/2014 15:00,12,34,359
16961,12/9/2014 16:00,12,34,358
16962,12/9/2014 17:00,12,34,358
16963,12/9/2014 18:00,12,32,357
16964,12/9/2014 19:00,12,36,356
16965,12/9/2014 20:00,12,34,356
16966,12/9/2014 21:00,13,34,356
16967,12/9/2014 22:00,12,34,357
16968,12/9/2014 23:00,12,34,357
16969,12/10/2014 0:00,12,34,358
16970,12/10/2014 1:00,12,34,358
16971,12/10/2014 2:00,13,34,358
16972,12/10/2014 3:00,12,34,358
16973,12/10/2014 4:00,12,34,358
16974,12/10/2014 5:00,12,34,357
16975,12/10/2014 6:00,12,34,358
16976,12/10/2014 7:00,12,34,358
16977,12/10/2014 8:00,12,34,358
16978,12/10/2014 9:00,11,34,357
16979,12/10/2014 10:00,12,34,358
16980,12/10/2014 11:00,12,34,358
16981,12/10/2014 12:00,13,36,357
16982,12/10/2014 13:00,12,35,357
16983,12/10/2014 14:00,14,34,357
16984,12/10/2014 15:00,12,34,357
16985,12/10/2014 16:00,12,37,357
16986,12/10/2014 17:00,12,34,358
16987,12/10/2014 18:00,13,34,357
16988,12/10/2014 19:00,12,34,357
16989,12/10/2014 20:00,12,34,358
16990,12/10/2014 21:00,12,34,358
16991,12/10/2014 22:00,12,34,358
16992,12/10/2014 23:00,12,34,358
16993,12/11/2014 0:00,12,34,358
16994,12/11/2014 1:00,12,34,358
16995,12/11/2014 2:00,12,34,357
16996,12/11/2014 3:00,12,34,358
16997,12/11/2014 4:00,12,34,358
16998,12/11/2014 5:00,12,37,358
16999,12/11/2014 6:00,12,34,358
17000,12/11/2014 7:00,12,36,358
17001,12/11/2014 8:00,12,34,357
17002,12/11/2014 9:00,12,34,357
17003,12/11/2014 10:00,12,34,356
17004,12/11/2014 11:00,12,34,356
17005,12/11/2014 12:00,12,34,356
17006,12/11/2014 13:00,12,34,356
17007,12/11/2014 14:00,12,34,356
17008,12/11/2014 15:00,12,34,356
17009,12/11/2014 16:00,12,34,356
17010,12/11/2014 17:00,13,34,356
17011,12/11/2014 18:00,12,34,357
17012,12/11/2014 19:00,12,34,357
17013,12/11/2014 20:00,12,34,357
17014,12/11/2014 21:00,12,34,357
17015,12/11/2014 22:00,12,34,357
17016,12/11/2014 23:00,12,34,357
17017,12/12/2014 0:00,12,34,357
17018,12/12/2014 1:00,12,34,356
17019,12/12/2014 2:00,12,37,356
17020,12/12/2014 3:00,12,34,356
17021,12/12/2014 4:00,13,34,357
17022,12/12/2014 5:00,12,34,357
17023,12/12/2014 6:00,12,34,357
17024,12/12/2014 7:00,12,34,357
17025,12/12/2014 8:00,12,34,357
17026,12/12/2014 9:00,12,34,357
17027,12/12/2014 10:00,12,34,357
17028,12/12/2014 11:00,12,34,357
17029,12/12/2014 12:00,12,34,357
17030,12/12/2014 13:00,12,34,357
17031,12/12/2014 14:00,12,34,357
17032,12/12/2014 15:00,12,35,357
17033,12/12/2014 16:00,12,34,357
17034,12/12/2014 17:00,12,34,357
17035,12/12/2014 18:00,12,34,357
17036,12/12/2014 19:00,12,34,357
17037,12/12/2014 20:00,12,34,357
17038,12/12/2014 21:00,12,34,357
17039,12/12/2014 22:00,12,34,357
17040,12/12/2014 23:00,12,34,357
17041,12/13/2014 0:00,12,34,356
17042,12/13/2014 1:00,13,34,357
17043,12/13/2014 2:00,12,34,356
17044,12/13/2014 3:00,13,34,357
17045,12/13/2014 4:00,15,32,357
17046,12/13/2014 5:00,12,34,357
17047,12/13/2014 6:00,12,34,357
17048,12/13/2014 7:00,15,34,357
17049,12/13/2014 8:00,12,34,357
17050,12/13/2014 9:00,12,34,357
17051,12/13/2014 10:00,12,34,357
17052,12/13/2014 11:00,12,36,357
17053,12/13/2014 12:00,12,34,357
17054,12/13/2014 13:00,12,34,357
17055,12/13/2014 14:00,11,34,357
17056,12/13/2014 15:00,12,34,357
17057,12/13/2014 16:00,12,34,357
17058,12/13/2014 17:00,12,34,357
17059,12/13/2014 18:00,12,34,357
17060,12/13/2014 19:00,12,34,357
17061,12/13/2014 20:00,12,34,357
17062,12/13/2014 21:00,13,34,357
17063,12/13/2014 22:00,12,35,357
17064,12/13/2014 23:00,12,34,357
17065,12/14/2014 0:00,12,34,357
17066,12/14/2014 1:00,13,34,357
17067,12/14/2014 2:00,12,34,357
17068,12/14/2014 3:00,12,34,357
17069,12/14/2014 4:00,13,34,357
17070,12/14/2014 5:00,12,34,357
17071,12/14/2014 6:00,11,34,358
17072,12/14/2014 7:00,12,34,358
17073,12/14/2014 8:00,12,34,358
17074,12/14/2014 9:00,12,34,357
17075,12/14/2014 10:00,12,34,357
17076,12/14/2014 11:00,14,37,357
17077,12/14/2014 12:00,12,36,357
17078,12/14/2014 13:00,12,34,357
17079,12/14/2014 14:00,12,34,357
17080,12/14/2014 15:00,12,34,357
17081,12/14/2014 16:00,13,34,357
17082,12/14/2014 17:00,12,34,357
17083,12/14/2014 18:00,12,34,357
17084,12/14/2014 19:00,11,34,357
17085,12/14/2014 20:00,12,36,357
17086,12/14/2014 21:00,12,34,357
17087,12/14/2014 22:00,13,35,357
17088,12/14/2014 23:00,12,34,357
17089,12/15/2014 0:00,12,34,357
17090,12/15/2014 1:00,12,34,357
17091,12/15/2014 2:00,12,34,357
17092,12/15/2014 3:00,12,34,357
17093,12/15/2014 4:00,12,34,357
17094,12/15/2014 5:00,12,34,357
17095,12/15/2014 6:00,12,34,357
17096,12/15/2014 7:00,12,37,357
17097,12/15/2014 8:00,15,35,357
17098,12/15/2014 9:00,12,37,357
17099,12/15/2014 10:00,12,34,357
17100,12/15/2014 11:00,12,37,357
17101,12/15/2014 12:00,12,37,357
17102,12/15/2014 13:00,13,37,357
17103,12/15/2014 14:00,12,34,357
17104,12/15/2014 15:00,13,34,357
17105,12/15/2014 16:00,12,34,357
17106,12/15/2014 17:00,12,34,357
17107,12/15/2014 18:00,12,34,357
17108,12/15/2014 19:00,11,34,357
17109,12/15/2014 20:00,12,37,357
17110,12/15/2014 21:00,12,34,357
17111,12/15/2014 22:00,12,34,358
17112,12/15/2014 23:00,12,34,357
17113,12/16/2014 0:00,12,34,357
17114,12/16/2014 1:00,12,34,357
17115,12/16/2014 2:00,12,34,357
17116,12/16/2014 3:00,12,34,357
17117,12/16/2014 4:00,13,34,357
17118,12/16/2014 5:00,12,34,357
17119,12/16/2014 6:00,12,34,357
17120,12/16/2014 7:00,13,34,357
17121,12/16/2014 8:00,13,34,357
17122,12/16/2014 9:00,12,34,357
17123,12/16/2014 10:00,12,34,357
17124,12/16/2014 11:00,12,34,358
17125,12/16/2014 12:00,12,34,357
17126,12/16/2014 13:00,12,34,357
17127,12/16/2014 14:00,12,34,357
17128,12/16/2014 15:00,12,34,357
17129,12/16/2014 16:00,12,34,357
17130,12/16/2014 17:00,12,34,357
17131,12/16/2014 18:00,12,34,357
17132,12/16/2014 19:00,12,34,357
17133,12/16/2014 20:00,12,34,357
17134,12/16/2014 21:00,12,34,357
17135,12/16/2014 22:00,12,34,357
17136,12/16/2014 23:00,11,34,356
17137,12/17/2014 0:00,12,34,356
17138,12/17/2014 1:00,12,34,356
17139,12/17/2014 2:00,12,34,356
17140,12/17/2014 3:00,13,37,356
17141,12/17/2014 4:00,12,34,357
17142,12/17/2014 5:00,12,34,357
17143,12/17/2014 6:00,12,34,356
17144,12/17/2014 7:00,12,34,357
17145,12/17/2014 8:00,12,34,357
17146,12/17/2014 9:00,12,34,357
17147,12/17/2014 10:00,12,34,357
17148,12/17/2014 11:00,12,34,357
17149,12/17/2014 12:00,12,34,303
17150,12/17/2014 13:00,11,34,302
17151,12/17/2014 14:00,13,34,297
17152,12/17/2014 15:00,12,34,296
17153,12/17/2014 16:00,12,34,299
17154,12/17/2014 17:00,12,34,302
17155,12/17/2014 18:00,12,36,307
17156,12/17/2014 19:00,12,34,308
17157,12/17/2014 20:00,12,34,309
17158,12/17/2014 21:00,12,34,310
17159,12/17/2014 22:00,11,33,310
17160,12/17/2014 23:00,12,34,311
17161,12/18/2014 0:00,12,34,311
17162,12/18/2014 1:00,11,34,311
17163,12/18/2014 2:00,11,34,312
17164,12/18/2014 3:00,11,34,312
17165,12/18/2014 4:00,11,34,312
17166,12/18/2014 5:00,11,34,312
17167,12/18/2014 6:00,11,34,312
17168,12/18/2014 7:00,11,34,312
17169,12/18/2014 8:00,11,34,312
17170,12/18/2014 9:00,11,37,312
17171,12/18/2014 10:00,11,34,312
17172,12/18/2014 11:00,11,34,312
17173,12/18/2014 12:00,11,34,312
17174,12/18/2014 13:00,11,33,312
17175,12/18/2014 14:00,11,34,312
17176,12/18/2014 15:00,11,34,312
17177,12/18/2014 16:00,11,34,312
17178,12/18/2014 17:00,11,34,311
17179,12/18/2014 18:00,11,34,311
17180,12/18/2014 19:00,11,34,312
17181,12/18/2014 20:00,11,34,312
17182,12/18/2014 21:00,11,37,312
17183,12/18/2014 22:00,11,34,312
17184,12/18/2014 23:00,11,34,312
17185,12/19/2014 0:00,11,34,312
17186,12/19/2014 1:00,11,34,311
17187,12/19/2014 2:00,11,36,311
17188,12/19/2014 3:00,11,34,311
17189,12/19/2014 4:00,11,34,311
17190,12/19/2014 5:00,11,34,311
17191,12/19/2014 6:00,11,34,311
17192,12/19/2014 7:00,11,34,311
17193,12/19/2014 8:00,11,34,311
17194,12/19/2014 9:00,11,34,311
17195,12/19/2014 10:00,11,34,311
17196,12/19/2014 11:00,11,34,310
17197,12/19/2014 12:00,11,34,311
17198,12/19/2014 13:00,11,34,311
17199,12/19/2014 14:00,11,34,309
17200,12/19/2014 15:00,11,34,309
17201,12/19/2014 16:00,11,34,309
17202,12/19/2014 17:00,11,34,309
17203,12/19/2014 18:00,11,34,309
17204,12/19/2014 19:00,11,34,309
17205,12/19/2014 20:00,11,34,309
17206,12/19/2014 21:00,11,34,309
17207,12/19/2014 22:00,11,34,309
17208,12/19/2014 23:00,11,34,309
17209,12/20/2014 0:00,11,34,309
17210,12/20/2014 1:00,11,37,309
17211,12/20/2014 2:00,11,34,309
17212,12/20/2014 3:00,11,32,308
17213,12/20/2014 4:00,11,34,308
17214,12/20/2014 5:00,11,34,307
17215,12/20/2014 6:00,11,34,305
17216,12/20/2014 7:00,11,34,304
17217,12/20/2014 8:00,11,36,303
17218,12/20/2014 9:00,11,34,300
17219,12/20/2014 10:00,11,34,283
17220,12/20/2014 11:00,11,34,302
17221,12/20/2014 12:00,11,34,303
17222,12/20/2014 13:00,11,34,304
17223,12/20/2014 14:00,11,34,306
17224,12/20/2014 15:00,11,34,307
17225,12/20/2014 16:00,11,34,308
17226,12/20/2014 17:00,11,34,308
17227,12/20/2014 18:00,11,34,308
17228,12/20/2014 19:00,11,36,308
17229,12/20/2014 20:00,11,34,309
17230,12/20/2014 21:00,11,34,309
17231,12/20/2014 22:00,11,34,309
17232,12/20/2014 23:00,11,37,309
17233,12/21/2014 0:00,11,34,309
17234,12/21/2014 1:00,11,34,309
17235,12/21/2014 2:00,11,34,310
17236,12/21/2014 3:00,11,34,309
17237,12/21/2014 4:00,11,34,310
17238,12/21/2014 5:00,11,34,310
17239,12/21/2014 6:00,11,34,310
17240,12/21/2014 7:00,11,34,310
17241,12/21/2014 8:00,11,36,310
17242,12/21/2014 9:00,11,34,310
17243,12/21/2014 10:00,11,34,310
17244,12/21/2014 11:00,11,34,310
17245,12/21/2014 12:00,11,34,310
17246,12/21/2014 13:00,11,34,311
17247,12/21/2014 14:00,12,34,310
17248,12/21/2014 15:00,11,34,311
17249,12/21/2014 16:00,11,34,311
17250,12/21/2014 17:00,11,34,311
17251,12/21/2014 18:00,11,34,311
17252,12/21/2014 19:00,11,34,311
17253,12/21/2014 20:00,11,34,311
17254,12/21/2014 21:00,11,34,311
17255,12/21/2014 22:00,11,34,311
17256,12/21/2014 23:00,11,34,311
17257,12/22/2014 0:00,11,34,311
17258,12/22/2014 1:00,11,34,311
17259,12/22/2014 2:00,11,34,311
17260,12/22/2014 3:00,11,34,311
17261,12/22/2014 4:00,11,34,311
17262,12/22/2014 5:00,11,34,311
17263,12/22/2014 6:00,11,34,311
17264,12/22/2014 7:00,11,34,311
17265,12/22/2014 8:00,11,34,311
17266,12/22/2014 9:00,11,34,311
17267,12/22/2014 10:00,11,34,311
17268,12/22/2014 11:00,11,34,311
17269,12/22/2014 12:00,11,36,311
17270,12/22/2014 13:00,11,34,311
17271,12/22/2014 14:00,11,34,311
17272,12/22/2014 15:00,11,34,311
17273,12/22/2014 16:00,11,34,311
17274,12/22/2014 17:00,11,34,310
17275,12/22/2014 18:00,11,34,311
17276,12/22/2014 19:00,11,34,310
17277,12/22/2014 20:00,11,34,310
17278,12/22/2014 21:00,11,37,310
17279,12/22/2014 22:00,11,35,310
17280,12/22/2014 23:00,11,36,310
17281,12/23/2014 0:00,11,34,310
17282,12/23/2014 1:00,11,34,310
17283,12/23/2014 2:00,11,34,310
17284,12/23/2014 3:00,11,34,310
17285,12/23/2014 4:00,11,34,309
17286,12/23/2014 5:00,11,34,310
17287,12/23/2014 6:00,11,34,310
17288,12/23/2014 7:00,12,34,310
17289,12/23/2014 8:00,11,34,309
17290,12/23/2014 9:00,11,37,309
17291,12/23/2014 10:00,11,34,309
17292,12/23/2014 11:00,11,34,309
17293,12/23/2014 12:00,11,34,309
17294,12/23/2014 13:00,11,34,309
17295,12/23/2014 14:00,11,34,309
17296,12/23/2014 15:00,11,34,309
17297,12/23/2014 16:00,11,34,309
17298,12/23/2014 17:00,11,34,309
17299,12/23/2014 18:00,11,34,309
17300,12/23/2014 19:00,11,34,309
17301,12/23/2014 20:00,11,34,309
17302,12/23/2014 21:00,11,34,309
17303,12/23/2014 22:00,11,34,309
17304,12/23/2014 23:00,11,34,309
17305,12/24/2014 0:00,11,34,309
17306,12/24/2014 1:00,11,37,309
17307,12/24/2014 2:00,12,34,308
17308,12/24/2014 3:00,11,34,309
17309,12/24/2014 4:00,11,34,309
17310,12/24/2014 5:00,11,34,309
17311,12/24/2014 6:00,11,34,308
17312,12/24/2014 7:00,11,37,308
17313,12/24/2014 8:00,11,34,309
17314,12/24/2014 9:00,11,34,308
17315,12/24/2014 10:00,11,34,308
17316,12/24/2014 11:00,11,34,308
17317,12/24/2014 12:00,11,34,308
17318,12/24/2014 13:00,11,34,308
17319,12/24/2014 14:00,11,34,308
17320,12/24/2014 15:00,11,34,308
17321,12/24/2014 16:00,11,34,308
17322,12/24/2014 17:00,11,34,308
17323,12/24/2014 18:00,11,34,308
17324,12/24/2014 19:00,11,34,308
17325,12/24/2014 20:00,11,34,308
17326,12/24/2014 21:00,11,34,308
17327,12/24/2014 22:00,11,34,308
17328,12/24/2014 23:00,11,34,308
17329,12/25/2014 0:00,11,34,308
17330,12/25/2014 1:00,11,34,308
17331,12/25/2014 2:00,12,34,308
17332,12/25/2014 3:00,11,34,308
17333,12/25/2014 4:00,11,34,308
17334,12/25/2014 5:00,11,34,308
17335,12/25/2014 6:00,11,34,308
17336,12/25/2014 7:00,11,34,308
17337,12/25/2014 8:00,12,34,307
17338,12/25/2014 9:00,11,34,308
17339,12/25/2014 10:00,11,34,307
17340,12/25/2014 11:00,11,34,307
17341,12/25/2014 12:00,11,34,307
17342,12/25/2014 13:00,11,34,308
17343,12/25/2014 14:00,11,34,307
17344,12/25/2014 15:00,11,34,307
17345,12/25/2014 16:00,11,34,307
17346,12/25/2014 17:00,11,34,307
17347,12/25/2014 18:00,11,34,307
17348,12/25/2014 19:00,11,34,307
17349,12/25/2014 20:00,11,34,307
17350,12/25/2014 21:00,11,34,307
17351,12/25/2014 22:00,11,34,307
17352,12/25/2014 23:00,11,34,307
17353,12/26/2014 0:00,11,34,307
17354,12/26/2014 1:00,11,34,307
17355,12/26/2014 2:00,11,34,307
17356,12/26/2014 3:00,11,34,307
17357,12/26/2014 4:00,11,34,307
17358,12/26/2014 5:00,11,34,307
17359,12/26/2014 6:00,11,34,307
17360,12/26/2014 7:00,11,34,307
17361,12/26/2014 8:00,11,34,307
17362,12/26/2014 9:00,11,34,307
17363,12/26/2014 10:00,11,34,307
17364,12/26/2014 11:00,11,34,306
17365,12/26/2014 12:00,11,34,306
17366,12/26/2014 13:00,11,34,306
17367,12/26/2014 14:00,11,34,306
17368,12/26/2014 15:00,11,34,306
17369,12/26/2014 16:00,11,34,304
17370,12/26/2014 17:00,11,34,305
17371,12/26/2014 18:00,11,37,306
17372,12/26/2014 19:00,11,34,306
17373,12/26/2014 20:00,11,34,304
17374,12/26/2014 21:00,11,34,304
17375,12/26/2014 22:00,11,34,304
17376,12/26/2014 23:00,11,34,304
17377,12/27/2014 0:00,11,34,305
17378,12/27/2014 1:00,12,36,304
17379,12/27/2014 2:00,11,34,304
17380,12/27/2014 3:00,11,34,304
17381,12/27/2014 4:00,11,34,304
17382,12/27/2014 5:00,11,34,304
17383,12/27/2014 6:00,11,34,304
17384,12/27/2014 7:00,11,34,304
17385,12/27/2014 8:00,11,37,304
17386,12/27/2014 9:00,11,34,304
17387,12/27/2014 10:00,11,34,304
17388,12/27/2014 11:00,11,34,304
17389,12/27/2014 12:00,11,34,304
17390,12/27/2014 13:00,11,34,304
17391,12/27/2014 14:00,11,37,304
17392,12/27/2014 15:00,11,34,304
17393,12/27/2014 16:00,11,34,304
17394,12/27/2014 17:00,11,34,304
17395,12/27/2014 18:00,11,37,304
17396,12/27/2014 19:00,11,34,304
17397,12/27/2014 20:00,11,34,304
17398,12/27/2014 21:00,11,34,304
17399,12/27/2014 22:00,11,34,304
17400,12/27/2014 23:00,11,34,304
17401,12/28/2014 0:00,11,34,304
17402,12/28/2014 1:00,11,34,304
17403,12/28/2014 2:00,11,34,304
17404,12/28/2014 3:00,11,34,304
17405,12/28/2014 4:00,11,34,304
17406,12/28/2014 5:00,11,34,304
17407,12/28/2014 6:00,11,34,304
17408,12/28/2014 7:00,11,34,304
17409,12/28/2014 8:00,12,34,304
17410,12/28/2014 9:00,11,34,304
17411,12/28/2014 10:00,11,34,304
17412,12/28/2014 11:00,11,34,304
17413,12/28/2014 12:00,11,34,303
17414,12/28/2014 13:00,11,34,303
17415,12/28/2014 14:00,11,34,303
17416,12/28/2014 15:00,11,34,303
17417,12/28/2014 16:00,11,34,303
17418,12/28/2014 17:00,11,37,303
17419,12/28/2014 18:00,11,34,303
17420,12/28/2014 19:00,11,35,303
17421,12/28/2014 20:00,11,34,303
17422,12/28/2014 21:00,11,34,303
17423,12/28/2014 22:00,11,34,303
17424,12/28/2014 23:00,11,34,303
17425,12/29/2014 0:00,11,34,303
17426,12/29/2014 1:00,11,34,303
17427,12/29/2014 2:00,11,34,303
17428,12/29/2014 3:00,11,34,303
17429,12/29/2014 4:00,11,34,303
17430,12/29/2014 5:00,11,34,303
17431,12/29/2014 6:00,11,34,303
17432,12/29/2014 7:00,11,35,303
17433,12/29/2014 8:00,11,34,303
17434,12/29/2014 9:00,11,34,303
17435,12/29/2014 10:00,11,34,303
17436,12/29/2014 11:00,11,34,303
17437,12/29/2014 12:00,11,34,303
17438,12/29/2014 13:00,11,34,303
17439,12/29/2014 14:00,11,36,303
17440,12/29/2014 15:00,11,34,303
17441,12/29/2014 16:00,11,34,303
17442,12/29/2014 17:00,11,34,303
17443,12/29/2014 18:00,11,34,303
17444,12/29/2014 19:00,11,34,303
17445,12/29/2014 20:00,11,34,303
17446,12/29/2014 21:00,11,34,303
17447,12/29/2014 22:00,11,34,303
17448,12/29/2014 23:00,11,34,303
17449,12/30/2014 0:00,11,34,303
17450,12/30/2014 1:00,11,34,302
17451,12/30/2014 2:00,11,34,302
17452,12/30/2014 3:00,11,34,302
17453,12/30/2014 4:00,11,34,302
17454,12/30/2014 5:00,11,34,302
17455,12/30/2014 6:00,11,34,302
17456,12/30/2014 7:00,11,34,302
17457,12/30/2014 8:00,11,34,302
17458,12/30/2014 9:00,11,34,302
17459,12/30/2014 10:00,11,34,302
17460,12/30/2014 11:00,11,34,302
17461,12/30/2014 12:00,11,34,302
17462,12/30/2014 13:00,11,34,302
17463,12/30/2014 14:00,11,34,302
17464,12/30/2014 15:00,11,34,302
17465,12/30/2014 16:00,11,34,302
17466,12/30/2014 17:00,11,34,302
17467,12/30/2014 18:00,12,37,302
17468,12/30/2014 19:00,11,34,302
17469,12/30/2014 20:00,11,37,302
17470,12/30/2014 21:00,11,34,302
17471,12/30/2014 22:00,11,34,302
17472,12/30/2014 23:00,11,34,302
17473,12/31/2014 0:00,11,34,302
17474,12/31/2014 1:00,11,34,302
17475,12/31/2014 2:00,11,34,302
17476,12/31/2014 3:00,11,36,302
17477,12/31/2014 4:00,11,34,302
17478,12/31/2014 5:00,11,34,302
17479,12/31/2014 6:00,11,34,302
17480,12/31/2014 7:00,12,34,302
17481,12/31/2014 8:00,11,34,302
17482,12/31/2014 9:00,11,34,302
17483,12/31/2014 10:00,11,34,302
17484,12/31/2014 11:00,11,34,302
17485,12/31/2014 12:00,11,34,302
17486,12/31/2014 13:00,11,34,302
17487,12/31/2014 14:00,11,34,302
17488,12/31/2014 15:00,11,34,302
17489,12/31/2014 16:00,11,34,302
17490,12/31/2014 17:00,11,34,302
17491,12/31/2014 18:00,11,34,302
17492,12/31/2014 19:00,11,34,302
17493,12/31/2014 20:00,11,34,302
17494,12/31/2014 21:00,11,34,302
17495,12/31/2014 22:00,11,35,302
17496,12/31/2014 23:00,11,34,302
17497,1/1/2015 0:00,11,34,302
17498,1/1/2015 1:00,11,36,302
17499,1/1/2015 2:00,11,34,302
17500,1/1/2015 3:00,11,35,302
17501,1/1/2015 4:00,11,34,302
17502,1/1/2015 5:00,11,36,302
17503,1/1/2015 6:00,11,34,302
17504,1/1/2015 7:00,11,34,302
17505,1/1/2015 8:00,11,34,302
17506,1/1/2015 9:00,11,34,302
17507,1/1/2015 10:00,11,34,302
17508,1/1/2015 11:00,11,34,302
17509,1/1/2015 12:00,11,34,302
17510,1/1/2015 13:00,11,34,302
17511,1/1/2015 14:00,11,34,302
17512,1/1/2015 15:00,11,34,301
17513,1/1/2015 16:00,11,34,301
17514,1/1/2015 17:00,11,34,302
17515,1/1/2015 18:00,11,34,301
17516,1/1/2015 19:00,11,34,301
17517,1/1/2015 20:00,11,34,301
17518,1/1/2015 21:00,11,34,302
17519,1/1/2015 22:00,11,34,301
17520,1/1/2015 23:00,11,34,301
17521,1/2/2015 0:00,11,34,301
17522,1/2/2015 1:00,11,34,301
17523,1/2/2015 2:00,11,34,301
17524,1/2/2015 3:00,11,34,301
17525,1/2/2015 4:00,11,34,301
17526,1/2/2015 5:00,11,34,301
17527,1/2/2015 6:00,11,34,301
17528,1/2/2015 7:00,11,34,301
17529,1/2/2015 8:00,11,34,301
17530,1/2/2015 9:00,11,34,301
17531,1/2/2015 10:00,11,34,301
17532,1/2/2015 11:00,11,37,301
17533,1/2/2015 12:00,11,34,301
17534,1/2/2015 13:00,11,34,301
17535,1/2/2015 14:00,11,34,301
17536,1/2/2015 15:00,11,34,301
17537,1/2/2015 16:00,11,34,301
17538,1/2/2015 17:00,11,37,301
17539,1/2/2015 18:00,11,34,301
17540,1/2/2015 19:00,11,34,301
17541,1/2/2015 20:00,11,34,301
17542,1/2/2015 21:00,11,34,301
17543,1/2/2015 22:00,11,34,301
17544,1/2/2015 23:00,11,34,301
17545,1/3/2015 0:00,11,34,301
17546,1/3/2015 1:00,11,34,301
17547,1/3/2015 2:00,11,34,301
17548,1/3/2015 3:00,11,34,301
17549,1/3/2015 4:00,11,34,301
17550,1/3/2015 5:00,11,34,301
17551,1/3/2015 6:00,11,34,301
17552,1/3/2015 7:00,11,37,301
17553,1/3/2015 8:00,11,36,301
17554,1/3/2015 9:00,11,34,301
17555,1/3/2015 10:00,11,34,301
17556,1/3/2015 11:00,11,34,301
17557,1/3/2015 12:00,11,34,301
17558,1/3/2015 13:00,11,34,301
17559,1/3/2015 14:00,11,34,301
17560,1/3/2015 15:00,11,34,301
17561,1/3/2015 16:00,11,34,301
17562,1/3/2015 17:00,11,34,301
17563,1/3/2015 18:00,11,35,301
17564,1/3/2015 19:00,11,34,301
17565,1/3/2015 20:00,11,36,301
17566,1/3/2015 21:00,11,34,301
17567,1/3/2015 22:00,11,34,301
17568,1/3/2015 23:00,11,34,301
17569,1/4/2015 0:00,11,34,301
17570,1/4/2015 1:00,11,34,301
17571,1/4/2015 2:00,11,34,300
17572,1/4/2015 3:00,11,34,301
17573,1/4/2015 4:00,11,34,301
17574,1/4/2015 5:00,11,34,301
17575,1/4/2015 6:00,11,34,301
17576,1/4/2015 7:00,11,32,301
17577,1/4/2015 8:00,11,34,301
17578,1/4/2015 9:00,11,34,301
17579,1/4/2015 10:00,11,34,300
17580,1/4/2015 11:00,12,34,301
17581,1/4/2015 12:00,11,34,300
17582,1/4/2015 13:00,11,36,300
17583,1/4/2015 14:00,11,34,301
17584,1/4/2015 15:00,11,34,300
17585,1/4/2015 16:00,11,34,301
17586,1/4/2015 17:00,11,34,300
17587,1/4/2015 18:00,11,34,300
17588,1/4/2015 19:00,11,34,300
17589,1/4/2015 20:00,11,34,300
17590,1/4/2015 21:00,11,34,300
17591,1/4/2015 22:00,11,34,300
17592,1/4/2015 23:00,11,34,300
17593,1/5/2015 0:00,11,35,300
17594,1/5/2015 1:00,11,34,300
17595,1/5/2015 2:00,11,34,300
17596,1/5/2015 3:00,11,34,300
17597,1/5/2015 4:00,11,34,300
17598,1/5/2015 5:00,11,34,300
17599,1/5/2015 6:00,11,34,300
17600,1/5/2015 7:00,11,36,300
17601,1/5/2015 8:00,11,34,300
17602,1/5/2015 9:00,11,34,300
17603,1/5/2015 10:00,11,34,300
17604,1/5/2015 11:00,11,34,300
17605,1/5/2015 12:00,11,34,300
17606,1/5/2015 13:00,11,34,300
17607,1/5/2015 14:00,11,34,300
17608,1/5/2015 15:00,11,34,300
17609,1/5/2015 16:00,11,34,300
17610,1/5/2015 17:00,11,34,300
17611,1/5/2015 18:00,11,34,300
17612,1/5/2015 19:00,11,37,300
17613,1/5/2015 20:00,11,34,300
17614,1/5/2015 21:00,11,34,300
17615,1/5/2015 22:00,11,34,300
17616,1/5/2015 23:00,11,34,300
17617,1/6/2015 0:00,11,34,300
17618,1/6/2015 1:00,11,34,300
17619,1/6/2015 2:00,11,34,300
17620,1/6/2015 3:00,11,34,300
17621,1/6/2015 4:00,11,34,300
17622,1/6/2015 5:00,11,34,300
17623,1/6/2015 6:00,11,34,300
17624,1/6/2015 7:00,11,34,300
17625,1/6/2015 8:00,11,34,300
17626,1/6/2015 9:00,11,34,300
17627,1/6/2015 10:00,11,34,300
17628,1/6/2015 11:00,11,34,300
17629,1/6/2015 12:00,11,34,300
17630,1/6/2015 13:00,11,34,300
17631,1/6/2015 14:00,11,34,300
17632,1/6/2015 15:00,11,34,300
17633,1/6/2015 16:00,11,34,300
17634,1/6/2015 17:00,11,34,300
17635,1/6/2015 18:00,11,34,300
17636,1/6/2015 19:00,11,34,300
17637,1/6/2015 20:00,11,34,300
17638,1/6/2015 21:00,11,34,300
17639,1/6/2015 22:00,11,34,300
17640,1/6/2015 23:00,11,34,300
17641,1/7/2015 0:00,11,34,300
17642,1/7/2015 1:00,11,34,300
17643,1/7/2015 2:00,11,37,300
17644,1/7/2015 3:00,11,36,300
17645,1/7/2015 4:00,11,34,300
17646,1/7/2015 5:00,11,34,300
17647,1/7/2015 6:00,11,34,300
17648,1/7/2015 7:00,11,34,300
17649,1/7/2015 8:00,11,34,300
17650,1/7/2015 9:00,11,34,300
17651,1/7/2015 10:00,11,35,300
17652,1/7/2015 11:00,11,34,300
17653,1/7/2015 12:00,11,34,300
17654,1/7/2015 13:00,11,34,300
17655,1/7/2015 14:00,11,34,299
17656,1/7/2015 15:00,11,34,299
17657,1/7/2015 16:00,11,34,299
17658,1/7/2015 17:00,11,34,300
17659,1/7/2015 18:00,11,34,299
17660,1/7/2015 19:00,11,34,299
17661,1/7/2015 20:00,11,34,299
17662,1/7/2015 21:00,11,34,299
17663,1/7/2015 22:00,11,34,299
17664,1/7/2015 23:00,11,34,299
17665,1/8/2015 0:00,11,34,299
17666,1/8/2015 1:00,11,34,299
17667,1/8/2015 2:00,12,34,299
17668,1/8/2015 3:00,11,34,299
17669,1/8/2015 4:00,11,34,299
17670,1/8/2015 5:00,11,34,299
17671,1/8/2015 6:00,11,34,299
17672,1/8/2015 7:00,11,34,299
17673,1/8/2015 8:00,11,34,299
17674,1/8/2015 9:00,12,34,299
17675,1/8/2015 10:00,11,34,299
17676,1/8/2015 11:00,11,34,299
17677,1/8/2015 12:00,11,34,299
17678,1/8/2015 13:00,11,34,299
17679,1/8/2015 14:00,11,34,315
17680,1/8/2015 15:00,11,34,303
17681,1/8/2015 16:00,11,34,300
17682,1/8/2015 17:00,11,34,305
17683,1/8/2015 18:00,11,34,304
17684,1/8/2015 19:00,11,34,310
17685,1/8/2015 20:00,11,34,309
17686,1/8/2015 21:00,11,34,310
17687,1/8/2015 22:00,11,34,309
17688,1/8/2015 23:00,11,34,309
17689,1/9/2015 0:00,11,36,308
17690,1/9/2015 1:00,11,34,308
17691,1/9/2015 2:00,11,34,307
17692,1/9/2015 3:00,10,34,304
17693,1/9/2015 4:00,11,34,307
17694,1/9/2015 5:00,11,33,307
17695,1/9/2015 6:00,13,34,304
17696,1/9/2015 7:00,12,34,301
17697,1/9/2015 8:00,11,34,300
17698,1/9/2015 9:00,9,34,298
17699,1/9/2015 10:00,10,34,299
17700,1/9/2015 11:00,11,34,302
17701,1/9/2015 12:00,13,33,302
17702,1/9/2015 13:00,11,34,301
17703,1/9/2015 14:00,10,34,300
17704,1/9/2015 15:00,11,34,301
17705,1/9/2015 16:00,9,34,302
17706,1/9/2015 17:00,10,34,303
17707,1/9/2015 18:00,11,34,303
17708,1/9/2015 19:00,11,34,303
17709,1/9/2015 20:00,11,34,303
17710,1/9/2015 21:00,11,33,303
17711,1/9/2015 22:00,10,34,303
17712,1/9/2015 23:00,11,34,304
17713,1/10/2015 0:00,11,33,304
17714,1/10/2015 1:00,11,33,303
17715,1/10/2015 2:00,11,34,301
17716,1/10/2015 3:00,11,34,300
17717,1/10/2015 4:00,11,34,300
17718,1/10/2015 5:00,11,34,300
17719,1/10/2015 6:00,10,34,296
17720,1/10/2015 7:00,9,33,298
17721,1/10/2015 8:00,11,34,282
17722,1/10/2015 9:00,10,34,280
17723,1/10/2015 10:00,10,33,280
17724,1/10/2015 11:00,11,34,281
17725,1/10/2015 12:00,11,33,281
17726,1/10/2015 13:00,11,34,273
17727,1/10/2015 14:00,11,34,288
17728,1/10/2015 15:00,10,33,273
17729,1/10/2015 16:00,11,36,270
17730,1/10/2015 17:00,10,36,278
17731,1/10/2015 18:00,11,34,265
17732,1/10/2015 19:00,11,34,266
17733,1/10/2015 20:00,11,33,266
17734,1/10/2015 21:00,12,33,276
17735,1/10/2015 22:00,11,33,266
17736,1/10/2015 23:00,9,33,264
17737,1/11/2015 0:00,11,33,265
17738,1/11/2015 1:00,11,34,262
17739,1/11/2015 2:00,11,33,260
17740,1/11/2015 3:00,11,34,260
17741,1/11/2015 4:00,11,33,261
17742,1/11/2015 5:00,11,35,260
17743,1/11/2015 6:00,10,33,260
17744,1/11/2015 7:00,11,33,259
17745,1/11/2015 8:00,11,33,260
17746,1/11/2015 9:00,11,33,259
17747,1/11/2015 10:00,13,33,260
17748,1/11/2015 11:00,12,33,258
17749,1/11/2015 12:00,11,33,258
17750,1/11/2015 13:00,12,33,258
17751,1/11/2015 14:00,10,33,257
17752,1/11/2015 15:00,11,33,257
17753,1/11/2015 16:00,11,34,255
17754,1/11/2015 17:00,11,33,254
17755,1/11/2015 18:00,11,33,255
17756,1/11/2015 19:00,11,33,257
17757,1/11/2015 20:00,11,35,257
17758,1/11/2015 21:00,11,35,257
17759,1/11/2015 22:00,10,33,257
17760,1/11/2015 23:00,11,33,258
17761,1/12/2015 0:00,11,33,260
17762,1/12/2015 1:00,11,36,260
17763,1/12/2015 2:00,11,33,260
17764,1/12/2015 3:00,10,33,262
17765,1/12/2015 4:00,12,33,263
17766,1/12/2015 5:00,10,33,263
17767,1/12/2015 6:00,11,33,264
17768,1/12/2015 7:00,12,33,264
17769,1/12/2015 8:00,11,33,264
17770,1/12/2015 9:00,11,34,264
17771,1/12/2015 10:00,11,33,265
17772,1/12/2015 11:00,11,33,265
17773,1/12/2015 12:00,11,33,265
17774,1/12/2015 13:00,11,33,265
17775,1/12/2015 14:00,11,33,265
17776,1/12/2015 15:00,12,33,265
17777,1/12/2015 16:00,11,33,265
17778,1/12/2015 17:00,10,33,265
17779,1/12/2015 18:00,11,33,265
17780,1/12/2015 19:00,11,33,264
17781,1/12/2015 20:00,11,33,264
17782,1/12/2015 21:00,11,33,264
17783,1/12/2015 22:00,11,35,264
17784,1/12/2015 23:00,10,33,264
17785,1/13/2015 0:00,11,33,263
17786,1/13/2015 1:00,11,33,263
17787,1/13/2015 2:00,11,33,263
17788,1/13/2015 3:00,10,33,260
17789,1/13/2015 4:00,11,33,259
17790,1/13/2015 5:00,11,33,259
17791,1/13/2015 6:00,10,33,259
17792,1/13/2015 7:00,11,36,257
17793,1/13/2015 8:00,11,35,259
17794,1/13/2015 9:00,11,33,258
17795,1/13/2015 10:00,9,33,257
17796,1/13/2015 11:00,11,33,258
17797,1/13/2015 12:00,11,33,258
17798,1/13/2015 13:00,11,34,255
17799,1/13/2015 14:00,10,33,254
17800,1/13/2015 15:00,10,33,257
17801,1/13/2015 16:00,11,33,258
17802,1/13/2015 17:00,11,33,255
17803,1/13/2015 18:00,11,36,253
17804,1/13/2015 19:00,11,33,253
17805,1/13/2015 20:00,11,33,252
17806,1/13/2015 21:00,9,35,253
17807,1/13/2015 22:00,11,33,252
17808,1/13/2015 23:00,10,33,251
17809,1/14/2015 0:00,11,33,251
17810,1/14/2015 1:00,11,34,252
17811,1/14/2015 2:00,11,33,253
17812,1/14/2015 3:00,11,33,253
17813,1/14/2015 4:00,11,33,252
17814,1/14/2015 5:00,9,33,253
17815,1/14/2015 6:00,10,33,252
17816,1/14/2015 7:00,11,33,251
17817,1/14/2015 8:00,10,33,250
17818,1/14/2015 9:00,11,33,248
17819,1/14/2015 10:00,11,35,250
17820,1/14/2015 11:00,11,33,246
17821,1/14/2015 12:00,11,33,250
17822,1/14/2015 13:00,10,33,245
17823,1/14/2015 14:00,10,33,248
17824,1/14/2015 15:00,11,33,248
17825,1/14/2015 16:00,11,36,246
17826,1/14/2015 17:00,11,34,248
17827,1/14/2015 18:00,11,34,248
17828,1/14/2015 19:00,11,33,248
17829,1/14/2015 20:00,11,33,248
17830,1/14/2015 21:00,11,33,250
17831,1/14/2015 22:00,11,33,251
17832,1/14/2015 23:00,11,33,251
17833,1/15/2015 0:00,11,33,250
17834,1/15/2015 1:00,11,33,252
17835,1/15/2015 2:00,11,34,254
17836,1/15/2015 3:00,11,33,252
17837,1/15/2015 4:00,11,33,251
17838,1/15/2015 5:00,11,33,254
17839,1/15/2015 6:00,12,33,254
17840,1/15/2015 7:00,11,34,254
17841,1/15/2015 8:00,10,33,253
17842,1/15/2015 9:00,10,36,253
17843,1/15/2015 10:00,11,33,255
17844,1/15/2015 11:00,11,33,253
17845,1/15/2015 12:00,11,33,253
17846,1/15/2015 13:00,11,34,253
17847,1/15/2015 14:00,11,33,253
17848,1/15/2015 15:00,9,33,253
17849,1/15/2015 16:00,11,33,268
17850,1/15/2015 17:00,11,34,270
17851,1/15/2015 18:00,11,33,273
17852,1/15/2015 19:00,11,33,274
17853,1/15/2015 20:00,11,33,274
17854,1/15/2015 21:00,11,33,274
17855,1/15/2015 22:00,11,34,259
17856,1/15/2015 23:00,11,33,259
17857,1/16/2015 0:00,11,33,258
17858,1/16/2015 1:00,11,34,257
17859,1/16/2015 2:00,12,33,255
17860,1/16/2015 3:00,10,33,256
17861,1/16/2015 4:00,11,33,256
17862,1/16/2015 5:00,11,33,270
17863,1/16/2015 6:00,11,33,258
17864,1/16/2015 7:00,11,34,257
17865,1/16/2015 8:00,11,35,255
17866,1/16/2015 9:00,11,33,253
17867,1/16/2015 10:00,11,33,261
17868,1/16/2015 11:00,11,34,260
17869,1/16/2015 12:00,11,34,259
17870,1/16/2015 13:00,11,34,261
17871,1/16/2015 14:00,11,33,265
17872,1/16/2015 15:00,11,34,261
17873,1/16/2015 16:00,11,34,263
17874,1/16/2015 17:00,11,34,264
17875,1/16/2015 18:00,11,34,260
17876,1/16/2015 19:00,11,34,261
17877,1/16/2015 20:00,10,34,260
17878,1/16/2015 21:00,10,34,259
17879,1/16/2015 22:00,11,35,260
17880,1/16/2015 23:00,11,34,259
17881,1/17/2015 0:00,10,34,259
17882,1/17/2015 1:00,11,33,259
17883,1/17/2015 2:00,11,33,259
17884,1/17/2015 3:00,11,34,259
17885,1/17/2015 4:00,11,33,259
17886,1/17/2015 5:00,11,33,260
17887,1/17/2015 6:00,11,34,260
17888,1/17/2015 7:00,11,36,260
17889,1/17/2015 8:00,11,36,260
17890,1/17/2015 9:00,11,33,259
17891,1/17/2015 10:00,11,33,259
17892,1/17/2015 11:00,12,34,258
17893,1/17/2015 12:00,12,35,258
17894,1/17/2015 13:00,9,34,257
17895,1/17/2015 14:00,11,36,255
17896,1/17/2015 15:00,10,36,255
17897,1/17/2015 16:00,11,34,255
17898,1/17/2015 17:00,11,33,254
17899,1/17/2015 18:00,11,34,255
17900,1/17/2015 19:00,11,34,255
17901,1/17/2015 20:00,11,35,255
17902,1/17/2015 21:00,11,34,254
17903,1/17/2015 22:00,11,34,254
17904,1/17/2015 23:00,11,34,254
17905,1/18/2015 0:00,11,34,252
17906,1/18/2015 1:00,11,36,252
17907,1/18/2015 2:00,11,34,252
17908,1/18/2015 3:00,11,35,251
17909,1/18/2015 4:00,11,34,252
17910,1/18/2015 5:00,11,34,252
17911,1/18/2015 6:00,11,34,254
17912,1/18/2015 7:00,11,35,253
17913,1/18/2015 8:00,11,35,251
17914,1/18/2015 9:00,11,34,252
17915,1/18/2015 10:00,9,34,250
17916,1/18/2015 11:00,11,34,250
17917,1/18/2015 12:00,11,34,250
17918,1/18/2015 13:00,11,34,248
17919,1/18/2015 14:00,11,34,252
17920,1/18/2015 15:00,11,34,250
17921,1/18/2015 16:00,11,34,253
17922,1/18/2015 17:00,11,34,248
17923,1/18/2015 18:00,11,34,250
17924,1/18/2015 19:00,11,34,248
17925,1/18/2015 20:00,11,36,248
17926,1/18/2015 21:00,11,34,248
17927,1/18/2015 22:00,11,34,251
17928,1/18/2015 23:00,10,34,250
17929,1/19/2015 0:00,11,34,250
17930,1/19/2015 1:00,11,34,247
17931,1/19/2015 2:00,11,34,250
17932,1/19/2015 3:00,11,34,245
17933,1/19/2015 4:00,12,34,250
17934,1/19/2015 5:00,11,34,249
17935,1/19/2015 6:00,11,34,253
17936,1/19/2015 7:00,11,34,250
17937,1/19/2015 8:00,11,34,252
17938,1/19/2015 9:00,11,33,250
17939,1/19/2015 10:00,11,34,254
17940,1/19/2015 11:00,11,34,253
17941,1/19/2015 12:00,12,34,251
17942,1/19/2015 13:00,11,34,252
17943,1/19/2015 14:00,11,36,251
17944,1/19/2015 15:00,11,34,251
17945,1/19/2015 16:00,11,34,252
17946,1/19/2015 17:00,11,34,251
17947,1/19/2015 18:00,13,35,251
17948,1/19/2015 19:00,10,34,252
17949,1/19/2015 20:00,11,35,252
17950,1/19/2015 21:00,11,34,249
17951,1/19/2015 22:00,11,34,252
17952,1/19/2015 23:00,11,34,250
17953,1/20/2015 0:00,11,34,251
17954,1/20/2015 1:00,11,37,263
17955,1/20/2015 2:00,11,34,251
17956,1/20/2015 3:00,11,34,251
17957,1/20/2015 4:00,11,34,251
17958,1/20/2015 5:00,11,36,252
17959,1/20/2015 6:00,10,34,251
17960,1/20/2015 7:00,11,34,250
17961,1/20/2015 8:00,11,34,252
17962,1/20/2015 9:00,11,34,251
17963,1/20/2015 10:00,12,34,251
17964,1/20/2015 11:00,11,34,251
17965,1/20/2015 12:00,11,34,251
17966,1/20/2015 13:00,11,34,251
17967,1/20/2015 14:00,11,34,251
17968,1/20/2015 15:00,11,34,251
17969,1/20/2015 16:00,11,37,251
17970,1/20/2015 17:00,11,37,251
17971,1/20/2015 18:00,11,37,251
17972,1/20/2015 19:00,9,34,252
17973,1/20/2015 20:00,10,34,251
17974,1/20/2015 21:00,11,34,248
17975,1/20/2015 22:00,11,35,250
17976,1/20/2015 23:00,11,34,250
17977,1/21/2015 0:00,11,35,251
17978,1/21/2015 1:00,11,34,252
17979,1/21/2015 2:00,11,34,251
17980,1/21/2015 3:00,11,34,252
17981,1/21/2015 4:00,10,34,251
17982,1/21/2015 5:00,11,33,251
17983,1/21/2015 6:00,10,34,251
17984,1/21/2015 7:00,11,34,251
17985,1/21/2015 8:00,11,37,252
17986,1/21/2015 9:00,12,35,250
17987,1/21/2015 10:00,11,34,250
17988,1/21/2015 11:00,11,34,249
17989,1/21/2015 12:00,11,34,250
17990,1/21/2015 13:00,11,34,250
17991,1/21/2015 14:00,11,36,248
17992,1/21/2015 15:00,9,32,250
17993,1/21/2015 16:00,10,34,250
17994,1/21/2015 17:00,9,34,249
17995,1/21/2015 18:00,11,35,248
17996,1/21/2015 19:00,9,34,248
17997,1/21/2015 20:00,9,34,248
17998,1/21/2015 21:00,9,34,249
17999,1/21/2015 22:00,11,34,248
18000,1/21/2015 23:00,11,34,250
18001,1/22/2015 0:00,11,34,250
18002,1/22/2015 1:00,11,34,250
18003,1/22/2015 2:00,11,34,250
18004,1/22/2015 3:00,11,34,250
18005,1/22/2015 4:00,9,33,250
18006,1/22/2015 5:00,12,34,250
18007,1/22/2015 6:00,11,34,249
18008,1/22/2015 7:00,11,34,250
18009,1/22/2015 8:00,13,34,248
18010,1/22/2015 9:00,11,32,248
18011,1/22/2015 10:00,11,35,246
18012,1/22/2015 11:00,11,34,246
18013,1/22/2015 12:00,11,34,246
18014,1/22/2015 13:00,11,34,246
18015,1/22/2015 14:00,11,33,245
18016,1/22/2015 15:00,11,33,246
18017,1/22/2015 16:00,11,33,246
18018,1/22/2015 17:00,11,33,250
18019,1/22/2015 18:00,11,33,251
18020,1/22/2015 19:00,11,34,253
18021,1/22/2015 20:00,11,34,252
18022,1/22/2015 21:00,11,33,253
18023,1/22/2015 22:00,11,33,253
18024,1/22/2015 23:00,11,33,253
18025,1/23/2015 0:00,11,33,253
18026,1/23/2015 1:00,12,33,253
18027,1/23/2015 2:00,11,33,252
18028,1/23/2015 3:00,11,33,251
18029,1/23/2015 4:00,11,33,251
18030,1/23/2015 5:00,11,33,252
18031,1/23/2015 6:00,11,33,251
18032,1/23/2015 7:00,11,33,253
18033,1/23/2015 8:00,11,33,253
18034,1/23/2015 9:00,11,33,252
18035,1/23/2015 10:00,11,33,252
18036,1/23/2015 11:00,9,33,253
18037,1/23/2015 12:00,11,33,253
18038,1/23/2015 13:00,11,33,254
18039,1/23/2015 14:00,11,33,253
18040,1/23/2015 15:00,11,33,253
18041,1/23/2015 16:00,11,33,252
18042,1/23/2015 17:00,11,33,251
18043,1/23/2015 18:00,11,33,251
18044,1/23/2015 19:00,11,33,251
18045,1/23/2015 20:00,11,33,251
18046,1/23/2015 21:00,11,33,252
18047,1/23/2015 22:00,11,33,251
18048,1/23/2015 23:00,11,33,251
18049,1/24/2015 0:00,11,33,251
18050,1/24/2015 1:00,11,33,251
18051,1/24/2015 2:00,10,33,251
18052,1/24/2015 3:00,11,33,250
18053,1/24/2015 4:00,12,33,250
18054,1/24/2015 5:00,11,33,250
18055,1/24/2015 6:00,11,33,246
18056,1/24/2015 7:00,11,33,248
18057,1/24/2015 8:00,11,32,249
18058,1/24/2015 9:00,11,33,250
18059,1/24/2015 10:00,11,33,250
18060,1/24/2015 11:00,11,33,251
18061,1/24/2015 12:00,11,33,251
18062,1/24/2015 13:00,11,33,253
18063,1/24/2015 14:00,11,33,252
18064,1/24/2015 15:00,11,32,253
18065,1/24/2015 16:00,12,32,254
18066,1/24/2015 17:00,9,32,253
18067,1/24/2015 18:00,11,32,253
18068,1/24/2015 19:00,11,33,253
18069,1/24/2015 20:00,11,32,253
18070,1/24/2015 21:00,11,32,253
18071,1/24/2015 22:00,11,32,253
18072,1/24/2015 23:00,11,32,254
18073,1/25/2015 0:00,11,32,254
18074,1/25/2015 1:00,11,32,254
18075,1/25/2015 2:00,11,32,254
18076,1/25/2015 3:00,11,32,253
18077,1/25/2015 4:00,11,32,253
18078,1/25/2015 5:00,9,32,253
18079,1/25/2015 6:00,11,32,252
18080,1/25/2015 7:00,11,32,252
18081,1/25/2015 8:00,11,32,252
18082,1/25/2015 9:00,11,32,251
18083,1/25/2015 10:00,10,32,252
18084,1/25/2015 11:00,11,32,252
18085,1/25/2015 12:00,11,32,251
18086,1/25/2015 13:00,11,32,252
18087,1/25/2015 14:00,11,32,252
18088,1/25/2015 15:00,11,32,252
18089,1/25/2015 16:00,11,32,251
18090,1/25/2015 17:00,11,32,251
18091,1/25/2015 18:00,11,32,251
18092,1/25/2015 19:00,11,32,252
18093,1/25/2015 20:00,11,32,246
18094,1/25/2015 21:00,11,32,253
18095,1/25/2015 22:00,11,32,254
18096,1/25/2015 23:00,11,32,254
18097,1/26/2015 0:00,11,32,253
18098,1/26/2015 1:00,11,32,252
18099,1/26/2015 2:00,11,32,252
18100,1/26/2015 3:00,11,32,253
18101,1/26/2015 4:00,11,32,253
18102,1/26/2015 5:00,11,32,253
18103,1/26/2015 6:00,11,32,253
18104,1/26/2015 7:00,11,32,253
18105,1/26/2015 8:00,11,32,253
18106,1/26/2015 9:00,9,32,253
18107,1/26/2015 10:00,11,32,253
18108,1/26/2015 11:00,12,32,253
18109,1/26/2015 12:00,11,32,253
18110,1/26/2015 13:00,11,32,254
18111,1/26/2015 14:00,11,32,253
18112,1/26/2015 15:00,11,32,253
18113,1/26/2015 16:00,10,32,253
18114,1/26/2015 17:00,11,32,253
18115,1/26/2015 18:00,11,32,253
18116,1/26/2015 19:00,11,32,254
18117,1/26/2015 20:00,11,32,253
18118,1/26/2015 21:00,11,32,253
18119,1/26/2015 22:00,11,32,253
18120,1/26/2015 23:00,11,32,253
18121,1/27/2015 0:00,11,32,252
18122,1/27/2015 1:00,11,32,253
18123,1/27/2015 2:00,11,32,253
18124,1/27/2015 3:00,10,32,253
18125,1/27/2015 4:00,11,32,253
18126,1/27/2015 5:00,11,32,253
18127,1/27/2015 6:00,11,32,252
18128,1/27/2015 7:00,9,32,252
18129,1/27/2015 8:00,11,32,251
18130,1/27/2015 9:00,11,32,251
18131,1/27/2015 10:00,11,32,253
18132,1/27/2015 11:00,11,32,253
18133,1/27/2015 12:00,11,32,254
18134,1/27/2015 13:00,11,32,254
18135,1/27/2015 14:00,11,32,254
18136,1/27/2015 15:00,11,32,254
18137,1/27/2015 16:00,10,32,253
18138,1/27/2015 17:00,11,32,253
18139,1/27/2015 18:00,11,32,254
18140,1/27/2015 19:00,11,32,253
18141,1/27/2015 20:00,11,32,253
18142,1/27/2015 21:00,11,32,251
18143,1/27/2015 22:00,11,32,251
18144,1/27/2015 23:00,11,32,250
18145,1/28/2015 0:00,11,32,250
18146,1/28/2015 1:00,11,32,251
18147,1/28/2015 2:00,12,32,250
18148,1/28/2015 3:00,11,32,250
18149,1/28/2015 4:00,11,32,250
18150,1/28/2015 5:00,11,32,251
18151,1/28/2015 6:00,11,32,252
18152,1/28/2015 7:00,11,32,253
18153,1/28/2015 8:00,11,32,252
18154,1/28/2015 9:00,11,32,253
18155,1/28/2015 10:00,11,32,251
18156,1/28/2015 11:00,12,32,248
18157,1/28/2015 12:00,11,32,248
18158,1/28/2015 13:00,11,32,248
18159,1/28/2015 14:00,11,32,250
18160,1/28/2015 15:00,11,32,248
18161,1/28/2015 16:00,11,32,248
18162,1/28/2015 17:00,11,32,246
18163,1/28/2015 18:00,11,32,246
18164,1/28/2015 19:00,11,32,244
18165,1/28/2015 20:00,10,32,250
18166,1/28/2015 21:00,11,32,252
18167,1/28/2015 22:00,11,32,250
18168,1/28/2015 23:00,11,32,252
18169,1/29/2015 0:00,11,32,252
18170,1/29/2015 1:00,11,32,253
18171,1/29/2015 2:00,11,32,252
18172,1/29/2015 3:00,11,32,251
18173,1/29/2015 4:00,11,32,253
18174,1/29/2015 5:00,9,32,252
18175,1/29/2015 6:00,10,32,252
18176,1/29/2015 7:00,10,32,252
18177,1/29/2015 8:00,11,32,252
18178,1/29/2015 9:00,12,32,253
18179,1/29/2015 10:00,11,32,254
18180,1/29/2015 11:00,11,32,255
18181,1/29/2015 12:00,11,32,255
18182,1/29/2015 13:00,11,32,255
18183,1/29/2015 14:00,11,32,257
18184,1/29/2015 15:00,11,32,257
18185,1/29/2015 16:00,11,32,257
18186,1/29/2015 17:00,9,32,258
18187,1/29/2015 18:00,11,32,258
18188,1/29/2015 19:00,11,32,258
18189,1/29/2015 20:00,11,32,258
18190,1/29/2015 21:00,11,32,258
18191,1/29/2015 22:00,11,32,258
18192,1/29/2015 23:00,11,32,258
18193,1/30/2015 0:00,11,32,259
18194,1/30/2015 1:00,11,32,258
18195,1/30/2015 2:00,11,33,258
18196,1/30/2015 3:00,11,33,257
18197,1/30/2015 4:00,11,32,257
18198,1/30/2015 5:00,11,32,257
18199,1/30/2015 6:00,11,32,258
18200,1/30/2015 7:00,11,32,257
18201,1/30/2015 8:00,11,32,257
18202,1/30/2015 9:00,9,32,258
18203,1/30/2015 10:00,11,32,258
18204,1/30/2015 11:00,11,32,259
18205,1/30/2015 12:00,11,32,259
18206,1/30/2015 13:00,11,32,259
18207,1/30/2015 14:00,11,32,259
18208,1/30/2015 15:00,9,32,259
18209,1/30/2015 16:00,11,32,259
18210,1/30/2015 17:00,11,32,260
18211,1/30/2015 18:00,11,32,260
18212,1/30/2015 19:00,11,32,260
18213,1/30/2015 20:00,11,32,260
18214,1/30/2015 21:00,11,32,260
18215,1/30/2015 22:00,11,32,260
18216,1/30/2015 23:00,11,32,260
18217,1/31/2015 0:00,11,32,260
18218,1/31/2015 1:00,11,32,260
18219,1/31/2015 2:00,11,32,260
18220,1/31/2015 3:00,11,32,261
18221,1/31/2015 4:00,11,32,260
18222,1/31/2015 5:00,11,32,260
18223,1/31/2015 6:00,11,32,260
18224,1/31/2015 7:00,11,32,260
18225,1/31/2015 8:00,11,35,260
18226,1/31/2015 9:00,11,32,260
18227,1/31/2015 10:00,11,32,260
18228,1/31/2015 11:00,11,31,260
18229,1/31/2015 12:00,11,34,260
18230,1/31/2015 13:00,11,31,260
18231,1/31/2015 14:00,11,32,260
18232,1/31/2015 15:00,11,32,260
18233,1/31/2015 16:00,11,32,260
18234,1/31/2015 17:00,11,32,259
18235,1/31/2015 18:00,11,32,259
18236,1/31/2015 19:00,11,32,259
18237,1/31/2015 20:00,11,32,259
18238,1/31/2015 21:00,11,32,259
18239,1/31/2015 22:00,11,32,259
18240,1/31/2015 23:00,11,32,259
18241,2/1/2015 0:00,11,32,258
18242,2/1/2015 1:00,11,32,258
18243,2/1/2015 2:00,11,32,257
18244,2/1/2015 3:00,11,32,255
18245,2/1/2015 4:00,11,32,254
18246,2/1/2015 5:00,11,32,254
18247,2/1/2015 6:00,11,33,253
18248,2/1/2015 7:00,12,32,254
18249,2/1/2015 8:00,11,32,254
18250,2/1/2015 9:00,11,32,254
18251,2/1/2015 10:00,12,32,255
18252,2/1/2015 11:00,11,35,255
18253,2/1/2015 12:00,11,32,256
18254,2/1/2015 13:00,12,32,256
18255,2/1/2015 14:00,11,32,254
18256,2/1/2015 15:00,11,32,254
18257,2/1/2015 16:00,11,32,255
18258,2/1/2015 17:00,11,32,255
18259,2/1/2015 18:00,11,32,256
18260,2/1/2015 19:00,11,32,255
18261,2/1/2015 20:00,11,32,255
18262,2/1/2015 21:00,11,32,254
18263,2/1/2015 22:00,11,32,255
18264,2/1/2015 23:00,11,32,256
18265,2/2/2015 0:00,11,32,254
18266,2/2/2015 1:00,11,32,255
18267,2/2/2015 2:00,9,32,253
18268,2/2/2015 3:00,11,32,254
18269,2/2/2015 4:00,11,32,255
18270,2/2/2015 5:00,11,32,256
18271,2/2/2015 6:00,11,32,256
18272,2/2/2015 7:00,11,32,257
18273,2/2/2015 8:00,11,32,257
18274,2/2/2015 9:00,10,32,257
18275,2/2/2015 10:00,11,32,260
18276,2/2/2015 11:00,11,32,260
18277,2/2/2015 12:00,11,32,261
18278,2/2/2015 13:00,11,32,261
18279,2/2/2015 14:00,11,35,261
18280,2/2/2015 15:00,11,32,263
18281,2/2/2015 16:00,9,32,263
18282,2/2/2015 17:00,11,32,264
18283,2/2/2015 18:00,11,32,264
18284,2/2/2015 19:00,11,32,265
18285,2/2/2015 20:00,11,32,265
18286,2/2/2015 21:00,11,32,265
18287,2/2/2015 22:00,9,32,265
18288,2/2/2015 23:00,11,32,265
18289,2/3/2015 0:00,11,32,265
18290,2/3/2015 1:00,11,32,265
18291,2/3/2015 2:00,9,32,265
18292,2/3/2015 3:00,11,32,265
18293,2/3/2015 4:00,12,32,265
18294,2/3/2015 5:00,11,32,265
18295,2/3/2015 6:00,11,32,265
18296,2/3/2015 7:00,11,32,265
18297,2/3/2015 8:00,11,32,265
18298,2/3/2015 9:00,11,32,264
18299,2/3/2015 10:00,11,32,265
18300,2/3/2015 11:00,11,32,265
18301,2/3/2015 12:00,11,32,265
18302,2/3/2015 13:00,11,32,265
18303,2/3/2015 14:00,11,32,266
18304,2/3/2015 15:00,11,32,265
18305,2/3/2015 16:00,11,32,265
18306,2/3/2015 17:00,11,32,265
18307,2/3/2015 18:00,11,32,265
18308,2/3/2015 19:00,11,32,265
18309,2/3/2015 20:00,11,32,266
18310,2/3/2015 21:00,11,32,265
18311,2/3/2015 22:00,11,32,265
18312,2/3/2015 23:00,11,32,266
18313,2/4/2015 0:00,11,32,266
18314,2/4/2015 1:00,9,32,266
18315,2/4/2015 2:00,11,32,266
18316,2/4/2015 3:00,10,32,267
18317,2/4/2015 4:00,12,32,267
18318,2/4/2015 5:00,11,32,267
18319,2/4/2015 6:00,11,32,268
18320,2/4/2015 7:00,11,32,269
18321,2/4/2015 8:00,11,32,267
18322,2/4/2015 9:00,11,32,267
18323,2/4/2015 10:00,11,32,267
18324,2/4/2015 11:00,11,32,267
18325,2/4/2015 12:00,11,32,266
18326,2/4/2015 13:00,11,32,266
18327,2/4/2015 14:00,11,32,265
18328,2/4/2015 15:00,10,32,266
18329,2/4/2015 16:00,11,32,266
18330,2/4/2015 17:00,11,32,263
18331,2/4/2015 18:00,11,32,265
18332,2/4/2015 19:00,11,32,265
18333,2/4/2015 20:00,11,32,265
18334,2/4/2015 21:00,11,32,267
18335,2/4/2015 22:00,10,32,269
18336,2/4/2015 23:00,11,32,269
18337,2/5/2015 0:00,11,32,269
18338,2/5/2015 1:00,11,32,269
18339,2/5/2015 2:00,11,32,270
18340,2/5/2015 3:00,11,32,269
18341,2/5/2015 4:00,11,32,269
18342,2/5/2015 5:00,11,32,267
18343,2/5/2015 6:00,11,32,268
18344,2/5/2015 7:00,11,32,269
18345,2/5/2015 8:00,11,32,269
18346,2/5/2015 9:00,11,32,269
18347,2/5/2015 10:00,11,32,269
18348,2/5/2015 11:00,11,32,269
18349,2/5/2015 12:00,11,32,269
18350,2/5/2015 13:00,11,32,269
18351,2/5/2015 14:00,11,32,270
18352,2/5/2015 15:00,11,32,269
18353,2/5/2015 16:00,11,32,269
18354,2/5/2015 17:00,11,32,269
18355,2/5/2015 18:00,11,32,269
18356,2/5/2015 19:00,11,32,269
18357,2/5/2015 20:00,11,35,268
18358,2/5/2015 21:00,11,32,267
18359,2/5/2015 22:00,11,32,268
18360,2/5/2015 23:00,11,32,267
18361,2/6/2015 0:00,11,32,267
18362,2/6/2015 1:00,11,32,267
18363,2/6/2015 2:00,9,32,267
18364,2/6/2015 3:00,11,32,267
18365,2/6/2015 4:00,9,32,267
18366,2/6/2015 5:00,11,32,266
18367,2/6/2015 6:00,11,32,269
18368,2/6/2015 7:00,11,32,269
18369,2/6/2015 8:00,11,32,268
18370,2/6/2015 9:00,11,32,267
18371,2/6/2015 10:00,11,32,267
18372,2/6/2015 11:00,11,32,266
18373,2/6/2015 12:00,11,32,267
18374,2/6/2015 13:00,11,32,267
18375,2/6/2015 14:00,11,32,267
18376,2/6/2015 15:00,11,32,267
18377,2/6/2015 16:00,11,32,266
18378,2/6/2015 17:00,11,32,267
18379,2/6/2015 18:00,11,32,267
18380,2/6/2015 19:00,11,32,266
18381,2/6/2015 20:00,11,32,266
18382,2/6/2015 21:00,11,32,266
18383,2/6/2015 22:00,12,32,267
18384,2/6/2015 23:00,11,34,267
18385,2/7/2015 0:00,11,32,266
18386,2/7/2015 1:00,11,32,267
18387,2/7/2015 2:00,11,32,266
18388,2/7/2015 3:00,11,32,267
18389,2/7/2015 4:00,11,32,267
18390,2/7/2015 5:00,11,32,267
18391,2/7/2015 6:00,10,32,267
18392,2/7/2015 7:00,11,32,268
18393,2/7/2015 8:00,11,32,269
18394,2/7/2015 9:00,10,32,268
18395,2/7/2015 10:00,11,32,268
18396,2/7/2015 11:00,10,32,267
18397,2/7/2015 12:00,11,32,267
18398,2/7/2015 13:00,10,32,267
18399,2/7/2015 14:00,11,32,267
18400,2/7/2015 15:00,11,32,267
18401,2/7/2015 16:00,12,32,267
18402,2/7/2015 17:00,11,32,267
18403,2/7/2015 18:00,11,32,267
18404,2/7/2015 19:00,11,32,267
18405,2/7/2015 20:00,11,32,267
18406,2/7/2015 21:00,11,32,268
18407,2/7/2015 22:00,11,32,268
18408,2/7/2015 23:00,11,32,268
18409,2/8/2015 0:00,11,32,269
18410,2/8/2015 1:00,11,32,268
18411,2/8/2015 2:00,11,32,269
18412,2/8/2015 3:00,11,32,269
18413,2/8/2015 4:00,11,32,269
18414,2/8/2015 5:00,11,32,269
18415,2/8/2015 6:00,11,32,269
18416,2/8/2015 7:00,12,32,269
18417,2/8/2015 8:00,11,32,268
18418,2/8/2015 9:00,11,32,267
18419,2/8/2015 10:00,11,32,267
18420,2/8/2015 11:00,11,32,267
18421,2/8/2015 12:00,11,32,268
18422,2/8/2015 13:00,11,32,269
18423,2/8/2015 14:00,11,32,270
18424,2/8/2015 15:00,11,32,270
18425,2/8/2015 16:00,11,32,270
18426,2/8/2015 17:00,11,32,269
18427,2/8/2015 18:00,11,32,269
18428,2/8/2015 19:00,9,32,270
18429,2/8/2015 20:00,11,32,270
18430,2/8/2015 21:00,11,32,270
18431,2/8/2015 22:00,11,32,269
18432,2/8/2015 23:00,11,32,269
18433,2/9/2015 0:00,11,32,269
18434,2/9/2015 1:00,9,32,269
18435,2/9/2015 2:00,11,32,268
18436,2/9/2015 3:00,11,32,268
18437,2/9/2015 4:00,11,32,268
18438,2/9/2015 5:00,11,32,267
18439,2/9/2015 6:00,11,32,267
18440,2/9/2015 7:00,11,32,267
18441,2/9/2015 8:00,11,32,267
18442,2/9/2015 9:00,11,32,267
18443,2/9/2015 10:00,11,32,268
18444,2/9/2015 11:00,11,32,268
18445,2/9/2015 12:00,11,32,267
18446,2/9/2015 13:00,11,32,267
18447,2/9/2015 14:00,11,35,267
18448,2/9/2015 15:00,9,32,267
18449,2/9/2015 16:00,10,32,266
18450,2/9/2015 17:00,12,32,266
18451,2/9/2015 18:00,11,32,266
18452,2/9/2015 19:00,11,32,266
18453,2/9/2015 20:00,13,30,266
18454,2/9/2015 21:00,11,32,266
18455,2/9/2015 22:00,11,32,267
18456,2/9/2015 23:00,11,32,266
18457,2/10/2015 0:00,11,32,267
18458,2/10/2015 1:00,11,32,267
18459,2/10/2015 2:00,10,32,267
18460,2/10/2015 3:00,11,32,266
18461,2/10/2015 4:00,10,32,267
18462,2/10/2015 5:00,11,32,267
18463,2/10/2015 6:00,12,32,267
18464,2/10/2015 7:00,11,32,267
18465,2/10/2015 8:00,11,32,267
18466,2/10/2015 9:00,11,32,267
18467,2/10/2015 10:00,11,32,268
18468,2/10/2015 11:00,11,32,270
18469,2/10/2015 12:00,11,32,270
18470,2/10/2015 13:00,11,32,270
18471,2/10/2015 14:00,11,32,270
18472,2/10/2015 15:00,12,32,272
18473,2/10/2015 16:00,11,32,273
18474,2/10/2015 17:00,11,32,273
18475,2/10/2015 18:00,11,32,273
18476,2/10/2015 19:00,11,32,272
18477,2/10/2015 20:00,11,32,272
18478,2/10/2015 21:00,10,32,272
18479,2/10/2015 22:00,11,32,272
18480,2/10/2015 23:00,11,32,270
18481,2/11/2015 0:00,11,32,272
18482,2/11/2015 1:00,11,32,270
18483,2/11/2015 2:00,11,32,270
18484,2/11/2015 3:00,11,32,270
18485,2/11/2015 4:00,11,32,270
18486,2/11/2015 5:00,11,32,269
18487,2/11/2015 6:00,11,32,269
18488,2/11/2015 7:00,11,32,269
18489,2/11/2015 8:00,10,32,269
18490,2/11/2015 9:00,11,32,269
18491,2/11/2015 10:00,11,32,269
18492,2/11/2015 11:00,12,32,269
18493,2/11/2015 12:00,11,32,269
18494,2/11/2015 13:00,11,32,268
18495,2/11/2015 14:00,11,32,269
18496,2/11/2015 15:00,10,32,268
18497,2/11/2015 16:00,11,32,268
18498,2/11/2015 17:00,11,32,269
18499,2/11/2015 18:00,11,32,269
18500,2/11/2015 19:00,11,32,267
18501,2/11/2015 20:00,11,32,267
18502,2/11/2015 21:00,11,32,267
18503,2/11/2015 22:00,11,32,267
18504,2/11/2015 23:00,11,32,267
18505,2/12/2015 0:00,12,32,267
18506,2/12/2015 1:00,11,32,267
18507,2/12/2015 2:00,11,32,267
18508,2/12/2015 3:00,9,32,266
18509,2/12/2015 4:00,11,32,267
18510,2/12/2015 5:00,11,32,267
18511,2/12/2015 6:00,11,32,267
18512,2/12/2015 7:00,11,32,268
18513,2/12/2015 8:00,11,32,269
18514,2/12/2015 9:00,11,32,269
18515,2/12/2015 10:00,11,32,269
18516,2/12/2015 11:00,11,32,269
18517,2/12/2015 12:00,11,32,269
18518,2/12/2015 13:00,11,32,269
18519,2/12/2015 14:00,11,32,269
18520,2/12/2015 15:00,11,32,269
18521,2/12/2015 16:00,11,32,269
18522,2/12/2015 17:00,11,32,269
18523,2/12/2015 18:00,11,32,269
18524,2/12/2015 19:00,11,32,269
18525,2/12/2015 20:00,11,32,269
18526,2/12/2015 21:00,12,32,269
18527,2/12/2015 22:00,11,32,269
18528,2/12/2015 23:00,11,32,269
18529,2/13/2015 0:00,11,32,269
18530,2/13/2015 1:00,11,32,268
18531,2/13/2015 2:00,11,32,269
18532,2/13/2015 3:00,11,32,269
18533,2/13/2015 4:00,11,32,268
18534,2/13/2015 5:00,11,32,268
18535,2/13/2015 6:00,11,32,269
18536,2/13/2015 7:00,12,32,268
18537,2/13/2015 8:00,11,32,269
18538,2/13/2015 9:00,11,32,269
18539,2/13/2015 10:00,9,32,269
18540,2/13/2015 11:00,10,32,269
18541,2/13/2015 12:00,11,32,269
18542,2/13/2015 13:00,11,32,269
18543,2/13/2015 14:00,11,32,269
18544,2/13/2015 15:00,11,32,269
18545,2/13/2015 16:00,11,32,269
18546,2/13/2015 17:00,11,32,269
18547,2/13/2015 18:00,11,32,269
18548,2/13/2015 19:00,11,32,269
18549,2/13/2015 20:00,11,32,269
18550,2/13/2015 21:00,11,32,269
18551,2/13/2015 22:00,11,32,269
18552,2/13/2015 23:00,11,32,269
18553,2/14/2015 0:00,11,32,269
18554,2/14/2015 1:00,11,32,269
18555,2/14/2015 2:00,11,32,268
18556,2/14/2015 3:00,11,32,268
18557,2/14/2015 4:00,11,32,267
18558,2/14/2015 5:00,11,32,267
18559,2/14/2015 6:00,11,32,267
18560,2/14/2015 7:00,11,32,268
18561,2/14/2015 8:00,11,32,268
18562,2/14/2015 9:00,11,32,268
18563,2/14/2015 10:00,11,32,268
18564,2/14/2015 11:00,11,32,268
18565,2/14/2015 12:00,11,32,269
18566,2/14/2015 13:00,11,32,268
18567,2/14/2015 14:00,11,32,268
18568,2/14/2015 15:00,12,32,268
18569,2/14/2015 16:00,11,32,268
18570,2/14/2015 17:00,11,32,269
18571,2/14/2015 18:00,11,32,268
18572,2/14/2015 19:00,11,32,267
18573,2/14/2015 20:00,11,32,268
18574,2/14/2015 21:00,11,32,268
18575,2/14/2015 22:00,11,32,267
18576,2/14/2015 23:00,11,32,268
18577,2/15/2015 0:00,11,32,268
18578,2/15/2015 1:00,11,32,268
18579,2/15/2015 2:00,11,32,268
18580,2/15/2015 3:00,11,32,267
18581,2/15/2015 4:00,11,32,267
18582,2/15/2015 5:00,11,32,267
18583,2/15/2015 6:00,11,32,267
18584,2/15/2015 7:00,11,32,267
18585,2/15/2015 8:00,10,32,267
18586,2/15/2015 9:00,11,32,267
18587,2/15/2015 10:00,11,32,266
18588,2/15/2015 11:00,11,33,266
18589,2/15/2015 12:00,12,32,266
18590,2/15/2015 13:00,11,32,266
18591,2/15/2015 14:00,11,32,266
18592,2/15/2015 15:00,11,32,266
18593,2/15/2015 16:00,11,32,266
18594,2/15/2015 17:00,11,32,266
18595,2/15/2015 18:00,11,32,266
18596,2/15/2015 19:00,11,32,266
18597,2/15/2015 20:00,11,32,266
18598,2/15/2015 21:00,12,32,266
18599,2/15/2015 22:00,11,32,266
18600,2/15/2015 23:00,11,32,266
18601,2/16/2015 0:00,11,32,266
18602,2/16/2015 1:00,11,32,266
18603,2/16/2015 2:00,11,32,266
18604,2/16/2015 3:00,13,32,266
18605,2/16/2015 4:00,11,32,266
18606,2/16/2015 5:00,11,32,266
18607,2/16/2015 6:00,11,32,266
18608,2/16/2015 7:00,11,32,266
18609,2/16/2015 8:00,11,32,266
18610,2/16/2015 9:00,11,32,267
18611,2/16/2015 10:00,11,32,266
18612,2/16/2015 11:00,11,32,267
18613,2/16/2015 12:00,11,32,266
18614,2/16/2015 13:00,11,32,266
18615,2/16/2015 14:00,11,32,267
18616,2/16/2015 15:00,11,32,267
18617,2/16/2015 16:00,11,32,267
18618,2/16/2015 17:00,11,32,267
18619,2/16/2015 18:00,11,32,267
18620,2/16/2015 19:00,11,32,267
18621,2/16/2015 20:00,11,32,267
18622,2/16/2015 21:00,11,32,267
18623,2/16/2015 22:00,11,32,267
18624,2/16/2015 23:00,11,32,267
18625,2/17/2015 0:00,10,32,267
18626,2/17/2015 1:00,10,32,267
18627,2/17/2015 2:00,11,32,267
18628,2/17/2015 3:00,11,32,267
18629,2/17/2015 4:00,11,32,267
18630,2/17/2015 5:00,11,34,267
18631,2/17/2015 6:00,11,32,267
18632,2/17/2015 7:00,11,32,267
18633,2/17/2015 8:00,11,32,267
18634,2/17/2015 9:00,11,32,267
18635,2/17/2015 10:00,11,32,267
18636,2/17/2015 11:00,11,32,267
18637,2/17/2015 12:00,11,32,267
18638,2/17/2015 13:00,10,32,266
18639,2/17/2015 14:00,11,32,267
18640,2/17/2015 15:00,11,32,267
18641,2/17/2015 16:00,11,32,267
18642,2/17/2015 17:00,11,32,267
18643,2/17/2015 18:00,11,32,267
18644,2/17/2015 19:00,11,32,267
18645,2/17/2015 20:00,11,32,267
18646,2/17/2015 21:00,12,32,267
18647,2/17/2015 22:00,11,32,267
18648,2/17/2015 23:00,11,32,267
18649,2/18/2015 0:00,11,32,267
18650,2/18/2015 1:00,11,32,267
18651,2/18/2015 2:00,11,32,267
18652,2/18/2015 3:00,11,32,267
18653,2/18/2015 4:00,10,32,267
18654,2/18/2015 5:00,10,32,267
18655,2/18/2015 6:00,11,32,267
18656,2/18/2015 7:00,11,32,267
18657,2/18/2015 8:00,11,32,267
18658,2/18/2015 9:00,10,32,267
18659,2/18/2015 10:00,11,32,267
18660,2/18/2015 11:00,11,32,267
18661,2/18/2015 12:00,11,32,267
18662,2/18/2015 13:00,11,32,267
18663,2/18/2015 14:00,11,32,267
18664,2/18/2015 15:00,11,32,267
18665,2/18/2015 16:00,11,32,267
18666,2/18/2015 17:00,11,32,267
18667,2/18/2015 18:00,11,32,267
18668,2/18/2015 19:00,11,32,267
18669,2/18/2015 20:00,11,32,267
18670,2/18/2015 21:00,11,32,266
18671,2/18/2015 22:00,11,32,266
18672,2/18/2015 23:00,11,32,266
18673,2/19/2015 0:00,11,32,266
18674,2/19/2015 1:00,11,32,266
18675,2/19/2015 2:00,11,32,266
18676,2/19/2015 3:00,11,32,266
18677,2/19/2015 4:00,11,32,266
18678,2/19/2015 5:00,11,32,266
18679,2/19/2015 6:00,10,32,266
18680,2/19/2015 7:00,11,30,266
18681,2/19/2015 8:00,12,32,266
18682,2/19/2015 9:00,11,32,266
18683,2/19/2015 10:00,11,32,266
18684,2/19/2015 11:00,11,33,266
18685,2/19/2015 12:00,11,32,266
18686,2/19/2015 13:00,11,32,266
18687,2/19/2015 14:00,11,32,266
18688,2/19/2015 15:00,10,32,266
18689,2/19/2015 16:00,10,32,266
18690,2/19/2015 17:00,11,32,265
18691,2/19/2015 18:00,11,32,265
18692,2/19/2015 19:00,11,32,266
18693,2/19/2015 20:00,11,32,266
18694,2/19/2015 21:00,11,32,266
18695,2/19/2015 22:00,13,34,265
18696,2/19/2015 23:00,11,32,265
18697,2/20/2015 0:00,11,32,265
18698,2/20/2015 1:00,12,32,265
18699,2/20/2015 2:00,10,32,265
18700,2/20/2015 3:00,11,32,265
18701,2/20/2015 4:00,11,32,265
18702,2/20/2015 5:00,10,32,265
18703,2/20/2015 6:00,11,32,265
18704,2/20/2015 7:00,11,32,265
18705,2/20/2015 8:00,11,32,265
18706,2/20/2015 9:00,11,32,265
18707,2/20/2015 10:00,11,32,265
18708,2/20/2015 11:00,11,32,265
18709,2/20/2015 12:00,11,32,265
18710,2/20/2015 13:00,11,32,265
18711,2/20/2015 14:00,11,32,265
18712,2/20/2015 15:00,11,33,265
18713,2/20/2015 16:00,11,32,265
18714,2/20/2015 17:00,11,32,265
18715,2/20/2015 18:00,10,32,264
18716,2/20/2015 19:00,11,32,264
18717,2/20/2015 20:00,11,32,265
18718,2/20/2015 21:00,11,32,265
18719,2/20/2015 22:00,11,32,265
18720,2/20/2015 23:00,11,32,265
18721,2/21/2015 0:00,10,32,265
18722,2/21/2015 1:00,11,32,264
18723,2/21/2015 2:00,11,32,264
18724,2/21/2015 3:00,11,32,264
18725,2/21/2015 4:00,11,32,264
18726,2/21/2015 5:00,11,30,264
18727,2/21/2015 6:00,11,32,264
18728,2/21/2015 7:00,11,32,264
18729,2/21/2015 8:00,11,32,264
18730,2/21/2015 9:00,11,32,265
18731,2/21/2015 10:00,11,32,265
18732,2/21/2015 11:00,11,32,265
18733,2/21/2015 12:00,12,32,265
18734,2/21/2015 13:00,11,32,265
18735,2/21/2015 14:00,11,32,265
18736,2/21/2015 15:00,11,32,265
18737,2/21/2015 16:00,11,32,265
18738,2/21/2015 17:00,10,32,265
18739,2/21/2015 18:00,11,32,265
18740,2/21/2015 19:00,11,32,265
18741,2/21/2015 20:00,11,32,265
18742,2/21/2015 21:00,11,32,264
18743,2/21/2015 22:00,11,32,264
18744,2/21/2015 23:00,11,32,264
18745,2/22/2015 0:00,12,32,264
18746,2/22/2015 1:00,11,32,263
18747,2/22/2015 2:00,11,32,263
18748,2/22/2015 3:00,11,32,262
18749,2/22/2015 4:00,11,32,262
18750,2/22/2015 5:00,11,32,262
18751,2/22/2015 6:00,11,32,262
18752,2/22/2015 7:00,11,32,261
18753,2/22/2015 8:00,11,32,261
18754,2/22/2015 9:00,11,32,261
18755,2/22/2015 10:00,11,32,261
18756,2/22/2015 11:00,11,35,261
18757,2/22/2015 12:00,11,32,261
18758,2/22/2015 13:00,11,32,261
18759,2/22/2015 14:00,11,32,261
18760,2/22/2015 15:00,13,32,261
18761,2/22/2015 16:00,10,32,261
18762,2/22/2015 17:00,11,32,263
18763,2/22/2015 18:00,12,32,263
18764,2/22/2015 19:00,11,32,261
18765,2/22/2015 20:00,11,32,261
18766,2/22/2015 21:00,11,32,261
18767,2/22/2015 22:00,11,32,261
18768,2/22/2015 23:00,11,32,261
18769,2/23/2015 0:00,11,30,261
18770,2/23/2015 1:00,11,32,261
18771,2/23/2015 2:00,11,32,261
18772,2/23/2015 3:00,11,32,261
18773,2/23/2015 4:00,11,32,260
18774,2/23/2015 5:00,11,32,261
18775,2/23/2015 6:00,10,32,260
18776,2/23/2015 7:00,11,32,260
18777,2/23/2015 8:00,11,32,260
18778,2/23/2015 9:00,11,32,260
18779,2/23/2015 10:00,11,32,260
18780,2/23/2015 11:00,11,32,260
18781,2/23/2015 12:00,11,32,260
18782,2/23/2015 13:00,11,32,260
18783,2/23/2015 14:00,11,32,259
18784,2/23/2015 15:00,10,32,259
18785,2/23/2015 16:00,10,32,260
18786,2/23/2015 17:00,11,32,260
18787,2/23/2015 18:00,11,32,260
18788,2/23/2015 19:00,11,32,259
18789,2/23/2015 20:00,10,32,260
18790,2/23/2015 21:00,11,32,259
18791,2/23/2015 22:00,10,32,259
18792,2/23/2015 23:00,10,32,259
18793,2/24/2015 0:00,11,32,259
18794,2/24/2015 1:00,11,32,260
18795,2/24/2015 2:00,11,32,259
18796,2/24/2015 3:00,11,32,259
18797,2/24/2015 4:00,10,32,259
18798,2/24/2015 5:00,11,32,259
18799,2/24/2015 6:00,11,32,259
18800,2/24/2015 7:00,11,32,259
18801,2/24/2015 8:00,11,30,259
18802,2/24/2015 9:00,10,32,259
18803,2/24/2015 10:00,11,32,258
18804,2/24/2015 11:00,10,32,259
18805,2/24/2015 12:00,11,32,259
18806,2/24/2015 13:00,11,32,259
18807,2/24/2015 14:00,11,32,260
18808,2/24/2015 15:00,10,32,259
18809,2/24/2015 16:00,10,32,259
18810,2/24/2015 17:00,11,32,259
18811,2/24/2015 18:00,11,32,260
18812,2/24/2015 19:00,11,30,259
18813,2/24/2015 20:00,11,34,259
18814,2/24/2015 21:00,11,32,259
18815,2/24/2015 22:00,11,32,258
18816,2/24/2015 23:00,11,32,258
18817,2/25/2015 0:00,11,32,257
18818,2/25/2015 1:00,11,32,257
18819,2/25/2015 2:00,11,32,257
18820,2/25/2015 3:00,11,32,258
18821,2/25/2015 4:00,10,32,258
18822,2/25/2015 5:00,11,32,257
18823,2/25/2015 6:00,11,32,258
18824,2/25/2015 7:00,11,32,257
18825,2/25/2015 8:00,11,32,258
18826,2/25/2015 9:00,12,32,258
18827,2/25/2015 10:00,11,30,258
18828,2/25/2015 11:00,11,32,258
18829,2/25/2015 12:00,11,32,257
18830,2/25/2015 13:00,11,32,257
18831,2/25/2015 14:00,11,32,257
18832,2/25/2015 15:00,11,32,258
18833,2/25/2015 16:00,12,32,258
18834,2/25/2015 17:00,11,30,258
18835,2/25/2015 18:00,11,32,258
18836,2/25/2015 19:00,11,32,258
18837,2/25/2015 20:00,11,32,259
18838,2/25/2015 21:00,11,32,259
18839,2/25/2015 22:00,10,32,259
18840,2/25/2015 23:00,11,32,259
18841,2/26/2015 0:00,11,30,259
18842,2/26/2015 1:00,11,32,259
18843,2/26/2015 2:00,10,32,259
18844,2/26/2015 3:00,12,32,259
18845,2/26/2015 4:00,10,32,259
18846,2/26/2015 5:00,11,32,259
18847,2/26/2015 6:00,11,32,259
18848,2/26/2015 7:00,11,32,259
18849,2/26/2015 8:00,11,32,259
18850,2/26/2015 9:00,9,32,259
18851,2/26/2015 10:00,11,32,259
18852,2/26/2015 11:00,11,32,259
18853,2/26/2015 12:00,11,32,259
18854,2/26/2015 13:00,10,32,259
18855,2/26/2015 14:00,11,32,259
18856,2/26/2015 15:00,11,32,259
18857,2/26/2015 16:00,11,32,258
18858,2/26/2015 17:00,12,32,258
18859,2/26/2015 18:00,11,32,259
18860,2/26/2015 19:00,11,32,258
18861,2/26/2015 20:00,11,32,258
18862,2/26/2015 21:00,11,32,258
18863,2/26/2015 22:00,11,32,258
18864,2/26/2015 23:00,11,32,257
18865,2/27/2015 0:00,9,32,258
18866,2/27/2015 1:00,9,32,258
18867,2/27/2015 2:00,9,32,258
18868,2/27/2015 3:00,13,32,258
18869,2/27/2015 4:00,11,32,258
18870,2/27/2015 5:00,11,32,257
18871,2/27/2015 6:00,10,32,258
18872,2/27/2015 7:00,11,32,258
18873,2/27/2015 8:00,10,32,259
18874,2/27/2015 9:00,11,32,259
18875,2/27/2015 10:00,11,32,258
18876,2/27/2015 11:00,11,32,258
18877,2/27/2015 12:00,11,32,259
18878,2/27/2015 13:00,11,32,259
18879,2/27/2015 14:00,11,32,256
18880,2/27/2015 15:00,11,32,254
18881,2/27/2015 16:00,9,32,312
18882,2/27/2015 17:00,10,32,269
18883,2/27/2015 18:00,11,32,276
18884,2/27/2015 19:00,11,32,291
18885,2/27/2015 20:00,11,32,287
18886,2/27/2015 21:00,11,30,298
18887,2/27/2015 22:00,10,32,315
18888,2/27/2015 23:00,12,32,320
18889,2/28/2015 0:00,11,32,324
18890,2/28/2015 1:00,11,32,330
18891,2/28/2015 2:00,10,32,351
18892,2/28/2015 3:00,11,32,326
18893,2/28/2015 4:00,11,32,336
18894,2/28/2015 5:00,11,32,335
18895,2/28/2015 6:00,11,32,364
18896,2/28/2015 7:00,11,32,327
18897,2/28/2015 8:00,11,32,337
18898,2/28/2015 9:00,11,32,356
18899,2/28/2015 10:00,11,32,339
18900,2/28/2015 11:00,12,32,336
18901,2/28/2015 12:00,12,32,338
18902,2/28/2015 13:00,11,32,338
18903,2/28/2015 14:00,11,32,339
18904,2/28/2015 15:00,11,32,339
18905,2/28/2015 16:00,11,32,339
18906,2/28/2015 17:00,36,32,335
18907,2/28/2015 18:00,10,32,336
18908,2/28/2015 19:00,11,30,348
18909,2/28/2015 20:00,12,32,321
18910,2/28/2015 21:00,61,32,319
18911,2/28/2015 22:00,59,32,285
18912,2/28/2015 23:00,63,30,301
18913,2/29/2015 12:00,63,32,315
18914,2/29/2015 1:00,58,32,315
18915,2/29/2015 2:00:00 AM,69,32,307
18916,2/29/2015 3:00:00 AM,63,32,300
18917,2/29/2015 4:00:00 AM,59,32,301
18918,2/29/2015 5:00:00 AM,56,32,304
18919,2/29/2015 6:00:00 AM,46,32,307
18920,2/29/2015 7:00:00 AM,41,32,311
18921,2/29/2015 8:00:00 AM,39,30,304
18922,2/29/2015 9:00:00 AM,36,32,313
18923,2/29/2015 10:00:00 AM,33,32,328
18924,2/29/2015 11:00:00 AM,28,32,330
18925,2/29/2015 12:00:00 PM,25,32,333
18926,2/29/2015 1:00:00 PM,20,32,333
18927,2/29/2015 2:00:00 PM,14,30,334
18928,2/29/2015 3:00:00 PM,14,35,334
18929,2/29/2015 4:00:00 PM,14,32,334
18930,2/29/2015 5:00:00 PM,14,32,334
18931,2/29/2015 6:00:00 PM,14,32,334
18932,2/29/2015 7:00:00 PM,14,30,334
18933,2/29/2015 8:00:00 PM,14,32,335
18934,2/29/2015 9:00:00 PM,13,32,335
18935,2/29/2015 10:00:00 PM,13,32,334
18936,2/29/2015 11:00:00 PM,13,32,334
18937,3/1/2015 0:00,13,32,334
18938,3/1/2015 1:00,13,30,334
18939,3/1/2015 2:00,13,32,334
18940,3/1/2015 3:00,12,32,334
18941,3/1/2015 4:00,12,32,333
18942,3/1/2015 5:00,12,32,333
18943,3/1/2015 6:00,25,30,333
18944,3/1/2015 7:00,12,32,333
18945,3/1/2015 8:00,14,32,333
18946,3/1/2015 9:00,12,32,334
18947,3/1/2015 10:00,12,32,335
18948,3/1/2015 11:00,12,32,333
18949,3/1/2015 12:00,12,32,333
18950,3/1/2015 13:00,12,32,333
18951,3/1/2015 14:00,14,32,333
18952,3/1/2015 15:00,12,32,333
18953,3/1/2015 16:00,13,30,333
18954,3/1/2015 17:00,12,32,332
18955,3/1/2015 18:00,12,30,332
18956,3/1/2015 19:00,12,32,331
18957,3/1/2015 20:00,12,32,331
18958,3/1/2015 21:00,14,30,331
18959,3/1/2015 22:00,12,32,331
18960,3/1/2015 23:00,13,32,330
18961,3/2/2015 0:00,13,32,330
18962,3/2/2015 1:00,13,32,330
18963,3/2/2015 2:00,13,32,330
18964,3/2/2015 3:00,12,32,330
18965,3/2/2015 4:00,13,32,330
18966,3/2/2015 5:00,13,32,329
18967,3/2/2015 6:00,13,32,329
18968,3/2/2015 7:00,13,32,329
18969,3/2/2015 8:00,13,32,328
18970,3/2/2015 9:00,13,32,328
18971,3/2/2015 10:00,13,32,328
18972,3/2/2015 11:00,13,32,328
18973,3/2/2015 12:00,13,32,328
18974,3/2/2015 13:00,13,32,328
18975,3/2/2015 14:00,13,30,328
18976,3/2/2015 15:00,13,32,328
18977,3/2/2015 16:00,13,32,327
18978,3/2/2015 17:00,13,32,327
18979,3/2/2015 18:00,13,32,327
18980,3/2/2015 19:00,13,32,327
18981,3/2/2015 20:00,13,34,327
18982,3/2/2015 21:00,15,32,327
18983,3/2/2015 22:00,13,32,327
18984,3/2/2015 23:00,13,32,327
18985,3/3/2015 0:00,13,32,327
18986,3/3/2015 1:00,13,34,327
18987,3/3/2015 2:00,13,32,326
18988,3/3/2015 3:00,13,32,326
18989,3/3/2015 4:00,13,32,326
18990,3/3/2015 5:00,13,32,326
18991,3/3/2015 6:00,13,32,326
18992,3/3/2015 7:00,13,32,326
18993,3/3/2015 8:00,13,32,326
18994,3/3/2015 9:00,13,32,326
18995,3/3/2015 10:00,13,30,326
18996,3/3/2015 11:00,13,32,326
18997,3/3/2015 12:00,13,32,326
18998,3/3/2015 13:00,13,34,325
18999,3/3/2015 14:00,13,32,325
19000,3/3/2015 15:00,13,32,325
19001,3/3/2015 16:00,13,32,325
19002,3/3/2015 17:00,13,32,325
19003,3/3/2015 18:00,13,32,325
19004,3/3/2015 19:00,13,32,325
19005,3/3/2015 20:00,13,32,325
19006,3/3/2015 21:00,13,32,325
19007,3/3/2015 22:00,13,32,325
19008,3/3/2015 23:00,13,32,325
19009,3/4/2015 0:00,13,32,325
19010,3/4/2015 1:00,13,32,325
19011,3/4/2015 2:00,13,32,324
19012,3/4/2015 3:00,13,30,324
19013,3/4/2015 4:00,13,32,324
19014,3/4/2015 5:00,13,32,324
19015,3/4/2015 6:00,13,32,324
19016,3/4/2015 7:00,13,32,324
19017,3/4/2015 8:00,13,32,324
19018,3/4/2015 9:00,13,32,324
19019,3/4/2015 10:00,13,34,324
19020,3/4/2015 11:00,13,32,324
19021,3/4/2015 12:00,13,32,324
19022,3/4/2015 13:00,13,30,323
19023,3/4/2015 14:00,14,32,322
19024,3/4/2015 15:00,13,32,322
19025,3/4/2015 16:00,13,32,322
19026,3/4/2015 17:00,13,32,322
19027,3/4/2015 18:00,13,32,322
19028,3/4/2015 19:00,13,30,322
19029,3/4/2015 20:00,13,32,322
19030,3/4/2015 21:00,13,32,322
19031,3/4/2015 22:00,13,32,322
19032,3/4/2015 23:00,13,32,322
19033,3/5/2015 0:00,13,32,321
19034,3/5/2015 1:00,15,32,322
19035,3/5/2015 2:00,13,32,322
19036,3/5/2015 3:00,13,32,321
19037,3/5/2015 4:00,15,32,321
19038,3/5/2015 5:00,13,32,321
19039,3/5/2015 6:00,13,32,321
19040,3/5/2015 7:00,13,32,350
19041,3/5/2015 8:00,13,32,350
19042,3/5/2015 9:00,13,32,354
19043,3/5/2015 10:00,13,32,333
19044,3/5/2015 11:00,13,32,333
19045,3/5/2015 12:00,13,32,334
19046,3/5/2015 13:00,13,32,335
19047,3/5/2015 14:00,13,32,335
19048,3/5/2015 15:00,13,32,335
19049,3/5/2015 16:00,13,32,335
19050,3/5/2015 17:00,15,32,335
19051,3/5/2015 18:00,12,30,336
19052,3/5/2015 19:00,13,32,336
19053,3/5/2015 20:00,13,32,336
19054,3/5/2015 21:00,13,32,336
19055,3/5/2015 22:00,13,32,336
19056,3/5/2015 23:00,13,32,336
19057,3/6/2015 0:00,13,32,336
19058,3/6/2015 1:00,13,32,336
19059,3/6/2015 2:00,15,32,336
19060,3/6/2015 3:00,13,32,336
19061,3/6/2015 4:00,13,32,336
19062,3/6/2015 5:00,13,30,336
19063,3/6/2015 6:00,15,32,336
19064,3/6/2015 7:00,13,32,336
19065,3/6/2015 8:00,13,32,336
19066,3/6/2015 9:00,13,32,336
19067,3/6/2015 10:00,13,32,336
19068,3/6/2015 11:00,13,32,336
19069,3/6/2015 12:00,13,32,336
19070,3/6/2015 13:00,13,32,336
19071,3/6/2015 14:00,13,32,336
19072,3/6/2015 15:00,13,32,335
19073,3/6/2015 16:00,13,32,335
19074,3/6/2015 17:00,13,32,335
19075,3/6/2015 18:00,13,32,335
19076,3/6/2015 19:00,13,32,334
19077,3/6/2015 20:00,13,32,334
19078,3/6/2015 21:00,13,32,334
19079,3/6/2015 22:00,13,32,334
19080,3/6/2015 23:00,13,32,334
19081,3/7/2015 0:00,13,32,333
19082,3/7/2015 1:00,13,32,334
19083,3/7/2015 2:00,13,30,334
19084,3/7/2015 3:00,13,32,334
19085,3/7/2015 4:00,13,30,334
19086,3/7/2015 5:00,13,32,334
19087,3/7/2015 6:00,13,32,333
19088,3/7/2015 7:00,13,32,333
19089,3/7/2015 8:00,13,32,333
19090,3/7/2015 9:00,13,32,331
19091,3/7/2015 10:00,12,32,331
19092,3/7/2015 11:00,12,32,331
19093,3/7/2015 12:00,13,32,331
19094,3/7/2015 13:00,13,32,330
19095,3/7/2015 14:00,13,32,331
19096,3/7/2015 15:00,13,33,331
19097,3/7/2015 16:00,12,32,330
19098,3/7/2015 17:00,12,32,331
19099,3/7/2015 18:00,12,32,331
19100,3/7/2015 19:00,12,32,330
19101,3/7/2015 20:00,12,32,330
19102,3/7/2015 21:00,12,32,330
19103,3/7/2015 22:00,12,30,330
19104,3/7/2015 23:00,12,32,331
19105,3/8/2015 0:00,12,32,330
19106,3/8/2015 1:00,12,32,330
19107,3/8/2015 2:00,12,32,330
19108,3/8/2015 3:00,12,32,330
19109,3/8/2015 4:00,12,32,330
19110,3/8/2015 5:00,12,30,330
19111,3/8/2015 6:00,12,32,330
19112,3/8/2015 7:00,12,33,330
19113,3/8/2015 8:00,12,32,330
19114,3/8/2015 9:00,12,32,330
19115,3/8/2015 10:00,12,32,330
19116,3/8/2015 11:00,12,32,330
19117,3/8/2015 12:00,12,32,330
19118,3/8/2015 13:00,12,32,330
19119,3/8/2015 14:00,12,32,330
19120,3/8/2015 15:00,12,32,330
19121,3/8/2015 16:00,10,32,330
19122,3/8/2015 17:00,12,30,330
19123,3/8/2015 18:00,15,32,330
19124,3/8/2015 19:00,12,32,330
19125,3/8/2015 20:00,11,34,330
19126,3/8/2015 21:00,12,32,330
19127,3/8/2015 22:00,12,32,330
19128,3/8/2015 23:00,12,30,330
19129,3/9/2015 0:00,12,32,330
19130,3/9/2015 1:00,12,32,330
19131,3/9/2015 2:00,15,32,329
19132,3/9/2015 3:00,12,32,330
19133,3/9/2015 4:00,12,32,330
19134,3/9/2015 5:00,12,32,330
19135,3/9/2015 6:00,12,32,330
19136,3/9/2015 7:00,14,32,329
19137,3/9/2015 8:00,15,32,330
19138,3/9/2015 9:00,12,32,329
19139,3/9/2015 10:00,12,32,329
19140,3/9/2015 11:00,15,32,329
19141,3/9/2015 12:00,12,32,329
19142,3/9/2015 13:00,12,32,329
19143,3/9/2015 14:00,11,30,329
19144,3/9/2015 15:00,15,32,329
19145,3/9/2015 16:00,12,30,329
19146,3/9/2015 17:00,12,32,329
19147,3/9/2015 18:00,12,32,329
19148,3/9/2015 19:00,10,32,329
19149,3/9/2015 20:00,12,34,329
19150,3/9/2015 21:00,12,32,328
19151,3/9/2015 22:00,12,32,329
19152,3/9/2015 23:00,12,32,329
19153,3/10/2015 0:00,12,32,329
19154,3/10/2015 1:00,12,32,329
19155,3/10/2015 2:00,12,32,329
19156,3/10/2015 3:00,12,32,329
19157,3/10/2015 4:00,13,32,329
19158,3/10/2015 5:00,12,30,329
19159,3/10/2015 6:00,12,32,330
19160,3/10/2015 7:00,12,32,330
19161,3/10/2015 8:00,12,30,330
19162,3/10/2015 9:00,12,30,329
19163,3/10/2015 10:00,12,32,330
19164,3/10/2015 11:00,12,32,329
19165,3/10/2015 12:00,12,32,329
19166,3/10/2015 13:00,12,32,329
19167,3/10/2015 14:00,12,32,330
19168,3/10/2015 15:00,12,32,330
19169,3/10/2015 16:00,12,32,329
19170,3/10/2015 17:00,12,32,330
19171,3/10/2015 18:00,12,32,330
19172,3/10/2015 19:00,12,32,330
19173,3/10/2015 20:00,12,32,330
19174,3/10/2015 21:00,15,32,330
19175,3/10/2015 22:00,10,32,330
19176,3/10/2015 23:00,12,32,330
19177,3/11/2015 0:00,14,34,330
19178,3/11/2015 1:00,12,32,330
19179,3/11/2015 2:00,12,32,330
19180,3/11/2015 3:00,12,32,330
19181,3/11/2015 4:00,12,32,330
19182,3/11/2015 5:00,12,32,330
19183,3/11/2015 6:00,12,32,330
19184,3/11/2015 7:00,12,32,329
19185,3/11/2015 8:00,12,32,330
19186,3/11/2015 9:00,12,32,330
19187,3/11/2015 10:00,12,32,330
19188,3/11/2015 11:00,15,32,330
19189,3/11/2015 12:00,12,32,329
19190,3/11/2015 13:00,12,32,330
19191,3/11/2015 14:00,12,34,330
19192,3/11/2015 15:00,12,30,330
19193,3/11/2015 16:00,12,32,330
19194,3/11/2015 17:00,12,32,330
19195,3/11/2015 18:00,12,32,330
19196,3/11/2015 19:00,12,32,330
19197,3/11/2015 20:00,12,32,329
19198,3/11/2015 21:00,12,32,328
19199,3/11/2015 22:00,12,32,328
19200,3/11/2015 23:00,12,33,328
19201,3/12/2015 0:00,12,31,328
19202,3/12/2015 1:00,12,32,328
19203,3/12/2015 2:00,12,33,328
19204,3/12/2015 3:00,12,33,328
19205,3/12/2015 4:00,12,33,328
19206,3/12/2015 5:00,12,33,328
19207,3/12/2015 6:00,12,34,328
19208,3/12/2015 7:00,14,33,328
19209,3/12/2015 8:00,12,33,328
19210,3/12/2015 9:00,12,33,328
19211,3/12/2015 10:00,12,33,328
19212,3/12/2015 11:00,12,33,328
19213,3/12/2015 12:00,12,34,328
19214,3/12/2015 13:00,15,33,328
19215,3/12/2015 14:00,12,33,328
19216,3/12/2015 15:00,12,33,328
19217,3/12/2015 16:00,12,33,328
19218,3/12/2015 17:00,12,33,328
19219,3/12/2015 18:00,12,33,328
19220,3/12/2015 19:00,12,33,328
19221,3/12/2015 20:00,12,34,328
19222,3/12/2015 21:00,12,33,328
19223,3/12/2015 22:00,12,33,328
19224,3/12/2015 23:00,12,33,328
19225,3/13/2015 0:00,12,33,328
19226,3/13/2015 1:00,12,33,328
19227,3/13/2015 2:00,12,33,328
19228,3/13/2015 3:00,12,33,328
19229,3/13/2015 4:00,12,33,328
19230,3/13/2015 5:00,15,33,328
19231,3/13/2015 6:00,12,33,328
19232,3/13/2015 7:00,12,34,328
19233,3/13/2015 8:00,12,33,328
19234,3/13/2015 9:00,12,33,328
19235,3/13/2015 10:00,12,33,328
19236,3/13/2015 11:00,12,33,328
19237,3/13/2015 12:00,12,33,328
19238,3/13/2015 13:00,12,33,328
19239,3/13/2015 14:00,12,33,351
19240,3/13/2015 15:00,12,33,356
19241,3/13/2015 16:00,12,33,352
19242,3/13/2015 17:00,12,33,353
19243,3/13/2015 18:00,12,33,351
19244,3/13/2015 19:00,12,33,351
19245,3/13/2015 20:00,12,33,352
19246,3/13/2015 21:00,12,33,350
19247,3/13/2015 22:00,13,33,352
19248,3/13/2015 23:00,12,33,355
19249,3/14/2015 0:00,12,33,361
19250,3/14/2015 1:00,12,33,372
19251,3/14/2015 2:00,12,33,391
19252,3/14/2015 3:00,12,33,393
19253,3/14/2015 4:00,10,33,383
19254,3/14/2015 5:00,12,33,382
19255,3/14/2015 6:00,12,33,381
19256,3/14/2015 7:00,12,33,379
19257,3/14/2015 8:00,12,33,381
19258,3/14/2015 9:00,12,33,378
19259,3/14/2015 10:00,12,33,380
19260,3/14/2015 11:00,12,33,370
19261,3/14/2015 12:00,12,33,362
19262,3/14/2015 13:00,12,33,361
19263,3/14/2015 14:00,12,33,362
19264,3/14/2015 15:00,12,33,361
19265,3/14/2015 16:00,12,33,361
19266,3/14/2015 17:00,12,33,361
19267,3/14/2015 18:00,12,33,361
19268,3/14/2015 19:00,12,33,361
19269,3/14/2015 20:00,12,34,361
19270,3/14/2015 21:00,12,33,361
19271,3/14/2015 22:00,12,33,361
19272,3/14/2015 23:00,12,33,361
19273,3/15/2015 0:00,12,33,361
19274,3/15/2015 1:00,12,33,361
19275,3/15/2015 2:00,12,34,361
19276,3/15/2015 3:00,12,33,361
19277,3/15/2015 4:00,12,33,361
19278,3/15/2015 5:00,12,33,361
19279,3/15/2015 6:00,12,33,361
19280,3/15/2015 7:00,11,33,361
19281,3/15/2015 8:00,15,33,361
19282,3/15/2015 9:00,12,33,361
19283,3/15/2015 10:00,12,33,361
19284,3/15/2015 11:00,12,33,360
19285,3/15/2015 12:00,12,33,360
19286,3/15/2015 13:00,12,33,360
19287,3/15/2015 14:00,12,33,360
19288,3/15/2015 15:00,12,31,360
19289,3/15/2015 16:00,12,33,360
19290,3/15/2015 17:00,12,34,360
19291,3/15/2015 18:00,12,33,360
19292,3/15/2015 19:00,12,33,360
19293,3/15/2015 20:00,12,33,360
19294,3/15/2015 21:00,12,33,360
19295,3/15/2015 22:00,12,33,360
19296,3/15/2015 23:00,12,33,360
19297,3/16/2015 0:00,12,33,360
19298,3/16/2015 1:00,12,33,360
19299,3/16/2015 2:00,12,33,360
19300,3/16/2015 3:00,12,33,360
19301,3/16/2015 4:00,13,33,360
19302,3/16/2015 5:00,12,33,361
19303,3/16/2015 6:00,12,33,362
19304,3/16/2015 7:00,12,33,362
19305,3/16/2015 8:00,12,33,362
19306,3/16/2015 9:00,12,33,361
19307,3/16/2015 10:00,12,33,361
19308,3/16/2015 11:00,12,33,361
19309,3/16/2015 12:00,12,33,361
19310,3/16/2015 13:00,12,33,361
19311,3/16/2015 14:00,12,33,361
19312,3/16/2015 15:00,12,34,361
19313,3/16/2015 16:00,12,33,361
19314,3/16/2015 17:00,12,33,361
19315,3/16/2015 18:00,12,33,361
19316,3/16/2015 19:00,12,33,361
19317,3/16/2015 20:00,12,33,361
19318,3/16/2015 21:00,12,33,361
19319,3/16/2015 22:00,12,33,361
19320,3/16/2015 23:00,12,33,361
19321,3/17/2015 0:00,13,33,361
19322,3/17/2015 1:00,12,33,361
19323,3/17/2015 2:00,12,33,361
19324,3/17/2015 3:00,12,33,361
19325,3/17/2015 4:00,15,33,361
19326,3/17/2015 5:00,12,33,361
19327,3/17/2015 6:00,12,33,361
19328,3/17/2015 7:00,12,33,361
19329,3/17/2015 8:00,12,33,361
19330,3/17/2015 9:00,12,33,361
19331,3/17/2015 10:00,12,33,361
19332,3/17/2015 11:00,12,33,361
19333,3/17/2015 12:00,12,33,361
19334,3/17/2015 13:00,12,33,361
19335,3/17/2015 14:00,12,33,360
19336,3/17/2015 15:00,12,33,360
19337,3/17/2015 16:00,12,33,361
19338,3/17/2015 17:00,12,33,360
19339,3/17/2015 18:00,12,33,360
19340,3/17/2015 19:00,12,33,360
19341,3/17/2015 20:00,12,33,360
19342,3/17/2015 21:00,12,33,360
19343,3/17/2015 22:00,10,33,360
19344,3/17/2015 23:00,12,33,360
19345,3/18/2015 0:00,12,33,360
19346,3/18/2015 1:00,12,33,360
19347,3/18/2015 2:00,12,33,360
19348,3/18/2015 3:00,12,33,360
19349,3/18/2015 4:00,13,33,360
19350,3/18/2015 5:00,12,33,360
19351,3/18/2015 6:00,12,33,360
19352,3/18/2015 7:00,12,33,360
19353,3/18/2015 8:00,12,33,360
19354,3/18/2015 9:00,12,33,360
19355,3/18/2015 10:00,12,33,360
19356,3/18/2015 11:00,12,33,360
19357,3/18/2015 12:00,12,33,360
19358,3/18/2015 13:00,12,33,360
19359,3/18/2015 14:00,12,33,360
19360,3/18/2015 15:00,12,33,360
19361,3/18/2015 16:00,12,33,360
19362,3/18/2015 17:00,12,33,360
19363,3/18/2015 18:00,12,33,360
19364,3/18/2015 19:00,12,33,360
19365,3/18/2015 20:00,12,33,360
19366,3/18/2015 21:00,12,33,360
19367,3/18/2015 22:00,12,33,360
19368,3/18/2015 23:00,12,33,360
19369,3/19/2015 0:00,12,33,360
19370,3/19/2015 1:00,12,33,360
19371,3/19/2015 2:00,12,33,360
19372,3/19/2015 3:00,12,33,360
19373,3/19/2015 4:00,12,33,360
19374,3/19/2015 5:00,12,33,360
19375,3/19/2015 6:00,12,33,360
19376,3/19/2015 7:00,12,33,360
19377,3/19/2015 8:00,12,33,360
19378,3/19/2015 9:00,12,33,360
19379,3/19/2015 10:00,12,33,360
19380,3/19/2015 11:00,12,33,360
19381,3/19/2015 12:00,12,33,360
19382,3/19/2015 13:00,12,33,360
19383,3/19/2015 14:00,12,33,360
19384,3/19/2015 15:00,12,33,360
19385,3/19/2015 16:00,12,33,360
19386,3/19/2015 17:00,12,33,360
19387,3/19/2015 18:00,12,33,360
19388,3/19/2015 19:00,12,33,360
19389,3/19/2015 20:00,12,33,360
19390,3/19/2015 21:00,12,33,360
19391,3/19/2015 22:00,12,33,360
19392,3/19/2015 23:00,12,33,360
19393,3/20/2015 0:00,12,33,360
19394,3/20/2015 1:00,12,33,360
19395,3/20/2015 2:00,12,33,360
19396,3/20/2015 3:00,12,33,360
19397,3/20/2015 4:00,12,33,360
19398,3/20/2015 5:00,14,33,360
19399,3/20/2015 6:00,12,33,360
19400,3/20/2015 7:00,12,33,360
19401,3/20/2015 8:00,12,33,360
19402,3/20/2015 9:00,12,33,360
19403,3/20/2015 10:00,12,33,360
19404,3/20/2015 11:00,12,33,360
19405,3/20/2015 12:00,12,33,360
19406,3/20/2015 13:00,12,33,360
19407,3/20/2015 14:00,12,33,360
19408,3/20/2015 15:00,12,33,360
19409,3/20/2015 16:00,12,34,360
19410,3/20/2015 17:00,12,33,360
19411,3/20/2015 18:00,12,33,360
19412,3/20/2015 19:00,12,33,360
19413,3/20/2015 20:00,12,33,360
19414,3/20/2015 21:00,12,33,360
19415,3/20/2015 22:00,12,33,360
19416,3/20/2015 23:00,12,33,360
19417,3/21/2015 0:00,12,33,360
19418,3/21/2015 1:00,12,33,360
19419,3/21/2015 2:00,12,33,360
19420,3/21/2015 3:00,12,33,360
19421,3/21/2015 4:00,12,33,360
19422,3/21/2015 5:00,12,33,360
19423,3/21/2015 6:00,12,33,360
19424,3/21/2015 7:00,12,34,360
19425,3/21/2015 8:00,12,33,360
19426,3/21/2015 9:00,12,33,360
19427,3/21/2015 10:00,12,33,360
19428,3/21/2015 11:00,12,34,360
19429,3/21/2015 12:00,12,33,360
19430,3/21/2015 13:00,12,33,360
19431,3/21/2015 14:00,12,33,360
19432,3/21/2015 15:00,12,34,360
19433,3/21/2015 16:00,12,33,360
19434,3/21/2015 17:00,12,33,360
19435,3/21/2015 18:00,12,33,360
19436,3/21/2015 19:00,12,33,360
19437,3/21/2015 20:00,12,33,360
19438,3/21/2015 21:00,12,33,360
19439,3/21/2015 22:00,12,33,360
19440,3/21/2015 23:00,12,33,360
19441,3/22/2015 0:00,12,33,360
19442,3/22/2015 1:00,12,33,360
19443,3/22/2015 2:00,12,33,360
19444,3/22/2015 3:00,12,33,360
19445,3/22/2015 4:00,12,33,360
19446,3/22/2015 5:00,12,33,360
19447,3/22/2015 6:00,12,34,360
19448,3/22/2015 7:00,12,33,360
19449,3/22/2015 8:00,12,33,360
19450,3/22/2015 9:00,12,33,359
19451,3/22/2015 10:00,12,33,360
19452,3/22/2015 11:00,12,33,360
19453,3/22/2015 12:00,12,33,360
19454,3/22/2015 13:00,12,33,360
19455,3/22/2015 14:00,12,34,360
19456,3/22/2015 15:00,12,33,360
19457,3/22/2015 16:00,12,33,360
19458,3/22/2015 17:00,12,33,360
19459,3/22/2015 18:00,12,33,360
19460,3/22/2015 19:00,12,33,360
19461,3/22/2015 20:00,12,33,360
19462,3/22/2015 21:00,12,33,360
19463,3/22/2015 22:00,12,33,359
19464,3/22/2015 23:00,12,33,359
19465,3/23/2015 0:00,12,33,360
19466,3/23/2015 1:00,12,33,359
19467,3/23/2015 2:00,12,33,360
19468,3/23/2015 3:00,12,33,360
19469,3/23/2015 4:00,12,33,360
19470,3/23/2015 5:00,12,33,360
19471,3/23/2015 6:00,12,33,360
19472,3/23/2015 7:00,12,33,360
19473,3/23/2015 8:00,12,33,360
19474,3/23/2015 9:00,12,33,360
19475,3/23/2015 10:00,12,34,360
19476,3/23/2015 11:00,12,33,360
19477,3/23/2015 12:00,12,33,360
19478,3/23/2015 13:00,12,34,360
19479,3/23/2015 14:00,12,33,360
19480,3/23/2015 15:00,14,33,360
19481,3/23/2015 16:00,12,33,360
19482,3/23/2015 17:00,12,34,360
19483,3/23/2015 18:00,12,34,360
19484,3/23/2015 19:00,11,33,360
19485,3/23/2015 20:00,12,33,360
19486,3/23/2015 21:00,12,33,360
19487,3/23/2015 22:00,12,33,360
19488,3/23/2015 23:00,12,34,360
19489,3/24/2015 0:00,12,33,360
19490,3/24/2015 1:00,12,33,360
19491,3/24/2015 2:00,12,33,360
19492,3/24/2015 3:00,12,33,360
19493,3/24/2015 4:00,12,33,360
19494,3/24/2015 5:00,12,33,360
19495,3/24/2015 6:00,12,33,360
19496,3/24/2015 7:00,15,33,360
19497,3/24/2015 8:00,12,33,360
19498,3/24/2015 9:00,12,33,360
19499,3/24/2015 10:00,12,33,360
19500,3/24/2015 11:00,12,33,360
19501,3/24/2015 12:00,12,33,360
19502,3/24/2015 13:00,12,33,360
19503,3/24/2015 14:00,12,33,360
19504,3/24/2015 15:00,12,33,360
19505,3/24/2015 16:00,12,33,360
19506,3/24/2015 17:00,12,33,359
19507,3/24/2015 18:00,12,33,360
19508,3/24/2015 19:00,12,33,360
19509,3/24/2015 20:00,12,33,360
19510,3/24/2015 21:00,12,33,359
19511,3/24/2015 22:00,12,33,359
19512,3/24/2015 23:00,12,33,359
19513,3/25/2015 0:00,12,33,359
19514,3/25/2015 1:00,12,33,359
19515,3/25/2015 2:00,12,33,359
19516,3/25/2015 3:00,12,33,359
19517,3/25/2015 4:00,12,33,359
19518,3/25/2015 5:00,12,33,360
19519,3/25/2015 6:00,12,33,359
19520,3/25/2015 7:00,12,33,360
19521,3/25/2015 8:00,12,33,360
19522,3/25/2015 9:00,12,33,359
19523,3/25/2015 10:00,12,33,359
19524,3/25/2015 11:00,12,33,360
19525,3/25/2015 12:00,12,33,360
19526,3/25/2015 13:00,11,33,360
19527,3/25/2015 14:00,12,33,359
19528,3/25/2015 15:00,12,33,359
19529,3/25/2015 16:00,12,33,359
19530,3/25/2015 17:00,12,33,359
19531,3/25/2015 18:00,12,33,359
19532,3/25/2015 19:00,12,33,360
19533,3/25/2015 20:00,12,33,359
19534,3/25/2015 21:00,12,33,359
19535,3/25/2015 22:00,12,33,359
19536,3/25/2015 23:00,12,33,359
19537,3/26/2015 0:00,12,33,359
19538,3/26/2015 1:00,12,33,359
19539,3/26/2015 2:00,12,33,360
19540,3/26/2015 3:00,12,33,359
19541,3/26/2015 4:00,12,33,359
19542,3/26/2015 5:00,12,33,359
19543,3/26/2015 6:00,12,33,359
19544,3/26/2015 7:00,13,33,359
19545,3/26/2015 8:00,12,33,359
19546,3/26/2015 9:00,12,33,359
19547,3/26/2015 10:00,12,33,359
19548,3/26/2015 11:00,12,33,359
19549,3/26/2015 12:00,12,33,359
19550,3/26/2015 13:00,14,33,359
19551,3/26/2015 14:00,12,33,359
19552,3/26/2015 15:00,12,33,359
19553,3/26/2015 16:00,12,33,359
19554,3/26/2015 17:00,12,33,359
19555,3/26/2015 18:00,13,33,359
19556,3/26/2015 19:00,12,33,359
19557,3/26/2015 20:00,12,33,359
19558,3/26/2015 21:00,12,33,359
19559,3/26/2015 22:00,12,33,359
19560,3/26/2015 23:00,15,33,359
19561,3/27/2015 0:00,12,33,359
19562,3/27/2015 1:00,12,34,359
19563,3/27/2015 2:00,15,33,359
19564,3/27/2015 3:00,12,33,359
19565,3/27/2015 4:00,12,33,359
19566,3/27/2015 5:00,12,33,359
19567,3/27/2015 6:00,12,33,359
19568,3/27/2015 7:00,12,33,359
19569,3/27/2015 8:00,12,33,359
19570,3/27/2015 9:00,12,33,359
19571,3/27/2015 10:00,12,33,359
19572,3/27/2015 11:00,12,33,359
19573,3/27/2015 12:00,12,33,359
19574,3/27/2015 13:00,15,33,359
19575,3/27/2015 14:00,12,33,359
19576,3/27/2015 15:00,13,33,359
19577,3/27/2015 16:00,12,33,359
19578,3/27/2015 17:00,12,33,359
19579,3/27/2015 18:00,12,33,359
19580,3/27/2015 19:00,11,33,359
19581,3/27/2015 20:00,12,33,359
19582,3/27/2015 21:00,12,33,359
19583,3/27/2015 22:00,12,33,359
19584,3/27/2015 23:00,12,33,359
19585,3/28/2015 0:00,12,34,359
19586,3/28/2015 1:00,12,33,359
19587,3/28/2015 2:00,12,33,359
19588,3/28/2015 3:00,12,33,359
19589,3/28/2015 4:00,12,33,359
19590,3/28/2015 5:00,12,33,359
19591,3/28/2015 6:00,11,33,359
19592,3/28/2015 7:00,12,33,359
19593,3/28/2015 8:00,12,33,359
19594,3/28/2015 9:00,12,33,359
19595,3/28/2015 10:00,12,33,359
19596,3/28/2015 11:00,12,33,359
19597,3/28/2015 12:00,13,33,359
19598,3/28/2015 13:00,12,33,359
19599,3/28/2015 14:00,12,33,359
19600,3/28/2015 15:00,12,33,359
19601,3/28/2015 16:00,12,33,359
19602,3/28/2015 17:00,12,33,359
19603,3/28/2015 18:00,12,33,359
19604,3/28/2015 19:00,15,33,359
19605,3/28/2015 20:00,12,33,359
19606,3/28/2015 21:00,12,33,359
19607,3/28/2015 22:00,12,33,359
19608,3/28/2015 23:00,11,33,359
19609,3/29/2015 0:00,12,33,359
19610,3/29/2015 1:00,12,33,359
19611,3/29/2015 2:00,12,33,359
19612,3/29/2015 3:00,12,33,360
19613,3/29/2015 4:00,12,33,359
19614,3/29/2015 5:00,12,33,359
19615,3/29/2015 6:00,12,33,359
19616,3/29/2015 7:00,12,33,359
19617,3/29/2015 8:00,12,33,359
19618,3/29/2015 9:00,12,33,359
19619,3/29/2015 10:00,12,34,359
19620,3/29/2015 11:00,12,33,359
19621,3/29/2015 12:00,12,33,359
19622,3/29/2015 13:00,13,33,359
19623,3/29/2015 14:00,12,33,359
19624,3/29/2015 15:00,12,33,359
19625,3/29/2015 16:00,12,33,359
19626,3/29/2015 17:00,12,33,359
19627,3/29/2015 18:00,12,33,359
19628,3/29/2015 19:00,12,33,359
19629,3/29/2015 20:00,12,33,359
19630,3/29/2015 21:00,12,33,359
19631,3/29/2015 22:00,12,33,359
19632,3/29/2015 23:00,12,33,359
19633,3/30/2015 0:00,12,33,359
19634,3/30/2015 1:00,12,33,359
19635,3/30/2015 2:00,13,33,359
19636,3/30/2015 3:00,12,33,359
19637,3/30/2015 4:00,12,33,359
19638,3/30/2015 5:00,12,33,359
19639,3/30/2015 6:00,12,33,359
19640,3/30/2015 7:00,12,33,359
19641,3/30/2015 8:00,12,33,359
19642,3/30/2015 9:00,12,33,359
19643,3/30/2015 10:00,12,33,359
19644,3/30/2015 11:00,12,33,359
19645,3/30/2015 12:00,12,33,358
19646,3/30/2015 13:00,12,33,357
19647,3/30/2015 14:00,12,33,357
19648,3/30/2015 15:00,12,33,358
19649,3/30/2015 16:00,12,33,358
19650,3/30/2015 17:00,12,33,358
19651,3/30/2015 18:00,12,33,358
19652,3/30/2015 19:00,10,33,359
19653,3/30/2015 20:00,12,33,359
19654,3/30/2015 21:00,12,34,359
19655,3/30/2015 22:00,12,33,359
19656,3/30/2015 23:00,12,33,359
19657,3/31/2015 0:00,12,33,359
19658,3/31/2015 1:00,12,33,359
19659,3/31/2015 2:00,12,33,358
19660,3/31/2015 3:00,12,33,358
19661,3/31/2015 4:00,12,33,359
19662,3/31/2015 5:00,12,33,358
19663,3/31/2015 6:00,12,33,358
19664,3/31/2015 7:00,12,33,359
19665,3/31/2015 8:00,13,33,359
19666,3/31/2015 9:00,12,33,358
19667,3/31/2015 10:00,12,33,359
19668,3/31/2015 11:00,12,33,359
19669,3/31/2015 12:00,12,33,359
19670,3/31/2015 13:00,12,33,359
19671,3/31/2015 14:00,12,33,359
19672,3/31/2015 15:00,12,33,359
19673,3/31/2015 16:00,12,33,359
19674,3/31/2015 17:00,12,33,359
19675,3/31/2015 18:00,12,34,359
19676,3/31/2015 19:00,12,34,359
19677,3/31/2015 20:00,12,33,359
19678,3/31/2015 21:00,12,33,359
19679,3/31/2015 22:00,12,33,359
19680,3/31/2015 23:00,15,33,359
19681,4/1/2015 0:00,12,33,359
19682,4/1/2015 1:00,12,33,359
19683,4/1/2015 2:00,12,33,359
19684,4/1/2015 3:00,12,33,359
19685,4/1/2015 4:00,12,33,359
19686,4/1/2015 5:00,12,33,359
19687,4/1/2015 6:00,12,33,359
19688,4/1/2015 7:00,12,33,359
19689,4/1/2015 8:00,12,33,359
19690,4/1/2015 9:00,12,33,359
19691,4/1/2015 10:00,12,33,359
19692,4/1/2015 11:00,12,33,359
19693,4/1/2015 12:00,12,33,359
19694,4/1/2015 13:00,12,33,359
19695,4/1/2015 14:00,12,33,359
19696,4/1/2015 15:00,12,33,359
19697,4/1/2015 16:00,13,33,359
19698,4/1/2015 17:00,12,33,359
19699,4/1/2015 18:00,12,33,359
19700,4/1/2015 19:00,12,33,359
19701,4/1/2015 20:00,12,33,359
19702,4/1/2015 21:00,12,33,359
19703,4/1/2015 22:00,12,33,359
19704,4/1/2015 23:00,12,34,359
19705,4/2/2015 0:00,12,33,359
19706,4/2/2015 1:00,12,33,359
19707,4/2/2015 2:00,12,33,359
19708,4/2/2015 3:00,13,33,359
19709,4/2/2015 4:00,11,33,359
19710,4/2/2015 5:00,12,34,359
19711,4/2/2015 6:00,12,33,359
19712,4/2/2015 7:00,12,33,359
19713,4/2/2015 8:00,12,33,359
19714,4/2/2015 9:00,12,33,359
19715,4/2/2015 10:00,12,32,359
19716,4/2/2015 11:00,12,33,359
19717,4/2/2015 12:00,12,33,359
19718,4/2/2015 13:00,12,34,359
19719,4/2/2015 14:00,12,33,359
19720,4/2/2015 15:00,15,33,359
19721,4/2/2015 16:00,12,33,359
19722,4/2/2015 17:00,12,33,359
19723,4/2/2015 18:00,13,33,359
19724,4/2/2015 19:00,12,33,359
19725,4/2/2015 20:00,12,33,359
19726,4/2/2015 21:00,12,34,359
19727,4/2/2015 22:00,12,33,359
19728,4/2/2015 23:00,12,34,359
19729,4/3/2015 0:00,12,33,359
19730,4/3/2015 1:00,13,33,359
19731,4/3/2015 2:00,12,33,358
19732,4/3/2015 3:00,12,33,358
19733,4/3/2015 4:00,12,35,358
19734,4/3/2015 5:00,12,33,357
19735,4/3/2015 6:00,12,33,357
19736,4/3/2015 7:00,12,33,357
19737,4/3/2015 8:00,13,33,358
19738,4/3/2015 9:00,12,34,358
19739,4/3/2015 10:00,12,37,357
19740,4/3/2015 11:00,12,35,357
19741,4/3/2015 12:00,15,34,357
19742,4/3/2015 13:00,12,33,358
19743,4/3/2015 14:00,12,33,357
19744,4/3/2015 15:00,12,36,358
19745,4/3/2015 16:00,15,33,357
19746,4/3/2015 17:00,12,37,357
19747,4/3/2015 18:00,12,36,357
19748,4/3/2015 19:00,12,33,358
19749,4/3/2015 20:00,12,33,358
19750,4/3/2015 21:00,12,33,359
19751,4/3/2015 22:00,12,34,359
19752,4/3/2015 23:00,12,36,359
19753,4/4/2015 0:00,12,33,357
19754,4/4/2015 1:00,12,33,357
19755,4/4/2015 2:00,12,33,357
19756,4/4/2015 3:00,12,34,357
19757,4/4/2015 4:00,12,33,357
19758,4/4/2015 5:00,12,33,357
19759,4/4/2015 6:00,12,33,358
19760,4/4/2015 7:00,12,36,357
19761,4/4/2015 8:00,12,37,358
19762,4/4/2015 9:00,12,33,358
19763,4/4/2015 10:00,12,36,357
19764,4/4/2015 11:00,12,35,358
19765,4/4/2015 12:00,12,33,358
19766,4/4/2015 13:00,12,33,358
19767,4/4/2015 14:00,12,33,358
19768,4/4/2015 15:00,12,33,358
19769,4/4/2015 16:00,12,35,358
19770,4/4/2015 17:00,12,33,358
19771,4/4/2015 18:00,12,36,359
19772,4/4/2015 19:00,13,33,358
19773,4/4/2015 20:00,12,33,358
19774,4/4/2015 21:00,12,33,358
19775,4/4/2015 22:00,12,32,359
19776,4/4/2015 23:00,12,33,358
19777,4/5/2015 0:00,12,37,358
19778,4/5/2015 1:00,12,33,358
19779,4/5/2015 2:00,12,34,358
19780,4/5/2015 3:00,12,33,358
19781,4/5/2015 4:00,12,34,358
19782,4/5/2015 5:00,13,34,358
19783,4/5/2015 6:00,12,33,358
19784,4/5/2015 7:00,12,36,358
19785,4/5/2015 8:00,12,34,358
19786,4/5/2015 9:00,12,34,358
19787,4/5/2015 10:00,12,34,358
19788,4/5/2015 11:00,12,34,358
19789,4/5/2015 12:00,12,34,358
19790,4/5/2015 13:00,12,34,358
19791,4/5/2015 14:00,13,34,358
19792,4/5/2015 15:00,12,35,358
19793,4/5/2015 16:00,12,34,358
19794,4/5/2015 17:00,12,34,358
19795,4/5/2015 18:00,13,33,358
19796,4/5/2015 19:00,12,33,358
19797,4/5/2015 20:00,12,34,358
19798,4/5/2015 21:00,12,34,357
19799,4/5/2015 22:00,12,34,358
19800,4/5/2015 23:00,12,36,357
19801,4/6/2015 0:00,12,34,358
19802,4/6/2015 1:00,12,34,358
19803,4/6/2015 2:00,12,34,357
19804,4/6/2015 3:00,13,34,357
19805,4/6/2015 4:00,12,36,357
19806,4/6/2015 5:00,12,34,357
19807,4/6/2015 6:00,12,35,358
19808,4/6/2015 7:00,13,34,357
19809,4/6/2015 8:00,12,32,357
19810,4/6/2015 9:00,12,34,357
19811,4/6/2015 10:00,12,34,358
19812,4/6/2015 11:00,12,34,357
19813,4/6/2015 12:00,12,34,357
19814,4/6/2015 13:00,12,34,357
19815,4/6/2015 14:00,12,34,358
19816,4/6/2015 15:00,12,34,357
19817,4/6/2015 16:00,13,34,357
19818,4/6/2015 17:00,12,34,357
19819,4/6/2015 18:00,12,36,357
19820,4/6/2015 19:00,15,34,357
19821,4/6/2015 20:00,12,34,357
19822,4/6/2015 21:00,12,34,357
19823,4/6/2015 22:00,13,34,357
19824,4/6/2015 23:00,10,34,357
19825,4/7/2015 0:00,12,35,357
19826,4/7/2015 1:00,12,34,357
19827,4/7/2015 2:00,12,34,357
19828,4/7/2015 3:00,13,34,357
19829,4/7/2015 4:00,12,35,357
19830,4/7/2015 5:00,12,34,357
19831,4/7/2015 6:00,12,34,357
19832,4/7/2015 7:00,12,36,357
19833,4/7/2015 8:00,12,34,357
19834,4/7/2015 9:00,13,34,358
19835,4/7/2015 10:00,12,34,358
19836,4/7/2015 11:00,12,37,358
19837,4/7/2015 12:00,12,34,358
19838,4/7/2015 13:00,12,34,358
19839,4/7/2015 14:00,13,34,358
19840,4/7/2015 15:00,12,36,358
19841,4/7/2015 16:00,12,35,358
19842,4/7/2015 17:00,12,34,358
19843,4/7/2015 18:00,12,34,358
19844,4/7/2015 19:00,12,34,359
19845,4/7/2015 20:00,12,34,358
19846,4/7/2015 21:00,12,34,357
19847,4/7/2015 22:00,12,37,357
19848,4/7/2015 23:00,12,34,358
19849,4/8/2015 0:00,13,36,359
19850,4/8/2015 1:00,12,34,358
19851,4/8/2015 2:00,13,34,358
19852,4/8/2015 3:00,12,34,358
19853,4/8/2015 4:00,12,34,358
19854,4/8/2015 5:00,13,34,358
19855,4/8/2015 6:00,12,37,358
19856,4/8/2015 7:00,12,35,358
19857,4/8/2015 8:00,12,34,359
19858,4/8/2015 9:00,12,35,358
19859,4/8/2015 10:00,12,34,358
19860,4/8/2015 11:00,12,34,358
19861,4/8/2015 12:00,12,34,359
19862,4/8/2015 13:00,12,34,358
19863,4/8/2015 14:00,12,36,359
19864,4/8/2015 15:00,12,36,358
19865,4/8/2015 16:00,12,34,358
19866,4/8/2015 17:00,12,34,359
19867,4/8/2015 18:00,12,34,358
19868,4/8/2015 19:00,12,34,358
19869,4/8/2015 20:00,12,34,358
19870,4/8/2015 21:00,12,34,358
19871,4/8/2015 22:00,13,34,358
19872,4/8/2015 23:00,12,34,358
19873,4/9/2015 0:00,12,34,359
19874,4/9/2015 1:00,12,34,359
19875,4/9/2015 2:00,12,34,359
19876,4/9/2015 3:00,12,34,359
19877,4/9/2015 4:00,12,34,359
19878,4/9/2015 5:00,12,34,359
19879,4/9/2015 6:00,12,34,359
19880,4/9/2015 7:00,12,32,358
19881,4/9/2015 8:00,12,34,358
19882,4/9/2015 9:00,11,36,358
19883,4/9/2015 10:00,12,36,358
19884,4/9/2015 11:00,12,34,358
19885,4/9/2015 12:00,12,34,358
19886,4/9/2015 13:00,12,34,358
19887,4/9/2015 14:00,12,34,358
19888,4/9/2015 15:00,12,34,358
19889,4/9/2015 16:00,12,37,359
19890,4/9/2015 17:00,12,34,359
19891,4/9/2015 18:00,13,34,358
19892,4/9/2015 19:00,12,34,358
19893,4/9/2015 20:00,12,34,358
19894,4/9/2015 21:00,11,34,358
19895,4/9/2015 22:00,12,34,358
19896,4/9/2015 23:00,12,34,358
19897,4/10/2015 0:00,12,34,359
19898,4/10/2015 1:00,12,34,358
19899,4/10/2015 2:00,12,34,358
19900,4/10/2015 3:00,12,32,357
19901,4/10/2015 4:00,12,36,356
19902,4/10/2015 5:00,12,34,356
19903,4/10/2015 6:00,13,34,356
19904,4/10/2015 7:00,12,34,357
19905,4/10/2015 8:00,12,34,357
19906,4/10/2015 9:00,12,34,358
19907,4/10/2015 10:00,12,34,358
19908,4/10/2015 11:00,13,34,358
19909,4/10/2015 12:00,12,34,358
19910,4/10/2015 13:00,12,34,358
19911,4/10/2015 14:00,12,34,357
19912,4/10/2015 15:00,12,34,358
19913,4/10/2015 16:00,12,34,358
19914,4/10/2015 17:00,12,34,358
19915,4/10/2015 18:00,11,34,357
19916,4/10/2015 19:00,12,34,358
19917,4/10/2015 20:00,12,34,358
19918,4/10/2015 21:00,13,36,357
19919,4/10/2015 22:00,12,35,357
19920,4/10/2015 23:00,14,34,357
19921,4/11/2015 0:00,12,34,357
19922,4/11/2015 1:00,12,37,357
19923,4/11/2015 2:00,12,34,358
19924,4/11/2015 3:00,13,34,357
19925,4/11/2015 4:00,12,34,357
19926,4/11/2015 5:00,12,34,358
19927,4/11/2015 6:00,12,34,358
19928,4/11/2015 7:00,12,34,358
19929,4/11/2015 8:00,12,34,358
19930,4/11/2015 9:00,12,34,358
19931,4/11/2015 10:00,12,34,358
19932,4/11/2015 11:00,12,34,357
19933,4/11/2015 12:00,12,34,358
19934,4/11/2015 13:00,12,34,358
19935,4/11/2015 14:00,12,37,358
19936,4/11/2015 15:00,12,34,358
19937,4/11/2015 16:00,12,36,358
19938,4/11/2015 17:00,12,34,357
19939,4/11/2015 18:00,12,34,357
19940,4/11/2015 19:00,12,34,356
19941,4/11/2015 20:00,12,34,356
19942,4/11/2015 21:00,12,34,356
19943,4/11/2015 22:00,12,34,356
19944,4/11/2015 23:00,12,34,356
19945,4/12/2015 0:00,12,34,356
19946,4/12/2015 1:00,12,34,356
19947,4/12/2015 2:00,13,34,356
19948,4/12/2015 3:00,12,34,357
19949,4/12/2015 4:00,12,34,357
19950,4/12/2015 5:00,12,34,357
19951,4/12/2015 6:00,12,34,357
19952,4/12/2015 7:00,12,34,357
19953,4/12/2015 8:00,12,34,357
19954,4/12/2015 9:00,12,34,357
19955,4/12/2015 10:00,12,34,356
19956,4/12/2015 11:00,12,37,356
19957,4/12/2015 12:00,12,34,356
19958,4/12/2015 13:00,13,34,357
19959,4/12/2015 14:00,12,34,357
19960,4/12/2015 15:00,12,34,357
19961,4/12/2015 16:00,12,34,357
19962,4/12/2015 17:00,12,34,357
19963,4/12/2015 18:00,12,34,357
19964,4/12/2015 19:00,12,34,357
19965,4/12/2015 20:00,12,34,357
19966,4/12/2015 21:00,12,34,357
19967,4/12/2015 22:00,12,34,357
19968,4/12/2015 23:00,12,34,357
19969,4/13/2015 0:00,12,35,357
19970,4/13/2015 1:00,12,34,357
19971,4/13/2015 2:00,12,34,357
19972,4/13/2015 3:00,12,34,357
19973,4/13/2015 4:00,12,34,357
19974,4/13/2015 5:00,12,34,357
19975,4/13/2015 6:00,12,34,357
19976,4/13/2015 7:00,12,34,357
19977,4/13/2015 8:00,12,34,357
19978,4/13/2015 9:00,12,34,356
19979,4/13/2015 10:00,13,34,357
19980,4/13/2015 11:00,12,34,356
19981,4/13/2015 12:00,13,34,357
19982,4/13/2015 13:00,15,32,357
19983,4/13/2015 14:00,12,34,357
19984,4/13/2015 15:00,12,34,357
19985,4/13/2015 16:00,15,34,357
19986,4/13/2015 17:00,12,34,357
19987,4/13/2015 18:00,12,34,357
19988,4/13/2015 19:00,12,34,357
19989,4/13/2015 20:00,12,36,357
19990,4/13/2015 21:00,12,34,357
19991,4/13/2015 22:00,12,34,357
19992,4/13/2015 23:00,11,34,357
19993,4/14/2015 0:00,12,34,357
19994,4/14/2015 1:00,12,34,357
19995,4/14/2015 2:00,12,34,357
19996,4/14/2015 3:00,12,34,357
19997,4/14/2015 4:00,12,34,357
19998,4/14/2015 5:00,12,34,357
19999,4/14/2015 6:00,13,34,357
20000,4/14/2015 7:00,12,35,357
20001,4/14/2015 8:00,12,34,357
20002,4/14/2015 9:00,12,34,357
20003,4/14/2015 10:00,13,34,357
20004,4/14/2015 11:00,12,34,357
20005,4/14/2015 12:00,12,34,357
20006,4/14/2015 13:00,13,34,357
20007,4/14/2015 14:00,12,34,357
20008,4/14/2015 15:00,11,34,358
20009,4/14/2015 16:00,12,34,358
20010,4/14/2015 17:00,12,34,358
20011,4/14/2015 18:00,12,34,357
20012,4/14/2015 19:00,12,34,357
20013,4/14/2015 20:00,14,37,357
20014,4/14/2015 21:00,12,36,357
20015,4/14/2015 22:00,12,34,357
20016,4/14/2015 23:00,12,34,357
20017,4/15/2015 0:00,12,34,357
20018,4/15/2015 1:00,13,34,357
20019,4/15/2015 2:00,12,34,357
20020,4/15/2015 3:00,12,34,357
20021,4/15/2015 4:00,11,34,357
20022,4/15/2015 5:00,12,36,357
20023,4/15/2015 6:00,12,34,357
20024,4/15/2015 7:00,13,35,357
20025,4/15/2015 8:00,12,34,357
20026,4/15/2015 9:00,12,34,357
20027,4/15/2015 10:00,12,34,357
20028,4/15/2015 11:00,12,34,357
20029,4/15/2015 12:00,12,34,357
20030,4/15/2015 13:00,12,34,357
20031,4/15/2015 14:00,12,34,357
20032,4/15/2015 15:00,12,34,357
20033,4/15/2015 16:00,12,37,357
20034,4/15/2015 17:00,15,35,357
20035,4/15/2015 18:00,12,37,357
20036,4/15/2015 19:00,12,34,357
20037,4/15/2015 20:00,12,37,357
20038,4/15/2015 21:00,12,37,357
20039,4/15/2015 22:00,13,37,357
20040,4/15/2015 23:00,12,34,357
20041,4/16/2015 0:00,13,34,357
20042,4/16/2015 1:00,12,34,357
20043,4/16/2015 2:00,12,34,357
20044,4/16/2015 3:00,12,34,357
20045,4/16/2015 4:00,11,34,357
20046,4/16/2015 5:00,12,37,357
20047,4/16/2015 6:00,12,34,357
20048,4/16/2015 7:00,12,34,358
20049,4/16/2015 8:00,12,34,357
20050,4/16/2015 9:00,12,34,357
20051,4/16/2015 10:00,12,34,357
20052,4/16/2015 11:00,12,34,357
20053,4/16/2015 12:00,12,34,357
20054,4/16/2015 13:00,13,34,357
20055,4/16/2015 14:00,12,34,357
20056,4/16/2015 15:00,12,34,357
20057,4/16/2015 16:00,13,34,357
20058,4/16/2015 17:00,13,34,357
20059,4/16/2015 18:00,12,34,357
20060,4/16/2015 19:00,12,34,357
20061,4/16/2015 20:00,12,34,358
20062,4/16/2015 21:00,12,34,357
20063,4/16/2015 22:00,12,34,357
20064,4/16/2015 23:00,12,34,357
20065,4/17/2015 0:00,12,34,357
20066,4/17/2015 1:00,12,34,357
20067,4/17/2015 2:00,12,34,357
20068,4/17/2015 3:00,12,34,357
20069,4/17/2015 4:00,12,34,357
20070,4/17/2015 5:00,12,34,357
20071,4/17/2015 6:00,12,34,357
20072,4/17/2015 7:00,12,34,357
20073,4/17/2015 8:00,11,34,356
20074,4/17/2015 9:00,12,34,356
20075,4/17/2015 10:00,12,34,356
20076,4/17/2015 11:00,12,34,356
20077,4/17/2015 12:00,13,37,356
20078,4/17/2015 13:00,12,34,357
20079,4/17/2015 14:00,12,34,357
20080,4/17/2015 15:00,12,34,356
20081,4/17/2015 16:00,12,34,357
20082,4/17/2015 17:00,12,34,357
20083,4/17/2015 18:00,12,34,357
20084,4/17/2015 19:00,12,34,357
20085,4/17/2015 20:00,12,34,357
20086,4/17/2015 21:00,12,34,303
20087,4/17/2015 22:00,11,34,302
20088,4/17/2015 23:00,13,34,297
20089,4/18/2015 0:00,12,34,296
20090,4/18/2015 1:00,12,34,299
20091,4/18/2015 2:00,12,34,302
20092,4/18/2015 3:00,12,36,307
20093,4/18/2015 4:00,12,34,308
20094,4/18/2015 5:00,12,34,309
20095,4/18/2015 6:00,12,34,310
20096,4/18/2015 7:00,11,33,310
20097,4/18/2015 8:00,12,34,311
20098,4/18/2015 9:00,12,34,311
20099,4/18/2015 10:00,11,34,311
20100,4/18/2015 11:00,11,34,312
20101,4/18/2015 12:00,11,34,312
20102,4/18/2015 13:00,11,34,312
20103,4/18/2015 14:00,11,34,312
20104,4/18/2015 15:00,11,34,312
20105,4/18/2015 16:00,11,34,312
20106,4/18/2015 17:00,11,34,312
20107,4/18/2015 18:00,11,37,312
20108,4/18/2015 19:00,11,34,312
20109,4/18/2015 20:00,11,34,312
20110,4/18/2015 21:00,11,34,312
20111,4/18/2015 22:00,11,33,312
20112,4/18/2015 23:00,11,34,312
20113,4/19/2015 0:00,11,34,312
20114,4/19/2015 1:00,11,34,312
20115,4/19/2015 2:00,11,34,311
20116,4/19/2015 3:00,11,34,311
20117,4/19/2015 4:00,11,34,312
20118,4/19/2015 5:00,11,34,312
20119,4/19/2015 6:00,11,37,312
20120,4/19/2015 7:00,11,34,312
20121,4/19/2015 8:00,11,34,312
20122,4/19/2015 9:00,11,34,312
20123,4/19/2015 10:00,11,34,311
20124,4/19/2015 11:00,11,36,311
20125,4/19/2015 12:00,11,34,311
20126,4/19/2015 13:00,11,34,311
20127,4/19/2015 14:00,11,34,311
20128,4/19/2015 15:00,11,34,311
20129,4/19/2015 16:00,11,34,311
20130,4/19/2015 17:00,11,34,311
20131,4/19/2015 18:00,11,34,311
20132,4/19/2015 19:00,11,34,311
20133,4/19/2015 20:00,11,34,310
20134,4/19/2015 21:00,11,34,311
20135,4/19/2015 22:00,11,34,311
20136,4/19/2015 23:00,11,34,309
20137,4/20/2015 0:00,11,34,309
20138,4/20/2015 1:00,11,34,309
20139,4/20/2015 2:00,11,34,309
20140,4/20/2015 3:00,11,34,309
20141,4/20/2015 4:00,11,34,309
20142,4/20/2015 5:00,11,34,309
20143,4/20/2015 6:00,11,34,309
20144,4/20/2015 7:00,11,34,309
20145,4/20/2015 8:00,11,34,309
20146,4/20/2015 9:00,11,34,309
20147,4/20/2015 10:00,11,37,309
20148,4/20/2015 11:00,11,34,309
20149,4/20/2015 12:00,11,32,308
20150,4/20/2015 13:00,11,34,308
20151,4/20/2015 14:00,11,34,307
20152,4/20/2015 15:00,11,34,305
20153,4/20/2015 16:00,11,34,304
20154,4/20/2015 17:00,11,36,303
20155,4/20/2015 18:00,11,34,300
20156,4/20/2015 19:00,11,34,283
20157,4/20/2015 20:00,11,34,302
20158,4/20/2015 21:00,11,34,303
20159,4/20/2015 22:00,11,34,304
20160,4/20/2015 23:00,11,34,306
20161,4/21/2015 0:00,11,34,307
20162,4/21/2015 1:00,11,34,308
20163,4/21/2015 2:00,11,34,308
20164,4/21/2015 3:00,11,34,308
20165,4/21/2015 4:00,11,36,308
20166,4/21/2015 5:00,11,34,309
20167,4/21/2015 6:00,11,34,309
20168,4/21/2015 7:00,11,34,309
20169,4/21/2015 8:00,11,37,309
20170,4/21/2015 9:00,11,34,309
20171,4/21/2015 10:00,11,34,309
20172,4/21/2015 11:00,11,34,310
20173,4/21/2015 12:00,11,34,309
20174,4/21/2015 13:00,11,34,310
20175,4/21/2015 14:00,11,34,310
20176,4/21/2015 15:00,11,34,310
20177,4/21/2015 16:00,11,34,310
20178,4/21/2015 17:00,11,36,310
20179,4/21/2015 18:00,11,34,310
20180,4/21/2015 19:00,11,34,310
20181,4/21/2015 20:00,11,34,310
20182,4/21/2015 21:00,11,34,310
20183,4/21/2015 22:00,11,34,311
20184,4/21/2015 23:00,12,34,310
20185,4/22/2015 0:00,11,34,311
20186,4/22/2015 1:00,11,34,311
20187,4/22/2015 2:00,11,34,311
20188,4/22/2015 3:00,11,34,311
20189,4/22/2015 4:00,11,34,311
20190,4/22/2015 5:00,11,34,311
20191,4/22/2015 6:00,11,34,311
20192,4/22/2015 7:00,11,34,311
20193,4/22/2015 8:00,11,34,311
20194,4/22/2015 9:00,11,34,311
20195,4/22/2015 10:00,11,34,311
20196,4/22/2015 11:00,11,34,311
20197,4/22/2015 12:00,11,34,311
20198,4/22/2015 13:00,11,34,311
20199,4/22/2015 14:00,11,34,311
20200,4/22/2015 15:00,11,34,311
20201,4/22/2015 16:00,11,34,311
20202,4/22/2015 17:00,11,34,311
20203,4/22/2015 18:00,11,34,311
20204,4/22/2015 19:00,11,34,311
20205,4/22/2015 20:00,11,34,311
20206,4/22/2015 21:00,11,36,311
20207,4/22/2015 22:00,11,34,311
20208,4/22/2015 23:00,11,34,311
20209,4/23/2015 0:00,11,34,311
20210,4/23/2015 1:00,11,34,311
20211,4/23/2015 2:00,11,34,310
20212,4/23/2015 3:00,11,34,311
20213,4/23/2015 4:00,11,34,310
20214,4/23/2015 5:00,11,34,310
20215,4/23/2015 6:00,11,37,310
20216,4/23/2015 7:00,11,35,310
20217,4/23/2015 8:00,11,36,310
20218,4/23/2015 9:00,11,34,310
20219,4/23/2015 10:00,11,34,310
20220,4/23/2015 11:00,11,34,310
20221,4/23/2015 12:00,11,34,310
20222,4/23/2015 13:00,11,34,309
20223,4/23/2015 14:00,11,34,310
20224,4/23/2015 15:00,11,34,310
20225,4/23/2015 16:00,12,34,310
20226,4/23/2015 17:00,11,34,309
20227,4/23/2015 18:00,11,37,309
20228,4/23/2015 19:00,11,34,309
20229,4/23/2015 20:00,11,34,309
20230,4/23/2015 21:00,11,34,309
20231,4/23/2015 22:00,11,34,309
20232,4/23/2015 23:00,11,34,309
20233,4/24/2015 0:00,11,34,309
20234,4/24/2015 1:00,11,34,309
20235,4/24/2015 2:00,11,34,309
20236,4/24/2015 3:00,11,34,309
20237,4/24/2015 4:00,11,34,309
20238,4/24/2015 5:00,11,34,309
20239,4/24/2015 6:00,11,34,309
20240,4/24/2015 7:00,11,34,309
20241,4/24/2015 8:00,11,34,309
20242,4/24/2015 9:00,11,34,309
20243,4/24/2015 10:00,11,37,309
20244,4/24/2015 11:00,12,34,308
20245,4/24/2015 12:00,11,34,309
20246,4/24/2015 13:00,11,34,309
20247,4/24/2015 14:00,11,34,309
20248,4/24/2015 15:00,11,34,308
20249,4/24/2015 16:00,11,37,308
20250,4/24/2015 17:00,11,34,309
20251,4/24/2015 18:00,11,34,308
20252,4/24/2015 19:00,11,34,308
20253,4/24/2015 20:00,11,34,308
20254,4/24/2015 21:00,11,34,308
20255,4/24/2015 22:00,11,34,308
20256,4/24/2015 23:00,11,34,308
20257,4/25/2015 0:00,11,34,308
20258,4/25/2015 1:00,11,34,308
20259,4/25/2015 2:00,11,34,308
20260,4/25/2015 3:00,11,34,308
20261,4/25/2015 4:00,11,34,308
20262,4/25/2015 5:00,11,34,308
20263,4/25/2015 6:00,11,34,308
20264,4/25/2015 7:00,11,34,308
20265,4/25/2015 8:00,11,34,308
20266,4/25/2015 9:00,11,34,308
20267,4/25/2015 10:00,11,34,308
20268,4/25/2015 11:00,12,34,308
20269,4/25/2015 12:00,11,34,308
20270,4/25/2015 13:00,11,34,308
20271,4/25/2015 14:00,11,34,308
20272,4/25/2015 15:00,11,34,308
20273,4/25/2015 16:00,11,34,308
20274,4/25/2015 17:00,12,34,307
20275,4/25/2015 18:00,11,34,308
20276,4/25/2015 19:00,11,34,307
20277,4/25/2015 20:00,11,34,307
20278,4/25/2015 21:00,11,34,307
20279,4/25/2015 22:00,11,34,513
20280,4/25/2015 23:00,11,34,514
20281,4/26/2015 0:00,11,34,513
20282,4/26/2015 1:00,11,34,510
20283,4/26/2015 2:00,11,34,510
20284,4/26/2015 3:00,11,34,510
20285,4/26/2015 4:00,11,34,510
20286,4/26/2015 5:00,11,34,509
20287,4/26/2015 6:00,11,34,509
20288,4/26/2015 7:00,11,34,509
20289,4/26/2015 8:00,11,34,509
20290,4/26/2015 9:00,11,34,509
20291,4/26/2015 10:00,11,34,515
20292,4/26/2015 11:00,11,34,515
20293,4/26/2015 12:00,11,34,515
20294,4/26/2015 13:00,11,34,514
20295,4/26/2015 14:00,11,34,513
20296,4/26/2015 15:00,11,34,512
20297,4/26/2015 16:00,11,34,511
20298,4/26/2015 17:00,11,34,509
20299,4/26/2015 18:00,11,34,508
20300,4/26/2015 19:00,11,34,507
20301,4/26/2015 20:00,11,34,492
20302,4/26/2015 21:00,11,34,413
20303,4/26/2015 22:00,11,34,396
20304,4/26/2015 23:00,11,34,433
20305,4/27/2015 0:00,14,34,444
20306,4/27/2015 1:00,16,34,435
20307,4/27/2015 2:00,16,34,441
20308,4/27/2015 3:00,15,37,418
20309,4/27/2015 4:00,15,34,425
20310,4/27/2015 5:00,15,34,421
20311,4/27/2015 6:00,15,34,421
20312,4/27/2015 7:00,15,34,399
20313,4/27/2015 8:00,15,34,439
20314,4/27/2015 9:00,15,34,462
20315,4/27/2015 10:00,15,36,465
20316,4/27/2015 11:00,15,34,469
20317,4/27/2015 12:00,15,34,473
20318,4/27/2015 13:00,15,34,468
20319,4/27/2015 14:00,15,34,483
20320,4/27/2015 15:00,15,34,476
20321,4/27/2015 16:00,15,34,475
20322,4/27/2015 17:00,15,37,482
20323,4/27/2015 18:00,15,34,477
20324,4/27/2015 19:00,15,34,496
20325,4/27/2015 20:00,15,34,508
20326,4/27/2015 21:00,15,34,508
20327,4/27/2015 22:00,15,34,508
20328,4/27/2015 23:00,15,37,508
20329,4/28/2015 0:00,15,34,508
20330,4/28/2015 1:00,15,34,508
20331,4/28/2015 2:00,15,34,507
20332,4/28/2015 3:00,15,37,507
20333,4/28/2015 4:00,15,34,508
20334,4/28/2015 5:00,15,34,507
20335,4/28/2015 6:00,15,34,507
20336,4/28/2015 7:00,15,34,506
20337,4/28/2015 8:00,15,34,506
20338,4/28/2015 9:00,14,34,506
20339,4/28/2015 10:00,15,34,506
20340,4/28/2015 11:00,14,34,505
20341,4/28/2015 12:00,14,34,504
20342,4/28/2015 13:00,14,34,503
20343,4/28/2015 14:00,15,34,502
20344,4/28/2015 15:00,14,34,504
20345,4/28/2015 16:00,14,34,504
20346,4/28/2015 17:00,13,34,503
20347,4/28/2015 18:00,13,34,502
20348,4/28/2015 19:00,13,34,502
20349,4/28/2015 20:00,13,34,502
20350,4/28/2015 21:00,13,34,502
20351,4/28/2015 22:00,15,34,502
20352,4/28/2015 23:00,14,34,502
20353,4/29/2015 0:00,14,34,501
20354,4/29/2015 1:00,13,34,501
20355,4/29/2015 2:00,13,37,501
20356,4/29/2015 3:00,15,34,501
20357,4/29/2015 4:00,13,35,501
20358,4/29/2015 5:00,13,34,500
20359,4/29/2015 6:00,13,34,500
20360,4/29/2015 7:00,13,34,500
20361,4/29/2015 8:00,13,34,500
20362,4/29/2015 9:00,13,34,500
20363,4/29/2015 10:00,13,34,499
20364,4/29/2015 11:00,13,34,499
20365,4/29/2015 12:00,13,34,498
20366,4/29/2015 13:00,13,34,498
20367,4/29/2015 14:00,13,34,497
20368,4/29/2015 15:00,13,34,497
20369,4/29/2015 16:00,13,35,497
20370,4/29/2015 17:00,15,34,497
20371,4/29/2015 18:00,13,34,496
20372,4/29/2015 19:00,13,34,496
20373,4/29/2015 20:00,13,34,496
20374,4/29/2015 21:00,13,34,496
20375,4/29/2015 22:00,13,34,496
20376,4/29/2015 23:00,14,36,496
20377,4/30/2015 0:00,13,34,495
20378,4/30/2015 1:00,13,34,495
20379,4/30/2015 2:00,13,34,494
20380,4/30/2015 3:00,13,34,494
20381,4/30/2015 4:00,13,34,494
20382,4/30/2015 5:00,13,34,494
20383,4/30/2015 6:00,13,34,493
20384,4/30/2015 7:00,15,34,492
20385,4/30/2015 8:00,13,34,492
20386,4/30/2015 9:00,13,34,492
20387,4/30/2015 10:00,13,34,492
20388,4/30/2015 11:00,13,34,491
20389,4/30/2015 12:00,13,34,491
20390,4/30/2015 13:00,14,34,491
20391,4/30/2015 14:00,13,34,491
20392,4/30/2015 15:00,13,34,490
20393,4/30/2015 16:00,13,34,490
20394,4/30/2015 17:00,13,34,490
20395,4/30/2015 18:00,13,34,490
20396,4/30/2015 19:00,13,34,490
20397,4/30/2015 20:00,13,34,489
20398,4/30/2015 21:00,13,34,489
20399,4/30/2015 22:00,13,34,489
20400,4/30/2015 23:00,13,34,489
20401,5/1/2015 0:00,13,34,489
20402,5/1/2015 1:00,13,34,488
20403,5/1/2015 2:00,13,34,488
20404,5/1/2015 3:00,13,37,488
20405,5/1/2015 4:00,13,34,487
20406,5/1/2015 5:00,13,37,487
20407,5/1/2015 6:00,13,34,485
20408,5/1/2015 7:00,13,34,485
20409,5/1/2015 8:00,13,34,485
20410,5/1/2015 9:00,13,34,485
20411,5/1/2015 10:00,13,34,484
20412,5/1/2015 11:00,13,34,484
20413,5/1/2015 12:00,13,36,484
20414,5/1/2015 13:00,13,34,483
20415,5/1/2015 14:00,13,34,483
20416,5/1/2015 15:00,13,34,483
20417,5/1/2015 16:00,13,34,483
20418,5/1/2015 17:00,13,34,483
20419,5/1/2015 18:00,14,34,483
20420,5/1/2015 19:00,13,34,483
20421,5/1/2015 20:00,13,34,483
20422,5/1/2015 21:00,13,34,482
20423,5/1/2015 22:00,13,34,482
20424,5/1/2015 23:00,13,34,482
20425,5/2/2015 0:00,13,34,482
20426,5/2/2015 1:00,13,34,481
20427,5/2/2015 2:00,13,34,480
20428,5/2/2015 3:00,13,34,480
20429,5/2/2015 4:00,13,34,480
20430,5/2/2015 5:00,13,34,480
20431,5/2/2015 6:00,13,34,480
20432,5/2/2015 7:00,13,35,479
20433,5/2/2015 8:00,13,34,479
20434,5/2/2015 9:00,13,34,479
20435,5/2/2015 10:00,13,36,479
20436,5/2/2015 11:00,13,34,479
20437,5/2/2015 12:00,13,35,479
20438,5/2/2015 13:00,13,34,478
20439,5/2/2015 14:00,13,36,478
20440,5/2/2015 15:00,13,34,478
20441,5/2/2015 16:00,13,34,478
20442,5/2/2015 17:00,13,34,478
20443,5/2/2015 18:00,13,34,478
20444,5/2/2015 19:00,13,34,477
20445,5/2/2015 20:00,13,34,476
20446,5/2/2015 21:00,13,34,476
20447,5/2/2015 22:00,13,34,476
20448,5/2/2015 23:00,13,34,476
20449,5/3/2015 0:00,13,34,476
20450,5/3/2015 1:00,13,34,475
20451,5/3/2015 2:00,14,34,475
20452,5/3/2015 3:00,13,34,475
20453,5/3/2015 4:00,13,34,475
20454,5/3/2015 5:00,13,34,475
20455,5/3/2015 6:00,13,34,474
20456,5/3/2015 7:00,13,34,474
20457,5/3/2015 8:00,13,34,474
20458,5/3/2015 9:00,13,34,473
20459,5/3/2015 10:00,13,34,473
20460,5/3/2015 11:00,13,34,472
20461,5/3/2015 12:00,14,34,470
20462,5/3/2015 13:00,13,34,469
20463,5/3/2015 14:00,13,34,467
20464,5/3/2015 15:00,13,34,463
20465,5/3/2015 16:00,13,34,456
20466,5/3/2015 17:00,13,34,456
20467,5/3/2015 18:00,13,34,405
20468,5/3/2015 19:00,13,34,443
20469,5/3/2015 20:00,13,37,438
20470,5/3/2015 21:00,13,34,459
20471,5/3/2015 22:00,13,34,465
20472,5/3/2015 23:00,13,34,466
20473,5/4/2015 0:00,13,34,466
20474,5/4/2015 1:00,13,34,465
20475,5/4/2015 2:00,14,37,465
20476,5/4/2015 3:00,13,34,466
20477,5/4/2015 4:00,13,34,466
20478,5/4/2015 5:00,13,34,467
20479,5/4/2015 6:00,13,34,465
20480,5/4/2015 7:00,13,34,466
20481,5/4/2015 8:00,13,34,467
20482,5/4/2015 9:00,13,34,467
20483,5/4/2015 10:00,13,34,467
20484,5/4/2015 11:00,13,34,467
20485,5/4/2015 12:00,13,34,467
20486,5/4/2015 13:00,13,34,467
20487,5/4/2015 14:00,13,34,467
20488,5/4/2015 15:00,13,34,467
20489,5/4/2015 16:00,13,37,467
20490,5/4/2015 17:00,13,36,466
20491,5/4/2015 18:00,13,34,466
20492,5/4/2015 19:00,13,34,466
20493,5/4/2015 20:00,13,34,466
20494,5/4/2015 21:00,13,34,466
20495,5/4/2015 22:00,13,34,466
20496,5/4/2015 23:00,13,34,465
20497,5/5/2015 0:00,13,34,465
20498,5/5/2015 1:00,13,34,465
20499,5/5/2015 2:00,13,34,465
20500,5/5/2015 3:00,13,35,465
20501,5/5/2015 4:00,13,34,465
20502,5/5/2015 5:00,13,36,464
20503,5/5/2015 6:00,14,34,464
20504,5/5/2015 7:00,13,34,464
20505,5/5/2015 8:00,13,34,464
20506,5/5/2015 9:00,13,34,464
20507,5/5/2015 10:00,13,34,464
20508,5/5/2015 11:00,13,34,463
20509,5/5/2015 12:00,13,34,463
20510,5/5/2015 13:00,13,34,463
20511,5/5/2015 14:00,13,34,463
20512,5/5/2015 15:00,13,34,462
20513,5/5/2015 16:00,13,32,462
20514,5/5/2015 17:00,13,34,462
20515,5/5/2015 18:00,13,34,461
20516,5/5/2015 19:00,13,34,461
20517,5/5/2015 20:00,13,34,461
20518,5/5/2015 21:00,13,34,461
20519,5/5/2015 22:00,13,36,461
20520,5/5/2015 23:00,13,34,460
20521,5/6/2015 0:00,13,34,459
20522,5/6/2015 1:00,13,34,459
20523,5/6/2015 2:00,13,34,459
20524,5/6/2015 3:00,13,34,459
20525,5/6/2015 4:00,13,34,458
20526,5/6/2015 5:00,13,34,458
20527,5/6/2015 6:00,13,34,458
20528,5/6/2015 7:00,13,34,458
20529,5/6/2015 8:00,13,34,458
20530,5/6/2015 9:00,13,35,458
20531,5/6/2015 10:00,13,34,458
20532,5/6/2015 11:00,13,34,457
20533,5/6/2015 12:00,13,34,457
20534,5/6/2015 13:00,13,34,456
20535,5/6/2015 14:00,13,34,456
20536,5/6/2015 15:00,13,34,456
20537,5/6/2015 16:00,13,36,456
20538,5/6/2015 17:00,13,34,456
20539,5/6/2015 18:00,13,34,455
20540,5/6/2015 19:00,13,34,455
20541,5/6/2015 20:00,13,34,455
20542,5/6/2015 21:00,13,34,455
20543,5/6/2015 22:00,13,34,455
20544,5/6/2015 23:00,13,34,454
20545,5/7/2015 0:00,13,34,454
20546,5/7/2015 1:00,13,34,454
20547,5/7/2015 2:00,13,34,454
20548,5/7/2015 3:00,13,34,454
20549,5/7/2015 4:00,13,37,454
20550,5/7/2015 5:00,13,34,454
20551,5/7/2015 6:00,13,34,453
20552,5/7/2015 7:00,13,34,453
20553,5/7/2015 8:00,13,34,453
20554,5/7/2015 9:00,13,34,453
20555,5/7/2015 10:00,13,34,452
20556,5/7/2015 11:00,13,34,452
20557,5/7/2015 12:00,13,34,452
20558,5/7/2015 13:00,13,34,452
20559,5/7/2015 14:00,13,34,452
20560,5/7/2015 15:00,13,34,452
20561,5/7/2015 16:00,13,34,450
20562,5/7/2015 17:00,13,34,450
20563,5/7/2015 18:00,13,34,450
20564,5/7/2015 19:00,13,34,450
20565,5/7/2015 20:00,13,34,450
20566,5/7/2015 21:00,13,34,449
20567,5/7/2015 22:00,13,34,450
20568,5/7/2015 23:00,13,34,449
20569,5/8/2015 0:00,13,34,449
20570,5/8/2015 1:00,13,34,449
20571,5/8/2015 2:00,13,34,448
20572,5/8/2015 3:00,13,34,448
20573,5/8/2015 4:00,13,34,448
20574,5/8/2015 5:00,13,34,448
20575,5/8/2015 6:00,13,34,447
20576,5/8/2015 7:00,13,34,448
20577,5/8/2015 8:00,13,34,448
20578,5/8/2015 9:00,13,34,447
20579,5/8/2015 10:00,13,34,447
20580,5/8/2015 11:00,13,37,447
20581,5/8/2015 12:00,13,36,446
20582,5/8/2015 13:00,13,34,446
20583,5/8/2015 14:00,13,34,446
20584,5/8/2015 15:00,13,34,446
20585,5/8/2015 16:00,13,34,446
20586,5/8/2015 17:00,13,34,446
20587,5/8/2015 18:00,13,34,445
20588,5/8/2015 19:00,13,35,445
20589,5/8/2015 20:00,13,34,445
20590,5/8/2015 21:00,13,34,444
20591,5/8/2015 22:00,13,34,444
20592,5/8/2015 23:00,13,34,444
20593,5/9/2015 0:00,13,34,444
20594,5/9/2015 1:00,13,34,444
20595,5/9/2015 2:00,13,34,443
20596,5/9/2015 3:00,13,34,443
20597,5/9/2015 4:00,13,34,443
20598,5/9/2015 5:00,13,34,443
20599,5/9/2015 6:00,13,34,443
20600,5/9/2015 7:00,13,34,443
20601,5/9/2015 8:00,13,34,442
20602,5/9/2015 9:00,13,34,442
20603,5/9/2015 10:00,13,34,441
20604,5/9/2015 11:00,13,34,441
20605,5/9/2015 12:00,13,34,441
20606,5/9/2015 13:00,13,34,441
20607,5/9/2015 14:00,13,34,441
20608,5/9/2015 15:00,13,34,441
20609,5/9/2015 16:00,13,34,441
20610,5/9/2015 17:00,13,34,441
20611,5/9/2015 18:00,13,34,441
20612,5/9/2015 19:00,13,34,441
20613,5/9/2015 20:00,13,34,440
20614,5/9/2015 21:00,13,34,440
20615,5/9/2015 22:00,13,34,440
20616,5/9/2015 23:00,13,34,440
20617,5/10/2015 0:00,13,34,440
20618,5/10/2015 1:00,13,34,440
20619,5/10/2015 2:00,13,34,440
20620,5/10/2015 3:00,13,34,440
20621,5/10/2015 4:00,13,34,440
20622,5/10/2015 5:00,14,34,440
20623,5/10/2015 6:00,13,34,439
20624,5/10/2015 7:00,13,34,439
20625,5/10/2015 8:00,13,34,439
20626,5/10/2015 9:00,13,36,439
20627,5/10/2015 10:00,13,34,439
20628,5/10/2015 11:00,13,34,439
20629,5/10/2015 12:00,13,34,439
20630,5/10/2015 13:00,13,34,438
20631,5/10/2015 14:00,13,33,438
20632,5/10/2015 15:00,13,34,438
20633,5/10/2015 16:00,13,34,438
20634,5/10/2015 17:00,13,34,437
20635,5/10/2015 18:00,13,34,437
20636,5/10/2015 19:00,13,34,437
20637,5/10/2015 20:00,14,34,437
20638,5/10/2015 21:00,13,33,437
20639,5/10/2015 22:00,13,34,437
20640,5/10/2015 23:00,13,34,437
20641,5/11/2015 0:00,13,34,437
20642,5/11/2015 1:00,13,34,437
20643,5/11/2015 2:00,12,34,437
20644,5/11/2015 3:00,13,34,437
20645,5/11/2015 4:00,13,34,437
20646,5/11/2015 5:00,12,34,437
20647,5/11/2015 6:00,12,33,437
20648,5/11/2015 7:00,12,34,436
20649,5/11/2015 8:00,12,34,436
20650,5/11/2015 9:00,12,33,436
20651,5/11/2015 10:00,12,33,436
20652,5/11/2015 11:00,12,34,436
20653,5/11/2015 12:00,12,34,435
20654,5/11/2015 13:00,12,34,436
20655,5/11/2015 14:00,12,34,436
20656,5/11/2015 15:00,12,34,435
20657,5/11/2015 16:00,12,33,435
20658,5/11/2015 17:00,12,34,435
20659,5/11/2015 18:00,12,34,435
20660,5/11/2015 19:00,12,33,435
20661,5/11/2015 20:00,12,34,435
20662,5/11/2015 21:00,11,33,434
20663,5/11/2015 22:00,12,34,434
20664,5/11/2015 23:00,12,34,434
20665,5/12/2015 0:00,12,33,433
20666,5/12/2015 1:00,12,36,432
20667,5/12/2015 2:00,12,36,432
20668,5/12/2015 3:00,12,34,432
20669,5/12/2015 4:00,12,34,432
20670,5/12/2015 5:00,12,33,432
20671,5/12/2015 6:00,12,33,432
20672,5/12/2015 7:00,12,33,432
20673,5/12/2015 8:00,12,33,432
20674,5/12/2015 9:00,12,33,431
20675,5/12/2015 10:00,12,34,431
20676,5/12/2015 11:00,12,33,431
20677,5/12/2015 12:00,12,34,431
20678,5/12/2015 13:00,12,33,431
20679,5/12/2015 14:00,12,35,431
20680,5/12/2015 15:00,12,33,431
20681,5/12/2015 16:00,12,33,431
20682,5/12/2015 17:00,11,33,431
20683,5/12/2015 18:00,13,33,431
20684,5/12/2015 19:00,13,33,431
20685,5/12/2015 20:00,13,33,431
20686,5/12/2015 21:00,13,33,430
20687,5/12/2015 22:00,12,33,430
20688,5/12/2015 23:00,12,33,430
20689,5/13/2015 0:00,12,33,430
20690,5/13/2015 1:00,12,34,430
20691,5/13/2015 2:00,12,33,430
20692,5/13/2015 3:00,12,33,430
20693,5/13/2015 4:00,13,33,430
20694,5/13/2015 5:00,13,35,430
20695,5/13/2015 6:00,12,35,429
20696,5/13/2015 7:00,13,33,429
20697,5/13/2015 8:00,12,33,429
20698,5/13/2015 9:00,12,33,429
20699,5/13/2015 10:00,13,36,429
20700,5/13/2015 11:00,13,33,429
20701,5/13/2015 12:00,12,33,429
20702,5/13/2015 13:00,13,33,428
20703,5/13/2015 14:00,12,33,428
20704,5/13/2015 15:00,13,33,428
20705,5/13/2015 16:00,13,33,428
20706,5/13/2015 17:00,13,33,428
20707,5/13/2015 18:00,12,34,428
20708,5/13/2015 19:00,12,33,428
20709,5/13/2015 20:00,12,33,428
20710,5/13/2015 21:00,12,33,428
20711,5/13/2015 22:00,13,33,428
20712,5/13/2015 23:00,12,33,428
20713,5/14/2015 0:00,14,33,427
20714,5/14/2015 1:00,13,33,427
20715,5/14/2015 2:00,12,33,427
20716,5/14/2015 3:00,12,33,427
20717,5/14/2015 4:00,13,33,427
20718,5/14/2015 5:00,12,33,427
20719,5/14/2015 6:00,13,33,427
20720,5/14/2015 7:00,12,35,427
20721,5/14/2015 8:00,12,33,426
20722,5/14/2015 9:00,12,33,427
20723,5/14/2015 10:00,12,33,427
20724,5/14/2015 11:00,12,33,427
20725,5/14/2015 12:00,12,33,427
20726,5/14/2015 13:00,12,33,427
20727,5/14/2015 14:00,12,33,427
20728,5/14/2015 15:00,12,33,427
20729,5/14/2015 16:00,13,36,427
20730,5/14/2015 17:00,12,35,427
20731,5/14/2015 18:00,12,33,427
20732,5/14/2015 19:00,13,33,426
20733,5/14/2015 20:00,12,33,427
20734,5/14/2015 21:00,14,33,426
20735,5/14/2015 22:00,13,34,426
20736,5/14/2015 23:00,13,33,426
20737,5/15/2015 0:00,13,33,426
20738,5/15/2015 1:00,13,33,426
20739,5/15/2015 2:00,12,33,426
20740,5/15/2015 3:00,12,36,426
20741,5/15/2015 4:00,12,33,426
20742,5/15/2015 5:00,12,33,426
20743,5/15/2015 6:00,12,35,426
20744,5/15/2015 7:00,12,33,426
20745,5/15/2015 8:00,12,33,426
20746,5/15/2015 9:00,12,33,426
20747,5/15/2015 10:00,12,34,426
20748,5/15/2015 11:00,12,33,426
20749,5/15/2015 12:00,12,33,426
20750,5/15/2015 13:00,13,33,426
20751,5/15/2015 14:00,13,33,425
20752,5/15/2015 15:00,13,33,425
20753,5/15/2015 16:00,13,33,425
20754,5/15/2015 17:00,13,33,426
20755,5/15/2015 18:00,13,33,426
20756,5/15/2015 19:00,13,35,426
20757,5/15/2015 20:00,12,33,426
20758,5/15/2015 21:00,12,33,426
20759,5/15/2015 22:00,12,33,425
20760,5/15/2015 23:00,12,33,426
20761,5/16/2015 0:00,12,33,426
20762,5/16/2015 1:00,12,36,426
20763,5/16/2015 2:00,12,34,426
20764,5/16/2015 3:00,12,34,425
20765,5/16/2015 4:00,11,33,426
20766,5/16/2015 5:00,12,33,426
20767,5/16/2015 6:00,12,33,426
20768,5/16/2015 7:00,12,33,426
20769,5/16/2015 8:00,12,33,426
20770,5/16/2015 9:00,12,33,426
20771,5/16/2015 10:00,12,33,426
20772,5/16/2015 11:00,12,34,426
20773,5/16/2015 12:00,12,33,426
20774,5/16/2015 13:00,12,33,426
20775,5/16/2015 14:00,13,33,426
20776,5/16/2015 15:00,12,33,426
20777,5/16/2015 16:00,12,34,426
20778,5/16/2015 17:00,12,33,427
20779,5/16/2015 18:00,12,36,427
20780,5/16/2015 19:00,12,33,427
20781,5/16/2015 20:00,12,33,428
20782,5/16/2015 21:00,12,33,428
20783,5/16/2015 22:00,12,34,429
20784,5/16/2015 23:00,12,33,428
20785,5/17/2015 0:00,12,33,428
20786,5/17/2015 1:00,12,33,428
20787,5/17/2015 2:00,12,34,428
20788,5/17/2015 3:00,12,33,428
20789,5/17/2015 4:00,12,33,427
20790,5/17/2015 5:00,12,33,427
20791,5/17/2015 6:00,12,33,427
20792,5/17/2015 7:00,12,34,426
20793,5/17/2015 8:00,12,33,427
20794,5/17/2015 9:00,12,33,428
20795,5/17/2015 10:00,12,34,427
20796,5/17/2015 11:00,12,33,427
20797,5/17/2015 12:00,12,33,427
20798,5/17/2015 13:00,12,33,427
20799,5/17/2015 14:00,12,33,427
20800,5/17/2015 15:00,11,33,427
20801,5/17/2015 16:00,12,34,427
20802,5/17/2015 17:00,12,35,428
20803,5/17/2015 18:00,12,33,428
20804,5/17/2015 19:00,12,33,428
20805,5/17/2015 20:00,12,34,429
20806,5/17/2015 21:00,12,34,428
20807,5/17/2015 22:00,12,34,429
20808,5/17/2015 23:00,12,33,429
20809,5/18/2015 0:00,12,34,429
20810,5/18/2015 1:00,12,34,429
20811,5/18/2015 2:00,12,34,430
20812,5/18/2015 3:00,12,34,430
20813,5/18/2015 4:00,12,34,429
20814,5/18/2015 5:00,12,34,429
20815,5/18/2015 6:00,12,34,430
20816,5/18/2015 7:00,12,35,429
20817,5/18/2015 8:00,12,34,430
20818,5/18/2015 9:00,12,34,428
20819,5/18/2015 10:00,12,33,429
20820,5/18/2015 11:00,12,33,429
20821,5/18/2015 12:00,12,34,429
20822,5/18/2015 13:00,12,33,429
20823,5/18/2015 14:00,12,33,429
20824,5/18/2015 15:00,12,34,429
20825,5/18/2015 16:00,12,36,429
20826,5/18/2015 17:00,12,36,430
20827,5/18/2015 18:00,12,33,430
20828,5/18/2015 19:00,12,33,430
20829,5/18/2015 20:00,12,34,430
20830,5/18/2015 21:00,12,35,430
20831,5/18/2015 22:00,11,34,431
20832,5/18/2015 23:00,12,36,431
20833,5/19/2015 0:00,12,36,430
20834,5/19/2015 1:00,12,34,430
20835,5/19/2015 2:00,12,33,431
20836,5/19/2015 3:00,12,34,430
20837,5/19/2015 4:00,12,34,431
20838,5/19/2015 5:00,12,35,430
20839,5/19/2015 6:00,11,34,431
20840,5/19/2015 7:00,12,34,430
20841,5/19/2015 8:00,12,34,431
20842,5/19/2015 9:00,12,34,431
20843,5/19/2015 10:00,12,36,431
20844,5/19/2015 11:00,12,34,431
20845,5/19/2015 12:00,12,35,431
20846,5/19/2015 13:00,13,34,431
20847,5/19/2015 14:00,12,34,431
20848,5/19/2015 15:00,12,34,431
20849,5/19/2015 16:00,12,35,431
20850,5/19/2015 17:00,12,35,431
20851,5/19/2015 18:00,12,34,431
20852,5/19/2015 19:00,12,34,429
20853,5/19/2015 20:00,12,34,429
20854,5/19/2015 21:00,12,34,429
20855,5/19/2015 22:00,12,34,428
20856,5/19/2015 23:00,12,34,428
20857,5/20/2015 0:00,12,34,429
20858,5/20/2015 1:00,12,34,428
20859,5/20/2015 2:00,12,34,428
20860,5/20/2015 3:00,12,34,428
20861,5/20/2015 4:00,12,34,429
20862,5/20/2015 5:00,12,36,429
20863,5/20/2015 6:00,12,34,429
20864,5/20/2015 7:00,12,34,428
20865,5/20/2015 8:00,12,34,429
20866,5/20/2015 9:00,12,34,429
20867,5/20/2015 10:00,12,34,428
20868,5/20/2015 11:00,14,34,429
20869,5/20/2015 12:00,12,34,428
20870,5/20/2015 13:00,12,34,428
20871,5/20/2015 14:00,12,34,428
20872,5/20/2015 15:00,12,34,430
20873,5/20/2015 16:00,12,34,429
20874,5/20/2015 17:00,12,34,429
20875,5/20/2015 18:00,12,33,429
20876,5/20/2015 19:00,12,34,429
20877,5/20/2015 20:00,12,34,429
20878,5/20/2015 21:00,12,34,429
20879,5/20/2015 22:00,12,34,431
20880,5/20/2015 23:00,12,36,326
20881,5/21/2015 0:00,12,34,410
20882,5/21/2015 1:00,12,34,410
20883,5/21/2015 2:00,11,34,420
20884,5/21/2015 3:00,14,35,397
20885,5/21/2015 4:00,12,34,397
20886,5/21/2015 5:00,12,35,397
20887,5/21/2015 6:00,11,34,395
20888,5/21/2015 7:00,12,34,392
20889,5/21/2015 8:00,12,34,391
20890,5/21/2015 9:00,12,34,383
20891,5/21/2015 10:00,12,37,381
20892,5/21/2015 11:00,12,34,382
20893,5/21/2015 12:00,12,34,381
20894,5/21/2015 13:00,12,34,380
20895,5/21/2015 14:00,12,36,374
20896,5/21/2015 15:00,12,34,368
20897,5/21/2015 16:00,12,34,361
20898,5/21/2015 17:00,12,34,376
20899,5/21/2015 18:00,12,34,388
20900,5/21/2015 19:00,12,34,390
20901,5/21/2015 20:00,12,34,382
20902,5/21/2015 21:00,12,34,363
20903,5/21/2015 22:00,12,34,362
20904,5/21/2015 23:00,12,34,359
20905,5/22/2015 0:00,13,34,359
20906,5/22/2015 1:00,11,37,351
20907,5/22/2015 2:00,13,37,359
20908,5/22/2015 3:00,12,37,359
20909,5/22/2015 4:00,13,34,361
20910,5/22/2015 5:00,13,34,360
20911,5/22/2015 6:00,13,34,357
20912,5/22/2015 7:00,13,35,355
20913,5/22/2015 8:00,12,34,359
20914,5/22/2015 9:00,12,35,360
20915,5/22/2015 10:00,12,34,360
20916,5/22/2015 11:00,12,34,360
20917,5/22/2015 12:00,12,34,360
20918,5/22/2015 13:00,12,34,360
20919,5/22/2015 14:00,12,33,361
20920,5/22/2015 15:00,12,34,360
20921,5/22/2015 16:00,12,34,360
20922,5/22/2015 17:00,12,37,360
20923,5/22/2015 18:00,12,35,359
20924,5/22/2015 19:00,12,34,356
20925,5/22/2015 20:00,12,34,355
20926,5/22/2015 21:00,12,34,355
20927,5/22/2015 22:00,12,34,356
20928,5/22/2015 23:00,13,36,357
20929,5/23/2015 0:00,12,32,356
20930,5/23/2015 1:00,12,34,353
20931,5/23/2015 2:00,12,34,354
20932,5/23/2015 3:00,12,35,355
20933,5/23/2015 4:00,12,34,355
20934,5/23/2015 5:00,12,34,360
20935,5/23/2015 6:00,12,34,359
20936,5/23/2015 7:00,12,34,360
20937,5/23/2015 8:00,12,34,360
20938,5/23/2015 9:00,12,34,359
20939,5/23/2015 10:00,12,34,360
20940,5/23/2015 11:00,12,34,360
20941,5/23/2015 12:00,12,34,359
20942,5/23/2015 13:00,12,33,357
20943,5/23/2015 14:00,12,34,356
20944,5/23/2015 15:00,12,34,356
20945,5/23/2015 16:00,12,34,355
20946,5/23/2015 17:00,12,34,356
20947,5/23/2015 18:00,12,32,356
20948,5/23/2015 19:00,12,35,357
20949,5/23/2015 20:00,12,34,357
20950,5/23/2015 21:00,12,34,359
20951,5/23/2015 22:00,12,34,363
20952,5/23/2015 23:00,12,33,366
20953,5/24/2015 0:00,12,33,366
20954,5/24/2015 1:00,12,33,368
20955,5/24/2015 2:00,12,33,369
20956,5/24/2015 3:00,12,33,369
20957,5/24/2015 4:00,12,34,369
20958,5/24/2015 5:00,12,34,370
20959,5/24/2015 6:00,12,33,371
20960,5/24/2015 7:00,12,33,372
20961,5/24/2015 8:00,12,33,372
20962,5/24/2015 9:00,12,33,372
20963,5/24/2015 10:00,12,33,373
20964,5/24/2015 11:00,12,33,373
20965,5/24/2015 12:00,12,33,373
20966,5/24/2015 13:00,12,33,373
20967,5/24/2015 14:00,12,33,374
20968,5/24/2015 15:00,12,33,374
20969,5/24/2015 16:00,12,33,374
20970,5/24/2015 17:00,13,33,374
20971,5/24/2015 18:00,12,33,374
20972,5/24/2015 19:00,12,33,374
20973,5/24/2015 20:00,12,33,374
20974,5/24/2015 21:00,12,33,374
20975,5/24/2015 22:00,12,33,374
20976,5/24/2015 23:00,12,33,374
20977,5/25/2015 0:00,12,33,374
20978,5/25/2015 1:00,12,33,374
20979,5/25/2015 2:00,12,33,374
20980,5/25/2015 3:00,12,33,374
20981,5/25/2015 4:00,12,33,374
20982,5/25/2015 5:00,12,33,374
20983,5/25/2015 6:00,12,33,374
20984,5/25/2015 7:00,12,33,374
20985,5/25/2015 8:00,11,33,374
20986,5/25/2015 9:00,12,33,373
20987,5/25/2015 10:00,12,33,373
20988,5/25/2015 11:00,12,33,373
20989,5/25/2015 12:00,12,33,373
20990,5/25/2015 13:00,12,33,374
20991,5/25/2015 14:00,12,33,373
20992,5/25/2015 15:00,12,33,372
20993,5/25/2015 16:00,12,33,372
20994,5/25/2015 17:00,12,32,372
20995,5/25/2015 18:00,12,33,371
20996,5/25/2015 19:00,12,33,371
20997,5/25/2015 20:00,12,33,370
20998,5/25/2015 21:00,12,33,370
20999,5/25/2015 22:00,12,33,371
21000,5/25/2015 23:00,12,33,371
21001,5/26/2015 0:00,12,32,371
21002,5/26/2015 1:00,12,32,370
21003,5/26/2015 2:00,12,32,370
21004,5/26/2015 3:00,12,32,370
21005,5/26/2015 4:00,12,33,370
21006,5/26/2015 5:00,12,32,371
21007,5/26/2015 6:00,12,32,372
21008,5/26/2015 7:00,12,32,371
21009,5/26/2015 8:00,12,32,371
21010,5/26/2015 9:00,12,32,372
21011,5/26/2015 10:00,12,32,371
21012,5/26/2015 11:00,12,32,371
21013,5/26/2015 12:00,12,32,372
21014,5/26/2015 13:00,12,32,373
21015,5/26/2015 14:00,12,32,372
21016,5/26/2015 15:00,12,32,373
21017,5/26/2015 16:00,12,32,374
21018,5/26/2015 17:00,12,32,380
21019,5/26/2015 18:00,12,32,381
21020,5/26/2015 19:00,12,32,382
21021,5/26/2015 20:00,12,32,383
21022,5/26/2015 21:00,12,32,383
21023,5/26/2015 22:00,12,32,383
21024,5/26/2015 23:00,12,32,383
21025,5/27/2015 0:00,12,32,383
21026,5/27/2015 1:00,12,32,388
21027,5/27/2015 2:00,12,32,388
21028,5/27/2015 3:00,12,32,388
21029,5/27/2015 4:00,12,32,389
21030,5/27/2015 5:00,13,32,389
21031,5/27/2015 6:00,12,32,389
21032,5/27/2015 7:00,12,32,389
21033,5/27/2015 8:00,12,32,390
21034,5/27/2015 9:00,12,32,390
21035,5/27/2015 10:00,12,32,389
21036,5/27/2015 11:00,12,32,389
21037,5/27/2015 12:00,12,32,389
21038,5/27/2015 13:00,13,32,389
21039,5/27/2015 14:00,12,32,388
21040,5/27/2015 15:00,12,32,388
21041,5/27/2015 16:00,12,32,388
21042,5/27/2015 17:00,12,32,387
21043,5/27/2015 18:00,12,32,387
21044,5/27/2015 19:00,12,32,387
21045,5/27/2015 20:00,12,32,386
21046,5/27/2015 21:00,12,32,383
21047,5/27/2015 22:00,12,32,383
21048,5/27/2015 23:00,12,32,383
21049,5/28/2015 0:00,12,32,383
21050,5/28/2015 1:00,12,32,383
21051,5/28/2015 2:00,12,32,383
21052,5/28/2015 3:00,12,32,382
21053,5/28/2015 4:00,12,32,382
21054,5/28/2015 5:00,12,32,382
21055,5/28/2015 6:00,12,32,382
21056,5/28/2015 7:00,12,32,382
21057,5/28/2015 8:00,12,32,382
21058,5/28/2015 9:00,12,32,382
21059,5/28/2015 10:00,12,32,382
21060,5/28/2015 11:00,12,32,382
21061,5/28/2015 12:00,12,32,382
21062,5/28/2015 13:00,12,32,382
21063,5/28/2015 14:00,12,32,382
21064,5/28/2015 15:00,12,32,382
21065,5/28/2015 16:00,12,32,382
21066,5/28/2015 17:00,12,32,382
21067,5/28/2015 18:00,12,32,382
21068,5/28/2015 19:00,12,32,382
21069,5/28/2015 20:00,12,32,382
21070,5/28/2015 21:00,12,32,382
21071,5/28/2015 22:00,12,32,382
21072,5/28/2015 23:00,12,32,382
21073,5/29/2015 0:00,12,32,382
21074,5/29/2015 1:00,12,32,382
21075,5/29/2015 2:00,12,32,382
21076,5/29/2015 3:00,12,32,381
21077,5/29/2015 4:00,12,32,381
21078,5/29/2015 5:00,12,32,381
21079,5/29/2015 6:00,12,32,381
21080,5/29/2015 7:00,12,32,381
21081,5/29/2015 8:00,12,32,381
21082,5/29/2015 9:00,12,32,381
21083,5/29/2015 10:00,12,32,381
21084,5/29/2015 11:00,13,32,381
21085,5/29/2015 12:00,12,32,381
21086,5/29/2015 13:00,12,32,381
21087,5/29/2015 14:00,12,32,381
21088,5/29/2015 15:00,12,32,381
21089,5/29/2015 16:00,12,32,381
21090,5/29/2015 17:00,12,32,381
21091,5/29/2015 18:00,12,32,380
21092,5/29/2015 19:00,12,32,380
21093,5/29/2015 20:00,12,32,380
21094,5/29/2015 21:00,12,32,380
21095,5/29/2015 22:00,12,32,380
21096,5/29/2015 23:00,13,32,380
21097,5/30/2015 0:00,12,32,380
21098,5/30/2015 1:00,12,32,380
21099,5/30/2015 2:00,12,32,380
21100,5/30/2015 3:00,12,32,379
21101,5/30/2015 4:00,12,32,379
21102,5/30/2015 5:00,12,32,379
21103,5/30/2015 6:00,12,32,379
21104,5/30/2015 7:00,12,32,379
21105,5/30/2015 8:00,12,32,379
21106,5/30/2015 9:00,12,32,379
21107,5/30/2015 10:00,12,32,379
21108,5/30/2015 11:00,12,32,379
21109,5/30/2015 12:00,12,32,379
21110,5/30/2015 13:00,12,32,378
21111,5/30/2015 14:00,12,32,378
21112,5/30/2015 15:00,12,32,378
21113,5/30/2015 16:00,12,32,378
21114,5/30/2015 17:00,12,32,378
21115,5/30/2015 18:00,12,32,377
21116,5/30/2015 19:00,12,32,376
21117,5/30/2015 20:00,12,32,376
21118,5/30/2015 21:00,12,32,376
21119,5/30/2015 22:00,12,32,375
21120,5/30/2015 23:00,12,32,374
21121,5/31/2015 0:00,12,32,374
21122,5/31/2015 1:00,12,32,374
21123,5/31/2015 2:00,12,32,374
21124,5/31/2015 3:00,12,32,373
21125,5/31/2015 4:00,12,32,373
21126,5/31/2015 5:00,12,32,373
21127,5/31/2015 6:00,12,32,373
21128,5/31/2015 7:00,12,32,372
21129,5/31/2015 8:00,12,32,372
21130,5/31/2015 9:00,12,32,372
21131,5/31/2015 10:00,12,32,372
21132,5/31/2015 11:00,12,33,372
21133,5/31/2015 12:00,12,33,371
21134,5/31/2015 13:00,12,32,370
21135,5/31/2015 14:00,12,32,370
21136,5/31/2015 15:00,12,32,370
21137,5/31/2015 16:00,12,32,369
21138,5/31/2015 17:00,12,32,369
21139,5/31/2015 18:00,12,32,369
21140,5/31/2015 19:00,12,32,368
21141,5/31/2015 20:00,12,32,366
21142,5/31/2015 21:00,12,32,365
21143,5/31/2015 22:00,12,32,364
21144,5/31/2015 23:00,12,32,364
21145,6/1/2015 0:00,12,32,363
21146,6/1/2015 1:00,12,32,363
21147,6/1/2015 2:00,12,32,363
21148,6/1/2015 3:00,12,32,362
21149,6/1/2015 4:00,12,32,362
21150,6/1/2015 5:00,12,32,361
21151,6/1/2015 6:00,12,32,361
21152,6/1/2015 7:00,12,32,361
21153,6/1/2015 8:00,12,32,361
21154,6/1/2015 9:00,12,32,361
21155,6/1/2015 10:00,12,32,360
21156,6/1/2015 11:00,12,32,360
21157,6/1/2015 12:00,12,32,360
21158,6/1/2015 13:00,12,32,360
21159,6/1/2015 14:00,12,32,360
21160,6/1/2015 15:00,12,32,359
21161,6/1/2015 16:00,12,32,359
21162,6/1/2015 17:00,12,35,359
21163,6/1/2015 18:00,12,32,358
21164,6/1/2015 19:00,12,32,358
21165,6/1/2015 20:00,12,31,357
21166,6/1/2015 21:00,12,34,357
21167,6/1/2015 22:00,13,31,356
21168,6/1/2015 23:00,12,32,356
21169,6/2/2015 0:00,12,32,356
21170,6/2/2015 1:00,12,32,355
21171,6/2/2015 2:00,12,32,355
21172,6/2/2015 3:00,12,32,355
21173,6/2/2015 4:00,12,32,355
21174,6/2/2015 5:00,12,32,354
21175,6/2/2015 6:00,12,32,354
21176,6/2/2015 7:00,12,32,355
21177,6/2/2015 8:00,12,32,355
21178,6/2/2015 9:00,12,32,355
21179,6/2/2015 10:00,12,32,354
21180,6/2/2015 11:00,12,32,354
21181,6/2/2015 12:00,12,32,354
21182,6/2/2015 13:00,12,32,354
21183,6/2/2015 14:00,12,32,354
21184,6/2/2015 15:00,12,33,353
21185,6/2/2015 16:00,12,32,354
21186,6/2/2015 17:00,12,32,354
21187,6/2/2015 18:00,12,32,354
21188,6/2/2015 19:00,12,32,355
21189,6/2/2015 20:00,12,35,354
21190,6/2/2015 21:00,12,32,354
21191,6/2/2015 22:00,12,32,355
21192,6/2/2015 23:00,12,32,356
21193,6/3/2015 0:00,12,32,356
21194,6/3/2015 1:00,12,32,355
21195,6/3/2015 2:00,12,32,354
21196,6/3/2015 3:00,12,32,354
21197,6/3/2015 4:00,12,32,354
21198,6/3/2015 5:00,12,32,354
21199,6/3/2015 6:00,12,32,354
21200,6/3/2015 7:00,12,32,355
21201,6/3/2015 8:00,12,32,354
21202,6/3/2015 9:00,12,32,355
21203,6/3/2015 10:00,12,32,355
21204,6/3/2015 11:00,12,32,355
21205,6/3/2015 12:00,12,32,355
21206,6/3/2015 13:00,12,32,355
21207,6/3/2015 14:00,12,32,355
21208,6/3/2015 15:00,12,32,355
21209,6/3/2015 16:00,12,32,355
21210,6/3/2015 17:00,12,32,354
21211,6/3/2015 18:00,12,32,354
21212,6/3/2015 19:00,12,32,354
21213,6/3/2015 20:00,12,32,354
21214,6/3/2015 21:00,12,32,355
21215,6/3/2015 22:00,12,32,355
21216,6/3/2015 23:00,12,35,355
21217,6/4/2015 0:00,12,32,354
21218,6/4/2015 1:00,12,32,353
21219,6/4/2015 2:00,12,32,352
21220,6/4/2015 3:00,12,32,348
21221,6/4/2015 4:00,12,32,348
21222,6/4/2015 5:00,12,32,348
21223,6/4/2015 6:00,12,32,348
21224,6/4/2015 7:00,12,32,348
21225,6/4/2015 8:00,12,32,348
21226,6/4/2015 9:00,12,32,346
21227,6/4/2015 10:00,12,32,345
21228,6/4/2015 11:00,12,32,343
21229,6/4/2015 12:00,12,32,345
21230,6/4/2015 13:00,12,32,342
21231,6/4/2015 14:00,12,32,339
21232,6/4/2015 15:00,12,32,342
21233,6/4/2015 16:00,12,32,342
21234,6/4/2015 17:00,12,32,339
21235,6/4/2015 18:00,12,32,339
21236,6/4/2015 19:00,12,32,342
21237,6/4/2015 20:00,12,32,345
21238,6/4/2015 21:00,12,32,345
21239,6/4/2015 22:00,12,32,344
21240,6/4/2015 23:00,12,32,345
21241,6/5/2015 0:00,12,32,346
21242,6/5/2015 1:00,12,32,345
21243,6/5/2015 2:00,12,32,344
21244,6/5/2015 3:00,12,32,339
21245,6/5/2015 4:00,12,32,337
21246,6/5/2015 5:00,12,32,335
21247,6/5/2015 6:00,12,32,337
21248,6/5/2015 7:00,12,32,344
21249,6/5/2015 8:00,12,32,344
21250,6/5/2015 9:00,12,32,344
21251,6/5/2015 10:00,12,32,344
21252,6/5/2015 11:00,12,32,345
21253,6/5/2015 12:00,12,32,345
21254,6/5/2015 13:00,12,32,345
21255,6/5/2015 14:00,12,32,345
21256,6/5/2015 15:00,11,32,344
21257,6/5/2015 16:00,12,32,344
21258,6/5/2015 17:00,12,32,342
21259,6/5/2015 18:00,12,32,343
21260,6/5/2015 19:00,12,32,345
21261,6/5/2015 20:00,12,32,347
21262,6/5/2015 21:00,12,32,346
21263,6/5/2015 22:00,12,32,345
21264,6/5/2015 23:00,12,32,344
21265,6/6/2015 0:00,12,32,343
21266,6/6/2015 1:00,12,32,342
21267,6/6/2015 2:00,12,32,339
21268,6/6/2015 3:00,12,32,339
21269,6/6/2015 4:00,12,32,342
21270,6/6/2015 5:00,12,32,339
21271,6/6/2015 6:00,12,32,339
21272,6/6/2015 7:00,12,32,338
21273,6/6/2015 8:00,12,32,341
21274,6/6/2015 9:00,12,32,341
21275,6/6/2015 10:00,12,32,339
21276,6/6/2015 11:00,14,32,340
21277,6/6/2015 12:00,12,32,341
21278,6/6/2015 13:00,12,32,338
21279,6/6/2015 14:00,12,32,337
21280,6/6/2015 15:00,12,32,335
21281,6/6/2015 16:00,12,32,335
21282,6/6/2015 17:00,12,32,336
21283,6/6/2015 18:00,12,32,335
21284,6/6/2015 19:00,12,32,336
21285,6/6/2015 20:00,12,32,335
21286,6/6/2015 21:00,12,32,336
21287,6/6/2015 22:00,12,32,336
21288,6/6/2015 23:00,12,32,335
21289,6/7/2015 0:00,12,32,335
21290,6/7/2015 1:00,12,32,333
21291,6/7/2015 2:00,12,32,338
21292,6/7/2015 3:00,12,32,338
21293,6/7/2015 4:00,12,32,338
21294,6/7/2015 5:00,12,35,339
21295,6/7/2015 6:00,12,32,339
21296,6/7/2015 7:00,12,32,344
21297,6/7/2015 8:00,12,32,344
21298,6/7/2015 9:00,12,32,344
21299,6/7/2015 10:00,12,32,344
21300,6/7/2015 11:00,12,32,344
21301,6/7/2015 12:00,12,32,344
21302,6/7/2015 13:00,12,32,344
21303,6/7/2015 14:00,12,32,345
21304,6/7/2015 15:00,12,32,345
21305,6/7/2015 16:00,12,32,345
21306,6/7/2015 17:00,12,32,346
21307,6/7/2015 18:00,12,32,346
21308,6/7/2015 19:00,12,32,346
21309,6/7/2015 20:00,12,32,345
21310,6/7/2015 21:00,12,32,345
21311,6/7/2015 22:00,12,32,346
21312,6/7/2015 23:00,12,32,345
21313,6/8/2015 0:00,12,32,345
21314,6/8/2015 1:00,12,32,346
21315,6/8/2015 2:00,12,32,346
21316,6/8/2015 3:00,12,32,346
21317,6/8/2015 4:00,12,32,346
21318,6/8/2015 5:00,12,32,346
21319,6/8/2015 6:00,12,32,346
21320,6/8/2015 7:00,12,32,347
21321,6/8/2015 8:00,12,34,347
21322,6/8/2015 9:00,12,32,347
21323,6/8/2015 10:00,12,32,347
21324,6/8/2015 11:00,12,32,347
21325,6/8/2015 12:00,12,32,346
21326,6/8/2015 13:00,12,32,333
21327,6/8/2015 14:00,12,32,332
21328,6/8/2015 15:00,12,32,326
21329,6/8/2015 16:00,12,32,328
21330,6/8/2015 17:00,12,32,335
21331,6/8/2015 18:00,12,32,328
21332,6/8/2015 19:00,12,32,328
21333,6/8/2015 20:00,12,32,327
21334,6/8/2015 21:00,12,32,330
21335,6/8/2015 22:00,12,32,328
21336,6/8/2015 23:00,12,32,326
21337,6/9/2015 0:00,12,32,327
21338,6/9/2015 1:00,12,32,326
21339,6/9/2015 2:00,13,32,328
21340,6/9/2015 3:00,12,32,327
21341,6/9/2015 4:00,12,32,328
21342,6/9/2015 5:00,12,32,327
21343,6/9/2015 6:00,12,32,326
21344,6/9/2015 7:00,12,32,324
21345,6/9/2015 8:00,12,32,321
21346,6/9/2015 9:00,12,32,324
21347,6/9/2015 10:00,12,32,326
21348,6/9/2015 11:00,12,32,325
21349,6/9/2015 12:00,12,32,325
21350,6/9/2015 13:00,12,32,324
21351,6/9/2015 14:00,12,32,327
21352,6/9/2015 15:00,12,32,324
21353,6/9/2015 16:00,12,32,324
21354,6/9/2015 17:00,12,32,325
21355,6/9/2015 18:00,12,32,324
21356,6/9/2015 19:00,12,32,321
21357,6/9/2015 20:00,13,32,324
21358,6/9/2015 21:00,13,32,333
21359,6/9/2015 22:00,12,32,334
21360,6/9/2015 23:00,12,32,337
21361,6/10/2015 0:00,12,32,339
21362,6/10/2015 1:00,12,32,340
21363,6/10/2015 2:00,12,32,342
21364,6/10/2015 3:00,12,32,343
21365,6/10/2015 4:00,12,32,343
21366,6/10/2015 5:00,12,32,344
21367,6/10/2015 6:00,12,32,344
21368,6/10/2015 7:00,12,32,345
21369,6/10/2015 8:00,12,32,345
21370,6/10/2015 9:00,12,32,345
21371,6/10/2015 10:00,12,32,346
21372,6/10/2015 11:00,12,32,346
21373,6/10/2015 12:00,12,32,346
21374,6/10/2015 13:00,12,32,346
21375,6/10/2015 14:00,12,32,346
21376,6/10/2015 15:00,12,32,347
21377,6/10/2015 16:00,12,32,347
21378,6/10/2015 17:00,12,32,347
21379,6/10/2015 18:00,12,32,347
21380,6/10/2015 19:00,12,32,347
21381,6/10/2015 20:00,12,32,348
21382,6/10/2015 21:00,12,32,348
21383,6/10/2015 22:00,12,32,348
21384,6/10/2015 23:00,13,35,348
21385,6/11/2015 0:00,12,32,348
21386,6/11/2015 1:00,12,32,348
21387,6/11/2015 2:00,12,32,348
21388,6/11/2015 3:00,12,32,348
21389,6/11/2015 4:00,12,32,348
21390,6/11/2015 5:00,12,30,348
21391,6/11/2015 6:00,12,32,348
21392,6/11/2015 7:00,12,32,348
21393,6/11/2015 8:00,12,32,348
21394,6/11/2015 9:00,12,32,348
21395,6/11/2015 10:00,12,32,348
21396,6/11/2015 11:00,12,32,348
21397,6/11/2015 12:00,12,32,348
21398,6/11/2015 13:00,12,32,348
21399,6/11/2015 14:00,12,32,348
21400,6/11/2015 15:00,12,32,348
21401,6/11/2015 16:00,12,32,348
21402,6/11/2015 17:00,12,32,348
21403,6/11/2015 18:00,12,32,348
21404,6/11/2015 19:00,12,32,348
21405,6/11/2015 20:00,12,32,348
21406,6/11/2015 21:00,12,32,349
21407,6/11/2015 22:00,12,32,349
21408,6/11/2015 23:00,12,32,348
21409,6/12/2015 0:00,12,32,348
21410,6/12/2015 1:00,12,32,348
21411,6/12/2015 2:00,12,32,348
21412,6/12/2015 3:00,12,32,352
21413,6/12/2015 4:00,12,32,348
21414,6/12/2015 5:00,12,32,347
21415,6/12/2015 6:00,12,32,346
21416,6/12/2015 7:00,12,32,345
21417,6/12/2015 8:00,12,32,345
21418,6/12/2015 9:00,12,32,344
21419,6/12/2015 10:00,12,32,343
21420,6/12/2015 11:00,12,32,419
21421,6/12/2015 12:00,12,32,418
21422,6/12/2015 13:00,12,32,350
21423,6/12/2015 14:00,12,32,364
21424,6/12/2015 15:00,12,32,404
21425,6/12/2015 16:00,12,32,404
21426,6/12/2015 17:00,12,32,403
21427,6/12/2015 18:00,12,32,398
21428,6/12/2015 19:00,12,32,401
21429,6/12/2015 20:00,12,32,401
21430,6/12/2015 21:00,12,32,398
21431,6/12/2015 22:00,12,32,398
21432,6/12/2015 23:00,12,32,400
21433,6/13/2015 0:00,12,32,398
21434,6/13/2015 1:00,12,32,398
21435,6/13/2015 2:00,12,32,398
21436,6/13/2015 3:00,12,32,397
21437,6/13/2015 4:00,12,32,399
21438,6/13/2015 5:00,12,32,397
21439,6/13/2015 6:00,12,32,397
21440,6/13/2015 7:00,12,32,402
21441,6/13/2015 8:00,13,32,396
21442,6/13/2015 9:00,13,32,382
21443,6/13/2015 10:00,12,32,369
21444,6/13/2015 11:00,12,32,335
21445,6/13/2015 12:00,12,32,335
21446,6/13/2015 13:00,12,32,337
21447,6/13/2015 14:00,12,32,338
21448,6/13/2015 15:00,13,32,338
21449,6/13/2015 16:00,13,32,337
21450,6/13/2015 17:00,12,32,337
21451,6/13/2015 18:00,12,32,338
21452,6/13/2015 19:00,12,32,337
21453,6/13/2015 20:00,12,32,337
21454,6/13/2015 21:00,12,32,338
21455,6/13/2015 22:00,12,32,338
21456,6/13/2015 23:00,12,32,338
21457,6/14/2015 0:00,12,32,360
21458,6/14/2015 1:00,12,32,380
21459,6/14/2015 2:00,12,32,393
21460,6/14/2015 3:00,12,32,346
21461,6/14/2015 4:00,12,32,374
21462,6/14/2015 5:00,12,32,360
21463,6/14/2015 6:00,12,32,368
21464,6/14/2015 7:00,12,32,347
21465,6/14/2015 8:00,12,32,343
21466,6/14/2015 9:00,12,32,338
21467,6/14/2015 10:00,12,32,344
21468,6/14/2015 11:00,13,32,345
21469,6/14/2015 12:00,12,32,345
21470,6/14/2015 13:00,12,32,344
21471,6/14/2015 14:00,12,32,344
21472,6/14/2015 15:00,12,32,344
21473,6/14/2015 16:00,12,32,344
21474,6/14/2015 17:00,12,32,345
21475,6/14/2015 18:00,12,32,344
21476,6/14/2015 19:00,12,32,344
21477,6/14/2015 20:00,12,32,344
21478,6/14/2015 21:00,12,32,344
21479,6/14/2015 22:00,11,32,344
21480,6/14/2015 23:00,12,32,343
21481,6/15/2015 0:00,12,32,343
21482,6/15/2015 1:00,12,32,343
21483,6/15/2015 2:00,12,32,342
21484,6/15/2015 3:00,12,32,342
21485,6/15/2015 4:00,12,32,342
21486,6/15/2015 5:00,12,32,342
21487,6/15/2015 6:00,12,32,342
21488,6/15/2015 7:00,12,32,340
21489,6/15/2015 8:00,12,32,339
21490,6/15/2015 9:00,12,32,339
21491,6/15/2015 10:00,11,32,339
21492,6/15/2015 11:00,12,32,338
21493,6/15/2015 12:00,12,32,339
21494,6/15/2015 13:00,12,32,338
21495,6/15/2015 14:00,12,32,338
21496,6/15/2015 15:00,12,32,338
21497,6/15/2015 16:00,12,32,338
21498,6/15/2015 17:00,12,32,338
21499,6/15/2015 18:00,12,32,337
21500,6/15/2015 19:00,13,32,337
21501,6/15/2015 20:00,12,32,337
21502,6/15/2015 21:00,12,32,337
21503,6/15/2015 22:00,12,32,337
21504,6/15/2015 23:00,12,32,337
21505,6/16/2015 0:00,11,32,337
21506,6/16/2015 1:00,12,32,337
21507,6/16/2015 2:00,12,32,337
21508,6/16/2015 3:00,12,32,337
21509,6/16/2015 4:00,12,32,337
21510,6/16/2015 5:00,12,32,337
21511,6/16/2015 6:00,12,32,337
21512,6/16/2015 7:00,12,32,336
21513,6/16/2015 8:00,12,32,336
21514,6/16/2015 9:00,12,32,336
21515,6/16/2015 10:00,12,32,336
21516,6/16/2015 11:00,12,32,336
21517,6/16/2015 12:00,12,32,336
21518,6/16/2015 13:00,12,32,335
21519,6/16/2015 14:00,12,32,335
21520,6/16/2015 15:00,12,32,335
21521,6/16/2015 16:00,12,32,335
21522,6/16/2015 17:00,12,32,335
21523,6/16/2015 18:00,12,32,335
21524,6/16/2015 19:00,12,32,335
21525,6/16/2015 20:00,12,33,335
21526,6/16/2015 21:00,11,32,335
21527,6/16/2015 22:00,12,32,334
21528,6/16/2015 23:00,12,32,334
21529,6/17/2015 0:00,12,32,335
21530,6/17/2015 1:00,12,32,335
21531,6/17/2015 2:00,12,32,335
21532,6/17/2015 3:00,12,32,334
21533,6/17/2015 4:00,12,32,335
21534,6/17/2015 5:00,12,32,335
21535,6/17/2015 6:00,12,32,335
21536,6/17/2015 7:00,12,32,335
21537,6/17/2015 8:00,12,32,335
21538,6/17/2015 9:00,12,32,335
21539,6/17/2015 10:00,13,32,335
21540,6/17/2015 11:00,12,32,335
21541,6/17/2015 12:00,12,32,335
21542,6/17/2015 13:00,12,32,335
21543,6/17/2015 14:00,12,32,335
21544,6/17/2015 15:00,12,32,335
21545,6/17/2015 16:00,12,32,335
21546,6/17/2015 17:00,12,32,335
21547,6/17/2015 18:00,12,32,335
21548,6/17/2015 19:00,12,32,334
21549,6/17/2015 20:00,12,32,335
21550,6/17/2015 21:00,12,32,334
21551,6/17/2015 22:00,12,32,335
21552,6/17/2015 23:00,13,32,334
21553,6/18/2015 0:00,12,32,335
21554,6/18/2015 1:00,12,32,334
21555,6/18/2015 2:00,12,32,335
21556,6/18/2015 3:00,12,32,334
21557,6/18/2015 4:00,12,32,334
21558,6/18/2015 5:00,12,32,335
21559,6/18/2015 6:00,12,32,335
21560,6/18/2015 7:00,12,32,335
21561,6/18/2015 8:00,12,32,335
21562,6/18/2015 9:00,12,32,335
21563,6/18/2015 10:00,12,32,335
21564,6/18/2015 11:00,12,32,335
21565,6/18/2015 12:00,13,32,335
21566,6/18/2015 13:00,12,32,335
21567,6/18/2015 14:00,12,34,335
21568,6/18/2015 15:00,12,32,335
21569,6/18/2015 16:00,12,32,335
21570,6/18/2015 17:00,12,32,335
21571,6/18/2015 18:00,12,32,335
21572,6/18/2015 19:00,12,32,335
21573,6/18/2015 20:00,12,32,335
21574,6/18/2015 21:00,12,32,335
21575,6/18/2015 22:00,12,32,335
21576,6/18/2015 23:00,12,32,335
21577,6/19/2015 0:00,12,32,336
21578,6/19/2015 1:00,12,32,336
21579,6/19/2015 2:00,12,32,336
21580,6/19/2015 3:00,12,32,336
21581,6/19/2015 4:00,12,32,336
21582,6/19/2015 5:00,12,32,336
21583,6/19/2015 6:00,12,32,336
21584,6/19/2015 7:00,12,32,336
21585,6/19/2015 8:00,12,32,336
21586,6/19/2015 9:00,12,32,336
21587,6/19/2015 10:00,12,32,336
21588,6/19/2015 11:00,12,32,336
21589,6/19/2015 12:00,12,32,336
21590,6/19/2015 13:00,12,32,336
21591,6/19/2015 14:00,12,32,336
21592,6/19/2015 15:00,14,32,336
21593,6/19/2015 16:00,12,32,336
21594,6/19/2015 17:00,12,32,336
21595,6/19/2015 18:00,12,32,335
21596,6/19/2015 19:00,12,32,336
21597,6/19/2015 20:00,12,32,335
21598,6/19/2015 21:00,12,32,335
21599,6/19/2015 22:00,12,32,335
21600,6/19/2015 23:00,12,32,335
21601,6/20/2015 0:00,12,32,335
21602,6/20/2015 1:00,12,32,335
21603,6/20/2015 2:00,12,32,335
21604,6/20/2015 3:00,12,32,335
21605,6/20/2015 4:00,12,32,335
21606,6/20/2015 5:00,12,32,335
21607,6/20/2015 6:00,14,32,335
21608,6/20/2015 7:00,12,32,335
21609,6/20/2015 8:00,12,32,335
21610,6/20/2015 9:00,12,32,335
21611,6/20/2015 10:00,12,32,334
21612,6/20/2015 11:00,12,32,335
21613,6/20/2015 12:00,12,32,335
21614,6/20/2015 13:00,12,32,335
21615,6/20/2015 14:00,12,32,335
21616,6/20/2015 15:00,12,32,335
21617,6/20/2015 16:00,12,30,335
21618,6/20/2015 17:00,12,32,335
21619,6/20/2015 18:00,12,32,335
21620,6/20/2015 19:00,12,32,335
21621,6/20/2015 20:00,12,33,334
21622,6/20/2015 21:00,11,32,334
21623,6/20/2015 22:00,12,32,334
21624,6/20/2015 23:00,12,32,334
21625,6/21/2015 0:00,12,32,334
21626,6/21/2015 1:00,12,32,334
21627,6/21/2015 2:00,12,32,334
21628,6/21/2015 3:00,12,32,334
21629,6/21/2015 4:00,12,32,334
21630,6/21/2015 5:00,12,32,334
21631,6/21/2015 6:00,14,32,334
21632,6/21/2015 7:00,12,34,334
21633,6/21/2015 8:00,12,32,334
21634,6/21/2015 9:00,12,32,334
21635,6/21/2015 10:00,12,32,334
21636,6/21/2015 11:00,12,32,334
21637,6/21/2015 12:00,12,32,334
21638,6/21/2015 13:00,12,32,334
21639,6/21/2015 14:00,12,32,334
21640,6/21/2015 15:00,12,32,334
21641,6/21/2015 16:00,12,32,334
21642,6/21/2015 17:00,12,32,334
21643,6/21/2015 18:00,12,32,334
21644,6/21/2015 19:00,12,32,334
21645,6/21/2015 20:00,12,32,334
21646,6/21/2015 21:00,12,32,334
21647,6/21/2015 22:00,12,32,334
21648,6/21/2015 23:00,12,32,334
21649,6/22/2015 0:00,12,33,334
21650,6/22/2015 1:00,13,32,334
21651,6/22/2015 2:00,12,32,334
21652,6/22/2015 3:00,12,32,334
21653,6/22/2015 4:00,12,32,334
21654,6/22/2015 5:00,12,32,334
21655,6/22/2015 6:00,12,32,334
21656,6/22/2015 7:00,12,32,334
21657,6/22/2015 8:00,12,32,334
21658,6/22/2015 9:00,12,32,334
21659,6/22/2015 10:00,13,32,333
21660,6/22/2015 11:00,12,32,334
21661,6/22/2015 12:00,12,32,333
21662,6/22/2015 13:00,12,32,333
21663,6/22/2015 14:00,12,30,333
21664,6/22/2015 15:00,12,32,333
21665,6/22/2015 16:00,12,32,333
21666,6/22/2015 17:00,12,32,333
21667,6/22/2015 18:00,12,32,333
21668,6/22/2015 19:00,12,32,333
21669,6/22/2015 20:00,12,32,333
21670,6/22/2015 21:00,12,32,333
21671,6/22/2015 22:00,12,32,333
21672,6/22/2015 23:00,12,32,333
21673,6/23/2015 0:00,12,32,333
21674,6/23/2015 1:00,12,32,333
21675,6/23/2015 2:00,12,32,333
21676,6/23/2015 3:00,14,32,333
21677,6/23/2015 4:00,12,32,333
21678,6/23/2015 5:00,12,32,333
21679,6/23/2015 6:00,12,32,333
21680,6/23/2015 7:00,12,32,333
21681,6/23/2015 8:00,12,32,333
21682,6/23/2015 9:00,12,32,333
21683,6/23/2015 10:00,12,32,333
21684,6/23/2015 11:00,12,32,333
21685,6/23/2015 12:00,12,32,333
21686,6/23/2015 13:00,12,32,333
21687,6/23/2015 14:00,12,32,334
21688,6/23/2015 15:00,12,32,334
21689,6/23/2015 16:00,12,32,334
21690,6/23/2015 17:00,12,32,333
21691,6/23/2015 18:00,12,32,333
21692,6/23/2015 19:00,12,32,333
21693,6/23/2015 20:00,12,35,333
21694,6/23/2015 21:00,12,32,333
21695,6/23/2015 22:00,12,32,333
21696,6/23/2015 23:00,12,32,333
21697,6/24/2015 0:00,12,32,333
21698,6/24/2015 1:00,12,32,333
21699,6/24/2015 2:00,12,32,333
21700,6/24/2015 3:00,12,32,333
21701,6/24/2015 4:00,13,32,333
21702,6/24/2015 5:00,12,32,333
21703,6/24/2015 6:00,12,32,333
21704,6/24/2015 7:00,12,32,333
21705,6/24/2015 8:00,12,32,333
21706,6/24/2015 9:00,12,30,333
21707,6/24/2015 10:00,12,32,333
21708,6/24/2015 11:00,12,32,333
21709,6/24/2015 12:00,12,32,333
21710,6/24/2015 13:00,12,32,333
21711,6/24/2015 14:00,12,32,333
21712,6/24/2015 15:00,12,32,333
21713,6/24/2015 16:00,12,32,332
21714,6/24/2015 17:00,12,32,333
21715,6/24/2015 18:00,13,32,332
21716,6/24/2015 19:00,12,32,332
21717,6/24/2015 20:00,12,32,331
21718,6/24/2015 21:00,12,32,331
21719,6/24/2015 22:00,12,32,331
21720,6/24/2015 23:00,12,32,331
21721,6/25/2015 0:00,12,32,331
21722,6/25/2015 1:00,13,32,331
21723,6/25/2015 2:00,12,32,331
21724,6/25/2015 3:00,12,32,331
21725,6/25/2015 4:00,12,32,331
21726,6/25/2015 5:00,12,32,331
21727,6/25/2015 6:00,12,32,331
21728,6/25/2015 7:00,12,32,331
21729,6/25/2015 8:00,12,32,331
21730,6/25/2015 9:00,12,32,331
21731,6/25/2015 10:00,12,32,331
21732,6/25/2015 11:00,12,32,331
21733,6/25/2015 12:00,12,32,331
21734,6/25/2015 13:00,12,32,331
21735,6/25/2015 14:00,12,32,331
21736,6/25/2015 15:00,12,32,330
21737,6/25/2015 16:00,12,32,331
21738,6/25/2015 17:00,12,30,331
21739,6/25/2015 18:00,12,32,330
21740,6/25/2015 19:00,13,32,330
21741,6/25/2015 20:00,12,32,330
21742,6/25/2015 21:00,12,32,330
21743,6/25/2015 22:00,12,32,330
21744,6/25/2015 23:00,12,32,330
21745,6/26/2015 0:00,12,32,330
21746,6/26/2015 1:00,12,32,330
21747,6/26/2015 2:00,12,32,330
21748,6/26/2015 3:00,12,32,330
21749,6/26/2015 4:00,12,30,330
21750,6/26/2015 5:00,12,34,330
21751,6/26/2015 6:00,12,32,330
21752,6/26/2015 7:00,12,32,330
21753,6/26/2015 8:00,12,32,330
21754,6/26/2015 9:00,12,32,330
21755,6/26/2015 10:00,12,32,330
21756,6/26/2015 11:00,12,32,330
21757,6/26/2015 12:00,12,32,330
21758,6/26/2015 13:00,12,32,330
21759,6/26/2015 14:00,12,32,330
21760,6/26/2015 15:00,12,32,329
21761,6/26/2015 16:00,12,32,329
21762,6/26/2015 17:00,12,32,329
21763,6/26/2015 18:00,12,32,329
21764,6/26/2015 19:00,12,30,328
21765,6/26/2015 20:00,12,32,328
21766,6/26/2015 21:00,12,32,328
21767,6/26/2015 22:00,12,32,328
21768,6/26/2015 23:00,12,32,328
21769,6/27/2015 0:00,13,32,328
21770,6/27/2015 1:00,12,32,328
21771,6/27/2015 2:00,12,30,328
21772,6/27/2015 3:00,13,32,328
21773,6/27/2015 4:00,12,32,328
21774,6/27/2015 5:00,12,32,328
21775,6/27/2015 6:00,12,32,328
21776,6/27/2015 7:00,12,32,327
21777,6/27/2015 8:00,12,32,327
21778,6/27/2015 9:00,12,30,327
21779,6/27/2015 10:00,12,32,327
21780,6/27/2015 11:00,12,32,327
21781,6/27/2015 12:00,12,32,327
21782,6/27/2015 13:00,12,32,327
21783,6/27/2015 14:00,12,32,327
21784,6/27/2015 15:00,12,32,327
21785,6/27/2015 16:00,12,32,327
21786,6/27/2015 17:00,12,32,327
21787,6/27/2015 18:00,12,32,327
21788,6/27/2015 19:00,12,32,326
21789,6/27/2015 20:00,12,32,326
21790,6/27/2015 21:00,12,32,326
21791,6/27/2015 22:00,12,32,326
21792,6/27/2015 23:00,12,32,326
21793,6/28/2015 0:00,12,32,326
21794,6/28/2015 1:00,12,32,326
21795,6/28/2015 2:00,12,32,326
21796,6/28/2015 3:00,12,32,326
21797,6/28/2015 4:00,13,32,326
21798,6/28/2015 5:00,12,32,326
21799,6/28/2015 6:00,12,32,326
21800,6/28/2015 7:00,12,32,326
21801,6/28/2015 8:00,13,32,326
21802,6/28/2015 9:00,12,32,326
21803,6/28/2015 10:00,12,32,326
21804,6/28/2015 11:00,12,32,326
21805,6/28/2015 12:00,12,32,325
21806,6/28/2015 13:00,12,32,325
21807,6/28/2015 14:00,13,32,325
21808,6/28/2015 15:00,12,32,325
21809,6/28/2015 16:00,12,32,325
21810,6/28/2015 17:00,12,32,325
21811,6/28/2015 18:00,12,32,324
21812,6/28/2015 19:00,12,32,324
21813,6/28/2015 20:00,12,32,324
21814,6/28/2015 21:00,13,32,325
21815,6/28/2015 22:00,12,32,325
21816,6/28/2015 23:00,12,32,325
21817,6/29/2015 0:00,12,32,325
21818,6/29/2015 1:00,12,32,324
21819,6/29/2015 2:00,12,32,324
21820,6/29/2015 3:00,12,32,324
21821,6/29/2015 4:00,12,32,322
21822,6/29/2015 5:00,12,32,324
21823,6/29/2015 6:00,12,30,324
21824,6/29/2015 7:00,12,32,322
21825,6/29/2015 8:00,12,32,324
21826,6/29/2015 9:00,12,32,324
21827,6/29/2015 10:00,12,32,323
21828,6/29/2015 11:00,12,32,321
21829,6/29/2015 12:00,12,32,321
21830,6/29/2015 13:00,12,32,322
21831,6/29/2015 14:00,12,32,322
21832,6/29/2015 15:00,12,32,322
21833,6/29/2015 16:00,12,32,321
21834,6/29/2015 17:00,13,32,321
21835,6/29/2015 18:00,12,32,322
21836,6/29/2015 19:00,12,32,321
21837,6/29/2015 20:00,12,32,321
21838,6/29/2015 21:00,12,32,321
21839,6/29/2015 22:00,12,32,321
21840,6/29/2015 23:00,12,32,321
21841,6/30/2015 0:00,12,32,322
21842,6/30/2015 1:00,12,32,321
21843,6/30/2015 2:00,13,32,322
21844,6/30/2015 3:00,12,32,322
21845,6/30/2015 4:00,12,30,322
21846,6/30/2015 5:00,12,32,322
21847,6/30/2015 6:00,12,32,322
21848,6/30/2015 7:00,12,32,321
21849,6/30/2015 8:00,12,30,322
21850,6/30/2015 9:00,12,32,322
21851,6/30/2015 10:00,12,32,322
21852,6/30/2015 11:00,12,32,322
21853,6/30/2015 12:00,12,32,322
21854,6/30/2015 13:00,12,32,322
21855,6/30/2015 14:00,13,32,322
21856,6/30/2015 15:00,12,32,322
21857,6/30/2015 16:00,12,32,322
21858,6/30/2015 17:00,12,30,321
21859,6/30/2015 18:00,12,32,322
21860,6/30/2015 19:00,12,32,322
21861,6/30/2015 20:00,13,32,321
21862,6/30/2015 21:00,13,32,322
21863,6/30/2015 22:00,13,32,322
21864,6/30/2015 23:00,11,30,322
21865,7/1/2015 0:00,12,35,322
21866,7/1/2015 1:00,12,32,322
21867,7/1/2015 2:00,12,32,322
21868,7/1/2015 3:00,12,32,322
21869,7/1/2015 4:00,12,30,322
21870,7/1/2015 5:00,12,32,322
21871,7/1/2015 6:00,12,32,322
21872,7/1/2015 7:00,12,32,322
21873,7/1/2015 8:00,12,32,322
21874,7/1/2015 9:00,12,32,322
21875,7/1/2015 10:00,12,30,322
21876,7/1/2015 11:00,12,32,322
21877,7/1/2015 12:00,12,32,322
21878,7/1/2015 13:00,12,32,322
21879,7/1/2015 14:00,12,32,322
21880,7/1/2015 15:00,12,30,322
21881,7/1/2015 16:00,12,32,321
21882,7/1/2015 17:00,13,32,322
21883,7/1/2015 18:00,12,32,322
21884,7/1/2015 19:00,12,32,322
21885,7/1/2015 20:00,12,32,322
21886,7/1/2015 21:00,12,32,322
21887,7/1/2015 22:00,12,32,322
21888,7/1/2015 23:00,12,32,322
21889,7/2/2015 0:00,14,32,322
21890,7/2/2015 1:00,12,30,322
21891,7/2/2015 2:00,12,32,322
21892,7/2/2015 3:00,12,30,322
21893,7/2/2015 4:00,12,32,322
21894,7/2/2015 5:00,12,32,322
21895,7/2/2015 6:00,12,30,322
21896,7/2/2015 7:00,13,32,322
21897,7/2/2015 8:00,12,32,322
21898,7/2/2015 9:00,12,32,322
21899,7/2/2015 10:00,12,32,323
21900,7/2/2015 11:00,12,32,323
21901,7/2/2015 12:00,12,32,324
21902,7/2/2015 13:00,12,32,324
21903,7/2/2015 14:00,12,32,324
21904,7/2/2015 15:00,13,32,324
21905,7/2/2015 16:00,13,32,324
21906,7/2/2015 17:00,12,32,324
21907,7/2/2015 18:00,12,32,324
21908,7/2/2015 19:00,12,32,324
21909,7/2/2015 20:00,12,32,324
21910,7/2/2015 21:00,12,32,324
21911,7/2/2015 22:00,12,32,324
21912,7/2/2015 23:00,11,30,324
21913,7/3/2015 0:00,13,32,324
21914,7/3/2015 1:00,13,32,324
21915,7/3/2015 2:00,12,32,324
21916,7/3/2015 3:00,13,32,324
21917,7/3/2015 4:00,13,32,324
21918,7/3/2015 5:00,12,34,324
21919,7/3/2015 6:00,12,32,324
21920,7/3/2015 7:00,12,32,324
21921,7/3/2015 8:00,12,32,324
21922,7/3/2015 9:00,13,32,324
21923,7/3/2015 10:00,12,34,324
21924,7/3/2015 11:00,12,32,324
21925,7/3/2015 12:00,12,32,324
21926,7/3/2015 13:00,12,32,324
21927,7/3/2015 14:00,12,32,324
21928,7/3/2015 15:00,12,32,324
21929,7/3/2015 16:00,13,32,324
21930,7/3/2015 17:00,12,32,324
21931,7/3/2015 18:00,12,32,324
21932,7/3/2015 19:00,12,30,324
21933,7/3/2015 20:00,12,32,324
21934,7/3/2015 21:00,12,32,324
21935,7/3/2015 22:00,12,34,324
21936,7/3/2015 23:00,12,32,324
21937,7/4/2015 0:00,12,32,324
21938,7/4/2015 1:00,12,32,324
21939,7/4/2015 2:00,13,32,324
21940,7/4/2015 3:00,12,32,324
21941,7/4/2015 4:00,13,32,323
21942,7/4/2015 5:00,12,32,323
21943,7/4/2015 6:00,12,32,323
21944,7/4/2015 7:00,12,32,323
21945,7/4/2015 8:00,12,32,323
21946,7/4/2015 9:00,13,32,323
21947,7/4/2015 10:00,12,32,323
21948,7/4/2015 11:00,12,32,324
21949,7/4/2015 12:00,12,30,323
21950,7/4/2015 13:00,13,32,323
21951,7/4/2015 14:00,12,32,323
21952,7/4/2015 15:00,12,32,323
21953,7/4/2015 16:00,12,32,324
21954,7/4/2015 17:00,12,32,322
21955,7/4/2015 18:00,12,32,322
21956,7/4/2015 19:00,12,34,322
21957,7/4/2015 20:00,12,32,322
21958,7/4/2015 21:00,12,32,322
21959,7/4/2015 22:00,13,30,322
21960,7/4/2015 23:00,12,32,322
21961,7/5/2015 0:00,12,32,323
21962,7/5/2015 1:00,12,32,322
21963,7/5/2015 2:00,12,32,322
21964,7/5/2015 3:00,12,32,322
21965,7/5/2015 4:00,12,30,322
21966,7/5/2015 5:00,12,32,322
21967,7/5/2015 6:00,12,32,322
21968,7/5/2015 7:00,12,32,322
21969,7/5/2015 8:00,12,32,322
21970,7/5/2015 9:00,12,32,322
21971,7/5/2015 10:00,13,32,322
21972,7/5/2015 11:00,12,32,322
21973,7/5/2015 12:00,12,32,322
21974,7/5/2015 13:00,12,32,322
21975,7/5/2015 14:00,12,32,322
21976,7/5/2015 15:00,12,32,322
21977,7/5/2015 16:00,12,32,322
21978,7/5/2015 17:00,12,32,322
21979,7/5/2015 18:00,12,32,322
21980,7/5/2015 19:00,12,32,322
21981,7/5/2015 20:00,12,32,322
21982,7/5/2015 21:00,12,32,322
21983,7/5/2015 22:00,12,32,322
21984,7/5/2015 23:00,12,32,322
21985,7/6/2015 0:00,12,32,322
21986,7/6/2015 1:00,12,32,322
21987,7/6/2015 2:00,12,32,322
21988,7/6/2015 3:00,12,30,322
21989,7/6/2015 4:00,12,32,321
21990,7/6/2015 5:00,12,32,322
21991,7/6/2015 6:00,12,32,322
21992,7/6/2015 7:00,12,32,322
21993,7/6/2015 8:00,13,32,322
21994,7/6/2015 9:00,13,32,322
21995,7/6/2015 10:00,12,32,321
21996,7/6/2015 11:00,12,32,321
21997,7/6/2015 12:00,12,32,321
21998,7/6/2015 13:00,12,32,321
21999,7/6/2015 14:00,12,30,321
22000,7/6/2015 15:00,13,32,321
22001,7/6/2015 16:00,13,32,321
22002,7/6/2015 17:00,12,32,321
22003,7/6/2015 18:00,13,32,321
22004,7/6/2015 19:00,12,32,321
22005,7/6/2015 20:00,12,32,321
22006,7/6/2015 21:00,12,32,321
22007,7/6/2015 22:00,12,32,321
22008,7/6/2015 23:00,12,32,321
22009,7/7/2015 0:00,12,32,321
22010,7/7/2015 1:00,12,32,321
22011,7/7/2015 2:00,13,32,321
22012,7/7/2015 3:00,12,32,321
22013,7/7/2015 4:00,12,32,321
22014,7/7/2015 5:00,12,32,321
22015,7/7/2015 6:00,12,32,321
22016,7/7/2015 7:00,12,32,321
22017,7/7/2015 8:00,12,32,321
22018,7/7/2015 9:00,13,32,321
22019,7/7/2015 10:00,12,32,321
22020,7/7/2015 11:00,12,30,321
22021,7/7/2015 12:00,12,32,321
22022,7/7/2015 13:00,12,30,321
22023,7/7/2015 14:00,13,32,321
22024,7/7/2015 15:00,13,32,321
22025,7/7/2015 16:00,12,32,321
22026,7/7/2015 17:00,12,32,321
22027,7/7/2015 18:00,12,32,321
22028,7/7/2015 19:00,13,32,321
22029,7/7/2015 20:00,12,32,321
22030,7/7/2015 21:00,12,32,321
22031,7/7/2015 22:00,12,32,321
22032,7/7/2015 23:00,12,32,321
22033,7/8/2015 0:00,12,33,321
22034,7/8/2015 1:00,12,32,321
22035,7/8/2015 2:00,12,32,321
22036,7/8/2015 3:00,12,32,320
22037,7/8/2015 4:00,12,32,321
22038,7/8/2015 5:00,12,32,321
22039,7/8/2015 6:00,12,32,321
22040,7/8/2015 7:00,12,30,321
22041,7/8/2015 8:00,12,32,320
22042,7/8/2015 9:00,12,32,321
22043,7/8/2015 10:00,12,32,321
22044,7/8/2015 11:00,12,32,320
22045,7/8/2015 12:00,12,32,321
22046,7/8/2015 13:00,12,32,321
22047,7/8/2015 14:00,12,30,321
22048,7/8/2015 15:00,12,32,321
22049,7/8/2015 16:00,12,33,320
22050,7/8/2015 17:00,12,32,321
22051,7/8/2015 18:00,12,32,321
22052,7/8/2015 19:00,12,32,321
22053,7/8/2015 20:00,13,32,321
22054,7/8/2015 21:00,12,32,321
22055,7/8/2015 22:00,12,32,321
22056,7/8/2015 23:00,13,32,321
22057,7/9/2015 0:00,12,32,321
22058,7/9/2015 1:00,12,32,321
22059,7/9/2015 2:00,13,30,321
22060,7/9/2015 3:00,12,32,321
22061,7/9/2015 4:00,12,32,320
22062,7/9/2015 5:00,12,34,320
22063,7/9/2015 6:00,13,32,320
22064,7/9/2015 7:00,12,32,320
22065,7/9/2015 8:00,12,30,320
22066,7/9/2015 9:00,12,32,321
22067,7/9/2015 10:00,12,32,320
22068,7/9/2015 11:00,12,32,320
22069,7/9/2015 12:00,12,32,320
22070,7/9/2015 13:00,12,32,320
22071,7/9/2015 14:00,13,32,320
22072,7/9/2015 15:00,12,32,320
22073,7/9/2015 16:00,12,32,320
22074,7/9/2015 17:00,12,32,320
22075,7/9/2015 18:00,12,32,320
22076,7/9/2015 19:00,12,32,320
22077,7/9/2015 20:00,12,32,320
22078,7/9/2015 21:00,12,32,320
22079,7/9/2015 22:00,12,32,320
22080,7/9/2015 23:00,12,30,320
22081,7/10/2015 0:00,12,32,320
22082,7/10/2015 1:00,12,30,320
22083,7/10/2015 2:00,13,32,320
22084,7/10/2015 3:00,12,32,319
22085,7/10/2015 4:00,12,32,320
22086,7/10/2015 5:00,12,34,320
22087,7/10/2015 6:00,13,32,320
22088,7/10/2015 7:00,13,32,320
22089,7/10/2015 8:00,12,32,320
22090,7/10/2015 9:00,12,32,320
22091,7/10/2015 10:00,12,32,320
22092,7/10/2015 11:00,13,32,320
22093,7/10/2015 12:00,13,32,320
22094,7/10/2015 13:00,12,32,320
22095,7/10/2015 14:00,12,30,319
22096,7/10/2015 15:00,12,32,320
22097,7/10/2015 16:00,12,32,319
22098,7/10/2015 17:00,12,30,319
22099,7/10/2015 18:00,12,30,319
22100,7/10/2015 19:00,12,32,319
22101,7/10/2015 20:00,12,32,319
22102,7/10/2015 21:00,12,32,319
22103,7/10/2015 22:00,12,32,319
22104,7/10/2015 23:00,12,32,319
22105,7/11/2015 0:00,12,32,319
22106,7/11/2015 1:00,12,32,319
22107,7/11/2015 2:00,12,32,319
22108,7/11/2015 3:00,12,32,319
22109,7/11/2015 4:00,12,32,319
22110,7/11/2015 5:00,12,32,319
22111,7/11/2015 6:00,12,32,319
22112,7/11/2015 7:00,12,32,319
22113,7/11/2015 8:00,12,32,319
22114,7/11/2015 9:00,12,34,319
22115,7/11/2015 10:00,12,32,319
22116,7/11/2015 11:00,12,32,319
22117,7/11/2015 12:00,12,32,319
22118,7/11/2015 13:00,12,32,319
22119,7/11/2015 14:00,12,32,319
22120,7/11/2015 15:00,12,32,319
22121,7/11/2015 16:00,12,32,319
22122,7/11/2015 17:00,12,32,319
22123,7/11/2015 18:00,12,32,319
22124,7/11/2015 19:00,12,32,319
22125,7/11/2015 20:00,12,32,319
22126,7/11/2015 21:00,12,32,319
22127,7/11/2015 22:00,12,32,319
22128,7/11/2015 23:00,13,34,319
22129,7/12/2015 0:00,13,30,319
22130,7/12/2015 1:00,13,32,319
22131,7/12/2015 2:00,12,32,319
22132,7/12/2015 3:00,12,32,319
22133,7/12/2015 4:00,12,32,319
22134,7/12/2015 5:00,12,32,318
22135,7/12/2015 6:00,12,32,319
22136,7/12/2015 7:00,12,32,319
22137,7/12/2015 8:00,12,33,318
22138,7/12/2015 9:00,12,31,319
22139,7/12/2015 10:00,12,32,318
22140,7/12/2015 11:00,13,33,318
22141,7/12/2015 12:00,12,33,318
22142,7/12/2015 13:00,12,33,318
22143,7/12/2015 14:00,12,33,318
22144,7/12/2015 15:00,12,34,318
22145,7/12/2015 16:00,13,33,318
22146,7/12/2015 17:00,12,33,318
22147,7/12/2015 18:00,12,33,318
22148,7/12/2015 19:00,12,33,318
22149,7/12/2015 20:00,12,33,318
22150,7/12/2015 21:00,12,34,318
22151,7/12/2015 22:00,12,33,318
22152,7/12/2015 23:00,12,33,318
22153,7/13/2015 0:00,12,33,318
22154,7/13/2015 1:00,12,33,318
22155,7/13/2015 2:00,12,33,318
22156,7/13/2015 3:00,12,33,318
22157,7/13/2015 4:00,12,33,318
22158,7/13/2015 5:00,12,34,318
22159,7/13/2015 6:00,13,33,318
22160,7/13/2015 7:00,14,33,318
22161,7/13/2015 8:00,12,33,318
22162,7/13/2015 9:00,13,33,318
22163,7/13/2015 10:00,13,33,318
22164,7/13/2015 11:00,12,33,318
22165,7/13/2015 12:00,13,33,317
22166,7/13/2015 13:00,12,33,318
22167,7/13/2015 14:00,13,33,318
22168,7/13/2015 15:00,13,33,318
22169,7/13/2015 16:00,12,34,318
22170,7/13/2015 17:00,13,33,318
22171,7/13/2015 18:00,12,33,318
22172,7/13/2015 19:00,12,33,318
22173,7/13/2015 20:00,13,33,317
22174,7/13/2015 21:00,12,33,317
22175,7/13/2015 22:00,12,33,317
22176,7/13/2015 23:00,12,33,317
22177,7/14/2015 0:00,12,33,316
22178,7/14/2015 1:00,12,33,316
22179,7/14/2015 2:00,12,33,317
22180,7/14/2015 3:00,12,33,316
22181,7/14/2015 4:00,12,33,316
22182,7/14/2015 5:00,12,33,316
22183,7/14/2015 6:00,12,33,316
22184,7/14/2015 7:00,12,33,316
22185,7/14/2015 8:00,12,33,316
22186,7/14/2015 9:00,12,33,316
22187,7/14/2015 10:00,12,33,316
22188,7/14/2015 11:00,12,33,316
22189,7/14/2015 12:00,12,33,316
22190,7/14/2015 13:00,12,33,316
22191,7/14/2015 14:00,12,33,316
22192,7/14/2015 15:00,12,33,316
22193,7/14/2015 16:00,12,33,316
22194,7/14/2015 17:00,12,33,316
22195,7/14/2015 18:00,13,33,316
22196,7/14/2015 19:00,12,33,316
22197,7/14/2015 20:00,12,33,316
22198,7/14/2015 21:00,12,33,316
22199,7/14/2015 22:00,12,33,316
22200,7/14/2015 23:00,12,33,316
22201,7/15/2015 0:00,12,33,316
22202,7/15/2015 1:00,12,33,316
22203,7/15/2015 2:00,12,33,316
22204,7/15/2015 3:00,12,33,316
22205,7/15/2015 4:00,12,33,316
22206,7/15/2015 5:00,12,34,316
22207,7/15/2015 6:00,12,33,316
22208,7/15/2015 7:00,12,33,316
22209,7/15/2015 8:00,12,33,316
22210,7/15/2015 9:00,12,33,316
22211,7/15/2015 10:00,12,33,316
22212,7/15/2015 11:00,12,34,316
22213,7/15/2015 12:00,12,33,316
22214,7/15/2015 13:00,12,33,316
22215,7/15/2015 14:00,12,33,316
22216,7/15/2015 15:00,12,33,316
22217,7/15/2015 16:00,13,33,316
22218,7/15/2015 17:00,12,33,316
22219,7/15/2015 18:00,13,33,316
22220,7/15/2015 19:00,12,33,316
22221,7/15/2015 20:00,12,33,316
22222,7/15/2015 21:00,12,33,316
22223,7/15/2015 22:00,12,33,316
22224,7/15/2015 23:00,12,33,316
22225,7/16/2015 0:00,12,31,316
22226,7/16/2015 1:00,12,33,316
22227,7/16/2015 2:00,12,34,316
22228,7/16/2015 3:00,12,33,316
22229,7/16/2015 4:00,12,33,316
22230,7/16/2015 5:00,12,33,316
22231,7/16/2015 6:00,12,33,316
22232,7/16/2015 7:00,12,33,316
22233,7/16/2015 8:00,12,33,316
22234,7/16/2015 9:00,12,33,316
22235,7/16/2015 10:00,12,33,316
22236,7/16/2015 11:00,12,33,316
22237,7/16/2015 12:00,12,33,316
22238,7/16/2015 13:00,12,33,316
22239,7/16/2015 14:00,12,33,316
22240,7/16/2015 15:00,12,33,316
22241,7/16/2015 16:00,12,33,316
22242,7/16/2015 17:00,13,33,316
22243,7/16/2015 18:00,12,33,316
22244,7/16/2015 19:00,12,33,316
22245,7/16/2015 20:00,13,33,316
22246,7/16/2015 21:00,12,33,316
22247,7/16/2015 22:00,12,33,316
22248,7/16/2015 23:00,12,33,316
22249,7/17/2015 0:00,13,34,316
22250,7/17/2015 1:00,12,33,316
22251,7/17/2015 2:00,12,33,316
22252,7/17/2015 3:00,12,33,316
22253,7/17/2015 4:00,12,33,316
22254,7/17/2015 5:00,12,33,316
22255,7/17/2015 6:00,12,33,316
22256,7/17/2015 7:00,12,33,316
22257,7/17/2015 8:00,12,33,316
22258,7/17/2015 9:00,12,33,316
22259,7/17/2015 10:00,12,33,316
22260,7/17/2015 11:00,12,33,316
22261,7/17/2015 12:00,12,33,316
22262,7/17/2015 13:00,13,33,316
22263,7/17/2015 14:00,12,33,316
22264,7/17/2015 15:00,12,33,316
22265,7/17/2015 16:00,12,33,316
22266,7/17/2015 17:00,12,33,316
22267,7/17/2015 18:00,12,33,316
22268,7/17/2015 19:00,12,33,316
22269,7/17/2015 20:00,12,33,316
22270,7/17/2015 21:00,12,33,316
22271,7/17/2015 22:00,12,33,316
22272,7/17/2015 23:00,12,33,316
22273,7/18/2015 0:00,13,33,316
22274,7/18/2015 1:00,12,33,316
22275,7/18/2015 2:00,12,33,316
22276,7/18/2015 3:00,12,33,316
22277,7/18/2015 4:00,12,33,316
22278,7/18/2015 5:00,12,33,315
22279,7/18/2015 6:00,12,33,315
22280,7/18/2015 7:00,12,33,315
22281,7/18/2015 8:00,12,33,315
22282,7/18/2015 9:00,12,33,315
22283,7/18/2015 10:00,12,33,315
22284,7/18/2015 11:00,12,33,315
22285,7/18/2015 12:00,12,33,315
22286,7/18/2015 13:00,12,33,315
22287,7/18/2015 14:00,12,33,315
22288,7/18/2015 15:00,12,33,315
22289,7/18/2015 16:00,12,33,315
22290,7/18/2015 17:00,12,33,315
22291,7/18/2015 18:00,12,33,315
22292,7/18/2015 19:00,12,33,315
22293,7/18/2015 20:00,12,33,315
22294,7/18/2015 21:00,12,33,315
22295,7/18/2015 22:00,12,33,315
22296,7/18/2015 23:00,12,33,315
22297,7/19/2015 0:00,12,33,315
22298,7/19/2015 1:00,12,33,315
22299,7/19/2015 2:00,12,33,315
22300,7/19/2015 3:00,12,33,315
22301,7/19/2015 4:00,12,33,315
22302,7/19/2015 5:00,12,33,315
22303,7/19/2015 6:00,12,33,315
22304,7/19/2015 7:00,12,33,315
22305,7/19/2015 8:00,12,33,315
22306,7/19/2015 9:00,12,33,315
22307,7/19/2015 10:00,13,33,315
22308,7/19/2015 11:00,12,33,315
22309,7/19/2015 12:00,12,33,315
22310,7/19/2015 13:00,12,33,315
22311,7/19/2015 14:00,12,33,315
22312,7/19/2015 15:00,13,33,315
22313,7/19/2015 16:00,12,33,314
22314,7/19/2015 17:00,12,33,314
22315,7/19/2015 18:00,12,33,314
22316,7/19/2015 19:00,12,33,314
22317,7/19/2015 20:00,12,33,314
22318,7/19/2015 21:00,12,33,314
22319,7/19/2015 22:00,12,33,313
22320,7/19/2015 23:00,12,33,313
22321,7/20/2015 0:00,12,33,313
22322,7/20/2015 1:00,12,33,313
22323,7/20/2015 2:00,12,33,313
22324,7/20/2015 3:00,12,33,313
22325,7/20/2015 4:00,12,33,313
22326,7/20/2015 5:00,12,33,313
22327,7/20/2015 6:00,12,33,313
22328,7/20/2015 7:00,12,33,313
22329,7/20/2015 8:00,12,33,313
22330,7/20/2015 9:00,12,33,313
22331,7/20/2015 10:00,12,33,313
22332,7/20/2015 11:00,12,33,313
22333,7/20/2015 12:00,12,30,313
22334,7/20/2015 13:00,12,30,313
22335,7/20/2015 14:00,12,30,313
22336,7/20/2015 15:00,12,30,313
22337,7/20/2015 16:00,12,30,313
22338,7/20/2015 17:00,12,30,313
22339,7/20/2015 18:00,12,30,313
22340,7/20/2015 19:00,12,30,313
22341,7/20/2015 20:00,12,30,313
22342,7/20/2015 21:00,13,30,313
22343,7/20/2015 22:00,12,30,313
22344,7/20/2015 23:00,12,30,313
22345,7/21/2015 0:00,12,30,313
22346,7/21/2015 1:00,12,30,313
22347,7/21/2015 2:00,12,30,313
22348,7/21/2015 3:00,12,30,313
22349,7/21/2015 4:00,12,30,313
22350,7/21/2015 5:00,12,30,313
22351,7/21/2015 6:00,12,30,313
22352,7/21/2015 7:00,12,30,313
22353,7/21/2015 8:00,12,30,313
22354,7/21/2015 9:00,13,30,313
22355,7/21/2015 10:00,12,30,312
22356,7/21/2015 11:00,12,30,313
22357,7/21/2015 12:00,12,30,313
22358,7/21/2015 13:00,12,30,313
22359,7/21/2015 14:00,12,30,312
22360,7/21/2015 15:00,13,30,313
22361,7/21/2015 16:00,12,30,312
22362,7/21/2015 17:00,12,30,312
22363,7/21/2015 18:00,12,31,312
22364,7/21/2015 19:00,13,30,312
22365,7/21/2015 20:00,12,31,312
22366,7/21/2015 21:00,12,30,312
22367,7/21/2015 22:00,12,31,312
22368,7/21/2015 23:00,12,31,312
22369,7/22/2015 0:00,12,31,312
22370,7/22/2015 1:00,12,30,312
22371,7/22/2015 2:00,12,31,312
22372,7/22/2015 3:00,12,31,312
22373,7/22/2015 4:00,12,31,312
22374,7/22/2015 5:00,12,31,312
22375,7/22/2015 6:00,12,31,312
22376,7/22/2015 7:00,12,31,312
22377,7/22/2015 8:00,13,31,312
22378,7/22/2015 9:00,12,31,312
22379,7/22/2015 10:00,12,31,312
22380,7/22/2015 11:00,12,31,312
22381,7/22/2015 12:00,13,31,312
22382,7/22/2015 13:00,12,31,312
22383,7/22/2015 14:00,12,31,312
22384,7/22/2015 15:00,12,31,312
22385,7/22/2015 16:00,12,31,312
22386,7/22/2015 17:00,12,31,312
22387,7/22/2015 18:00,12,31,312
22388,7/22/2015 19:00,12,31,312
22389,7/22/2015 20:00,12,31,312
22390,7/22/2015 21:00,12,31,312
22391,7/22/2015 22:00,12,31,312
22392,7/22/2015 23:00,12,31,312
22393,7/23/2015 0:00,13,31,312
22394,7/23/2015 1:00,13,31,312
22395,7/23/2015 2:00,12,31,312
22396,7/23/2015 3:00,12,31,312
22397,7/23/2015 4:00,12,31,312
22398,7/23/2015 5:00,12,31,312
22399,7/23/2015 6:00,13,31,312
22400,7/23/2015 7:00,12,31,312
22401,7/23/2015 8:00,12,31,312
22402,7/23/2015 9:00,12,31,311
22403,7/23/2015 10:00,12,31,312
22404,7/23/2015 11:00,12,31,311
22405,7/23/2015 12:00,12,31,311
22406,7/23/2015 13:00,12,31,311
22407,7/23/2015 14:00,12,31,311
22408,7/23/2015 15:00,12,31,311
22409,7/23/2015 16:00,12,31,311
22410,7/23/2015 17:00,12,31,311
22411,7/23/2015 18:00,12,31,311
22412,7/23/2015 19:00,12,31,311
22413,7/23/2015 20:00,12,31,311
22414,7/23/2015 21:00,12,31,311
22415,7/23/2015 22:00,12,31,311
22416,7/23/2015 23:00,12,31,311
22417,7/24/2015 0:00,12,31,311
22418,7/24/2015 1:00,13,31,311
22419,7/24/2015 2:00,12,31,311
22420,7/24/2015 3:00,12,31,311
22421,7/24/2015 4:00,12,31,311
22422,7/24/2015 5:00,12,31,311
22423,7/24/2015 6:00,12,31,311
22424,7/24/2015 7:00,12,30,311
22425,7/24/2015 8:00,12,30,311
22426,7/24/2015 9:00,12,30,311
22427,7/24/2015 10:00,12,30,311
22428,7/24/2015 11:00,12,30,311
22429,7/24/2015 12:00,12,30,311
22430,7/24/2015 13:00,12,30,311
22431,7/24/2015 14:00,12,30,310
22432,7/24/2015 15:00,12,30,310
22433,7/24/2015 16:00,12,30,310
22434,7/24/2015 17:00,13,30,310
22435,7/24/2015 18:00,12,30,310
22436,7/24/2015 19:00,12,30,310
22437,7/24/2015 20:00,12,30,310
22438,7/24/2015 21:00,12,30,310
22439,7/24/2015 22:00,12,30,309
22440,7/24/2015 23:00,12,30,309
22441,7/25/2015 0:00,12,30,309
22442,7/25/2015 1:00,12,30,309
22443,7/25/2015 2:00,12,30,309
22444,7/25/2015 3:00,12,30,309
22445,7/25/2015 4:00,12,30,309
22446,7/25/2015 5:00,12,30,309
22447,7/25/2015 6:00,12,30,309
22448,7/25/2015 7:00,12,30,308
22449,7/25/2015 8:00,12,30,308
22450,7/25/2015 9:00,12,30,308
22451,7/25/2015 10:00,12,30,308
22452,7/25/2015 11:00,12,30,308
22453,7/25/2015 12:00,12,30,308
22454,7/25/2015 13:00,12,30,308
22455,7/25/2015 14:00,12,31,308
22456,7/25/2015 15:00,12,30,307
22457,7/25/2015 16:00,13,31,307
22458,7/25/2015 17:00,12,30,307
22459,7/25/2015 18:00,12,31,306
22460,7/25/2015 19:00,12,31,306
22461,7/25/2015 20:00,12,31,306
22462,7/25/2015 21:00,12,30,304
22463,7/25/2015 22:00,12,31,304
22464,7/25/2015 23:00,12,31,304
22465,7/26/2015 0:00,12,31,304
22466,7/26/2015 1:00,12,31,303
22467,7/26/2015 2:00,12,31,303
22468,7/26/2015 3:00,12,31,303
22469,7/26/2015 4:00,12,31,303
22470,7/26/2015 5:00,12,31,303
22471,7/26/2015 6:00,12,31,302
22472,7/26/2015 7:00,12,31,302
22473,7/26/2015 8:00,12,31,301
22474,7/26/2015 9:00,12,31,302
22475,7/26/2015 10:00,12,31,301
22476,7/26/2015 11:00,12,31,302
22477,7/26/2015 12:00,13,31,303
22478,7/26/2015 13:00,12,31,303
22479,7/26/2015 14:00,12,31,303
22480,7/26/2015 15:00,12,31,304
22481,7/26/2015 16:00,12,31,304
22482,7/26/2015 17:00,12,31,304
22483,7/26/2015 18:00,12,31,304
22484,7/26/2015 19:00,12,31,304
22485,7/26/2015 20:00,12,31,305
22486,7/26/2015 21:00,12,31,306
22487,7/26/2015 22:00,12,31,306
22488,7/26/2015 23:00,12,31,307
22489,7/27/2015 0:00,12,31,307
22490,7/27/2015 1:00,12,31,306
22491,7/27/2015 2:00,12,31,307
22492,7/27/2015 3:00,12,31,307
22493,7/27/2015 4:00,12,31,307
22494,7/27/2015 5:00,12,31,306
22495,7/27/2015 6:00,12,31,307
22496,7/27/2015 7:00,12,31,306
22497,7/27/2015 8:00,12,31,305
22498,7/27/2015 9:00,12,31,307
22499,7/27/2015 10:00,12,31,308
22500,7/27/2015 11:00,12,31,307
22501,7/27/2015 12:00,12,31,308
22502,7/27/2015 13:00,12,31,308
22503,7/27/2015 14:00,12,31,308
22504,7/27/2015 15:00,12,31,308
22505,7/27/2015 16:00,12,31,308
22506,7/27/2015 17:00,12,31,308
22507,7/27/2015 18:00,12,31,308
22508,7/27/2015 19:00,12,31,308
22509,7/27/2015 20:00,12,31,308
22510,7/27/2015 21:00,12,31,308
22511,7/27/2015 22:00,12,31,308
22512,7/27/2015 23:00,12,31,308
22513,7/28/2015 0:00,12,31,308
22514,7/28/2015 1:00,12,31,308
22515,7/28/2015 2:00,12,31,308
22516,7/28/2015 3:00,12,31,308
22517,7/28/2015 4:00,12,31,308
22518,7/28/2015 5:00,12,31,308
22519,7/28/2015 6:00,12,31,308
22520,7/28/2015 7:00,12,31,308
22521,7/28/2015 8:00,13,31,308
22522,7/28/2015 9:00,12,31,308
22523,7/28/2015 10:00,12,31,308
22524,7/28/2015 11:00,12,31,308
22525,7/28/2015 12:00,12,31,308
22526,7/28/2015 13:00,12,31,308
22527,7/28/2015 14:00,12,31,308
22528,7/28/2015 15:00,12,31,308
22529,7/28/2015 16:00,12,31,307
22530,7/28/2015 17:00,12,31,308
22531,7/28/2015 18:00,12,31,307
22532,7/28/2015 19:00,12,31,308
22533,7/28/2015 20:00,12,31,307
22534,7/28/2015 21:00,12,31,307
22535,7/28/2015 22:00,12,31,307
22536,7/28/2015 23:00,12,31,307
22537,7/29/2015 0:00,12,31,307
22538,7/29/2015 1:00,12,33,306
22539,7/29/2015 2:00,12,31,306
22540,7/29/2015 3:00,12,31,306
22541,7/29/2015 4:00,12,31,306
22542,7/29/2015 5:00,12,31,306
22543,7/29/2015 6:00,12,31,305
22544,7/29/2015 7:00,12,31,305
22545,7/29/2015 8:00,12,31,304
22546,7/29/2015 9:00,13,31,304
22547,7/29/2015 10:00,12,31,306
22548,7/29/2015 11:00,12,31,304
22549,7/29/2015 12:00,12,31,305
22550,7/29/2015 13:00,12,31,305
22551,7/29/2015 14:00,12,31,304
22552,7/29/2015 15:00,12,31,304
22553,7/29/2015 16:00,12,31,306
22554,7/29/2015 17:00,12,31,306
22555,7/29/2015 18:00,12,31,306
22556,7/29/2015 19:00,12,31,307
22557,7/29/2015 20:00,13,31,307
22558,7/29/2015 21:00,12,31,307
22559,7/29/2015 22:00,12,31,307
22560,7/29/2015 23:00,12,31,307
22561,7/30/2015 0:00,12,31,307
22562,7/30/2015 1:00,12,31,307
22563,7/30/2015 2:00,12,31,306
22564,7/30/2015 3:00,12,31,306
22565,7/30/2015 4:00,12,31,305
22566,7/30/2015 5:00,12,31,304
22567,7/30/2015 6:00,13,31,305
22568,7/30/2015 7:00,12,31,304
22569,7/30/2015 8:00,12,31,304
22570,7/30/2015 9:00,12,31,304
22571,7/30/2015 10:00,12,31,305
22572,7/30/2015 11:00,12,31,306
22573,7/30/2015 12:00,12,31,306
22574,7/30/2015 13:00,12,31,304
22575,7/30/2015 14:00,12,31,304
22576,7/30/2015 15:00,12,31,304
22577,7/30/2015 16:00,12,31,304
22578,7/30/2015 17:00,12,31,304
22579,7/30/2015 18:00,12,31,304
22580,7/30/2015 19:00,12,31,304
22581,7/30/2015 20:00,12,31,304
22582,7/30/2015 21:00,12,31,304
22583,7/30/2015 22:00,12,31,304
22584,7/30/2015 23:00,12,31,304
22585,7/31/2015 0:00,12,31,304
22586,7/31/2015 1:00,12,31,304
22587,7/31/2015 2:00,12,31,304
22588,7/31/2015 3:00,12,31,304
22589,7/31/2015 4:00,12,31,304
22590,7/31/2015 5:00,12,31,304
22591,7/31/2015 6:00,12,31,304
22592,7/31/2015 7:00,12,31,304
22593,7/31/2015 8:00,12,31,303
22594,7/31/2015 9:00,13,31,303
22595,7/31/2015 10:00,12,31,303
22596,7/31/2015 11:00,12,31,303
22597,7/31/2015 12:00,12,31,304
22598,7/31/2015 13:00,12,31,303
22599,7/31/2015 14:00,12,31,303
22600,7/31/2015 15:00,12,31,303
22601,7/31/2015 16:00,12,31,302
22602,7/31/2015 17:00,12,31,302
22603,7/31/2015 18:00,12,31,302
22604,7/31/2015 19:00,12,31,302
22605,7/31/2015 20:00,12,31,302
22606,7/31/2015 21:00,12,31,302
22607,7/31/2015 22:00,12,31,301
22608,7/31/2015 23:00,12,31,301
22609,8/1/2015 0:00,12,31,301
22610,8/1/2015 1:00,12,31,302
22611,8/1/2015 2:00,12,31,301
22612,8/1/2015 3:00,12,31,302
22613,8/1/2015 4:00,12,31,301
22614,8/1/2015 5:00,12,32,301
22615,8/1/2015 6:00,12,31,301
22616,8/1/2015 7:00,12,31,301
22617,8/1/2015 8:00,12,31,301
22618,8/1/2015 9:00,12,31,301
22619,8/1/2015 10:00,12,32,301
22620,8/1/2015 11:00,12,32,301
22621,8/1/2015 12:00,12,31,300
22622,8/1/2015 13:00,12,31,300
22623,8/1/2015 14:00,12,31,300
22624,8/1/2015 15:00,12,31,300
22625,8/1/2015 16:00,12,32,301
22626,8/1/2015 17:00,12,31,300
22627,8/1/2015 18:00,12,32,300
22628,8/1/2015 19:00,12,32,300
22629,8/1/2015 20:00,12,32,300
22630,8/1/2015 21:00,12,32,300
22631,8/1/2015 22:00,12,32,300
22632,8/1/2015 23:00,12,32,300
22633,8/2/2015 0:00,14,32,300
22634,8/2/2015 1:00,14,32,301
22635,8/2/2015 2:00,12,32,300
22636,8/2/2015 3:00,12,32,301
22637,8/2/2015 4:00,12,32,300
22638,8/2/2015 5:00,12,32,300
22639,8/2/2015 6:00,12,32,300
22640,8/2/2015 7:00,12,32,300
22641,8/2/2015 8:00,12,32,300
22642,8/2/2015 9:00,12,32,300
22643,8/2/2015 10:00,12,32,300
22644,8/2/2015 11:00,12,32,300
22645,8/2/2015 12:00,12,32,300
22646,8/2/2015 13:00,12,32,300
22647,8/2/2015 14:00,12,32,300
22648,8/2/2015 15:00,12,32,300
22649,8/2/2015 16:00,12,32,300
22650,8/2/2015 17:00,12,32,300
22651,8/2/2015 18:00,12,32,300
22652,8/2/2015 19:00,12,32,300
22653,8/2/2015 20:00,12,32,301
22654,8/2/2015 21:00,12,32,301
22655,8/2/2015 22:00,12,32,301
22656,8/2/2015 23:00,12,32,302
22657,8/3/2015 0:00,12,32,301
22658,8/3/2015 1:00,12,32,301
22659,8/3/2015 2:00,12,32,301
22660,8/3/2015 3:00,12,32,300
22661,8/3/2015 4:00,12,32,300
22662,8/3/2015 5:00,12,32,300
22663,8/3/2015 6:00,12,32,299
22664,8/3/2015 7:00,12,32,300
22665,8/3/2015 8:00,12,32,300
22666,8/3/2015 9:00,14,32,300
22667,8/3/2015 10:00,12,32,300
22668,8/3/2015 11:00,12,32,299
22669,8/3/2015 12:00,12,32,299
22670,8/3/2015 13:00,12,32,298
22671,8/3/2015 14:00,12,32,299
22672,8/3/2015 15:00,12,32,300
22673,8/3/2015 16:00,12,32,300
22674,8/3/2015 17:00,12,32,300
22675,8/3/2015 18:00,12,32,299
22676,8/3/2015 19:00,12,32,301
22677,8/3/2015 20:00,12,32,300
22678,8/3/2015 21:00,12,30,299
22679,8/3/2015 22:00,12,32,299
22680,8/3/2015 23:00,12,32,299
22681,8/4/2015 0:00,12,32,300
22682,8/4/2015 1:00,12,32,299
22683,8/4/2015 2:00,12,32,299
22684,8/4/2015 3:00,12,32,299
22685,8/4/2015 4:00,12,32,299
22686,8/4/2015 5:00,12,32,299
22687,8/4/2015 6:00,12,32,299
22688,8/4/2015 7:00,12,32,299
22689,8/4/2015 8:00,12,32,298
22690,8/4/2015 9:00,13,30,299
22691,8/4/2015 10:00,12,32,299
22692,8/4/2015 11:00,12,32,299
22693,8/4/2015 12:00,12,32,299
22694,8/4/2015 13:00,12,32,299
22695,8/4/2015 14:00,12,32,299
22696,8/4/2015 15:00,12,32,299
22697,8/4/2015 16:00,12,32,300
22698,8/4/2015 17:00,12,32,298
22699,8/4/2015 18:00,12,32,298
22700,8/4/2015 19:00,12,32,299
22701,8/4/2015 20:00,12,32,299
22702,8/4/2015 21:00,12,32,298
22703,8/4/2015 22:00,12,32,298
22704,8/4/2015 23:00,12,32,298
22705,8/5/2015 0:00,12,32,298
22706,8/5/2015 1:00,12,30,297
22707,8/5/2015 2:00,12,32,295
22708,8/5/2015 3:00,14,32,296
22709,8/5/2015 4:00,12,32,297
22710,8/5/2015 5:00,12,32,296
22711,8/5/2015 6:00,12,32,296
22712,8/5/2015 7:00,12,32,296
22713,8/5/2015 8:00,12,32,297
22714,8/5/2015 9:00,12,32,296
22715,8/5/2015 10:00,12,32,297
22716,8/5/2015 11:00,12,32,295
22717,8/5/2015 12:00,14,32,296
22718,8/5/2015 13:00,12,32,296
22719,8/5/2015 14:00,12,32,296
22720,8/5/2015 15:00,12,32,295
22721,8/5/2015 16:00,12,32,295
22722,8/5/2015 17:00,12,32,295
22723,8/5/2015 18:00,12,32,295
22724,8/5/2015 19:00,12,32,294
22725,8/5/2015 20:00,12,32,294
22726,8/5/2015 21:00,12,32,295
22727,8/5/2015 22:00,12,32,294
22728,8/5/2015 23:00,12,32,295
22729,8/6/2015 0:00,12,32,295
22730,8/6/2015 1:00,12,32,295
22731,8/6/2015 2:00,12,32,294
22732,8/6/2015 3:00,12,32,294
22733,8/6/2015 4:00,12,32,293
22734,8/6/2015 5:00,12,32,294
22735,8/6/2015 6:00,12,32,294
22736,8/6/2015 7:00,12,32,294
22737,8/6/2015 8:00,12,32,291
22738,8/6/2015 9:00,12,32,292
22739,8/6/2015 10:00,12,32,291
22740,8/6/2015 11:00,12,32,293
22741,8/6/2015 12:00,12,32,291
22742,8/6/2015 13:00,12,32,291
22743,8/6/2015 14:00,12,32,291
22744,8/6/2015 15:00,12,32,288
22745,8/6/2015 16:00,13,32,288
22746,8/6/2015 17:00,12,32,287
22747,8/6/2015 18:00,12,32,274
22748,8/6/2015 19:00,12,32,282
22749,8/6/2015 20:00,12,32,283
22750,8/6/2015 21:00,12,32,282
22751,8/6/2015 22:00,12,32,283
22752,8/6/2015 23:00,12,32,283
22753,8/7/2015 0:00,12,32,283
22754,8/7/2015 1:00,12,32,283
22755,8/7/2015 2:00,12,32,283
22756,8/7/2015 3:00,12,32,283
22757,8/7/2015 4:00,12,32,283
22758,8/7/2015 5:00,12,32,283
22759,8/7/2015 6:00,12,32,283
22760,8/7/2015 7:00,12,32,283
22761,8/7/2015 8:00,12,32,283
22762,8/7/2015 9:00,12,32,283
22763,8/7/2015 10:00,12,32,284
22764,8/7/2015 11:00,12,30,283
22765,8/7/2015 12:00,12,32,283
22766,8/7/2015 13:00,12,32,284
22767,8/7/2015 14:00,12,32,285
22768,8/7/2015 15:00,12,32,285
22769,8/7/2015 16:00,12,32,285
22770,8/7/2015 17:00,12,32,284
22771,8/7/2015 18:00,12,32,284
22772,8/7/2015 19:00,12,32,284
22773,8/7/2015 20:00,13,32,284
22774,8/7/2015 21:00,12,32,284
22775,8/7/2015 22:00,12,32,283
22776,8/7/2015 23:00,12,32,284
22777,8/8/2015 0:00,12,32,283
22778,8/8/2015 1:00,13,32,283
22779,8/8/2015 2:00,12,32,283
22780,8/8/2015 3:00,12,32,283
22781,8/8/2015 4:00,12,34,283
22782,8/8/2015 5:00,12,32,283
22783,8/8/2015 6:00,13,32,283
22784,8/8/2015 7:00,13,32,283
22785,8/8/2015 8:00,12,32,283
22786,8/8/2015 9:00,12,32,283
22787,8/8/2015 10:00,12,32,283
22788,8/8/2015 11:00,12,32,283
22789,8/8/2015 12:00,12,32,283
22790,8/8/2015 13:00,12,32,283
22791,8/8/2015 14:00,12,32,283
22792,8/8/2015 15:00,13,32,283
22793,8/8/2015 16:00,12,32,283
22794,8/8/2015 17:00,12,32,284
22795,8/8/2015 18:00,12,32,284
22796,8/8/2015 19:00,12,32,283
22797,8/8/2015 20:00,12,32,283
22798,8/8/2015 21:00,12,32,283
22799,8/8/2015 22:00,12,32,283
22800,8/8/2015 23:00,12,32,283
22801,8/9/2015 0:00,12,33,283
22802,8/9/2015 1:00,12,32,283
22803,8/9/2015 2:00,12,32,283
22804,8/9/2015 3:00,12,32,283
22805,8/9/2015 4:00,12,32,283
22806,8/9/2015 5:00,12,32,283
22807,8/9/2015 6:00,12,32,283
22808,8/9/2015 7:00,12,32,283
22809,8/9/2015 8:00,12,32,283
22810,8/9/2015 9:00,12,32,284
22811,8/9/2015 10:00,12,32,283
22812,8/9/2015 11:00,12,32,283
22813,8/9/2015 12:00,12,32,283
22814,8/9/2015 13:00,12,32,283
22815,8/9/2015 14:00,12,32,283
22816,8/9/2015 15:00,12,32,283
22817,8/9/2015 16:00,12,32,283
22818,8/9/2015 17:00,12,32,283
22819,8/9/2015 18:00,13,32,283
22820,8/9/2015 19:00,12,32,283
22821,8/9/2015 20:00,12,32,283
22822,8/9/2015 21:00,12,32,283
22823,8/9/2015 22:00,12,32,283
22824,8/9/2015 23:00,12,32,282
22825,8/10/2015 0:00,13,32,283
22826,8/10/2015 1:00,12,32,283
22827,8/10/2015 2:00,12,32,283
22828,8/10/2015 3:00,12,32,283
22829,8/10/2015 4:00,12,32,283
22830,8/10/2015 5:00,12,32,283
22831,8/10/2015 6:00,12,32,283
22832,8/10/2015 7:00,12,32,283
22833,8/10/2015 8:00,12,32,283
22834,8/10/2015 9:00,12,32,283
22835,8/10/2015 10:00,12,32,282
22836,8/10/2015 11:00,12,32,283
22837,8/10/2015 12:00,12,32,283
22838,8/10/2015 13:00,12,32,283
22839,8/10/2015 14:00,12,32,283
22840,8/10/2015 15:00,12,32,283
22841,8/10/2015 16:00,12,32,283
22842,8/10/2015 17:00,12,32,283
22843,8/10/2015 18:00,12,32,283
22844,8/10/2015 19:00,12,32,283
22845,8/10/2015 20:00,12,32,283
22846,8/10/2015 21:00,12,32,283
22847,8/10/2015 22:00,12,32,282
22848,8/10/2015 23:00,12,32,282
22849,8/11/2015 0:00,13,32,283
22850,8/11/2015 1:00,12,32,283
22851,8/11/2015 2:00,12,32,282
22852,8/11/2015 3:00,12,32,282
22853,8/11/2015 4:00,12,32,282
22854,8/11/2015 5:00,12,32,282
22855,8/11/2015 6:00,12,32,282
22856,8/11/2015 7:00,12,32,282
22857,8/11/2015 8:00,12,32,282
22858,8/11/2015 9:00,12,32,282
22859,8/11/2015 10:00,12,32,282
22860,8/11/2015 11:00,12,32,282
22861,8/11/2015 12:00,12,32,282
22862,8/11/2015 13:00,12,32,282
22863,8/11/2015 14:00,12,32,283
22864,8/11/2015 15:00,12,32,283
22865,8/11/2015 16:00,12,32,283
22866,8/11/2015 17:00,12,32,283
22867,8/11/2015 18:00,12,32,283
22868,8/11/2015 19:00,12,32,283
22869,8/11/2015 20:00,12,32,283
22870,8/11/2015 21:00,12,32,283
22871,8/11/2015 22:00,12,32,283
22872,8/11/2015 23:00,12,32,283
22873,8/12/2015 0:00,12,32,283
22874,8/12/2015 1:00,12,32,283
22875,8/12/2015 2:00,12,32,283
22876,8/12/2015 3:00,12,32,283
22877,8/12/2015 4:00,12,32,283
22878,8/12/2015 5:00,12,32,283
22879,8/12/2015 6:00,12,32,283
22880,8/12/2015 7:00,12,32,283
22881,8/12/2015 8:00,12,32,283
22882,8/12/2015 9:00,12,32,282
22883,8/12/2015 10:00,12,32,282
22884,8/12/2015 11:00,12,33,283
22885,8/12/2015 12:00,12,32,282
22886,8/12/2015 13:00,12,32,283
22887,8/12/2015 14:00,12,32,283
22888,8/12/2015 15:00,12,32,283
22889,8/12/2015 16:00,12,32,282
22890,8/12/2015 17:00,12,32,282
22891,8/12/2015 18:00,12,32,282
22892,8/12/2015 19:00,12,32,282
22893,8/12/2015 20:00,12,32,282
22894,8/12/2015 21:00,12,30,282
22895,8/12/2015 22:00,12,32,282
22896,8/12/2015 23:00,12,32,282
22897,8/13/2015 0:00,12,32,282
22898,8/13/2015 1:00,12,32,282
22899,8/13/2015 2:00,12,32,282
22900,8/13/2015 3:00,12,32,282
22901,8/13/2015 4:00,12,32,282
22902,8/13/2015 5:00,12,32,282
22903,8/13/2015 6:00,12,32,282
22904,8/13/2015 7:00,12,32,282
22905,8/13/2015 8:00,12,32,282
22906,8/13/2015 9:00,12,32,282
22907,8/13/2015 10:00,12,32,282
22908,8/13/2015 11:00,12,32,282
22909,8/13/2015 12:00,12,32,282
22910,8/13/2015 13:00,12,32,282
22911,8/13/2015 14:00,12,32,282
22912,8/13/2015 15:00,12,32,282
22913,8/13/2015 16:00,12,32,282
22914,8/13/2015 17:00,12,32,282
22915,8/13/2015 18:00,12,32,282
22916,8/13/2015 19:00,12,32,282
22917,8/13/2015 20:00,12,32,282
22918,8/13/2015 21:00,12,32,282
22919,8/13/2015 22:00,12,33,282
22920,8/13/2015 23:00,12,32,282
22921,8/14/2015 0:00,12,32,282
22922,8/14/2015 1:00,12,32,282
22923,8/14/2015 2:00,12,32,282
22924,8/14/2015 3:00,12,32,282
22925,8/14/2015 4:00,12,32,282
22926,8/14/2015 5:00,12,32,282
22927,8/14/2015 6:00,12,32,282
22928,8/14/2015 7:00,12,32,282
22929,8/14/2015 8:00,12,32,282
22930,8/14/2015 9:00,12,32,282
22931,8/14/2015 10:00,12,32,282
22932,8/14/2015 11:00,12,32,282
22933,8/14/2015 12:00,12,32,282
22934,8/14/2015 13:00,12,32,282
22935,8/14/2015 14:00,12,32,282
22936,8/14/2015 15:00,12,32,282
22937,8/14/2015 16:00,12,32,282
22938,8/14/2015 17:00,12,32,281
22939,8/14/2015 18:00,12,32,281
22940,8/14/2015 19:00,14,32,281
22941,8/14/2015 20:00,12,32,281
22942,8/14/2015 21:00,12,32,281
22943,8/14/2015 22:00,11,32,281
22944,8/14/2015 23:00,12,32,281
22945,8/15/2015 0:00,12,32,281
22946,8/15/2015 1:00,13,32,280
22947,8/15/2015 2:00,13,32,278
22948,8/15/2015 3:00,12,32,278
22949,8/15/2015 4:00,12,32,278
22950,8/15/2015 5:00,12,33,277
22951,8/15/2015 6:00,13,32,277
22952,8/15/2015 7:00,12,32,276
22953,8/15/2015 8:00,12,32,276
22954,8/15/2015 9:00,12,32,276
22955,8/15/2015 10:00,12,32,276
22956,8/15/2015 11:00,12,32,276
22957,8/15/2015 12:00,12,32,275
22958,8/15/2015 13:00,12,33,273
22959,8/15/2015 14:00,12,32,266
22960,8/15/2015 15:00,13,32,264
22961,8/15/2015 16:00,12,32,283
22962,8/15/2015 17:00,12,32,283
22963,8/15/2015 18:00,12,32,276
22964,8/15/2015 19:00,12,32,267
22965,8/15/2015 20:00,12,32,267
22966,8/15/2015 21:00,12,32,251
22967,8/15/2015 22:00,12,32,291
22968,8/15/2015 23:00,12,32,294
22969,8/16/2015 0:00,12,32,295
22970,8/16/2015 1:00,12,32,294
22971,8/16/2015 2:00,12,32,296
22972,8/16/2015 3:00,13,32,296
22973,8/16/2015 4:00,12,32,298
22974,8/16/2015 5:00,12,32,300
22975,8/16/2015 6:00,12,32,296
22976,8/16/2015 7:00,12,32,301
22977,8/16/2015 8:00,12,32,301
22978,8/16/2015 9:00,12,32,299
22979,8/16/2015 10:00,12,32,299
22980,8/16/2015 11:00,12,32,301
22981,8/16/2015 12:00,12,32,299
22982,8/16/2015 13:00,12,32,299
22983,8/16/2015 14:00,12,32,296
22984,8/16/2015 15:00,12,32,299
22985,8/16/2015 16:00,12,32,299
22986,8/16/2015 17:00,13,32,300
22987,8/16/2015 18:00,12,32,301
22988,8/16/2015 19:00,12,32,301
22989,8/16/2015 20:00,12,32,301
22990,8/16/2015 21:00,12,32,298
22991,8/16/2015 22:00,12,32,300
22992,8/16/2015 23:00,12,32,300
22993,8/17/2015 0:00,12,32,299
22994,8/17/2015 1:00,12,32,300
22995,8/17/2015 2:00,12,32,300
22996,8/17/2015 3:00,12,32,300
22997,8/17/2015 4:00,12,32,300
22998,8/17/2015 5:00,12,32,299
22999,8/17/2015 6:00,12,32,299
23000,8/17/2015 7:00,12,32,299
23001,8/17/2015 8:00,12,32,300
23002,8/17/2015 9:00,12,33,300
23003,8/17/2015 10:00,12,32,300
23004,8/17/2015 11:00,12,32,299
23005,8/17/2015 12:00,12,32,299
23006,8/17/2015 13:00,12,33,301
23007,8/17/2015 14:00,12,32,302
23008,8/17/2015 15:00,13,32,298
23009,8/17/2015 16:00,12,32,301
23010,8/17/2015 17:00,12,32,298
23011,8/17/2015 18:00,12,32,298
23012,8/17/2015 19:00,13,32,299
23013,8/17/2015 20:00,12,32,296
23014,8/17/2015 21:00,12,32,298
23015,8/17/2015 22:00,12,32,298
23016,8/17/2015 23:00,12,32,298
23017,8/18/2015 0:00,12,32,298
23018,8/18/2015 1:00,12,32,298
23019,8/18/2015 2:00,12,32,298
23020,8/18/2015 3:00,13,32,298
23021,8/18/2015 4:00,13,32,296
23022,8/18/2015 5:00,12,32,296
23023,8/18/2015 6:00,12,32,296
23024,8/18/2015 7:00,12,32,298
23025,8/18/2015 8:00,12,33,296
23026,8/18/2015 9:00,12,32,296
23027,8/18/2015 10:00,12,32,296
23028,8/18/2015 11:00,12,32,296
23029,8/18/2015 12:00,12,32,296
23030,8/18/2015 13:00,12,32,296
23031,8/18/2015 14:00,13,32,296
23032,8/18/2015 15:00,12,32,296
23033,8/18/2015 16:00,12,32,298
23034,8/18/2015 17:00,12,32,298
23035,8/18/2015 18:00,12,32,296
23036,8/18/2015 19:00,12,32,296
23037,8/18/2015 20:00,12,32,296
23038,8/18/2015 21:00,13,32,295
23039,8/18/2015 22:00,12,32,300
23040,8/18/2015 23:00,12,32,295
23041,8/19/2015 0:00,12,32,296
23042,8/19/2015 1:00,12,32,296
23043,8/19/2015 2:00,12,32,295
23044,8/19/2015 3:00,12,32,295
23045,8/19/2015 4:00,12,32,295
23046,8/19/2015 5:00,12,32,298
23047,8/19/2015 6:00,12,32,295
23048,8/19/2015 7:00,12,32,295
23049,8/19/2015 8:00,12,32,295
23050,8/19/2015 9:00,13,32,295
23051,8/19/2015 10:00,12,32,295
23052,8/19/2015 11:00,11,32,296
23053,8/19/2015 12:00,12,32,293
23054,8/19/2015 13:00,12,32,294
23055,8/19/2015 14:00,12,32,296
23056,8/19/2015 15:00,12,32,298
23057,8/19/2015 16:00,12,32,299
23058,8/19/2015 17:00,12,32,299
23059,8/19/2015 18:00,13,32,299
23060,8/19/2015 19:00,12,32,299
23061,8/19/2015 20:00,12,32,299
23062,8/19/2015 21:00,13,32,299
23063,8/19/2015 22:00,12,32,295
23064,8/19/2015 23:00,12,32,296
23065,8/20/2015 0:00,13,32,298
23066,8/20/2015 1:00,12,32,298
23067,8/20/2015 2:00,12,32,299
23068,8/20/2015 3:00,12,32,299
23069,8/20/2015 4:00,12,32,295
23070,8/20/2015 5:00,12,32,298
23071,8/20/2015 6:00,12,32,298
23072,8/20/2015 7:00,12,32,298
23073,8/20/2015 8:00,12,32,299
23074,8/20/2015 9:00,12,32,295
23075,8/20/2015 10:00,12,32,298
23076,8/20/2015 11:00,12,32,297
23077,8/20/2015 12:00,12,32,298
23078,8/20/2015 13:00,12,32,299
23079,8/20/2015 14:00,12,32,299
23080,8/20/2015 15:00,12,32,299
23081,8/20/2015 16:00,12,32,299
23082,8/20/2015 17:00,12,32,299
23083,8/20/2015 18:00,12,32,295
23084,8/20/2015 19:00,12,32,294
23085,8/20/2015 20:00,13,32,294
23086,8/20/2015 21:00,12,32,293
23087,8/20/2015 22:00,12,32,285
23088,8/20/2015 23:00,13,32,293
23089,8/21/2015 0:00,12,30,293
23090,8/21/2015 1:00,12,32,291
23091,8/21/2015 2:00,12,32,292
23092,8/21/2015 3:00,12,32,285
23093,8/21/2015 4:00,12,32,291
23094,8/21/2015 5:00,12,32,292
23095,8/21/2015 6:00,13,32,291
23096,8/21/2015 7:00,12,32,291
23097,8/21/2015 8:00,12,32,291
23098,8/21/2015 9:00,12,32,291
23099,8/21/2015 10:00,13,32,292
23100,8/21/2015 11:00,12,32,292
23101,8/21/2015 12:00,12,32,293
23102,8/21/2015 13:00,13,32,293
23103,8/21/2015 14:00,12,32,293
23104,8/21/2015 15:00,12,34,293
23105,8/21/2015 16:00,12,32,291
23106,8/21/2015 17:00,13,32,291
23107,8/21/2015 18:00,13,32,284
23108,8/21/2015 19:00,12,32,287
23109,8/21/2015 20:00,12,32,286
23110,8/21/2015 21:00,12,32,289
23111,8/21/2015 22:00,12,32,289
23112,8/21/2015 23:00,12,32,289
23113,8/22/2015 0:00,12,32,294
23114,8/22/2015 1:00,13,32,290
23115,8/22/2015 2:00,12,32,290
23116,8/22/2015 3:00,12,32,295
23117,8/22/2015 4:00,12,32,295
23118,8/22/2015 5:00,12,32,287
23119,8/22/2015 6:00,12,32,290
23120,8/22/2015 7:00,12,32,290
23121,8/22/2015 8:00,12,32,289
23122,8/22/2015 9:00,12,32,291
23123,8/22/2015 10:00,12,32,294
23124,8/22/2015 11:00,12,32,290
23125,8/22/2015 12:00,13,32,289
23126,8/22/2015 13:00,12,31,293
23127,8/22/2015 14:00,13,32,293
23128,8/22/2015 15:00,12,32,293
23129,8/22/2015 16:00,12,32,293
23130,8/22/2015 17:00,12,32,293
23131,8/22/2015 18:00,12,32,293
23132,8/22/2015 19:00,12,32,292
23133,8/22/2015 20:00,12,32,293
23134,8/22/2015 21:00,13,32,293
23135,8/22/2015 22:00,12,31,293
23136,8/22/2015 23:00,12,31,293
23137,8/23/2015 0:00,13,31,292
23138,8/23/2015 1:00,12,31,291
23139,8/23/2015 2:00,12,31,291
23140,8/23/2015 3:00,12,31,291
23141,8/23/2015 4:00,13,31,290
23142,8/23/2015 5:00,12,31,285
23143,8/23/2015 6:00,12,31,294
23144,8/23/2015 7:00,12,31,293
23145,8/23/2015 8:00,12,31,293
23146,8/23/2015 9:00,11,31,293
23147,8/23/2015 10:00,12,31,294
23148,8/23/2015 11:00,12,31,293
23149,8/23/2015 12:00,12,31,293
23150,8/23/2015 13:00,12,31,293
23151,8/23/2015 14:00,12,31,291
23152,8/23/2015 15:00,12,31,295
23153,8/23/2015 16:00,12,31,296
23154,8/23/2015 17:00,12,31,297
23155,8/23/2015 18:00,12,31,298
23156,8/23/2015 19:00,12,31,298
23157,8/23/2015 20:00,12,31,298
23158,8/23/2015 21:00,12,31,298
23159,8/23/2015 22:00,12,31,298
23160,8/23/2015 23:00,12,31,297
23161,8/24/2015 0:00,12,31,292
23162,8/24/2015 1:00,12,31,291
23163,8/24/2015 2:00,12,31,293
23164,8/24/2015 3:00,12,31,291
23165,8/24/2015 4:00,13,31,293
23166,8/24/2015 5:00,12,31,292
23167,8/24/2015 6:00,13,32,291
23168,8/24/2015 7:00,12,31,293
23169,8/24/2015 8:00,12,31,294
23170,8/24/2015 9:00,12,31,294
23171,8/24/2015 10:00,13,31,295
23172,8/24/2015 11:00,13,31,295
23173,8/24/2015 12:00,12,31,296
23174,8/24/2015 13:00,12,31,296
23175,8/24/2015 14:00,12,31,296
23176,8/24/2015 15:00,12,31,297
23177,8/24/2015 16:00,13,31,297
23178,8/24/2015 17:00,12,31,297
23179,8/24/2015 18:00,12,31,296
23180,8/24/2015 19:00,12,31,295
23181,8/24/2015 20:00,12,31,295
23182,8/24/2015 21:00,12,31,296
23183,8/24/2015 22:00,12,31,296
23184,8/24/2015 23:00,12,31,296
23185,8/25/2015 0:00,12,31,295
23186,8/25/2015 1:00,12,31,295
23187,8/25/2015 2:00,12,31,295
23188,8/25/2015 3:00,12,31,297
23189,8/25/2015 4:00,12,31,295
23190,8/25/2015 5:00,13,31,295
23191,8/25/2015 6:00,12,31,295
23192,8/25/2015 7:00,12,31,295
23193,8/25/2015 8:00,12,31,295
23194,8/25/2015 9:00,12,31,295
23195,8/25/2015 10:00,12,31,294
23196,8/25/2015 11:00,12,31,295
23197,8/25/2015 12:00,12,31,294
23198,8/25/2015 13:00,12,31,295
23199,8/25/2015 14:00,12,31,290
23200,8/25/2015 15:00,12,31,287
23201,8/25/2015 16:00,12,31,287
23202,8/25/2015 17:00,12,31,287
23203,8/25/2015 18:00,12,31,287
23204,8/25/2015 19:00,12,31,286
23205,8/25/2015 20:00,12,31,294
23206,8/25/2015 21:00,12,31,294
23207,8/25/2015 22:00,12,31,294
23208,8/25/2015 23:00,12,31,295
23209,8/26/2015 0:00,12,31,295
23210,8/26/2015 1:00,12,31,295
23211,8/26/2015 2:00,12,31,295
23212,8/26/2015 3:00,14,31,295
23213,8/26/2015 4:00,12,31,295
23214,8/26/2015 5:00,12,31,295
23215,8/26/2015 6:00,12,31,296
23216,8/26/2015 7:00,12,31,296
23217,8/26/2015 8:00,12,31,295
23218,8/26/2015 9:00,14,31,296
23219,8/26/2015 10:00,12,31,296
23220,8/26/2015 11:00,12,31,296
23221,8/26/2015 12:00,12,31,296
23222,8/26/2015 13:00,11,31,295
23223,8/26/2015 14:00,12,31,296
23224,8/26/2015 15:00,12,31,296
23225,8/26/2015 16:00,12,31,295
23226,8/26/2015 17:00,12,31,294
23227,8/26/2015 18:00,12,31,296
23228,8/26/2015 19:00,12,31,296
23229,8/26/2015 20:00,12,31,296
23230,8/26/2015 21:00,12,31,296
23231,8/26/2015 22:00,11,31,296
23232,8/26/2015 23:00,12,31,295
23233,8/27/2015 0:00,12,31,297
23234,8/27/2015 1:00,12,31,297
23235,8/27/2015 2:00,12,31,298
23236,8/27/2015 3:00,12,31,298
23237,8/27/2015 4:00,12,31,298
23238,8/27/2015 5:00,13,31,298
23239,8/27/2015 6:00,12,31,298
23240,8/27/2015 7:00,12,31,298
23241,8/27/2015 8:00,12,31,298
23242,8/27/2015 9:00,12,31,297
23243,8/27/2015 10:00,12,31,295
23244,8/27/2015 11:00,13,31,295
23245,8/27/2015 12:00,12,31,295
23246,8/27/2015 13:00,12,31,296
23247,8/27/2015 14:00,12,31,296
23248,8/27/2015 15:00,12,31,296
23249,8/27/2015 16:00,12,31,294
23250,8/27/2015 17:00,12,31,294
23251,8/27/2015 18:00,12,31,295
23252,8/27/2015 19:00,13,31,295
23253,8/27/2015 20:00,12,31,295
23254,8/27/2015 21:00,12,31,296
23255,8/27/2015 22:00,13,31,295
23256,8/27/2015 23:00,12,31,293
23257,8/28/2015 0:00,12,31,295
23258,8/28/2015 1:00,12,31,295
23259,8/28/2015 2:00,12,31,296
23260,8/28/2015 3:00,12,31,296
23261,8/28/2015 4:00,12,31,296
23262,8/28/2015 5:00,12,31,297
23263,8/28/2015 6:00,13,31,297
23264,8/28/2015 7:00,12,31,297
23265,8/28/2015 8:00,12,31,298
23266,8/28/2015 9:00,12,31,298
23267,8/28/2015 10:00,12,31,298
23268,8/28/2015 11:00,12,31,298
23269,8/28/2015 12:00,12,31,298
23270,8/28/2015 13:00,12,31,297
23271,8/28/2015 14:00,12,31,297
23272,8/28/2015 15:00,12,31,296
23273,8/28/2015 16:00,12,31,296
23274,8/28/2015 17:00,12,31,295
23275,8/28/2015 18:00,12,31,295
23276,8/28/2015 19:00,12,31,295
23277,8/28/2015 20:00,12,31,296
23278,8/28/2015 21:00,13,31,296
23279,8/28/2015 22:00,12,31,296
23280,8/28/2015 23:00,12,31,296
23281,8/29/2015 0:00,12,31,297
23282,8/29/2015 1:00,12,31,297
23283,8/29/2015 2:00,12,31,297
23284,8/29/2015 3:00,12,31,297
23285,8/29/2015 4:00,12,31,297
23286,8/29/2015 5:00,12,31,298
23287,8/29/2015 6:00,12,31,298
23288,8/29/2015 7:00,12,31,298
23289,8/29/2015 8:00,12,31,298
23290,8/29/2015 9:00,12,31,297
23291,8/29/2015 10:00,12,31,298
23292,8/29/2015 11:00,12,31,298
23293,8/29/2015 12:00,12,31,297
23294,8/29/2015 13:00,12,31,298
23295,8/29/2015 14:00,12,31,297
23296,8/29/2015 15:00,12,31,297
23297,8/29/2015 16:00,12,31,297
23298,8/29/2015 17:00,12,31,296
23299,8/29/2015 18:00,12,31,296
23300,8/29/2015 19:00,14,31,296
23301,8/29/2015 20:00,12,31,295
23302,8/29/2015 21:00,12,31,296
23303,8/29/2015 22:00,12,31,295
23304,8/29/2015 23:00,12,31,295
23305,8/30/2015 0:00,12,31,295
23306,8/30/2015 1:00,12,31,295
23307,8/30/2015 2:00,12,31,295
23308,8/30/2015 3:00,12,31,294
23309,8/30/2015 4:00,12,31,294
23310,8/30/2015 5:00,12,31,294
23311,8/30/2015 6:00,12,31,295
23312,8/30/2015 7:00,12,31,295
23313,8/30/2015 8:00,11,31,295
23314,8/30/2015 9:00,12,31,295
23315,8/30/2015 10:00,12,31,296
23316,8/30/2015 11:00,12,32,296
23317,8/30/2015 12:00,12,31,296
23318,8/30/2015 13:00,12,31,296
23319,8/30/2015 14:00,12,31,295
23320,8/30/2015 15:00,12,31,296
23321,8/30/2015 16:00,12,31,296
23322,8/30/2015 17:00,12,31,295
23323,8/30/2015 18:00,12,31,296
23324,8/30/2015 19:00,14,31,296
23325,8/30/2015 20:00,12,31,296
23326,8/30/2015 21:00,12,31,296
23327,8/30/2015 22:00,12,31,295
23328,8/30/2015 23:00,12,31,296
23329,8/31/2015 0:00,12,31,296
23330,8/31/2015 1:00,12,31,295
23331,8/31/2015 2:00,12,31,295
23332,8/31/2015 3:00,12,31,295
23333,8/31/2015 4:00,12,31,295
23334,8/31/2015 5:00,11,31,296
23335,8/31/2015 6:00,12,31,295
23336,8/31/2015 7:00,12,31,296
23337,8/31/2015 8:00,12,31,296
23338,8/31/2015 9:00,12,31,295
23339,8/31/2015 10:00,12,31,295
23340,8/31/2015 11:00,12,31,294
23341,8/31/2015 12:00,12,31,291
23342,8/31/2015 13:00,12,31,290
23343,8/31/2015 14:00,12,31,290
23344,8/31/2015 15:00,11,31,295
23345,8/31/2015 16:00,11,31,296
23346,8/31/2015 17:00,12,31,296
23347,8/31/2015 18:00,13,31,297
23348,8/31/2015 19:00,12,31,296
23349,8/31/2015 20:00,11,31,297
23350,8/31/2015 21:00,11,31,298
23351,8/31/2015 22:00,12,31,298
23352,8/31/2015 23:00,11,31,298
23353,9/1/2015 0:00,12,31,298
23354,9/1/2015 1:00,12,31,299
23355,9/1/2015 2:00,12,31,299
23356,9/1/2015 3:00,11,31,299
23357,9/1/2015 4:00,11,31,299
23358,9/1/2015 5:00,12,31,299
23359,9/1/2015 6:00,11,31,299
23360,9/1/2015 7:00,12,31,299
23361,9/1/2015 8:00,11,31,300
23362,9/1/2015 9:00,11,31,300
23363,9/1/2015 10:00,12,31,300
23364,9/1/2015 11:00,11,31,299
23365,9/1/2015 12:00,12,31,299
23366,9/1/2015 13:00,12,31,299
23367,9/1/2015 14:00,11,31,299
23368,9/1/2015 15:00,12,31,298
23369,9/1/2015 16:00,12,31,294
23370,9/1/2015 17:00,11,31,299
23371,9/1/2015 18:00,12,31,299
23372,9/1/2015 19:00,12,31,300
23373,9/1/2015 20:00,11,31,300
23374,9/1/2015 21:00,12,31,300
23375,9/1/2015 22:00,11,33,300
23376,9/1/2015 23:00,11,31,300
23377,9/2/2015 0:00,12,31,300
23378,9/2/2015 1:00,12,31,294
23379,9/2/2015 2:00,12,31,294
23380,9/2/2015 3:00,12,31,296
23381,9/2/2015 4:00,11,31,297
23382,9/2/2015 5:00,12,31,298
23383,9/2/2015 6:00,13,31,299
23384,9/2/2015 7:00,12,31,299
23385,9/2/2015 8:00,12,31,299
23386,9/2/2015 9:00,10,31,299
23387,9/2/2015 10:00,11,31,299
23388,9/2/2015 11:00,12,31,299
23389,9/2/2015 12:00,12,31,299
23390,9/2/2015 13:00,13,31,299
23391,9/2/2015 14:00,12,31,299
23392,9/2/2015 15:00,12,31,299
23393,9/2/2015 16:00,11,31,299
23394,9/2/2015 17:00,11,31,299
23395,9/2/2015 18:00,12,31,299
23396,9/2/2015 19:00,12,31,298
23397,9/2/2015 20:00,12,31,298
23398,9/2/2015 21:00,12,31,297
23399,9/2/2015 22:00,12,31,296
23400,9/2/2015 23:00,12,31,296
23401,9/3/2015 0:00,12,31,296
23402,9/3/2015 1:00,12,31,296
23403,9/3/2015 2:00,12,31,296
23404,9/3/2015 3:00,12,31,296
23405,9/3/2015 4:00,12,31,296
23406,9/3/2015 5:00,12,31,296
23407,9/3/2015 6:00,12,31,296
23408,9/3/2015 7:00,12,31,296
23409,9/3/2015 8:00,12,31,296
23410,9/3/2015 9:00,12,31,296
23411,9/3/2015 10:00,12,31,296
23412,9/3/2015 11:00,12,31,296
23413,9/3/2015 12:00,12,31,296
23414,9/3/2015 13:00,12,31,296
23415,9/3/2015 14:00,12,31,296
23416,9/3/2015 15:00,12,31,296
23417,9/3/2015 16:00,12,31,296
23418,9/3/2015 17:00,12,31,291
23419,9/3/2015 18:00,12,31,296
23420,9/3/2015 19:00,11,31,297
23421,9/3/2015 20:00,12,31,294
23422,9/3/2015 21:00,12,31,296
23423,9/3/2015 22:00,12,31,296
23424,9/3/2015 23:00,12,31,297
23425,9/4/2015 0:00,13,31,297
23426,9/4/2015 1:00,12,31,298
23427,9/4/2015 2:00,12,31,297
23428,9/4/2015 3:00,12,31,297
23429,9/4/2015 4:00,12,31,298
23430,9/4/2015 5:00,12,31,297
23431,9/4/2015 6:00,12,31,298
23432,9/4/2015 7:00,12,31,298
23433,9/4/2015 8:00,12,31,297
23434,9/4/2015 9:00,12,31,296
23435,9/4/2015 10:00,12,31,296
23436,9/4/2015 11:00,11,31,296
23437,9/4/2015 12:00,11,31,296
23438,9/4/2015 13:00,11,31,294
23439,9/4/2015 14:00,12,31,295
23440,9/4/2015 15:00,11,31,295
23441,9/4/2015 16:00,11,31,295
23442,9/4/2015 17:00,12,31,295
23443,9/4/2015 18:00,12,31,294
23444,9/4/2015 19:00,12,31,294
23445,9/4/2015 20:00,12,31,293
23446,9/4/2015 21:00,12,31,295
23447,9/4/2015 22:00,12,31,294
23448,9/4/2015 23:00,12,31,294
23449,9/5/2015 0:00,12,31,294
23450,9/5/2015 1:00,12,31,293
23451,9/5/2015 2:00,12,31,293
23452,9/5/2015 3:00,12,31,294
23453,9/5/2015 4:00,12,31,294
23454,9/5/2015 5:00,12,31,293
23455,9/5/2015 6:00,12,31,293
23456,9/5/2015 7:00,12,31,294
23457,9/5/2015 8:00,12,31,294
23458,9/5/2015 9:00,11,31,294
23459,9/5/2015 10:00,13,31,294
23460,9/5/2015 11:00,13,31,294
23461,9/5/2015 12:00,12,31,293
23462,9/5/2015 13:00,12,31,291
23463,9/5/2015 14:00,12,31,294
23464,9/5/2015 15:00,12,31,294
23465,9/5/2015 16:00,12,31,294
23466,9/5/2015 17:00,10,32,294
23467,9/5/2015 18:00,12,31,294
23468,9/5/2015 19:00,12,31,295
23469,9/5/2015 20:00,12,31,294
23470,9/5/2015 21:00,12,31,294
23471,9/5/2015 22:00,12,31,294
23472,9/5/2015 23:00,12,31,293
23473,9/6/2015 0:00,12,31,291
23474,9/6/2015 1:00,12,31,295
23475,9/6/2015 2:00,12,31,295
23476,9/6/2015 3:00,12,31,294
23477,9/6/2015 4:00,12,31,291
23478,9/6/2015 5:00,12,31,291
23479,9/6/2015 6:00,12,31,291
23480,9/6/2015 7:00,12,31,293
23481,9/6/2015 8:00,12,31,294
23482,9/6/2015 9:00,12,31,296
23483,9/6/2015 10:00,12,31,296
23484,9/6/2015 11:00,12,31,297
23485,9/6/2015 12:00,12,31,298
23486,9/6/2015 13:00,12,31,298
23487,9/6/2015 14:00,12,31,298
23488,9/6/2015 15:00,12,31,298
23489,9/6/2015 16:00,12,31,298
23490,9/6/2015 17:00,12,31,298
23491,9/6/2015 18:00,12,31,298
23492,9/6/2015 19:00,12,31,298
23493,9/6/2015 20:00,12,31,298
23494,9/6/2015 21:00,12,31,298
23495,9/6/2015 22:00,12,31,298
23496,9/6/2015 23:00,12,31,298
23497,9/7/2015 0:00,12,31,298
23498,9/7/2015 1:00,12,31,298
23499,9/7/2015 2:00,12,31,298
23500,9/7/2015 3:00,12,31,298
23501,9/7/2015 4:00,10,31,298
23502,9/7/2015 5:00,12,31,297
23503,9/7/2015 6:00,12,31,297
23504,9/7/2015 7:00,12,31,297
23505,9/7/2015 8:00,12,31,296
23506,9/7/2015 9:00,12,31,296
23507,9/7/2015 10:00,12,31,296
23508,9/7/2015 11:00,12,31,295
23509,9/7/2015 12:00,12,31,295
23510,9/7/2015 13:00,12,31,295
23511,9/7/2015 14:00,12,31,294
23512,9/7/2015 15:00,12,31,294
23513,9/7/2015 16:00,12,31,294
23514,9/7/2015 17:00,12,31,294
23515,9/7/2015 18:00,12,31,294
23516,9/7/2015 19:00,12,31,294
23517,9/7/2015 20:00,12,31,294
23518,9/7/2015 21:00,12,31,293
23519,9/7/2015 22:00,12,31,293
23520,9/7/2015 23:00,10,31,293
23521,9/8/2015 0:00,11,31,293
23522,9/8/2015 1:00,12,31,293
23523,9/8/2015 2:00,10,31,292
23524,9/8/2015 3:00,12,31,286
23525,9/8/2015 4:00,15,31,289
23526,9/8/2015 5:00,12,31,289
23527,9/8/2015 6:00,12,31,287
23528,9/8/2015 7:00,12,31,290
23529,9/8/2015 8:00,12,31,290
23530,9/8/2015 9:00,12,31,290
23531,9/8/2015 10:00,12,31,290
23532,9/8/2015 11:00,12,31,287
23533,9/8/2015 12:00,12,31,287
23534,9/8/2015 13:00,13,31,285
23535,9/8/2015 14:00,11,31,289
23536,9/8/2015 15:00,12,31,289
23537,9/8/2015 16:00,12,31,289
23538,9/8/2015 17:00,12,31,290
23539,9/8/2015 18:00,12,31,290
23540,9/8/2015 19:00,12,31,291
23541,9/8/2015 20:00,12,31,291
23542,9/8/2015 21:00,12,31,290
23543,9/8/2015 22:00,12,31,289
23544,9/8/2015 23:00,12,31,291
23545,9/9/2015 0:00,13,31,290
23546,9/9/2015 1:00,12,31,290
23547,9/9/2015 2:00,12,31,289
23548,9/9/2015 3:00,12,31,286
23549,9/9/2015 4:00,11,31,288
23550,9/9/2015 5:00,12,31,289
23551,9/9/2015 6:00,12,31,289
23552,9/9/2015 7:00,12,31,288
23553,9/9/2015 8:00,12,31,287
23554,9/9/2015 9:00,12,31,288
23555,9/9/2015 10:00,12,31,287
23556,9/9/2015 11:00,12,31,289
23557,9/9/2015 12:00,12,31,290
23558,9/9/2015 13:00,12,31,291
23559,9/9/2015 14:00,12,31,291
23560,9/9/2015 15:00,12,31,291
23561,9/9/2015 16:00,12,31,292
23562,9/9/2015 17:00,12,31,289
23563,9/9/2015 18:00,12,31,286
23564,9/9/2015 19:00,12,31,285
23565,9/9/2015 20:00,12,31,289
23566,9/9/2015 21:00,12,31,277
23567,9/9/2015 22:00,12,31,281
23568,9/9/2015 23:00,12,31,278
23569,9/10/2015 0:00,12,31,276
23570,9/10/2015 1:00,12,31,285
23571,9/10/2015 2:00,15,31,285
23572,9/10/2015 3:00,12,31,285
23573,9/10/2015 4:00,12,31,277
23574,9/10/2015 5:00,14,31,277
23575,9/10/2015 6:00,14,31,276
23576,9/10/2015 7:00,12,31,276
23577,9/10/2015 8:00,12,31,275
23578,9/10/2015 9:00,12,31,274
23579,9/10/2015 10:00,12,31,273
23580,9/10/2015 11:00,12,31,273
23581,9/10/2015 12:00,12,31,270
23582,9/10/2015 13:00,12,31,273
23583,9/10/2015 14:00,12,31,274
23584,9/10/2015 15:00,12,31,281
23585,9/10/2015 16:00,12,31,272
23586,9/10/2015 17:00,12,31,272
23587,9/10/2015 18:00,12,31,275
23588,9/10/2015 19:00,12,31,276
23589,9/10/2015 20:00,12,31,276
23590,9/10/2015 21:00,12,31,277
23591,9/10/2015 22:00,12,31,278
23592,9/10/2015 23:00,12,31,278
23593,9/11/2015 0:00,14,31,281
23594,9/11/2015 1:00,12,31,281
23595,9/11/2015 2:00,12,31,281
23596,9/11/2015 3:00,12,31,281
23597,9/11/2015 4:00,12,31,281
23598,9/11/2015 5:00,12,33,281
23599,9/11/2015 6:00,12,31,287
23600,9/11/2015 7:00,12,31,288
23601,9/11/2015 8:00,13,31,282
23602,9/11/2015 9:00,9,31,281
23603,9/11/2015 10:00,12,31,281
23604,9/11/2015 11:00,12,31,281
23605,9/11/2015 12:00,28,31,281
23606,9/11/2015 13:00,12,31,281
23607,9/11/2015 14:00,12,31,281
23608,9/11/2015 15:00,12,31,281
23609,9/11/2015 16:00,12,31,281
23610,9/11/2015 17:00,12,33,281
23611,9/11/2015 18:00,12,31,281
23612,9/11/2015 19:00,12,31,286
23613,9/11/2015 20:00,12,31,287
23614,9/11/2015 21:00,12,31,283
23615,9/11/2015 22:00,12,31,282
23616,9/11/2015 23:00,12,31,281
23617,9/12/2015 0:00,12,31,281
23618,9/12/2015 1:00,12,31,281
23619,9/12/2015 2:00,12,31,281
23620,9/12/2015 3:00,15,31,279
23621,9/12/2015 4:00,12,31,278
23622,9/12/2015 5:00,12,31,280
23623,9/12/2015 6:00,12,31,279
23624,9/12/2015 7:00,12,33,279
23625,9/12/2015 8:00,12,31,279
23626,9/12/2015 9:00,12,31,279
23627,9/12/2015 10:00,12,31,278
23628,9/12/2015 11:00,12,31,278
23629,9/12/2015 12:00,12,31,278
23630,9/12/2015 13:00,12,31,278
23631,9/12/2015 14:00,12,31,278
23632,9/12/2015 15:00,12,31,278
23633,9/12/2015 16:00,12,31,278
23634,9/12/2015 17:00,10,31,278
23635,9/12/2015 18:00,15,31,278
23636,9/12/2015 19:00,12,31,278
23637,9/12/2015 20:00,12,31,278
23638,9/12/2015 21:00,12,31,278
23639,9/12/2015 22:00,12,31,278
23640,9/12/2015 23:00,12,31,279
23641,9/13/2015 0:00,15,31,284
23642,9/13/2015 1:00,12,31,285
23643,9/13/2015 2:00,12,31,286
23644,9/13/2015 3:00,12,31,286
23645,9/13/2015 4:00,12,33,284
23646,9/13/2015 5:00,12,31,282
23647,9/13/2015 6:00,12,31,282
23648,9/13/2015 7:00,11,31,281
23649,9/13/2015 8:00,12,31,281
23650,9/13/2015 9:00,12,31,280
23651,9/13/2015 10:00,12,31,279
23652,9/13/2015 11:00,12,31,278
23653,9/13/2015 12:00,12,31,278
23654,9/13/2015 13:00,12,31,278
23655,9/13/2015 14:00,12,31,278
23656,9/13/2015 15:00,12,31,278
23657,9/13/2015 16:00,12,31,278
23658,9/13/2015 17:00,12,31,278
23659,9/13/2015 18:00,12,31,277
23660,9/13/2015 19:00,12,31,277
23661,9/13/2015 20:00,12,31,283
23662,9/13/2015 21:00,12,31,284
23663,9/13/2015 22:00,12,31,284
23664,9/13/2015 23:00,12,31,284
23665,9/14/2015 0:00,12,31,283
23666,9/14/2015 1:00,12,31,283
23667,9/14/2015 2:00,12,31,283
23668,9/14/2015 3:00,12,31,283
23669,9/14/2015 4:00,12,31,283
23670,9/14/2015 5:00,12,31,283
23671,9/14/2015 6:00,12,31,283
23672,9/14/2015 7:00,12,31,283
23673,9/14/2015 8:00,12,31,283
23674,9/14/2015 9:00,12,31,283
23675,9/14/2015 10:00,12,31,283
23676,9/14/2015 11:00,12,31,283
23677,9/14/2015 12:00,12,31,283
23678,9/14/2015 13:00,12,31,283
23679,9/14/2015 14:00,12,31,283
23680,9/14/2015 15:00,12,31,283
23681,9/14/2015 16:00,12,31,283
23682,9/14/2015 17:00,12,31,283
23683,9/14/2015 18:00,12,31,283
23684,9/14/2015 19:00,12,31,283
23685,9/14/2015 20:00,12,31,283
23686,9/14/2015 21:00,13,31,283
23687,9/14/2015 22:00,12,31,283
23688,9/14/2015 23:00,12,31,283
23689,9/15/2015 0:00,12,31,283
23690,9/15/2015 1:00,12,31,283
23691,9/15/2015 2:00,12,31,283
23692,9/15/2015 3:00,12,31,283
23693,9/15/2015 4:00,11,31,283
23694,9/15/2015 5:00,12,31,283
23695,9/15/2015 6:00,12,31,283
23696,9/15/2015 7:00,12,31,283
23697,9/15/2015 8:00,12,31,283
23698,9/15/2015 9:00,12,31,283
23699,9/15/2015 10:00,12,31,283
23700,9/15/2015 11:00,12,31,282
23701,9/15/2015 12:00,12,31,283
23702,9/15/2015 13:00,12,31,283
23703,9/15/2015 14:00,12,31,282
23704,9/15/2015 15:00,12,31,283
23705,9/15/2015 16:00,12,31,283
23706,9/15/2015 17:00,12,31,283
23707,9/15/2015 18:00,12,31,283
23708,9/15/2015 19:00,12,31,283
23709,9/15/2015 20:00,12,31,283
23710,9/15/2015 21:00,12,31,283
23711,9/15/2015 22:00,12,31,283
23712,9/15/2015 23:00,12,31,282
23713,9/16/2015 0:00,12,31,282
23714,9/16/2015 1:00,12,31,282
23715,9/16/2015 2:00,12,31,282
23716,9/16/2015 3:00,12,31,282
23717,9/16/2015 4:00,12,31,285
23718,9/16/2015 5:00,12,31,285
23719,9/16/2015 6:00,11,31,285
23720,9/16/2015 7:00,12,31,285
23721,9/16/2015 8:00,12,31,285
23722,9/16/2015 9:00,12,31,284
23723,9/16/2015 10:00,12,31,283
23724,9/16/2015 11:00,12,31,283
23725,9/16/2015 12:00,12,31,282
23726,9/16/2015 13:00,12,31,282
23727,9/16/2015 14:00,12,31,282
23728,9/16/2015 15:00,12,31,281
23729,9/16/2015 16:00,13,31,281
23730,9/16/2015 17:00,12,31,281
23731,9/16/2015 18:00,12,31,281
23732,9/16/2015 19:00,12,31,281
23733,9/16/2015 20:00,11,31,281
23734,9/16/2015 21:00,11,31,281
23735,9/16/2015 22:00,12,31,281
23736,9/16/2015 23:00,12,31,281
23737,9/17/2015 0:00,12,31,281
23738,9/17/2015 1:00,12,31,281
23739,9/17/2015 2:00,12,31,281
23740,9/17/2015 3:00,11,31,281
23741,9/17/2015 4:00,11,33,281
23742,9/17/2015 5:00,12,31,281
23743,9/17/2015 6:00,12,31,281
23744,9/17/2015 7:00,12,31,281
23745,9/17/2015 8:00,11,31,281
23746,9/17/2015 9:00,12,31,281
23747,9/17/2015 10:00,12,31,281
23748,9/17/2015 11:00,12,31,281
23749,9/17/2015 12:00,11,31,280
23750,9/17/2015 13:00,12,31,280
23751,9/17/2015 14:00,12,31,280
23752,9/17/2015 15:00,11,31,279
23753,9/17/2015 16:00,12,31,279
23754,9/17/2015 17:00,12,31,279
23755,9/17/2015 18:00,12,31,279
23756,9/17/2015 19:00,12,31,279
23757,9/17/2015 20:00,12,31,280
23758,9/17/2015 21:00,12,31,280
23759,9/17/2015 22:00,12,31,280
23760,9/17/2015 23:00,12,31,281
23761,9/18/2015 0:00,12,31,280
23762,9/18/2015 1:00,11,31,281
23763,9/18/2015 2:00,12,31,281
23764,9/18/2015 3:00,12,31,281
23765,9/18/2015 4:00,13,31,281
23766,9/18/2015 5:00,11,31,281
23767,9/18/2015 6:00,12,31,281
23768,9/18/2015 7:00,12,31,281
23769,9/18/2015 8:00,11,31,281
23770,9/18/2015 9:00,11,31,281
23771,9/18/2015 10:00,12,31,281
23772,9/18/2015 11:00,11,31,281
23773,9/18/2015 12:00,12,31,281
23774,9/18/2015 13:00,12,31,281
23775,9/18/2015 14:00,11,31,281
23776,9/18/2015 15:00,11,31,281
23777,9/18/2015 16:00,12,31,281
23778,9/18/2015 17:00,11,31,281
23779,9/18/2015 18:00,12,31,281
23780,9/18/2015 19:00,12,31,281
23781,9/18/2015 20:00,11,31,281
23782,9/18/2015 21:00,12,31,281
23783,9/18/2015 22:00,11,31,281
23784,9/18/2015 23:00,12,31,281
23785,9/19/2015 0:00,12,31,282
23786,9/19/2015 1:00,12,31,283
23787,9/19/2015 2:00,11,31,282
23788,9/19/2015 3:00,12,31,283
23789,9/19/2015 4:00,11,31,283
23790,9/19/2015 5:00,12,31,283
23791,9/19/2015 6:00,12,31,283
23792,9/19/2015 7:00,11,31,283
23793,9/19/2015 8:00,11,31,283
23794,9/19/2015 9:00,13,31,283
23795,9/19/2015 10:00,12,31,283
23796,9/19/2015 11:00,11,31,283
23797,9/19/2015 12:00,12,31,283
23798,9/19/2015 13:00,12,31,283
23799,9/19/2015 14:00,12,31,283
23800,9/19/2015 15:00,12,31,283
23801,9/19/2015 16:00,12,31,283
23802,9/19/2015 17:00,12,31,283
23803,9/19/2015 18:00,12,31,283
23804,9/19/2015 19:00,11,31,283
23805,9/19/2015 20:00,12,31,283
23806,9/19/2015 21:00,12,31,282
23807,9/19/2015 22:00,12,31,283
23808,9/19/2015 23:00,12,31,283
23809,9/20/2015 0:00,12,31,283
23810,9/20/2015 1:00,12,31,282
23811,9/20/2015 2:00,11,31,283
23812,9/20/2015 3:00,12,31,283
23813,9/20/2015 4:00,11,31,283
23814,9/20/2015 5:00,11,31,283
23815,9/20/2015 6:00,11,31,282
23816,9/20/2015 7:00,11,31,283
23817,9/20/2015 8:00,12,31,282
23818,9/20/2015 9:00,12,31,283
23819,9/20/2015 10:00,12,31,283
23820,9/20/2015 11:00,12,31,282
23821,9/20/2015 12:00,12,31,283
23822,9/20/2015 13:00,11,31,282
23823,9/20/2015 14:00,12,31,283
23824,9/20/2015 15:00,12,31,283
23825,9/20/2015 16:00,12,31,282
23826,9/20/2015 17:00,13,31,282
23827,9/20/2015 18:00,11,31,283
23828,9/20/2015 19:00,12,31,283
23829,9/20/2015 20:00,11,31,283
23830,9/20/2015 21:00,11,31,283
23831,9/20/2015 22:00,12,31,283
23832,9/20/2015 23:00,11,31,283
23833,9/21/2015 0:00,11,31,282
23834,9/21/2015 1:00,12,31,282
23835,9/21/2015 2:00,12,31,282
23836,9/21/2015 3:00,12,31,282
23837,9/21/2015 4:00,12,31,283
23838,9/21/2015 5:00,12,31,282
23839,9/21/2015 6:00,12,31,283
23840,9/21/2015 7:00,12,31,283
23841,9/21/2015 8:00,12,31,283
23842,9/21/2015 9:00,12,31,283
23843,9/21/2015 10:00,12,31,283
23844,9/21/2015 11:00,11,31,283
23845,9/21/2015 12:00,11,31,283
23846,9/21/2015 13:00,12,31,283
23847,9/21/2015 14:00,12,31,283
23848,9/21/2015 15:00,12,31,283
23849,9/21/2015 16:00,12,31,283
23850,9/21/2015 17:00,12,31,285
23851,9/21/2015 18:00,11,31,285
23852,9/21/2015 19:00,11,31,286
23853,9/21/2015 20:00,12,31,284
23854,9/21/2015 21:00,12,31,283
23855,9/21/2015 22:00,11,31,282
23856,9/21/2015 23:00,11,31,282
23857,9/22/2015 0:00,12,31,281
23858,9/22/2015 1:00,11,31,281
23859,9/22/2015 2:00,11,30,281
23860,9/22/2015 3:00,12,32,281
23861,9/22/2015 4:00,11,32,280
23862,9/22/2015 5:00,12,31,278
23863,9/22/2015 6:00,11,31,278
23864,9/22/2015 7:00,11,32,278
23865,9/22/2015 8:00,12,31,278
23866,9/22/2015 9:00,12,31,278
23867,9/22/2015 10:00,11,31,278
23868,9/22/2015 11:00,12,31,278
23869,9/22/2015 12:00,11,32,278
23870,9/22/2015 13:00,12,32,278
23871,9/22/2015 14:00,12,32,278
23872,9/22/2015 15:00,11,32,278
23873,9/22/2015 16:00,11,32,278
23874,9/22/2015 17:00,12,32,278
23875,9/22/2015 18:00,11,32,277
23876,9/22/2015 19:00,12,32,277
23877,9/22/2015 20:00,12,32,277
23878,9/22/2015 21:00,11,32,277
23879,9/22/2015 22:00,12,32,277
23880,9/22/2015 23:00,12,31,277
23881,9/23/2015 0:00,11,32,277
23882,9/23/2015 1:00,11,32,278
23883,9/23/2015 2:00,12,32,277
23884,9/23/2015 3:00,11,32,278
23885,9/23/2015 4:00,12,31,277
23886,9/23/2015 5:00,12,32,277
23887,9/23/2015 6:00,11,32,277
23888,9/23/2015 7:00,12,30,277
23889,9/23/2015 8:00,12,32,277
23890,9/23/2015 9:00,11,32,277
23891,9/23/2015 10:00,12,30,277
23892,9/23/2015 11:00,12,32,277
23893,9/23/2015 12:00,11,32,277
23894,9/23/2015 13:00,12,32,278
23895,9/23/2015 14:00,12,32,277
23896,9/23/2015 15:00,11,32,277
23897,9/23/2015 16:00,12,32,277
23898,9/23/2015 17:00,11,32,278
23899,9/23/2015 18:00,12,32,278
23900,9/23/2015 19:00,11,31,278
23901,9/23/2015 20:00,12,32,278
23902,9/23/2015 21:00,11,32,278
23903,9/23/2015 22:00,12,31,277
23904,9/23/2015 23:00,12,31,277
23905,9/24/2015 0:00,12,32,277
23906,9/24/2015 1:00,12,32,277
23907,9/24/2015 2:00,12,31,277
23908,9/24/2015 3:00,12,32,277
23909,9/24/2015 4:00,11,31,277
23910,9/24/2015 5:00,11,31,277
23911,9/24/2015 6:00,11,32,277
23912,9/24/2015 7:00,12,32,276
23913,9/24/2015 8:00,11,32,276
23914,9/24/2015 9:00,12,32,276
23915,9/24/2015 10:00,12,32,277
23916,9/24/2015 11:00,12,30,276
23917,9/24/2015 12:00,12,32,276
23918,9/24/2015 13:00,12,32,277
23919,9/24/2015 14:00,11,31,277
23920,9/24/2015 15:00,12,30,276
23921,9/24/2015 16:00,13,31,276
23922,9/24/2015 17:00,13,31,276
23923,9/24/2015 18:00,12,32,276
23924,9/24/2015 19:00,11,32,276
23925,9/24/2015 20:00,12,32,276
23926,9/24/2015 21:00,12,30,276
23927,9/24/2015 22:00,11,32,276
23928,9/24/2015 23:00,12,31,276
23929,9/25/2015 0:00,12,31,275
23930,9/25/2015 1:00,12,32,275
23931,9/25/2015 2:00,13,32,275
23932,9/25/2015 3:00,12,32,275
23933,9/25/2015 4:00,12,30,274
23934,9/25/2015 5:00,12,31,274
23935,9/25/2015 6:00,12,32,275
23936,9/25/2015 7:00,12,31,273
23937,9/25/2015 8:00,12,32,275
23938,9/25/2015 9:00,12,31,273
23939,9/25/2015 10:00,12,32,273
23940,9/25/2015 11:00,11,32,274
23941,9/25/2015 12:00,12,32,273
23942,9/25/2015 13:00,12,31,273
23943,9/25/2015 14:00,11,31,273
23944,9/25/2015 15:00,12,32,273
23945,9/25/2015 16:00,12,32,273
23946,9/25/2015 17:00,11,32,275
23947,9/25/2015 18:00,12,32,274
23948,9/25/2015 19:00,13,31,274
23949,9/25/2015 20:00,12,32,274
23950,9/25/2015 21:00,11,31,274
23951,9/25/2015 22:00,12,31,275
23952,9/25/2015 23:00,12,32,275
23953,9/26/2015 0:00,12,31,275
23954,9/26/2015 1:00,11,31,276
23955,9/26/2015 2:00,12,31,275
23956,9/26/2015 3:00,12,32,275
23957,9/26/2015 4:00,11,31,276
23958,9/26/2015 5:00,12,32,276
23959,9/26/2015 6:00,12,31,275
23960,9/26/2015 7:00,12,31,275
23961,9/26/2015 8:00,12,32,275
23962,9/26/2015 9:00,12,30,275
23963,9/26/2015 10:00,12,32,275
23964,9/26/2015 11:00,12,31,275
23965,9/26/2015 12:00,12,31,275
23966,9/26/2015 13:00,12,31,276
23967,9/26/2015 14:00,12,32,276
23968,9/26/2015 15:00,12,32,276
23969,9/26/2015 16:00,12,32,276
23970,9/26/2015 17:00,11,31,276
23971,9/26/2015 18:00,11,32,276
23972,9/26/2015 19:00,11,31,277
23973,9/26/2015 20:00,11,31,277
23974,9/26/2015 21:00,12,30,276
23975,9/26/2015 22:00,12,32,277
23976,9/26/2015 23:00,12,31,276
23977,9/27/2015 0:00,12,32,277
23978,9/27/2015 1:00,12,31,276
23979,9/27/2015 2:00,12,31,276
23980,9/27/2015 3:00,12,30,276
23981,9/27/2015 4:00,12,30,276
23982,9/27/2015 5:00,11,30,276
23983,9/27/2015 6:00,12,34,276
23984,9/27/2015 7:00,12,31,276
23985,9/27/2015 8:00,12,31,276
23986,9/27/2015 9:00,12,32,276
23987,9/27/2015 10:00,13,32,277
23988,9/27/2015 11:00,12,31,276
23989,9/27/2015 12:00,12,31,276
23990,9/27/2015 13:00,12,32,277
23991,9/27/2015 14:00,12,31,277
23992,9/27/2015 15:00,12,32,277
23993,9/27/2015 16:00,12,31,276
23994,9/27/2015 17:00,11,31,277
23995,9/27/2015 18:00,12,31,277
23996,9/27/2015 19:00,12,32,277
23997,9/27/2015 20:00,12,31,277
23998,9/27/2015 21:00,12,31,277
23999,9/27/2015 22:00,12,31,276
24000,9/27/2015 23:00,12,32,277
24001,9/28/2015 0:00,12,30,276
24002,9/28/2015 1:00,12,32,276
24003,9/28/2015 2:00,12,31,276
24004,9/28/2015 3:00,12,31,275
24005,9/28/2015 4:00,12,32,276
24006,9/28/2015 5:00,12,31,275
24007,9/28/2015 6:00,12,31,275
24008,9/28/2015 7:00,12,32,275
24009,9/28/2015 8:00,12,31,275
24010,9/28/2015 9:00,13,32,275
24011,9/28/2015 10:00,12,32,275
24012,9/28/2015 11:00,12,32,275
24013,9/28/2015 12:00,12,31,275
24014,9/28/2015 13:00,11,31,276
24015,9/28/2015 14:00,11,30,276
24016,9/28/2015 15:00,11,31,275
24017,9/28/2015 16:00,12,32,275
24018,9/28/2015 17:00,11,31,276
24019,9/28/2015 18:00,11,32,275
24020,9/28/2015 19:00,12,32,275
24021,9/28/2015 20:00,12,32,275
24022,9/28/2015 21:00,11,31,275
24023,9/28/2015 22:00,12,30,276
24024,9/28/2015 23:00,11,30,275
24025,9/29/2015 0:00,12,31,275
24026,9/29/2015 1:00,12,32,276
24027,9/29/2015 2:00,12,31,276
24028,9/29/2015 3:00,12,31,276
24029,9/29/2015 4:00,12,31,275
24030,9/29/2015 5:00,11,31,275
24031,9/29/2015 6:00,11,33,275
24032,9/29/2015 7:00,11,30,276
24033,9/29/2015 8:00,12,30,276
24034,9/29/2015 9:00,11,31,276
24035,9/29/2015 10:00,12,31,276
24036,9/29/2015 11:00,11,30,276
24037,9/29/2015 12:00,12,31,275
24038,9/29/2015 13:00,11,31,275
24039,9/29/2015 14:00,12,31,276
24040,9/29/2015 15:00,11,31,275
24041,9/29/2015 16:00,12,30,275
24042,9/29/2015 17:00,11,31,276
24043,9/29/2015 18:00,12,31,276
24044,9/29/2015 19:00,12,31,275
24045,9/29/2015 20:00,11,31,276
24046,9/29/2015 21:00,12,31,275
24047,9/29/2015 22:00,12,31,276
24048,9/29/2015 23:00,12,30,276
24049,9/30/2015 0:00,12,31,276
24050,9/30/2015 1:00,11,31,276
24051,9/30/2015 2:00,12,31,276
24052,9/30/2015 3:00,12,31,276
24053,9/30/2015 4:00,12,31,275
24054,9/30/2015 5:00,12,31,275
24055,9/30/2015 6:00,11,31,274
24056,9/30/2015 7:00,12,31,276
24057,9/30/2015 8:00,11,31,273
24058,9/30/2015 9:00,12,30,273
24059,9/30/2015 10:00,11,31,272
24060,9/30/2015 11:00,11,30,272
24061,9/30/2015 12:00,11,31,272
24062,9/30/2015 13:00,12,31,272
24063,9/30/2015 14:00,11,31,272
24064,9/30/2015 15:00,12,31,272
24065,9/30/2015 16:00,12,30,273
24066,9/30/2015 17:00,12,31,273
24067,9/30/2015 18:00,12,31,272
24068,9/30/2015 19:00,11,31,273
24069,9/30/2015 20:00,11,31,273
24070,9/30/2015 21:00,12,31,272
24071,9/30/2015 22:00,12,31,273
24072,9/30/2015 23:00,12,31,273
24073,10/1/2015 0:00,12,31,272
24074,10/1/2015 1:00,12,31,272
24075,10/1/2015 2:00,12,31,272
24076,10/1/2015 3:00,12,31,273
24077,10/1/2015 4:00,12,31,273
24078,10/1/2015 5:00,11,30,272
24079,10/1/2015 6:00,12,31,272
24080,10/1/2015 7:00,12,31,272
24081,10/1/2015 8:00,12,31,270
24082,10/1/2015 9:00,11,31,270
24083,10/1/2015 10:00,12,31,270
24084,10/1/2015 11:00,11,31,270
24085,10/1/2015 12:00,12,31,270
24086,10/1/2015 13:00,11,31,270
24087,10/1/2015 14:00,12,31,269
24088,10/1/2015 15:00,11,31,273
24089,10/1/2015 16:00,11,31,269
24090,10/1/2015 17:00,12,30,269
24091,10/1/2015 18:00,12,31,269
24092,10/1/2015 19:00,11,31,269
24093,10/1/2015 20:00,12,31,269
24094,10/1/2015 21:00,11,31,269
24095,10/1/2015 22:00,12,31,269
24096,10/1/2015 23:00,11,31,269
24097,10/2/2015 0:00,12,31,269
24098,10/2/2015 1:00,11,31,269
24099,10/2/2015 2:00,11,31,269
24100,10/2/2015 3:00,11,31,269
24101,10/2/2015 4:00,12,31,269
24102,10/2/2015 5:00,11,31,269
24103,10/2/2015 6:00,12,31,269
24104,10/2/2015 7:00,12,31,269
24105,10/2/2015 8:00,11,31,269
24106,10/2/2015 9:00,11,31,269
24107,10/2/2015 10:00,12,31,268
24108,10/2/2015 11:00,12,31,269
24109,10/2/2015 12:00,12,31,268
24110,10/2/2015 13:00,12,31,268
24111,10/2/2015 14:00,12,31,269
24112,10/2/2015 15:00,11,30,269
24113,10/2/2015 16:00,12,30,269
24114,10/2/2015 17:00,12,31,269
24115,10/2/2015 18:00,12,31,269
24116,10/2/2015 19:00,12,31,269
24117,10/2/2015 20:00,12,31,268
24118,10/2/2015 21:00,11,31,267
24119,10/2/2015 22:00,12,30,270
24120,10/2/2015 23:00,12,30,269
24121,10/3/2015 0:00,12,31,268
24122,10/3/2015 1:00,12,31,267
24123,10/3/2015 2:00,12,31,269
24124,10/3/2015 3:00,12,31,270
24125,10/3/2015 4:00,11,31,270
24126,10/3/2015 5:00,12,31,272
24127,10/3/2015 6:00,12,31,269
24128,10/3/2015 7:00,12,31,270
24129,10/3/2015 8:00,12,31,273
24130,10/3/2015 9:00,12,30,274
24131,10/3/2015 10:00,11,31,273
24132,10/3/2015 11:00,12,31,274
24133,10/3/2015 12:00,12,31,276
24134,10/3/2015 13:00,11,31,274
24135,10/3/2015 14:00,12,31,276
24136,10/3/2015 15:00,12,31,274
24137,10/3/2015 16:00,11,30,276
24138,10/3/2015 17:00,12,31,276
24139,10/3/2015 18:00,11,31,275
24140,10/3/2015 19:00,12,31,273
24141,10/3/2015 20:00,12,31,273
24142,10/3/2015 21:00,12,30,272
24143,10/3/2015 22:00,11,30,286
24144,10/3/2015 23:00,12,31,290
24145,10/4/2015 0:00,11,31,291
24146,10/4/2015 1:00,12,31,293
24147,10/4/2015 2:00,11,30,294
24148,10/4/2015 3:00,11,31,295
24149,10/4/2015 4:00,11,31,295
24150,10/4/2015 5:00,12,31,296
24151,10/4/2015 6:00,12,31,296
24152,10/4/2015 7:00,12,31,296
24153,10/4/2015 8:00,12,31,297
24154,10/4/2015 9:00,12,31,298
24155,10/4/2015 10:00,12,31,298
24156,10/4/2015 11:00,12,31,298
24157,10/4/2015 12:00,12,31,298
24158,10/4/2015 13:00,12,31,298
24159,10/4/2015 14:00,12,31,298
24160,10/4/2015 15:00,12,31,298
24161,10/4/2015 16:00,12,31,298
24162,10/4/2015 17:00,12,31,298
24163,10/4/2015 18:00,11,31,298
24164,10/4/2015 19:00,12,31,298
24165,10/4/2015 20:00,12,31,298
24166,10/4/2015 21:00,12,31,298
24167,10/4/2015 22:00,12,31,298
24168,10/4/2015 23:00,11,31,298
24169,10/5/2015 0:00,11,31,298
24170,10/5/2015 1:00,12,31,298
24171,10/5/2015 2:00,12,31,298
24172,10/5/2015 3:00,12,30,299
24173,10/5/2015 4:00,11,31,299
24174,10/5/2015 5:00,12,31,299
24175,10/5/2015 6:00,12,30,299
24176,10/5/2015 7:00,12,31,299
24177,10/5/2015 8:00,11,31,299
24178,10/5/2015 9:00,12,30,299
24179,10/5/2015 10:00,12,31,299
24180,10/5/2015 11:00,12,31,299
24181,10/5/2015 12:00,12,31,299
24182,10/5/2015 13:00,12,30,299
24183,10/5/2015 14:00,12,31,299
24184,10/5/2015 15:00,12,31,299
24185,10/5/2015 16:00,12,31,299
24186,10/5/2015 17:00,12,31,299
24187,10/5/2015 18:00,12,31,299
24188,10/5/2015 19:00,12,31,299
24189,10/5/2015 20:00,12,31,299
24190,10/5/2015 21:00,12,30,300
24191,10/5/2015 22:00,12,31,299
24192,10/5/2015 23:00,12,31,299
24193,10/6/2015 0:00,12,31,299
24194,10/6/2015 1:00,12,31,299
24195,10/6/2015 2:00,11,31,299
24196,10/6/2015 3:00,12,31,299
24197,10/6/2015 4:00,11,31,299
24198,10/6/2015 5:00,12,31,299
24199,10/6/2015 6:00,12,31,299
24200,10/6/2015 7:00,12,31,299
24201,10/6/2015 8:00,12,31,299
24202,10/6/2015 9:00,12,31,299
24203,10/6/2015 10:00,11,31,299
24204,10/6/2015 11:00,12,31,299
24205,10/6/2015 12:00,12,31,299
24206,10/6/2015 13:00,12,30,299
24207,10/6/2015 14:00,12,30,299
24208,10/6/2015 15:00,11,31,299
24209,10/6/2015 16:00,12,31,299
24210,10/6/2015 17:00,12,31,299
24211,10/6/2015 18:00,12,30,300
24212,10/6/2015 19:00,12,30,300
24213,10/6/2015 20:00,11,31,301
24214,10/6/2015 21:00,12,31,301
24215,10/6/2015 22:00,12,31,301
24216,10/6/2015 23:00,12,31,301
24217,10/7/2015 0:00,12,31,302
24218,10/7/2015 1:00,11,31,302
24219,10/7/2015 2:00,12,31,302
24220,10/7/2015 3:00,12,31,302
24221,10/7/2015 4:00,13,31,302
24222,10/7/2015 5:00,12,31,302
24223,10/7/2015 6:00,11,31,302
24224,10/7/2015 7:00,12,31,302
24225,10/7/2015 8:00,11,31,302
24226,10/7/2015 9:00,12,31,302
24227,10/7/2015 10:00,11,31,302
24228,10/7/2015 11:00,12,31,302
24229,10/7/2015 12:00,12,31,302
24230,10/7/2015 13:00,12,31,302
24231,10/7/2015 14:00,12,31,302
24232,10/7/2015 15:00,12,31,302
24233,10/7/2015 16:00,12,31,301
24234,10/7/2015 17:00,12,31,302
24235,10/7/2015 18:00,12,31,302
24236,10/7/2015 19:00,12,31,302
24237,10/7/2015 20:00,11,31,301
24238,10/7/2015 21:00,12,31,301
24239,10/7/2015 22:00,12,31,301
24240,10/7/2015 23:00,12,31,301
24241,10/8/2015 0:00,12,31,301
24242,10/8/2015 1:00,11,31,301
24243,10/8/2015 2:00,11,31,301
24244,10/8/2015 3:00,12,31,301
24245,10/8/2015 4:00,12,31,300
24246,10/8/2015 5:00,11,31,300
24247,10/8/2015 6:00,12,30,301
24248,10/8/2015 7:00,12,30,300
24249,10/8/2015 8:00,12,30,300
24250,10/8/2015 9:00,12,31,300
24251,10/8/2015 10:00,12,31,300
24252,10/8/2015 11:00,12,31,300
24253,10/8/2015 12:00,12,31,300
24254,10/8/2015 13:00,12,31,300
24255,10/8/2015 14:00,12,31,300
24256,10/8/2015 15:00,12,31,300
24257,10/8/2015 16:00,12,31,300
24258,10/8/2015 17:00,12,31,300
24259,10/8/2015 18:00,12,30,300
24260,10/8/2015 19:00,12,31,300
24261,10/8/2015 20:00,12,31,300
24262,10/8/2015 21:00,12,31,300
24263,10/8/2015 22:00,12,31,301
24264,10/8/2015 23:00,12,30,301
24265,10/9/2015 0:00,12,31,301
24266,10/9/2015 1:00,11,31,301
24267,10/9/2015 2:00,12,31,301
24268,10/9/2015 3:00,12,31,301
24269,10/9/2015 4:00,12,31,301
24270,10/9/2015 5:00,12,31,300
24271,10/9/2015 6:00,12,31,300
24272,10/9/2015 7:00,12,31,300
24273,10/9/2015 8:00,12,31,300
24274,10/9/2015 9:00,12,31,300
24275,10/9/2015 10:00,12,31,299
24276,10/9/2015 11:00,12,31,300
24277,10/9/2015 12:00,12,31,299
24278,10/9/2015 13:00,12,30,299
24279,10/9/2015 14:00,12,31,299
24280,10/9/2015 15:00,11,31,299
24281,10/9/2015 16:00,11,30,299
24282,10/9/2015 17:00,12,30,299
24283,10/9/2015 18:00,12,31,299
24284,10/9/2015 19:00,12,30,299
24285,10/9/2015 20:00,12,31,299
24286,10/9/2015 21:00,12,30,299
24287,10/9/2015 22:00,12,30,298
24288,10/9/2015 23:00,12,31,298
24289,10/10/2015 0:00,11,30,297
24290,10/10/2015 1:00,12,31,296
24291,10/10/2015 2:00,12,31,294
24292,10/10/2015 3:00,12,31,299
24293,10/10/2015 4:00,12,31,300
24294,10/10/2015 5:00,12,32,301
24295,10/10/2015 6:00,12,31,300
24296,10/10/2015 7:00,12,31,301
24297,10/10/2015 8:00,12,31,300
24298,10/10/2015 9:00,12,31,299
24299,10/10/2015 10:00,12,31,301
24300,10/10/2015 11:00,12,31,304
24301,10/10/2015 12:00,11,32,308
24302,10/10/2015 13:00,12,32,307
24303,10/10/2015 14:00,11,31,307
24304,10/10/2015 15:00,11,31,308
24305,10/10/2015 16:00,12,32,308
24306,10/10/2015 17:00,12,31,307
24307,10/10/2015 18:00,12,31,304
24308,10/10/2015 19:00,12,31,304
24309,10/10/2015 20:00,12,31,301
24310,10/10/2015 21:00,11,32,304
24311,10/10/2015 22:00,12,31,298
24312,10/10/2015 23:00,12,31,308
24313,10/11/2015 0:00,12,31,309
24314,10/11/2015 1:00,12,30,310
24315,10/11/2015 2:00,11,31,311
24316,10/11/2015 3:00,12,31,310
24317,10/11/2015 4:00,11,32,310
24318,10/11/2015 5:00,12,31,311
24319,10/11/2015 6:00,12,32,309
24320,10/11/2015 7:00,12,32,308
24321,10/11/2015 8:00,12,32,308
24322,10/11/2015 9:00,11,32,308
24323,10/11/2015 10:00,11,32,309
24324,10/11/2015 11:00,11,32,309
24325,10/11/2015 12:00,12,32,309
24326,10/11/2015 13:00,11,32,308
24327,10/11/2015 14:00,12,32,309
24328,10/11/2015 15:00,11,32,309
24329,10/11/2015 16:00,11,32,309
24330,10/11/2015 17:00,11,32,309
24331,10/11/2015 18:00,11,32,309
24332,10/11/2015 19:00,11,32,309
24333,10/11/2015 20:00,11,32,309
24334,10/11/2015 21:00,11,32,309
24335,10/11/2015 22:00,11,32,309
24336,10/11/2015 23:00,11,30,309
24337,10/12/2015 0:00,11,32,308
24338,10/12/2015 1:00,11,30,308
24339,10/12/2015 2:00,11,32,308
24340,10/12/2015 3:00,11,32,308
24341,10/12/2015 4:00,11,32,307
24342,10/12/2015 5:00,12,32,307
24343,10/12/2015 6:00,11,32,307
24344,10/12/2015 7:00,12,32,305
24345,10/12/2015 8:00,11,32,304
24346,10/12/2015 9:00,11,32,304
24347,10/12/2015 10:00,12,32,305
24348,10/12/2015 11:00,11,32,303
24349,10/12/2015 12:00,11,32,302
24350,10/12/2015 13:00,11,32,297
24351,10/12/2015 14:00,11,32,296
24352,10/12/2015 15:00,11,32,299
24353,10/12/2015 16:00,11,32,302
24354,10/12/2015 17:00,11,32,307
24355,10/12/2015 18:00,11,32,308
24356,10/12/2015 19:00,11,32,309
24357,10/12/2015 20:00,11,31,310
24358,10/12/2015 21:00,11,32,310
24359,10/12/2015 22:00,11,32,311
24360,10/12/2015 23:00,11,32,311
24361,10/13/2015 0:00,11,30,311
24362,10/13/2015 1:00,11,32,312
24363,10/13/2015 2:00,11,32,312
24364,10/13/2015 3:00,11,30,312
24365,10/13/2015 4:00,11,32,312
24366,10/13/2015 5:00,11,32,312
24367,10/13/2015 6:00,11,32,312
24368,10/13/2015 7:00,11,30,312
24369,10/13/2015 8:00,11,32,312
24370,10/13/2015 9:00,11,32,312
24371,10/13/2015 10:00,11,32,312
24372,10/13/2015 11:00,11,32,312
24373,10/13/2015 12:00,11,32,312
24374,10/13/2015 13:00,11,32,312
24375,10/13/2015 14:00,12,32,312
24376,10/13/2015 15:00,12,32,312
24377,10/13/2015 16:00,11,32,311
24378,10/13/2015 17:00,11,32,311
24379,10/13/2015 18:00,11,32,312
24380,10/13/2015 19:00,11,32,312
24381,10/13/2015 20:00,11,30,312
24382,10/13/2015 21:00,11,32,312
24383,10/13/2015 22:00,11,32,312
24384,10/13/2015 23:00,11,32,312
24385,10/14/2015 0:00,11,32,311
24386,10/14/2015 1:00,11,32,311
24387,10/14/2015 2:00,11,32,311
24388,10/14/2015 3:00,11,32,311
24389,10/14/2015 4:00,11,32,311
24390,10/14/2015 5:00,11,32,311
24391,10/14/2015 6:00,11,32,311
24392,10/14/2015 7:00,11,32,311
24393,10/14/2015 8:00,11,32,311
24394,10/14/2015 9:00,11,32,311
24395,10/14/2015 10:00,11,32,310
24396,10/14/2015 11:00,11,32,311
24397,10/14/2015 12:00,11,32,311
24398,10/14/2015 13:00,11,32,309
24399,10/14/2015 14:00,11,32,309
24400,10/14/2015 15:00,11,32,309
24401,10/14/2015 16:00,11,32,309
24402,10/14/2015 17:00,11,32,309
24403,10/14/2015 18:00,11,32,309
24404,10/14/2015 19:00,11,32,309
24405,10/14/2015 20:00,11,32,309
24406,10/14/2015 21:00,11,32,309
24407,10/14/2015 22:00,11,32,309
24408,10/14/2015 23:00,11,32,309
24409,10/15/2015 0:00,11,32,309
24410,10/15/2015 1:00,11,32,309
24411,10/15/2015 2:00,11,32,308
24412,10/15/2015 3:00,11,32,308
24413,10/15/2015 4:00,11,32,307
24414,10/15/2015 5:00,11,32,305
24415,10/15/2015 6:00,11,32,304
24416,10/15/2015 7:00,11,32,303
24417,10/15/2015 8:00,11,32,300
24418,10/15/2015 9:00,11,32,283
24419,10/15/2015 10:00,11,32,302
24420,10/15/2015 11:00,11,32,303
24421,10/15/2015 12:00,11,32,304
24422,10/15/2015 13:00,11,32,306
24423,10/15/2015 14:00,11,32,307
24424,10/15/2015 15:00,11,32,308
24425,10/15/2015 16:00,11,32,308
24426,10/15/2015 17:00,11,30,308
24427,10/15/2015 18:00,11,32,308
24428,10/15/2015 19:00,11,32,309
24429,10/15/2015 20:00,11,32,309
24430,10/15/2015 21:00,11,32,309
24431,10/15/2015 22:00,11,30,309
24432,10/15/2015 23:00,11,32,309
24433,10/16/2015 0:00,11,32,309
24434,10/16/2015 1:00,11,32,310
24435,10/16/2015 2:00,11,32,309
24436,10/16/2015 3:00,11,32,310
24437,10/16/2015 4:00,11,32,310
24438,10/16/2015 5:00,11,32,310
24439,10/16/2015 6:00,11,32,310
24440,10/16/2015 7:00,11,32,310
24441,10/16/2015 8:00,11,32,310
24442,10/16/2015 9:00,11,32,310
24443,10/16/2015 10:00,11,32,310
24444,10/16/2015 11:00,11,32,310
24445,10/16/2015 12:00,11,32,311
24446,10/16/2015 13:00,11,32,310
24447,10/16/2015 14:00,11,32,311
24448,10/16/2015 15:00,11,32,311
24449,10/16/2015 16:00,11,32,311
24450,10/16/2015 17:00,11,32,311
24451,10/16/2015 18:00,11,32,311
24452,10/16/2015 19:00,11,32,311
24453,10/16/2015 20:00,11,32,311
24454,10/16/2015 21:00,11,32,311
24455,10/16/2015 22:00,11,32,311
24456,10/16/2015 23:00,11,32,311
24457,10/17/2015 0:00,11,32,311
24458,10/17/2015 1:00,11,32,311
24459,10/17/2015 2:00,11,32,311
24460,10/17/2015 3:00,11,32,311
24461,10/17/2015 4:00,11,30,311
24462,10/17/2015 5:00,12,32,311
24463,10/17/2015 6:00,11,32,311
24464,10/17/2015 7:00,11,31,311
24465,10/17/2015 8:00,11,31,311
24466,10/17/2015 9:00,11,32,311
24467,10/17/2015 10:00,11,32,311
24468,10/17/2015 11:00,11,31,311
24469,10/17/2015 12:00,11,32,311
24470,10/17/2015 13:00,11,32,311
24471,10/17/2015 14:00,11,31,311
24472,10/17/2015 15:00,11,32,311
24473,10/17/2015 16:00,11,30,310
24474,10/17/2015 17:00,11,31,311
24475,10/17/2015 18:00,11,31,310
24476,10/17/2015 19:00,11,31,310
24477,10/17/2015 20:00,11,32,310
24478,10/17/2015 21:00,11,32,310
24479,10/17/2015 22:00,11,30,310
24480,10/17/2015 23:00,11,32,310
24481,10/18/2015 0:00,11,32,310
24482,10/18/2015 1:00,11,32,310
24483,10/18/2015 2:00,11,30,310
24484,10/18/2015 3:00,11,32,309
24485,10/18/2015 4:00,11,32,310
24486,10/18/2015 5:00,11,32,310
24487,10/18/2015 6:00,11,32,310
24488,10/18/2015 7:00,11,32,309
24489,10/18/2015 8:00,11,32,309
24490,10/18/2015 9:00,11,31,309
24491,10/18/2015 10:00,11,31,309
24492,10/18/2015 11:00,11,32,309
24493,10/18/2015 12:00,11,32,309
24494,10/18/2015 13:00,11,32,309
24495,10/18/2015 14:00,11,31,309
24496,10/18/2015 15:00,11,30,309
24497,10/18/2015 16:00,11,32,309
24498,10/18/2015 17:00,11,32,309
24499,10/18/2015 18:00,11,31,309
24500,10/18/2015 19:00,11,30,309
24501,10/18/2015 20:00,11,32,309
24502,10/18/2015 21:00,11,32,309
24503,10/18/2015 22:00,12,32,309
24504,10/18/2015 23:00,11,31,309
24505,10/19/2015 0:00,11,31,309
24506,10/19/2015 1:00,11,31,308
24507,10/19/2015 2:00,11,32,309
24508,10/19/2015 3:00,11,31,309
24509,10/19/2015 4:00,11,31,309
24510,10/19/2015 5:00,11,32,308
24511,10/19/2015 6:00,11,31,308
24512,10/19/2015 7:00,11,30,309
24513,10/19/2015 8:00,11,32,308
24514,10/19/2015 9:00,11,32,308
24515,10/19/2015 10:00,11,31,308
24516,10/19/2015 11:00,11,31,308
24517,10/19/2015 12:00,11,32,308
24518,10/19/2015 13:00,11,30,308
24519,10/19/2015 14:00,11,32,308
24520,10/19/2015 15:00,11,32,308
24521,10/19/2015 16:00,11,32,308
24522,10/19/2015 17:00,12,32,308
24523,10/19/2015 18:00,11,32,308
24524,10/19/2015 19:00,11,31,308
24525,10/19/2015 20:00,11,32,308
24526,10/19/2015 21:00,11,32,308
24527,10/19/2015 22:00,11,32,308
24528,10/19/2015 23:00,11,31,308
24529,10/20/2015 0:00,11,32,308
24530,10/20/2015 1:00,11,32,308
24531,10/20/2015 2:00,11,32,308
24532,10/20/2015 3:00,11,32,308
24533,10/20/2015 4:00,11,32,308
24534,10/20/2015 5:00,11,32,308
24535,10/20/2015 6:00,11,32,308
24536,10/20/2015 7:00,11,32,307
24537,10/20/2015 8:00,11,31,308
24538,10/20/2015 9:00,11,31,307
24539,10/20/2015 10:00,11,32,307
24540,10/20/2015 11:00,11,31,307
24541,10/20/2015 12:00,11,32,308
24542,10/20/2015 13:00,11,31,307
24543,10/20/2015 14:00,11,31,307
24544,10/20/2015 15:00,11,32,307
24545,10/20/2015 16:00,11,32,307
24546,10/20/2015 17:00,12,31,307
24547,10/20/2015 18:00,11,32,307
24548,10/20/2015 19:00,11,31,307
24549,10/20/2015 20:00,11,31,307
24550,10/20/2015 21:00,11,32,307
24551,10/20/2015 22:00,11,31,307
24552,10/20/2015 23:00,12,31,307
24553,10/21/2015 0:00,11,31,307
24554,10/21/2015 1:00,11,32,307
24555,10/21/2015 2:00,11,31,307
24556,10/21/2015 3:00,11,32,307
24557,10/21/2015 4:00,11,31,307
24558,10/21/2015 5:00,11,31,307
24559,10/21/2015 6:00,11,32,307
24560,10/21/2015 7:00,11,32,307
24561,10/21/2015 8:00,11,31,307
24562,10/21/2015 9:00,11,31,307
24563,10/21/2015 10:00,11,31,306
24564,10/21/2015 11:00,11,31,306
24565,10/21/2015 12:00,11,32,306
24566,10/21/2015 13:00,11,31,306
24567,10/21/2015 14:00,11,31,306
24568,10/21/2015 15:00,11,31,304
24569,10/21/2015 16:00,11,31,305
24570,10/21/2015 17:00,11,31,306
24571,10/21/2015 18:00,11,31,306
24572,10/21/2015 19:00,11,31,304
24573,10/21/2015 20:00,11,31,304
24574,10/21/2015 21:00,11,31,304
24575,10/21/2015 22:00,11,31,304
24576,10/21/2015 23:00,11,30,305
24577,10/22/2015 0:00,11,31,304
24578,10/22/2015 1:00,11,31,304
24579,10/22/2015 2:00,11,31,304
24580,10/22/2015 3:00,11,31,304
24581,10/22/2015 4:00,11,31,304
24582,10/22/2015 5:00,11,31,304
24583,10/22/2015 6:00,11,31,304
24584,10/22/2015 7:00,11,31,304
24585,10/22/2015 8:00,11,31,304
24586,10/22/2015 9:00,11,31,304
24587,10/22/2015 10:00,11,31,304
24588,10/22/2015 11:00,11,31,304
24589,10/22/2015 12:00,11,31,304
24590,10/22/2015 13:00,11,31,304
24591,10/22/2015 14:00,11,31,304
24592,10/22/2015 15:00,11,31,304
24593,10/22/2015 16:00,12,31,304
24594,10/22/2015 17:00,11,31,304
24595,10/22/2015 18:00,11,31,304
24596,10/22/2015 19:00,11,30,304
24597,10/22/2015 20:00,11,31,304
24598,10/22/2015 21:00,11,31,304
24599,10/22/2015 22:00,11,31,304
24600,10/22/2015 23:00,11,31,304
24601,10/23/2015 0:00,11,31,304
24602,10/23/2015 1:00,11,31,304
24603,10/23/2015 2:00,11,31,304
24604,10/23/2015 3:00,11,31,304
24605,10/23/2015 4:00,11,31,304
24606,10/23/2015 5:00,11,31,304
24607,10/23/2015 6:00,11,31,304
24608,10/23/2015 7:00,11,31,304
24609,10/23/2015 8:00,11,31,304
24610,10/23/2015 9:00,11,31,304
24611,10/23/2015 10:00,11,31,304
24612,10/23/2015 11:00,11,31,303
24613,10/23/2015 12:00,11,31,303
24614,10/23/2015 13:00,11,31,303
24615,10/23/2015 14:00,11,31,303
24616,10/23/2015 15:00,11,31,303
24617,10/23/2015 16:00,11,31,303
24618,10/23/2015 17:00,11,31,303
24619,10/23/2015 18:00,11,31,303
24620,10/23/2015 19:00,11,31,303
24621,10/23/2015 20:00,11,31,303
24622,10/23/2015 21:00,11,31,303
24623,10/23/2015 22:00,11,31,303
24624,10/23/2015 23:00,12,31,303
24625,10/24/2015 0:00,11,31,303
24626,10/24/2015 1:00,11,31,303
24627,10/24/2015 2:00,11,31,303
24628,10/24/2015 3:00,11,31,303
24629,10/24/2015 4:00,11,31,303
24630,10/24/2015 5:00,11,31,303
24631,10/24/2015 6:00,11,31,303
24632,10/24/2015 7:00,11,31,303
24633,10/24/2015 8:00,11,31,303
24634,10/24/2015 9:00,11,31,303
24635,10/24/2015 10:00,11,31,303
24636,10/24/2015 11:00,11,31,303
24637,10/24/2015 12:00,11,31,303
24638,10/24/2015 13:00,11,31,303
24639,10/24/2015 14:00,11,31,303
24640,10/24/2015 15:00,11,30,303
24641,10/24/2015 16:00,11,31,303
24642,10/24/2015 17:00,11,31,303
24643,10/24/2015 18:00,11,31,303
24644,10/24/2015 19:00,11,31,303
24645,10/24/2015 20:00,11,31,303
24646,10/24/2015 21:00,11,31,303
24647,10/24/2015 22:00,11,31,303
24648,10/24/2015 23:00,11,31,303
24649,10/25/2015 0:00,11,31,302
24650,10/25/2015 1:00,11,31,302
24651,10/25/2015 2:00,11,31,302
24652,10/25/2015 3:00,11,31,302
24653,10/25/2015 4:00,11,31,302
24654,10/25/2015 5:00,11,31,302
24655,10/25/2015 6:00,11,31,302
24656,10/25/2015 7:00,11,31,302
24657,10/25/2015 8:00,11,31,302
24658,10/25/2015 9:00,11,31,302
24659,10/25/2015 10:00,11,31,302
24660,10/25/2015 11:00,11,31,302
24661,10/25/2015 12:00,11,31,302
24662,10/25/2015 13:00,11,31,302
24663,10/25/2015 14:00,11,31,302
24664,10/25/2015 15:00,11,31,302
24665,10/25/2015 16:00,11,31,302
24666,10/25/2015 17:00,11,31,302
24667,10/25/2015 18:00,11,31,302
24668,10/25/2015 19:00,11,31,302
24669,10/25/2015 20:00,11,31,302
24670,10/25/2015 21:00,11,31,302
24671,10/25/2015 22:00,11,31,302
24672,10/25/2015 23:00,11,31,302
24673,10/26/2015 0:00,11,32,302
24674,10/26/2015 1:00,11,31,302
24675,10/26/2015 2:00,11,31,302
24676,10/26/2015 3:00,11,30,302
24677,10/26/2015 4:00,11,31,302
24678,10/26/2015 5:00,11,31,302
24679,10/26/2015 6:00,11,31,302
24680,10/26/2015 7:00,11,31,302
24681,10/26/2015 8:00,11,32,302
24682,10/26/2015 9:00,12,31,302
24683,10/26/2015 10:00,11,31,302
24684,10/26/2015 11:00,11,31,302
24685,10/26/2015 12:00,11,31,302
24686,10/26/2015 13:00,11,31,302
24687,10/26/2015 14:00,11,31,302
24688,10/26/2015 15:00,11,32,302
24689,10/26/2015 16:00,11,31,302
24690,10/26/2015 17:00,11,32,302
24691,10/26/2015 18:00,11,32,302
24692,10/26/2015 19:00,11,32,302
24693,10/26/2015 20:00,11,31,302
24694,10/26/2015 21:00,11,31,302
24695,10/26/2015 22:00,12,31,302
24696,10/26/2015 23:00,11,32,302
24697,10/27/2015 0:00,11,31,302
24698,10/27/2015 1:00,11,31,302
24699,10/27/2015 2:00,11,31,302
24700,10/27/2015 3:00,11,32,302
24701,10/27/2015 4:00,11,32,302
24702,10/27/2015 5:00,11,32,302
24703,10/27/2015 6:00,11,31,302
24704,10/27/2015 7:00,11,32,302
24705,10/27/2015 8:00,11,31,302
24706,10/27/2015 9:00,11,31,302
24707,10/27/2015 10:00,11,32,302
24708,10/27/2015 11:00,11,31,302
24709,10/27/2015 12:00,11,31,302
24710,10/27/2015 13:00,11,32,302
24711,10/27/2015 14:00,11,31,301
24712,10/27/2015 15:00,11,32,301
24713,10/27/2015 16:00,11,32,302
24714,10/27/2015 17:00,11,32,301
24715,10/27/2015 18:00,11,31,301
24716,10/27/2015 19:00,11,31,301
24717,10/27/2015 20:00,11,31,302
24718,10/27/2015 21:00,11,31,301
24719,10/27/2015 22:00,11,32,301
24720,10/27/2015 23:00,11,32,301
24721,10/28/2015 0:00,11,32,301
24722,10/28/2015 1:00,11,32,301
24723,10/28/2015 2:00,11,31,301
24724,10/28/2015 3:00,11,31,301
24725,10/28/2015 4:00,11,32,301
24726,10/28/2015 5:00,11,32,301
24727,10/28/2015 6:00,11,32,301
24728,10/28/2015 7:00,11,32,301
24729,10/28/2015 8:00,11,32,301
24730,10/28/2015 9:00,11,31,301
24731,10/28/2015 10:00,11,31,301
24732,10/28/2015 11:00,11,32,301
24733,10/28/2015 12:00,11,31,301
24734,10/28/2015 13:00,11,32,301
24735,10/28/2015 14:00,11,32,301
24736,10/28/2015 15:00,11,32,301
24737,10/28/2015 16:00,11,32,301
24738,10/28/2015 17:00,11,32,301
24739,10/28/2015 18:00,11,32,301
24740,10/28/2015 19:00,11,32,301
24741,10/28/2015 20:00,11,32,301
24742,10/28/2015 21:00,11,32,301
24743,10/28/2015 22:00,11,32,301
24744,10/28/2015 23:00,11,32,301
24745,10/29/2015 0:00,11,31,301
24746,10/29/2015 1:00,11,31,301
24747,10/29/2015 2:00,11,31,301
24748,10/29/2015 3:00,11,32,301
24749,10/29/2015 4:00,11,32,301
24750,10/29/2015 5:00,11,32,301
24751,10/29/2015 6:00,11,31,301
24752,10/29/2015 7:00,11,32,301
24753,10/29/2015 8:00,11,32,301
24754,10/29/2015 9:00,11,31,301
24755,10/29/2015 10:00,11,32,301
24756,10/29/2015 11:00,11,32,301
24757,10/29/2015 12:00,11,31,301
24758,10/29/2015 13:00,11,32,301
24759,10/29/2015 14:00,11,32,301
24760,10/29/2015 15:00,11,31,301
24761,10/29/2015 16:00,11,31,301
24762,10/29/2015 17:00,11,31,301
24763,10/29/2015 18:00,11,32,301
24764,10/29/2015 19:00,11,31,301
24765,10/29/2015 20:00,11,32,301
24766,10/29/2015 21:00,11,31,301
24767,10/29/2015 22:00,11,32,301
24768,10/29/2015 23:00,11,32,301
24769,10/30/2015 0:00,11,31,301
24770,10/30/2015 1:00,11,31,300
24771,10/30/2015 2:00,11,32,301
24772,10/30/2015 3:00,11,31,301
24773,10/30/2015 4:00,11,32,301
24774,10/30/2015 5:00,11,32,301
24775,10/30/2015 6:00,11,32,301
24776,10/30/2015 7:00,11,31,301
24777,10/30/2015 8:00,11,32,301
24778,10/30/2015 9:00,11,32,300
24779,10/30/2015 10:00,11,32,301
24780,10/30/2015 11:00,11,32,300
24781,10/30/2015 12:00,11,32,300
24782,10/30/2015 13:00,11,32,301
24783,10/30/2015 14:00,11,32,300
24784,10/30/2015 15:00,11,31,301
24785,10/30/2015 16:00,11,31,300
24786,10/30/2015 17:00,11,31,300
24787,10/30/2015 18:00,11,32,300
24788,10/30/2015 19:00,11,32,300
24789,10/30/2015 20:00,11,32,300
24790,10/30/2015 21:00,11,31,300
24791,10/30/2015 22:00,11,32,300
24792,10/30/2015 23:00,11,31,300
24793,10/31/2015 0:00,11,32,300
24794,10/31/2015 1:00,11,31,300
24795,10/31/2015 2:00,12,32,300
24796,10/31/2015 3:00,11,32,300
24797,10/31/2015 4:00,11,32,300
24798,10/31/2015 5:00,11,32,300
24799,10/31/2015 6:00,11,32,300
24800,10/31/2015 7:00,11,32,300
24801,10/31/2015 8:00,11,32,300
24802,10/31/2015 9:00,11,32,300
24803,10/31/2015 10:00,11,32,300
24804,10/31/2015 11:00,11,32,300
24805,10/31/2015 12:00,11,32,300
24806,10/31/2015 13:00,11,32,300
24807,10/31/2015 14:00,11,32,300
24808,10/31/2015 15:00,11,32,300
24809,10/31/2015 16:00,11,32,300
24810,10/31/2015 17:00,11,32,300
24811,10/31/2015 18:00,11,32,300
24812,10/31/2015 19:00,11,32,300
24813,10/31/2015 20:00,11,32,300
24814,10/31/2015 21:00,11,32,300
24815,10/31/2015 22:00,11,32,300
24816,10/31/2015 23:00,11,31,300
24817,11/1/2015 0:00,11,32,300
24818,11/1/2015 1:00,11,32,300
24819,11/1/2015 2:00,11,32,300
24820,11/1/2015 3:00,11,32,300
24821,11/1/2015 4:00,11,32,300
24822,11/1/2015 5:00,11,32,300
24823,11/1/2015 6:00,11,32,300
24824,11/1/2015 7:00,11,32,300
24825,11/1/2015 8:00,11,32,300
24826,11/1/2015 9:00,11,32,300
24827,11/1/2015 10:00,11,32,300
24828,11/1/2015 11:00,11,32,300
24829,11/1/2015 12:00,11,32,300
24830,11/1/2015 13:00,11,32,300
24831,11/1/2015 14:00,11,32,300
24832,11/1/2015 15:00,11,32,300
24833,11/1/2015 16:00,11,32,300
24834,11/1/2015 17:00,11,32,300
24835,11/1/2015 18:00,11,32,300
24836,11/1/2015 19:00,11,32,300
24837,11/1/2015 20:00,11,32,300
24838,11/1/2015 21:00,11,32,300
24839,11/1/2015 22:00,11,32,300
24840,11/1/2015 23:00,11,32,300
24841,11/2/2015 0:00,11,32,300
24842,11/2/2015 1:00,11,32,300
24843,11/2/2015 2:00,11,32,300
24844,11/2/2015 3:00,11,32,300
24845,11/2/2015 4:00,11,32,300
24846,11/2/2015 5:00,11,32,300
24847,11/2/2015 6:00,11,32,300
24848,11/2/2015 7:00,11,32,300
24849,11/2/2015 8:00,11,32,300
24850,11/2/2015 9:00,11,32,300
24851,11/2/2015 10:00,11,32,300
24852,11/2/2015 11:00,11,32,300
24853,11/2/2015 12:00,11,32,300
24854,11/2/2015 13:00,11,32,299
24855,11/2/2015 14:00,11,32,299
24856,11/2/2015 15:00,11,32,299
24857,11/2/2015 16:00,11,32,300
24858,11/2/2015 17:00,11,32,299
24859,11/2/2015 18:00,11,32,299
24860,11/2/2015 19:00,11,32,299
24861,11/2/2015 20:00,11,32,299
24862,11/2/2015 21:00,11,32,299
24863,11/2/2015 22:00,11,32,299
24864,11/2/2015 23:00,11,32,299
24865,11/3/2015 0:00,11,32,299
24866,11/3/2015 1:00,11,32,299
24867,11/3/2015 2:00,11,32,299
24868,11/3/2015 3:00,11,32,299
24869,11/3/2015 4:00,11,32,299
24870,11/3/2015 5:00,11,32,299
24871,11/3/2015 6:00,11,32,299
24872,11/3/2015 7:00,11,32,299
24873,11/3/2015 8:00,11,32,299
24874,11/3/2015 9:00,11,32,299
24875,11/3/2015 10:00,11,32,299
24876,11/3/2015 11:00,11,32,299
24877,11/3/2015 12:00,11,32,299
24878,11/3/2015 13:00,11,32,315
24879,11/3/2015 14:00,11,32,303
24880,11/3/2015 15:00,11,32,300
24881,11/3/2015 16:00,11,32,305
24882,11/3/2015 17:00,12,32,304
24883,11/3/2015 18:00,11,32,310
24884,11/3/2015 19:00,11,32,309
24885,11/3/2015 20:00,11,32,310
24886,11/3/2015 21:00,11,32,309
24887,11/3/2015 22:00,11,32,309
24888,11/3/2015 23:00,11,32,308
24889,11/4/2015 0:00,12,32,308
24890,11/4/2015 1:00,11,32,307
24891,11/4/2015 2:00,11,32,304
24892,11/4/2015 3:00,11,32,307
24893,11/4/2015 4:00,11,32,307
24894,11/4/2015 5:00,11,32,304
24895,11/4/2015 6:00,11,32,301
24896,11/4/2015 7:00,11,32,300
24897,11/4/2015 8:00,11,32,298
24898,11/4/2015 9:00,11,32,299
24899,11/4/2015 10:00,11,32,302
24900,11/4/2015 11:00,11,32,302
24901,11/4/2015 12:00,11,32,301
24902,11/4/2015 13:00,11,30,300
24903,11/4/2015 14:00,11,32,301
24904,11/4/2015 15:00,11,32,302
24905,11/4/2015 16:00,11,32,303
24906,11/4/2015 17:00,11,32,303
24907,11/4/2015 18:00,10,32,303
24908,11/4/2015 19:00,11,32,303
24909,11/4/2015 20:00,11,32,303
24910,11/4/2015 21:00,13,32,303
24911,11/4/2015 22:00,12,32,304
24912,11/4/2015 23:00,11,32,304
24913,11/5/2015 0:00,9,32,303
24914,11/5/2015 1:00,10,32,301
24915,11/5/2015 2:00,11,32,300
24916,11/5/2015 3:00,13,32,300
24917,11/5/2015 4:00,11,32,300
24918,11/5/2015 5:00,10,32,296
24919,11/5/2015 6:00,11,32,298
24920,11/5/2015 7:00,9,32,282
24921,11/5/2015 8:00,10,32,280
24922,11/5/2015 9:00,11,32,280
24923,11/5/2015 10:00,11,32,281
24924,11/5/2015 11:00,11,32,281
24925,11/5/2015 12:00,11,32,273
24926,11/5/2015 13:00,10,32,288
24927,11/5/2015 14:00,11,32,273
24928,11/5/2015 15:00,11,32,270
24929,11/5/2015 16:00,11,32,278
24930,11/5/2015 17:00,11,32,265
24931,11/5/2015 18:00,11,32,266
24932,11/5/2015 19:00,11,32,266
24933,11/5/2015 20:00,11,32,276
24934,11/5/2015 21:00,10,32,266
24935,11/5/2015 22:00,9,32,264
24936,11/5/2015 23:00,11,32,265
24937,11/6/2015 0:00,10,32,262
24938,11/6/2015 1:00,10,32,260
24939,11/6/2015 2:00,11,32,260
24940,11/6/2015 3:00,11,32,261
24941,11/6/2015 4:00,11,32,260
24942,11/6/2015 5:00,11,32,260
24943,11/6/2015 6:00,10,32,259
24944,11/6/2015 7:00,11,32,260
24945,11/6/2015 8:00,10,32,259
24946,11/6/2015 9:00,11,32,260
24947,11/6/2015 10:00,11,32,258
24948,11/6/2015 11:00,11,32,258
24949,11/6/2015 12:00,12,32,258
24950,11/6/2015 13:00,11,32,257
24951,11/6/2015 14:00,9,32,257
24952,11/6/2015 15:00,11,32,255
24953,11/6/2015 16:00,11,32,254
24954,11/6/2015 17:00,11,32,255
24955,11/6/2015 18:00,11,32,257
24956,11/6/2015 19:00,11,32,257
24957,11/6/2015 20:00,11,32,257
24958,11/6/2015 21:00,10,32,257
24959,11/6/2015 22:00,11,32,258
24960,11/6/2015 23:00,11,32,260
24961,11/7/2015 0:00,11,32,260
24962,11/7/2015 1:00,13,32,260
24963,11/7/2015 2:00,12,32,262
24964,11/7/2015 3:00,11,32,263
24965,11/7/2015 4:00,12,32,263
24966,11/7/2015 5:00,10,32,264
24967,11/7/2015 6:00,11,32,264
24968,11/7/2015 7:00,11,30,264
24969,11/7/2015 8:00,11,32,264
24970,11/7/2015 9:00,11,32,265
24971,11/7/2015 10:00,11,32,265
24972,11/7/2015 11:00,11,32,265
24973,11/7/2015 12:00,11,32,265
24974,11/7/2015 13:00,10,32,265
24975,11/7/2015 14:00,11,32,265
24976,11/7/2015 15:00,11,32,265
24977,11/7/2015 16:00,11,32,265
24978,11/7/2015 17:00,11,32,265
24979,11/7/2015 18:00,10,32,264
24980,11/7/2015 19:00,12,32,264
24981,11/7/2015 20:00,10,32,264
24982,11/7/2015 21:00,11,32,264
24983,11/7/2015 22:00,12,32,264
24984,11/7/2015 23:00,11,32,263
24985,11/8/2015 0:00,11,32,263
24986,11/8/2015 1:00,11,32,263
24987,11/8/2015 2:00,11,32,260
24988,11/8/2015 3:00,11,32,259
24989,11/8/2015 4:00,11,32,259
24990,11/8/2015 5:00,11,32,259
24991,11/8/2015 6:00,12,32,257
24992,11/8/2015 7:00,11,32,259
24993,11/8/2015 8:00,10,32,258
24994,11/8/2015 9:00,11,32,257
24995,11/8/2015 10:00,11,32,258
24996,11/8/2015 11:00,11,32,258
24997,11/8/2015 12:00,11,32,255
24998,11/8/2015 13:00,11,32,254
24999,11/8/2015 14:00,10,32,257
25000,11/8/2015 15:00,11,32,258
25001,11/8/2015 16:00,11,32,255
25002,11/8/2015 17:00,11,32,253
25003,11/8/2015 18:00,10,32,253
25004,11/8/2015 19:00,11,32,252
25005,11/8/2015 20:00,11,32,253
25006,11/8/2015 21:00,10,32,252
25007,11/8/2015 22:00,11,32,251
25008,11/8/2015 23:00,11,32,251
25009,11/9/2015 0:00,11,32,252
25010,11/9/2015 1:00,9,32,253
25011,11/9/2015 2:00,11,32,253
25012,11/9/2015 3:00,11,32,252
25013,11/9/2015 4:00,11,32,253
25014,11/9/2015 5:00,10,32,252
25015,11/9/2015 6:00,10,32,251
25016,11/9/2015 7:00,11,32,250
25017,11/9/2015 8:00,11,32,248
25018,11/9/2015 9:00,11,32,250
25019,11/9/2015 10:00,11,32,246
25020,11/9/2015 11:00,11,32,250
25021,11/9/2015 12:00,9,32,245
25022,11/9/2015 13:00,11,32,248
25023,11/9/2015 14:00,10,32,248
25024,11/9/2015 15:00,11,32,246
25025,11/9/2015 16:00,11,32,248
25026,11/9/2015 17:00,11,32,248
25027,11/9/2015 18:00,11,32,248
25028,11/9/2015 19:00,11,32,248
25029,11/9/2015 20:00,9,32,250
25030,11/9/2015 21:00,10,32,251
25031,11/9/2015 22:00,11,32,251
25032,11/9/2015 23:00,10,32,250
25033,11/10/2015 0:00,11,32,252
25034,11/10/2015 1:00,11,32,254
25035,11/10/2015 2:00,11,32,252
25036,11/10/2015 3:00,11,32,251
25037,11/10/2015 4:00,10,32,254
25038,11/10/2015 5:00,10,32,254
25039,11/10/2015 6:00,11,32,254
25040,11/10/2015 7:00,11,32,253
25041,11/10/2015 8:00,11,32,253
25042,11/10/2015 9:00,11,32,255
25043,11/10/2015 10:00,11,32,253
25044,11/10/2015 11:00,11,32,253
25045,11/10/2015 12:00,11,32,253
25046,11/10/2015 13:00,11,32,253
25047,11/10/2015 14:00,11,32,253
25048,11/10/2015 15:00,11,32,268
25049,11/10/2015 16:00,11,32,270
25050,11/10/2015 17:00,11,32,273
25051,11/10/2015 18:00,11,32,274
25052,11/10/2015 19:00,11,32,274
25053,11/10/2015 20:00,11,32,274
25054,11/10/2015 21:00,12,32,259
25055,11/10/2015 22:00,11,32,259
25056,11/10/2015 23:00,10,32,258
25057,11/11/2015 0:00,10,32,257
25058,11/11/2015 1:00,11,32,255
25059,11/11/2015 2:00,11,32,256
25060,11/11/2015 3:00,11,32,256
25061,11/11/2015 4:00,11,32,270
25062,11/11/2015 5:00,11,34,258
25063,11/11/2015 6:00,9,32,257
25064,11/11/2015 7:00,11,32,255
25065,11/11/2015 8:00,11,30,253
25066,11/11/2015 9:00,11,32,261
25067,11/11/2015 10:00,11,32,260
25068,11/11/2015 11:00,11,32,259
25069,11/11/2015 12:00,11,32,261
25070,11/11/2015 13:00,11,30,265
25071,11/11/2015 14:00,11,32,261
25072,11/11/2015 15:00,11,32,263
25073,11/11/2015 16:00,11,32,264
25074,11/11/2015 17:00,12,32,260
25075,11/11/2015 18:00,10,32,261
25076,11/11/2015 19:00,11,32,260
25077,11/11/2015 20:00,11,32,259
25078,11/11/2015 21:00,11,32,260
25079,11/11/2015 22:00,11,30,259
25080,11/11/2015 23:00,11,32,259
25081,11/12/2015 0:00,11,32,259
25082,11/12/2015 1:00,11,32,259
25083,11/12/2015 2:00,11,32,259
25084,11/12/2015 3:00,11,32,259
25085,11/12/2015 4:00,11,32,260
25086,11/12/2015 5:00,11,32,260
25087,11/12/2015 6:00,11,32,260
25088,11/12/2015 7:00,11,32,260
25089,11/12/2015 8:00,11,32,259
25090,11/12/2015 9:00,11,32,259
25091,11/12/2015 10:00,11,32,258
25092,11/12/2015 11:00,10,32,258
25093,11/12/2015 12:00,10,32,257
25094,11/12/2015 13:00,11,32,255
25095,11/12/2015 14:00,11,32,255
25096,11/12/2015 15:00,10,32,255
25097,11/12/2015 16:00,11,32,254
25098,11/12/2015 17:00,11,32,255
25099,11/12/2015 18:00,11,32,255
25100,11/12/2015 19:00,11,32,255
25101,11/12/2015 20:00,11,32,254
25102,11/12/2015 21:00,11,32,254
25103,11/12/2015 22:00,11,32,254
25104,11/12/2015 23:00,11,32,252
25105,11/13/2015 0:00,11,32,252
25106,11/13/2015 1:00,11,32,252
25107,11/13/2015 2:00,12,32,251
25108,11/13/2015 3:00,12,32,252
25109,11/13/2015 4:00,9,32,252
25110,11/13/2015 5:00,11,32,254
25111,11/13/2015 6:00,10,32,253
25112,11/13/2015 7:00,11,32,251
25113,11/13/2015 8:00,11,32,252
25114,11/13/2015 9:00,11,32,250
25115,11/13/2015 10:00,11,32,250
25116,11/13/2015 11:00,11,32,250
25117,11/13/2015 12:00,11,32,248
25118,11/13/2015 13:00,11,32,252
25119,11/13/2015 14:00,11,32,250
25120,11/13/2015 15:00,11,32,253
25121,11/13/2015 16:00,11,32,248
25122,11/13/2015 17:00,11,32,250
25123,11/13/2015 18:00,11,32,248
25124,11/13/2015 19:00,11,32,248
25125,11/13/2015 20:00,11,32,248
25126,11/13/2015 21:00,11,32,251
25127,11/13/2015 22:00,11,30,250
25128,11/13/2015 23:00,11,32,250
25129,11/14/2015 0:00,11,32,247
25130,11/14/2015 1:00,9,32,250
25131,11/14/2015 2:00,11,30,245
25132,11/14/2015 3:00,11,32,250
25133,11/14/2015 4:00,11,32,249
25134,11/14/2015 5:00,11,32,253
25135,11/14/2015 6:00,11,32,250
25136,11/14/2015 7:00,11,32,252
25137,11/14/2015 8:00,11,32,250
25138,11/14/2015 9:00,11,32,254
25139,11/14/2015 10:00,11,30,253
25140,11/14/2015 11:00,11,32,251
25141,11/14/2015 12:00,11,32,252
25142,11/14/2015 13:00,11,32,251
25143,11/14/2015 14:00,10,32,251
25144,11/14/2015 15:00,11,32,252
25145,11/14/2015 16:00,11,32,251
25146,11/14/2015 17:00,11,32,251
25147,11/14/2015 18:00,11,32,252
25148,11/14/2015 19:00,12,32,252
25149,11/14/2015 20:00,11,32,249
25150,11/14/2015 21:00,11,30,252
25151,11/14/2015 22:00,11,32,250
25152,11/14/2015 23:00,11,32,251
25153,11/15/2015 0:00,11,32,263
25154,11/15/2015 1:00,11,32,251
25155,11/15/2015 2:00,11,32,251
25156,11/15/2015 3:00,12,32,251
25157,11/15/2015 4:00,11,30,252
25158,11/15/2015 5:00,11,32,251
25159,11/15/2015 6:00,11,32,250
25160,11/15/2015 7:00,11,32,252
25161,11/15/2015 8:00,11,32,251
25162,11/15/2015 9:00,13,32,251
25163,11/15/2015 10:00,10,32,251
25164,11/15/2015 11:00,11,32,251
25165,11/15/2015 12:00,11,32,251
25166,11/15/2015 13:00,11,32,251
25167,11/15/2015 14:00,11,32,251
25168,11/15/2015 15:00,11,32,251
25169,11/15/2015 16:00,11,30,251
25170,11/15/2015 17:00,11,32,251
25171,11/15/2015 18:00,11,34,252
25172,11/15/2015 19:00,11,32,251
25173,11/15/2015 20:00,11,32,248
25174,11/15/2015 21:00,10,32,250
25175,11/15/2015 22:00,11,32,250
25176,11/15/2015 23:00,11,32,251
25177,11/16/2015 0:00,11,32,252
25178,11/16/2015 1:00,12,30,251
25179,11/16/2015 2:00,11,32,252
25180,11/16/2015 3:00,11,32,251
25181,11/16/2015 4:00,11,30,251
25182,11/16/2015 5:00,11,32,251
25183,11/16/2015 6:00,11,32,251
25184,11/16/2015 7:00,11,32,252
25185,11/16/2015 8:00,11,32,250
25186,11/16/2015 9:00,11,32,250
25187,11/16/2015 10:00,9,32,249
25188,11/16/2015 11:00,10,32,250
25189,11/16/2015 12:00,11,32,250
25190,11/16/2015 13:00,11,32,248
25191,11/16/2015 14:00,11,32,250
25192,11/16/2015 15:00,11,32,250
25193,11/16/2015 16:00,11,32,249
25194,11/16/2015 17:00,11,32,248
25195,11/16/2015 18:00,11,32,248
25196,11/16/2015 19:00,10,32,248
25197,11/16/2015 20:00,11,32,249
25198,11/16/2015 21:00,10,32,248
25199,11/16/2015 22:00,11,32,250
25200,11/16/2015 23:00,11,32,250
25201,11/17/2015 0:00,12,32,250
25202,11/17/2015 1:00,11,32,250
25203,11/17/2015 2:00,11,32,250
25204,11/17/2015 3:00,11,30,250
25205,11/17/2015 4:00,11,32,250
25206,11/17/2015 5:00,11,32,249
25207,11/17/2015 6:00,9,30,250
25208,11/17/2015 7:00,10,32,248
25209,11/17/2015 8:00,9,32,248
25210,11/17/2015 9:00,11,32,246
25211,11/17/2015 10:00,9,32,246
25212,11/17/2015 11:00,9,32,246
25213,11/17/2015 12:00,9,32,246
25214,11/17/2015 13:00,11,30,245
25215,11/17/2015 14:00,11,32,246
25216,11/17/2015 15:00,11,32,246
25217,11/17/2015 16:00,11,32,250
25218,11/17/2015 17:00,11,30,251
25219,11/17/2015 18:00,11,32,253
25220,11/17/2015 19:00,9,32,252
25221,11/17/2015 20:00,12,32,253
25222,11/17/2015 21:00,11,32,253
25223,11/17/2015 22:00,11,32,253
25224,11/17/2015 23:00,13,32,253
25225,11/18/2015 0:00,11,30,253
25226,11/18/2015 1:00,11,32,252
25227,11/18/2015 2:00,11,32,251
25228,11/18/2015 3:00,11,32,251
25229,11/18/2015 4:00,11,32,252
25230,11/18/2015 5:00,11,32,251
25231,11/18/2015 6:00,11,32,253
25232,11/18/2015 7:00,11,32,253
25233,11/18/2015 8:00,11,30,252
25234,11/18/2015 9:00,11,32,252
25235,11/18/2015 10:00,11,32,253
25236,11/18/2015 11:00,11,32,253
25237,11/18/2015 12:00,11,32,254
25238,11/18/2015 13:00,11,32,253
25239,11/18/2015 14:00,11,32,253
25240,11/18/2015 15:00,11,32,252
25241,11/18/2015 16:00,12,32,251
25242,11/18/2015 17:00,11,32,251
25243,11/18/2015 18:00,11,32,251
25244,11/18/2015 19:00,11,30,251
25245,11/18/2015 20:00,11,32,252
25246,11/18/2015 21:00,11,30,251
25247,11/18/2015 22:00,11,32,251
25248,11/18/2015 23:00,11,32,251
25249,11/19/2015 0:00,11,32,251
25250,11/19/2015 1:00,11,32,251
25251,11/19/2015 2:00,9,32,250
25252,11/19/2015 3:00,11,32,250
25253,11/19/2015 4:00,11,30,250
25254,11/19/2015 5:00,11,32,246
25255,11/19/2015 6:00,11,32,248
25256,11/19/2015 7:00,11,30,249
25257,11/19/2015 8:00,11,32,250
25258,11/19/2015 9:00,11,32,250
25259,11/19/2015 10:00,11,32,251
25260,11/19/2015 11:00,11,30,251
25261,11/19/2015 12:00,11,32,253
25262,11/19/2015 13:00,11,32,252
25263,11/19/2015 14:00,11,32,253
25264,11/19/2015 15:00,11,32,254
25265,11/19/2015 16:00,11,33,253
25266,11/19/2015 17:00,10,32,253
25267,11/19/2015 18:00,11,32,253
25268,11/19/2015 19:00,12,32,253
25269,11/19/2015 20:00,11,32,253
25270,11/19/2015 21:00,11,32,253
25271,11/19/2015 22:00,11,32,254
25272,11/19/2015 23:00,11,32,254
25273,11/20/2015 0:00,11,32,254
25274,11/20/2015 1:00,11,32,254
25275,11/20/2015 2:00,11,32,253
25276,11/20/2015 3:00,11,32,253
25277,11/20/2015 4:00,11,32,253
25278,11/20/2015 5:00,11,32,252
25279,11/20/2015 6:00,11,32,252
25280,11/20/2015 7:00,12,32,252
25281,11/20/2015 8:00,9,32,251
25282,11/20/2015 9:00,11,32,252
25283,11/20/2015 10:00,11,32,252
25284,11/20/2015 11:00,11,30,251
25285,11/20/2015 12:00,11,32,252
25286,11/20/2015 13:00,11,30,252
25287,11/20/2015 14:00,11,32,252
25288,11/20/2015 15:00,11,32,251
25289,11/20/2015 16:00,11,32,251
25290,11/20/2015 17:00,11,30,251
25291,11/20/2015 18:00,11,30,252
25292,11/20/2015 19:00,11,32,246
25293,11/20/2015 20:00,9,32,253
25294,11/20/2015 21:00,11,32,254
25295,11/20/2015 22:00,11,32,254
25296,11/20/2015 23:00,11,30,253
25297,11/21/2015 0:00,11,32,252
25298,11/21/2015 1:00,10,32,252
25299,11/21/2015 2:00,11,32,253
25300,11/21/2015 3:00,11,32,253
25301,11/21/2015 4:00,11,32,253
25302,11/21/2015 5:00,11,32,253
25303,11/21/2015 6:00,11,32,253
25304,11/21/2015 7:00,11,32,253
25305,11/21/2015 8:00,11,32,253
25306,11/21/2015 9:00,11,32,253
25307,11/21/2015 10:00,11,32,253
25308,11/21/2015 11:00,11,32,253
25309,11/21/2015 12:00,11,30,254
25310,11/21/2015 13:00,11,32,253
25311,11/21/2015 14:00,11,32,253
25312,11/21/2015 15:00,11,32,253
25313,11/21/2015 16:00,11,32,253
25314,11/21/2015 17:00,11,32,253
25315,11/21/2015 18:00,11,32,254
25316,11/21/2015 19:00,11,32,253
25317,11/21/2015 20:00,11,32,253
25318,11/21/2015 21:00,11,32,253
25319,11/21/2015 22:00,11,32,253
25320,11/21/2015 23:00,11,31,252
25321,11/22/2015 0:00,9,31,253
25322,11/22/2015 1:00,11,32,253
25323,11/22/2015 2:00,12,32,253
25324,11/22/2015 3:00,11,32,253
25325,11/22/2015 4:00,11,32,253
25326,11/22/2015 5:00,11,32,252
25327,11/22/2015 6:00,11,32,252
25328,11/22/2015 7:00,10,32,251
25329,11/22/2015 8:00,11,32,251
25330,11/22/2015 9:00,11,32,253
25331,11/22/2015 10:00,11,32,253
25332,11/22/2015 11:00,11,32,254
25333,11/22/2015 12:00,11,32,254
25334,11/22/2015 13:00,11,31,254
25335,11/22/2015 14:00,11,32,254
25336,11/22/2015 15:00,11,32,253
25337,11/22/2015 16:00,11,32,253
25338,11/22/2015 17:00,11,32,254
25339,11/22/2015 18:00,10,32,253
25340,11/22/2015 19:00,11,32,253
25341,11/22/2015 20:00,11,34,251
25342,11/22/2015 21:00,11,32,251
25343,11/22/2015 22:00,9,32,250
25344,11/22/2015 23:00,11,32,250
25345,11/23/2015 0:00,11,32,251
25346,11/23/2015 1:00,11,32,250
25347,11/23/2015 2:00,11,32,250
25348,11/23/2015 3:00,11,32,250
25349,11/23/2015 4:00,11,32,251
25350,11/23/2015 5:00,11,34,252
25351,11/23/2015 6:00,11,32,253
25352,11/23/2015 7:00,10,32,252
25353,11/23/2015 8:00,11,32,253
25354,11/23/2015 9:00,11,32,251
25355,11/23/2015 10:00,11,32,248
25356,11/23/2015 11:00,11,32,248
25357,11/23/2015 12:00,11,30,248
25358,11/23/2015 13:00,11,32,250
25359,11/23/2015 14:00,11,32,248
25360,11/23/2015 15:00,11,32,248
25361,11/23/2015 16:00,11,32,246
25362,11/23/2015 17:00,12,32,246
25363,11/23/2015 18:00,11,33,244
25364,11/23/2015 19:00,11,32,250
25365,11/23/2015 20:00,11,32,252
25366,11/23/2015 21:00,11,32,250
25367,11/23/2015 22:00,11,32,252
25368,11/23/2015 23:00,11,32,252
25369,11/24/2015 0:00,11,32,253
25370,11/24/2015 1:00,11,32,252
25371,11/24/2015 2:00,12,30,251
25372,11/24/2015 3:00,11,32,253
25373,11/24/2015 4:00,11,32,252
25374,11/24/2015 5:00,11,30,252
25375,11/24/2015 6:00,11,32,252
25376,11/24/2015 7:00,11,32,252
25377,11/24/2015 8:00,11,32,253
25378,11/24/2015 9:00,11,32,254
25379,11/24/2015 10:00,11,32,255
25380,11/24/2015 11:00,10,32,255
25381,11/24/2015 12:00,11,32,255
25382,11/24/2015 13:00,11,30,257
25383,11/24/2015 14:00,11,32,257
25384,11/24/2015 15:00,11,32,257
25385,11/24/2015 16:00,11,32,258
25386,11/24/2015 17:00,11,32,258
25387,11/24/2015 18:00,11,32,258
25388,11/24/2015 19:00,11,32,258
25389,11/24/2015 20:00,9,32,258
25390,11/24/2015 21:00,10,32,258
25391,11/24/2015 22:00,10,32,258
25392,11/24/2015 23:00,11,32,259
25393,11/25/2015 0:00,12,32,258
25394,11/25/2015 1:00,11,32,258
25395,11/25/2015 2:00,11,32,257
25396,11/25/2015 3:00,11,32,257
25397,11/25/2015 4:00,11,32,257
25398,11/25/2015 5:00,11,32,258
25399,11/25/2015 6:00,11,32,257
25400,11/25/2015 7:00,11,32,257
25401,11/25/2015 8:00,9,32,258
25402,11/25/2015 9:00,11,32,258
25403,11/25/2015 10:00,11,32,259
25404,11/25/2015 11:00,11,32,259
25405,11/25/2015 12:00,11,32,259
25406,11/25/2015 13:00,11,32,259
25407,11/25/2015 14:00,11,31,259
25408,11/25/2015 15:00,11,32,259
25409,11/25/2015 16:00,11,32,260
25410,11/25/2015 17:00,11,32,260
25411,11/25/2015 18:00,11,34,260
25412,11/25/2015 19:00,11,32,260
25413,11/25/2015 20:00,11,32,260
25414,11/25/2015 21:00,11,32,260
25415,11/25/2015 22:00,11,32,260
25416,11/25/2015 23:00,11,32,260
25417,11/26/2015 0:00,9,32,260
25418,11/26/2015 1:00,11,32,260
25419,11/26/2015 2:00,11,32,261
25420,11/26/2015 3:00,11,32,260
25421,11/26/2015 4:00,11,32,260
25422,11/26/2015 5:00,11,32,260
25423,11/26/2015 6:00,9,32,260
25424,11/26/2015 7:00,11,32,260
25425,11/26/2015 8:00,11,32,260
25426,11/26/2015 9:00,11,32,260
25427,11/26/2015 10:00,11,32,260
25428,11/26/2015 11:00,11,32,260
25429,11/26/2015 12:00,11,32,260
25430,11/26/2015 13:00,11,32,260
25431,11/26/2015 14:00,11,32,260
25432,11/26/2015 15:00,11,33,260
25433,11/26/2015 16:00,11,32,259
25434,11/26/2015 17:00,11,32,259
25435,11/26/2015 18:00,11,32,259
25436,11/26/2015 19:00,11,32,259
25437,11/26/2015 20:00,11,32,259
25438,11/26/2015 21:00,11,32,259
25439,11/26/2015 22:00,11,32,259
25440,11/26/2015 23:00,11,32,258
25441,11/27/2015 0:00,11,32,258
25442,11/27/2015 1:00,11,31,257
25443,11/27/2015 2:00,11,32,255
25444,11/27/2015 3:00,11,32,254
25445,11/27/2015 4:00,11,32,254
25446,11/27/2015 5:00,11,32,253
25447,11/27/2015 6:00,11,32,254
25448,11/27/2015 7:00,11,32,254
25449,11/27/2015 8:00,11,32,254
25450,11/27/2015 9:00,11,32,255
25451,11/27/2015 10:00,11,32,255
25452,11/27/2015 11:00,11,32,256
25453,11/27/2015 12:00,11,33,256
25454,11/27/2015 13:00,11,32,254
25455,11/27/2015 14:00,11,32,254
25456,11/27/2015 15:00,11,32,255
25457,11/27/2015 16:00,11,32,255
25458,11/27/2015 17:00,11,32,256
25459,11/27/2015 18:00,11,32,255
25460,11/27/2015 19:00,11,32,255
25461,11/27/2015 20:00,11,32,254
25462,11/27/2015 21:00,11,32,255
25463,11/27/2015 22:00,12,33,256
25464,11/27/2015 23:00,11,33,254
25465,11/28/2015 0:00,11,32,255
25466,11/28/2015 1:00,12,32,253
25467,11/28/2015 2:00,11,32,254
25468,11/28/2015 3:00,11,33,255
25469,11/28/2015 4:00,12,33,256
25470,11/28/2015 5:00,11,32,256
25471,11/28/2015 6:00,11,33,257
25472,11/28/2015 7:00,11,32,257
25473,11/28/2015 8:00,11,32,257
25474,11/28/2015 9:00,11,32,260
25475,11/28/2015 10:00,11,33,260
25476,11/28/2015 11:00,11,33,261
25477,11/28/2015 12:00,11,33,261
25478,11/28/2015 13:00,11,33,261
25479,11/28/2015 14:00,11,32,263
25480,11/28/2015 15:00,11,33,263
25481,11/28/2015 16:00,11,34,264
25482,11/28/2015 17:00,9,32,264
25483,11/28/2015 18:00,11,33,265
25484,11/28/2015 19:00,11,32,265
25485,11/28/2015 20:00,11,32,265
25486,11/28/2015 21:00,11,33,265
25487,11/28/2015 22:00,11,32,265
25488,11/28/2015 23:00,11,32,265
25489,11/29/2015 0:00,10,33,265
25490,11/29/2015 1:00,11,32,265
25491,11/29/2015 2:00,11,32,265
25492,11/29/2015 3:00,11,33,265
25493,11/29/2015 4:00,11,32,265
25494,11/29/2015 5:00,11,33,265
25495,11/29/2015 6:00,11,33,265
25496,11/29/2015 7:00,9,32,265
25497,11/29/2015 8:00,11,32,264
25498,11/29/2015 9:00,11,32,265
25499,11/29/2015 10:00,11,32,265
25500,11/29/2015 11:00,11,33,265
25501,11/29/2015 12:00,11,32,265
25502,11/29/2015 13:00,9,32,266
25503,11/29/2015 14:00,11,32,265
25504,11/29/2015 15:00,11,32,265
25505,11/29/2015 16:00,11,35,265
25506,11/29/2015 17:00,9,33,265
25507,11/29/2015 18:00,11,32,265
25508,11/29/2015 19:00,12,32,266
25509,11/29/2015 20:00,11,32,265
25510,11/29/2015 21:00,11,32,265
25511,11/29/2015 22:00,11,32,266
25512,11/29/2015 23:00,11,33,266
25513,11/30/2015 0:00,11,33,266
25514,11/30/2015 1:00,11,32,266
25515,11/30/2015 2:00,11,32,267
25516,11/30/2015 3:00,11,32,267
25517,11/30/2015 4:00,11,32,267
25518,11/30/2015 5:00,11,32,268
25519,11/30/2015 6:00,11,32,269
25520,11/30/2015 7:00,11,31,267
25521,11/30/2015 8:00,11,32,267
25522,11/30/2015 9:00,11,32,267
25523,11/30/2015 10:00,11,32,267
25524,11/30/2015 11:00,11,32,266
25525,11/30/2015 12:00,11,32,266
25526,11/30/2015 13:00,11,32,265
25527,11/30/2015 14:00,11,32,266
25528,11/30/2015 15:00,11,32,266
25529,11/30/2015 16:00,9,32,263
25530,11/30/2015 17:00,11,32,265
25531,11/30/2015 18:00,10,32,265
25532,11/30/2015 19:00,12,32,265
25533,11/30/2015 20:00,11,32,267
25534,11/30/2015 21:00,11,32,269
25535,11/30/2015 22:00,11,32,269
25536,11/30/2015 23:00,11,32,269
25537,12/1/2015 0:00,11,32,269
25538,12/1/2015 1:00,11,32,270
25539,12/1/2015 2:00,11,33,269
25540,12/1/2015 3:00,11,32,269
25541,12/1/2015 4:00,11,32,267
25542,12/1/2015 5:00,11,32,268
25543,12/1/2015 6:00,10,32,269
25544,12/1/2015 7:00,11,32,269
25545,12/1/2015 8:00,11,32,269
25546,12/1/2015 9:00,11,32,269
25547,12/1/2015 10:00,11,32,269
25548,12/1/2015 11:00,11,32,269
25549,12/1/2015 12:00,11,32,269
25550,12/1/2015 13:00,10,32,270
25551,12/1/2015 14:00,11,32,269
25552,12/1/2015 15:00,11,32,269
25553,12/1/2015 16:00,11,32,269
25554,12/1/2015 17:00,11,32,269
25555,12/1/2015 18:00,11,33,269
25556,12/1/2015 19:00,11,33,268
25557,12/1/2015 20:00,11,33,267
25558,12/1/2015 21:00,11,32,268
25559,12/1/2015 22:00,11,33,267
25560,12/1/2015 23:00,11,33,267
25561,12/2/2015 0:00,11,32,267
25562,12/2/2015 1:00,11,32,267
25563,12/2/2015 2:00,11,32,267
25564,12/2/2015 3:00,11,32,267
25565,12/2/2015 4:00,11,32,266
25566,12/2/2015 5:00,11,32,269
25567,12/2/2015 6:00,11,32,269
25568,12/2/2015 7:00,11,32,268
25569,12/2/2015 8:00,11,32,267
25570,12/2/2015 9:00,11,31,267
25571,12/2/2015 10:00,11,32,266
25572,12/2/2015 11:00,11,32,267
25573,12/2/2015 12:00,11,32,267
25574,12/2/2015 13:00,11,32,267
25575,12/2/2015 14:00,11,32,267
25576,12/2/2015 15:00,11,32,266
25577,12/2/2015 16:00,11,33,267
25578,12/2/2015 17:00,9,32,267
25579,12/2/2015 18:00,11,32,266
25580,12/2/2015 19:00,9,32,266
25581,12/2/2015 20:00,11,32,266
25582,12/2/2015 21:00,11,32,267
25583,12/2/2015 22:00,11,32,267
25584,12/2/2015 23:00,11,32,266
25585,12/3/2015 0:00,11,35,267
25586,12/3/2015 1:00,11,32,266
25587,12/3/2015 2:00,11,32,267
25588,12/3/2015 3:00,11,32,267
25589,12/3/2015 4:00,11,32,267
25590,12/3/2015 5:00,11,32,267
25591,12/3/2015 6:00,11,32,268
25592,12/3/2015 7:00,11,32,269
25593,12/3/2015 8:00,11,32,268
25594,12/3/2015 9:00,11,32,268
25595,12/3/2015 10:00,11,32,267
25596,12/3/2015 11:00,11,32,267
25597,12/3/2015 12:00,11,32,267
25598,12/3/2015 13:00,12,32,267
25599,12/3/2015 14:00,11,32,267
25600,12/3/2015 15:00,11,32,267
25601,12/3/2015 16:00,11,32,267
25602,12/3/2015 17:00,11,32,267
25603,12/3/2015 18:00,11,32,267
25604,12/3/2015 19:00,11,32,267
25605,12/3/2015 20:00,11,32,268
25606,12/3/2015 21:00,10,32,268
25607,12/3/2015 22:00,11,32,268
25608,12/3/2015 23:00,11,32,269
25609,12/4/2015 0:00,10,32,268
25610,12/4/2015 1:00,11,32,269
25611,12/4/2015 2:00,10,32,269
25612,12/4/2015 3:00,11,32,269
25613,12/4/2015 4:00,10,32,269
25614,12/4/2015 5:00,11,32,269
25615,12/4/2015 6:00,11,32,269
25616,12/4/2015 7:00,12,32,268
25617,12/4/2015 8:00,11,32,267
25618,12/4/2015 9:00,11,32,267
25619,12/4/2015 10:00,11,32,267
25620,12/4/2015 11:00,11,35,268
25621,12/4/2015 12:00,11,32,269
25622,12/4/2015 13:00,11,32,270
25623,12/4/2015 14:00,11,32,270
25624,12/4/2015 15:00,11,32,270
25625,12/4/2015 16:00,11,32,269
25626,12/4/2015 17:00,11,32,269
25627,12/4/2015 18:00,11,32,270
25628,12/4/2015 19:00,11,32,270
25629,12/4/2015 20:00,11,32,270
25630,12/4/2015 21:00,11,32,269
25631,12/4/2015 22:00,12,32,269
25632,12/4/2015 23:00,11,32,269
25633,12/5/2015 0:00,11,32,269
25634,12/5/2015 1:00,11,32,268
25635,12/5/2015 2:00,11,32,268
25636,12/5/2015 3:00,11,32,268
25637,12/5/2015 4:00,11,32,267
25638,12/5/2015 5:00,11,32,267
25639,12/5/2015 6:00,11,36,267
25640,12/5/2015 7:00,11,34,267
25641,12/5/2015 8:00,11,31,267
25642,12/5/2015 9:00,11,35,268
25643,12/5/2015 10:00,9,32,268
25644,12/5/2015 11:00,11,32,267
25645,12/5/2015 12:00,11,32,267
25646,12/5/2015 13:00,11,32,267
25647,12/5/2015 14:00,11,32,267
25648,12/5/2015 15:00,11,32,266
25649,12/5/2015 16:00,9,32,266
25650,12/5/2015 17:00,11,32,266
25651,12/5/2015 18:00,11,32,266
25652,12/5/2015 19:00,11,32,266
25653,12/5/2015 20:00,11,32,266
25654,12/5/2015 21:00,11,33,267
25655,12/5/2015 22:00,11,32,266
25656,12/5/2015 23:00,11,32,267
25657,12/6/2015 0:00,11,32,267
25658,12/6/2015 1:00,11,32,267
25659,12/6/2015 2:00,11,32,266
25660,12/6/2015 3:00,11,32,267
25661,12/6/2015 4:00,11,32,267
25662,12/6/2015 5:00,11,32,267
25663,12/6/2015 6:00,9,32,267
25664,12/6/2015 7:00,10,32,267
25665,12/6/2015 8:00,12,32,267
25666,12/6/2015 9:00,11,32,268
25667,12/6/2015 10:00,11,32,270
25668,12/6/2015 11:00,13,34,270
25669,12/6/2015 12:00,11,32,270
25670,12/6/2015 13:00,11,32,270
25671,12/6/2015 14:00,11,32,272
25672,12/6/2015 15:00,11,32,273
25673,12/6/2015 16:00,11,32,273
25674,12/6/2015 17:00,10,32,273
25675,12/6/2015 18:00,11,32,272
25676,12/6/2015 19:00,10,32,272
25677,12/6/2015 20:00,11,32,272
25678,12/6/2015 21:00,12,32,272
25679,12/6/2015 22:00,11,32,270
25680,12/6/2015 23:00,11,32,272
25681,12/7/2015 0:00,11,32,270
25682,12/7/2015 1:00,11,32,270
25683,12/7/2015 2:00,11,32,270
25684,12/7/2015 3:00,11,32,270
25685,12/7/2015 4:00,11,32,269
25686,12/7/2015 5:00,11,32,269
25687,12/7/2015 6:00,12,32,269
25688,12/7/2015 7:00,11,32,269
25689,12/7/2015 8:00,11,32,269
25690,12/7/2015 9:00,11,32,269
25691,12/7/2015 10:00,11,32,269
25692,12/7/2015 11:00,11,32,269
25693,12/7/2015 12:00,10,32,268
25694,12/7/2015 13:00,11,33,269
25695,12/7/2015 14:00,11,32,268
25696,12/7/2015 15:00,11,32,268
25697,12/7/2015 16:00,11,32,269
25698,12/7/2015 17:00,11,32,269
25699,12/7/2015 18:00,11,32,267
25700,12/7/2015 19:00,11,32,267
25701,12/7/2015 20:00,11,32,267
25702,12/7/2015 21:00,11,32,267
25703,12/7/2015 22:00,11,32,267
25704,12/7/2015 23:00,10,32,267
25705,12/8/2015 0:00,11,32,267
25706,12/8/2015 1:00,11,32,267
25707,12/8/2015 2:00,12,32,266
25708,12/8/2015 3:00,11,32,267
25709,12/8/2015 4:00,11,32,267
25710,12/8/2015 5:00,11,32,267
25711,12/8/2015 6:00,10,32,268
25712,12/8/2015 7:00,11,32,269
25713,12/8/2015 8:00,11,32,269
25714,12/8/2015 9:00,11,32,269
25715,12/8/2015 10:00,11,32,269
25716,12/8/2015 11:00,11,32,269
25717,12/8/2015 12:00,11,32,269
25718,12/8/2015 13:00,11,32,269
25719,12/8/2015 14:00,11,32,269
25720,12/8/2015 15:00,12,32,269
25721,12/8/2015 16:00,11,37,269
25722,12/8/2015 17:00,11,32,269
25723,12/8/2015 18:00,9,31,269
25724,12/8/2015 19:00,11,32,269
25725,12/8/2015 20:00,11,32,269
25726,12/8/2015 21:00,11,32,269
25727,12/8/2015 22:00,11,32,269
25728,12/8/2015 23:00,11,31,269
25729,12/9/2015 0:00,11,32,268
25730,12/9/2015 1:00,11,32,269
25731,12/9/2015 2:00,11,31,269
25732,12/9/2015 3:00,11,32,268
25733,12/9/2015 4:00,11,32,268
25734,12/9/2015 5:00,11,32,269
25735,12/9/2015 6:00,11,32,268
25736,12/9/2015 7:00,11,32,269
25737,12/9/2015 8:00,11,32,269
25738,12/9/2015 9:00,11,31,269
25739,12/9/2015 10:00,11,32,269
25740,12/9/2015 11:00,11,32,269
25741,12/9/2015 12:00,12,32,269
25742,12/9/2015 13:00,11,32,269
25743,12/9/2015 14:00,11,32,269
25744,12/9/2015 15:00,11,32,269
25745,12/9/2015 16:00,11,32,269
25746,12/9/2015 17:00,11,32,269
25747,12/9/2015 18:00,11,32,269
25748,12/9/2015 19:00,11,32,269
25749,12/9/2015 20:00,11,31,269
25750,12/9/2015 21:00,11,32,269
25751,12/9/2015 22:00,12,31,269
25752,12/9/2015 23:00,11,32,269
25753,12/10/2015 0:00,11,36,269
25754,12/10/2015 1:00,9,32,268
25755,12/10/2015 2:00,10,32,268
25756,12/10/2015 3:00,11,32,267
25757,12/10/2015 4:00,11,31,267
25758,12/10/2015 5:00,11,32,267
25759,12/10/2015 6:00,11,32,268
25760,12/10/2015 7:00,11,32,268
25761,12/10/2015 8:00,11,32,268
25762,12/10/2015 9:00,11,32,268
25763,12/10/2015 10:00,11,32,268
25764,12/10/2015 11:00,11,32,269
25765,12/10/2015 12:00,11,32,268
25766,12/10/2015 13:00,11,31,268
25767,12/10/2015 14:00,11,34,268
25768,12/10/2015 15:00,11,32,268
25769,12/10/2015 16:00,11,32,269
25770,12/10/2015 17:00,11,32,268
25771,12/10/2015 18:00,11,32,267
25772,12/10/2015 19:00,11,32,268
25773,12/10/2015 20:00,11,32,268
25774,12/10/2015 21:00,11,32,267
25775,12/10/2015 22:00,11,32,268
25776,12/10/2015 23:00,11,32,268
25777,12/11/2015 0:00,11,32,268
25778,12/11/2015 1:00,11,32,268
25779,12/11/2015 2:00,11,32,267
25780,12/11/2015 3:00,11,32,267
25781,12/11/2015 4:00,11,32,267
25782,12/11/2015 5:00,11,32,267
25783,12/11/2015 6:00,12,32,267
25784,12/11/2015 7:00,11,32,267
25785,12/11/2015 8:00,11,32,267
25786,12/11/2015 9:00,11,32,266
25787,12/11/2015 10:00,11,32,266
25788,12/11/2015 11:00,11,31,266
25789,12/11/2015 12:00,11,32,266
25790,12/11/2015 13:00,11,32,266
25791,12/11/2015 14:00,11,32,266
25792,12/11/2015 15:00,11,32,266
25793,12/11/2015 16:00,11,32,266
25794,12/11/2015 17:00,11,32,266
25795,12/11/2015 18:00,11,32,266
25796,12/11/2015 19:00,11,32,266
25797,12/11/2015 20:00,11,32,266
25798,12/11/2015 21:00,11,32,266
25799,12/11/2015 22:00,11,32,266
25800,12/11/2015 23:00,10,32,266
25801,12/12/2015 0:00,11,32,266
25802,12/12/2015 1:00,11,32,266
25803,12/12/2015 2:00,11,32,266
25804,12/12/2015 3:00,12,32,266
25805,12/12/2015 4:00,11,32,266
25806,12/12/2015 5:00,11,32,266
25807,12/12/2015 6:00,11,32,266
25808,12/12/2015 7:00,11,32,266
25809,12/12/2015 8:00,11,32,267
25810,12/12/2015 9:00,11,32,266
25811,12/12/2015 10:00,11,32,267
25812,12/12/2015 11:00,11,33,266
25813,12/12/2015 12:00,12,32,266
25814,12/12/2015 13:00,11,32,267
25815,12/12/2015 14:00,11,32,267
25816,12/12/2015 15:00,11,31,267
25817,12/12/2015 16:00,11,32,267
25818,12/12/2015 17:00,11,32,267
25819,12/12/2015 18:00,13,32,267
25820,12/12/2015 19:00,11,32,267
25821,12/12/2015 20:00,11,32,267
25822,12/12/2015 21:00,11,32,267
25823,12/12/2015 22:00,11,32,267
25824,12/12/2015 23:00,11,32,267
25825,12/13/2015 0:00,11,32,267
25826,12/13/2015 1:00,11,32,267
25827,12/13/2015 2:00,11,32,267
25828,12/13/2015 3:00,11,32,267
25829,12/13/2015 4:00,11,32,267
25830,12/13/2015 5:00,11,32,267
25831,12/13/2015 6:00,11,32,267
25832,12/13/2015 7:00,11,32,267
25833,12/13/2015 8:00,11,32,267
25834,12/13/2015 9:00,11,32,267
25835,12/13/2015 10:00,11,32,267
25836,12/13/2015 11:00,11,32,267
25837,12/13/2015 12:00,11,32,266
25838,12/13/2015 13:00,11,33,267
25839,12/13/2015 14:00,11,32,267
25840,12/13/2015 15:00,10,32,267
25841,12/13/2015 16:00,10,32,267
25842,12/13/2015 17:00,11,32,267
25843,12/13/2015 18:00,11,32,267
25844,12/13/2015 19:00,11,32,267
25845,12/13/2015 20:00,11,32,267
25846,12/13/2015 21:00,11,32,267
25847,12/13/2015 22:00,11,32,267
25848,12/13/2015 23:00,11,32,267
25849,12/14/2015 0:00,11,32,267
25850,12/14/2015 1:00,11,32,267
25851,12/14/2015 2:00,11,32,267
25852,12/14/2015 3:00,11,33,267
25853,12/14/2015 4:00,10,34,267
25854,12/14/2015 5:00,11,32,267
25855,12/14/2015 6:00,11,32,267
25856,12/14/2015 7:00,11,31,267
25857,12/14/2015 8:00,11,32,267
25858,12/14/2015 9:00,11,32,267
25859,12/14/2015 10:00,11,33,267
25860,12/14/2015 11:00,11,33,267
25861,12/14/2015 12:00,12,32,267
25862,12/14/2015 13:00,11,32,267
25863,12/14/2015 14:00,11,32,267
25864,12/14/2015 15:00,11,33,267
25865,12/14/2015 16:00,11,32,267
25866,12/14/2015 17:00,11,32,267
25867,12/14/2015 18:00,11,32,267
25868,12/14/2015 19:00,10,33,267
25869,12/14/2015 20:00,10,32,266
25870,12/14/2015 21:00,11,32,266
25871,12/14/2015 22:00,11,33,266
25872,12/14/2015 23:00,11,32,266
25873,12/15/2015 0:00,10,32,266
25874,12/15/2015 1:00,11,32,266
25875,12/15/2015 2:00,11,32,266
25876,12/15/2015 3:00,11,32,266
25877,12/15/2015 4:00,11,31,266
25878,12/15/2015 5:00,11,32,266
25879,12/15/2015 6:00,11,32,266
25880,12/15/2015 7:00,11,32,266
25881,12/15/2015 8:00,11,33,266
25882,12/15/2015 9:00,11,32,266
25883,12/15/2015 10:00,11,32,266
25884,12/15/2015 11:00,11,32,266
25885,12/15/2015 12:00,11,33,266
25886,12/15/2015 13:00,11,32,266
25887,12/15/2015 14:00,11,32,266
25888,12/15/2015 15:00,11,33,266
25889,12/15/2015 16:00,11,33,265
25890,12/15/2015 17:00,11,32,265
25891,12/15/2015 18:00,11,33,266
25892,12/15/2015 19:00,11,32,266
25893,12/15/2015 20:00,11,31,266
25894,12/15/2015 21:00,10,33,265
25895,12/15/2015 22:00,11,33,265
25896,12/15/2015 23:00,12,32,265
25897,12/16/2015 0:00,11,34,265
25898,12/16/2015 1:00,11,32,265
25899,12/16/2015 2:00,11,32,265
25900,12/16/2015 3:00,11,33,265
25901,12/16/2015 4:00,11,32,265
25902,12/16/2015 5:00,11,33,265
25903,12/16/2015 6:00,10,32,265
25904,12/16/2015 7:00,10,32,265
25905,12/16/2015 8:00,11,32,265
25906,12/16/2015 9:00,11,33,265
25907,12/16/2015 10:00,11,32,265
25908,12/16/2015 11:00,11,33,265
25909,12/16/2015 12:00,11,32,265
25910,12/16/2015 13:00,13,32,265
25911,12/16/2015 14:00,11,33,265
25912,12/16/2015 15:00,11,33,265
25913,12/16/2015 16:00,12,32,265
25914,12/16/2015 17:00,10,32,264
25915,12/16/2015 18:00,11,33,264
25916,12/16/2015 19:00,11,32,265
25917,12/16/2015 20:00,10,32,265
25918,12/16/2015 21:00,11,32,265
25919,12/16/2015 22:00,11,32,265
25920,12/16/2015 23:00,11,32,265
25921,12/17/2015 0:00,11,32,264
25922,12/17/2015 1:00,11,32,264
25923,12/17/2015 2:00,11,34,264
25924,12/17/2015 3:00,11,32,264
25925,12/17/2015 4:00,11,32,264
25926,12/17/2015 5:00,11,32,264
25927,12/17/2015 6:00,11,32,264
25928,12/17/2015 7:00,11,32,264
25929,12/17/2015 8:00,11,32,265
25930,12/17/2015 9:00,10,34,265
25931,12/17/2015 10:00,11,32,265
25932,12/17/2015 11:00,11,34,265
25933,12/17/2015 12:00,11,33,265
25934,12/17/2015 13:00,11,34,265
25935,12/17/2015 14:00,11,33,265
25936,12/17/2015 15:00,10,32,265
25937,12/17/2015 16:00,11,32,265
25938,12/17/2015 17:00,11,32,265
25939,12/17/2015 18:00,11,32,265
25940,12/17/2015 19:00,11,32,265
25941,12/17/2015 20:00,11,34,264
25942,12/17/2015 21:00,11,32,264
25943,12/17/2015 22:00,11,32,264
25944,12/17/2015 23:00,11,32,264
25945,12/18/2015 0:00,11,32,263
25946,12/18/2015 1:00,11,34,263
25947,12/18/2015 2:00,11,32,262
25948,12/18/2015 3:00,12,34,262
25949,12/18/2015 4:00,11,33,262
25950,12/18/2015 5:00,11,32,262
25951,12/18/2015 6:00,11,33,261
25952,12/18/2015 7:00,11,33,261
25953,12/18/2015 8:00,10,31,261
25954,12/18/2015 9:00,11,31,261
25955,12/18/2015 10:00,11,32,261
25956,12/18/2015 11:00,11,32,261
25957,12/18/2015 12:00,11,32,261
25958,12/18/2015 13:00,11,32,261
25959,12/18/2015 14:00,11,32,261
25960,12/18/2015 15:00,12,32,261
25961,12/18/2015 16:00,11,31,263
25962,12/18/2015 17:00,11,32,263
25963,12/18/2015 18:00,11,34,261
25964,12/18/2015 19:00,11,33,261
25965,12/18/2015 20:00,11,32,261
25966,12/18/2015 21:00,11,32,261
25967,12/18/2015 22:00,11,32,261
25968,12/18/2015 23:00,11,32,261
25969,12/19/2015 0:00,11,32,261
25970,12/19/2015 1:00,11,33,261
25971,12/19/2015 2:00,11,34,261
25972,12/19/2015 3:00,11,32,260
25973,12/19/2015 4:00,11,32,261
25974,12/19/2015 5:00,11,33,260
25975,12/19/2015 6:00,13,33,260
25976,12/19/2015 7:00,10,32,260
25977,12/19/2015 8:00,11,34,260
25978,12/19/2015 9:00,12,33,260
25979,12/19/2015 10:00,11,32,260
25980,12/19/2015 11:00,11,34,260
25981,12/19/2015 12:00,11,32,260
25982,12/19/2015 13:00,11,34,259
25983,12/19/2015 14:00,11,34,259
25984,12/19/2015 15:00,11,32,260
25985,12/19/2015 16:00,11,32,260
25986,12/19/2015 17:00,11,34,260
25987,12/19/2015 18:00,11,32,259
25988,12/19/2015 19:00,11,33,260
25989,12/19/2015 20:00,11,32,259
25990,12/19/2015 21:00,10,32,259
25991,12/19/2015 22:00,11,34,259
25992,12/19/2015 23:00,11,34,259
25993,12/20/2015 0:00,11,32,260
25994,12/20/2015 1:00,11,33,259
25995,12/20/2015 2:00,11,32,259
25996,12/20/2015 3:00,11,32,259
25997,12/20/2015 4:00,11,33,259
25998,12/20/2015 5:00,11,32,259
25999,12/20/2015 6:00,10,32,259
26000,12/20/2015 7:00,10,34,259
26001,12/20/2015 8:00,11,34,259
26002,12/20/2015 9:00,11,32,258
26003,12/20/2015 10:00,11,34,259
26004,12/20/2015 11:00,10,32,259
26005,12/20/2015 12:00,11,32,259
26006,12/20/2015 13:00,10,33,260
26007,12/20/2015 14:00,10,32,259
26008,12/20/2015 15:00,11,32,259
26009,12/20/2015 16:00,11,34,259
26010,12/20/2015 17:00,11,32,260
26011,12/20/2015 18:00,11,32,259
26012,12/20/2015 19:00,10,34,259
26013,12/20/2015 20:00,11,32,259
26014,12/20/2015 21:00,11,32,258
26015,12/20/2015 22:00,11,33,258
26016,12/20/2015 23:00,11,32,257
26017,12/21/2015 0:00,10,34,257
26018,12/21/2015 1:00,11,32,257
26019,12/21/2015 2:00,10,34,258
26020,12/21/2015 3:00,11,32,258
26021,12/21/2015 4:00,11,34,257
26022,12/21/2015 5:00,11,31,258
26023,12/21/2015 6:00,10,32,257
26024,12/21/2015 7:00,10,31,258
26025,12/21/2015 8:00,11,32,258
26026,12/21/2015 9:00,11,32,258
26027,12/21/2015 10:00,11,32,258
26028,12/21/2015 11:00,11,34,257
26029,12/21/2015 12:00,11,34,257
26030,12/21/2015 13:00,11,33,257
26031,12/21/2015 14:00,11,32,258
26032,12/21/2015 15:00,11,33,258
26033,12/21/2015 16:00,11,32,258
26034,12/21/2015 17:00,11,32,258
26035,12/21/2015 18:00,11,31,258
26036,12/21/2015 19:00,10,32,259
26037,12/21/2015 20:00,11,32,259
26038,12/21/2015 21:00,11,33,259
26039,12/21/2015 22:00,11,32,259
26040,12/21/2015 23:00,11,32,259
26041,12/22/2015 0:00,12,30,259
26042,12/22/2015 1:00,11,32,259
26043,12/22/2015 2:00,11,34,259
26044,12/22/2015 3:00,11,32,259
26045,12/22/2015 4:00,11,32,259
26046,12/22/2015 5:00,11,33,259
26047,12/22/2015 6:00,11,32,259
26048,12/22/2015 7:00,12,32,259
26049,12/22/2015 8:00,11,32,259
26050,12/22/2015 9:00,11,30,259
26051,12/22/2015 10:00,11,32,259
26052,12/22/2015 11:00,11,32,259
26053,12/22/2015 12:00,11,32,259
26054,12/22/2015 13:00,10,32,259
26055,12/22/2015 14:00,11,32,259
26056,12/22/2015 15:00,11,32,258
26057,12/22/2015 16:00,11,32,258
26058,12/22/2015 17:00,10,32,259
26059,12/22/2015 18:00,12,34,258
26060,12/22/2015 19:00,10,32,258
26061,12/22/2015 20:00,11,32,258
26062,12/22/2015 21:00,11,34,258
26063,12/22/2015 22:00,11,32,257
26064,12/22/2015 23:00,11,32,258
26065,12/23/2015 0:00,9,33,258
26066,12/23/2015 1:00,11,32,258
26067,12/23/2015 2:00,11,32,258
26068,12/23/2015 3:00,11,32,258
26069,12/23/2015 4:00,10,33,257
26070,12/23/2015 5:00,11,32,258
26071,12/23/2015 6:00,11,32,258
26072,12/23/2015 7:00,11,32,259
26073,12/23/2015 8:00,12,33,259
26074,12/23/2015 9:00,11,32,258
26075,12/23/2015 10:00,11,32,258
26076,12/23/2015 11:00,11,33,259
26077,12/23/2015 12:00,11,32,259
26078,12/23/2015 13:00,11,32,256
26079,12/23/2015 14:00,11,32,254
26080,12/23/2015 15:00,9,32,312
26081,12/23/2015 16:00,9,32,269
26082,12/23/2015 17:00,9,32,276
26083,12/23/2015 18:00,13,31,291
26084,12/23/2015 19:00,11,32,287
26085,12/23/2015 20:00,11,32,298
26086,12/23/2015 21:00,10,32,315
26087,12/23/2015 22:00,11,32,320
26088,12/23/2015 23:00,10,32,324
26089,12/24/2015 0:00,11,34,330
26090,12/24/2015 1:00,11,34,351
26091,12/24/2015 2:00,11,33,326
26092,12/24/2015 3:00,11,34,336
26093,12/24/2015 4:00,11,32,335
26094,12/24/2015 5:00,11,32,364
26095,12/24/2015 6:00,11,32,327
26096,12/24/2015 7:00,9,32,337
26097,12/24/2015 8:00,10,32,356
26098,12/24/2015 9:00,11,32,339
26099,12/24/2015 10:00,11,32,336
26100,12/24/2015 11:00,11,32,338
26101,12/24/2015 12:00,11,34,338
26102,12/24/2015 13:00,10,32,339
26103,12/24/2015 14:00,12,32,339
26104,12/24/2015 15:00,11,32,339
26105,12/24/2015 16:00,11,32,335
26106,12/24/2015 17:00,10,32,336
26107,12/24/2015 18:00,11,32,348
26108,12/24/2015 19:00,11,32,321
26109,12/24/2015 20:00,11,32,319
26110,12/24/2015 21:00,11,32,285
26111,12/24/2015 22:00,11,32,301
26112,12/24/2015 23:00,11,32,315
26113,12/25/2015 0:00,11,34,315
26114,12/25/2015 1:00,11,32,307
26115,12/25/2015 2:00,12,32,300
26116,12/25/2015 3:00,12,32,301
26117,12/25/2015 4:00,11,32,304
26118,12/25/2015 5:00,11,32,307
26119,12/25/2015 6:00,11,32,311
26120,12/25/2015 7:00,11,32,304
26121,12/25/2015 8:00,36,32,313
26122,12/25/2015 9:00,10,32,328
26123,12/25/2015 10:00,11,32,330
26124,12/25/2015 11:00,12,32,333
26125,12/25/2015 12:00,61,32,333
26126,12/25/2015 13:00,59,32,334
26127,12/25/2015 14:00,63,32,334
26128,12/25/2015 15:00,63,32,334
26129,12/25/2015 16:00,58,32,334
26130,12/25/2015 17:00,69,32,334
26131,12/25/2015 18:00,63,32,334
26132,12/25/2015 19:00,59,32,335
26133,12/25/2015 20:00,56,33,335
26134,12/25/2015 21:00,46,33,334
26135,12/25/2015 22:00,41,33,334
26136,12/25/2015 23:00,39,31,334
26137,12/26/2015 0:00,36,33,334
26138,12/26/2015 1:00,33,33,334
26139,12/26/2015 2:00,28,32,334
26140,12/26/2015 3:00,25,33,333
26141,12/26/2015 4:00,20,33,333
26142,12/26/2015 5:00,14,32,333
26143,12/26/2015 6:00,14,33,333
26144,12/26/2015 7:00,14,32,333
26145,12/26/2015 8:00,14,32,334
26146,12/26/2015 9:00,14,32,335
26147,12/26/2015 10:00,14,32,333
26148,12/26/2015 11:00,14,32,333
26149,12/26/2015 12:00,13,34,333
26150,12/26/2015 13:00,13,33,333
26151,12/26/2015 14:00,13,33,333
26152,12/26/2015 15:00,13,32,333
26153,12/26/2015 16:00,13,33,332
26154,12/26/2015 17:00,13,32,332
26155,12/26/2015 18:00,12,34,331
26156,12/26/2015 19:00,12,32,331
26157,12/26/2015 20:00,12,33,331
26158,12/26/2015 21:00,25,32,331
26159,12/26/2015 22:00,12,34,330
26160,12/26/2015 23:00,14,32,330
26161,12/27/2015 0:00,12,33,330
26162,12/27/2015 1:00,12,32,330
26163,12/27/2015 2:00,12,32,330
26164,12/27/2015 3:00,12,34,330
26165,12/27/2015 4:00,12,32,329
26166,12/27/2015 5:00,14,31,329
26167,12/27/2015 6:00,12,31,329
26168,12/27/2015 7:00,13,32,328
26169,12/27/2015 8:00,12,33,328
26170,12/27/2015 9:00,12,32,328
26171,12/27/2015 10:00,12,32,328
26172,12/27/2015 11:00,12,32,328
26173,12/27/2015 12:00,14,32,328
26174,12/27/2015 13:00,12,34,328
26175,12/27/2015 14:00,13,32,328
26176,12/27/2015 15:00,13,34,327
26177,12/27/2015 16:00,13,32,327
26178,12/27/2015 17:00,13,34,327
26179,12/27/2015 18:00,12,33,327
26180,12/27/2015 19:00,13,33,327
26181,12/27/2015 20:00,13,32,327
26182,12/27/2015 21:00,13,33,327
26183,12/27/2015 22:00,13,32,327
26184,12/27/2015 23:00,13,32,327
26185,12/28/2015 0:00,13,32,327
26186,12/28/2015 1:00,13,32,326
26187,12/28/2015 2:00,13,33,326
26188,12/28/2015 3:00,13,33,326
26189,12/28/2015 4:00,13,32,326
26190,12/28/2015 5:00,13,32,326
26191,12/28/2015 6:00,13,32,326
26192,12/28/2015 7:00,13,32,326
26193,12/28/2015 8:00,13,32,326
26194,12/28/2015 9:00,13,32,326
26195,12/28/2015 10:00,13,32,326
26196,12/28/2015 11:00,13,32,326
26197,12/28/2015 12:00,15,33,325
26198,12/28/2015 13:00,13,32,325
26199,12/28/2015 14:00,13,32,325
26200,12/28/2015 15:00,13,32,325
26201,12/28/2015 16:00,13,33,325
26202,12/28/2015 17:00,13,32,325
26203,12/28/2015 18:00,13,33,325
26204,12/28/2015 19:00,13,32,325
26205,12/28/2015 20:00,13,33,325
26206,12/28/2015 21:00,13,32,325
26207,12/28/2015 22:00,13,34,325
26208,12/28/2015 23:00,13,33,325
26209,12/29/2015 0:00,13,32,325
26210,12/29/2015 1:00,13,32,324
26211,12/29/2015 2:00,13,33,324
26212,12/29/2015 3:00,13,32,324
26213,12/29/2015 4:00,13,33,324
26214,12/29/2015 5:00,13,32,324
26215,12/29/2015 6:00,13,33,324
26216,12/29/2015 7:00,13,32,324
26217,12/29/2015 8:00,13,33,324
26218,12/29/2015 9:00,13,34,324
26219,12/29/2015 10:00,13,34,324
26220,12/29/2015 11:00,13,32,324
26221,12/29/2015 12:00,13,33,323
26222,12/29/2015 13:00,13,32,322
26223,12/29/2015 14:00,13,32,322
26224,12/29/2015 15:00,13,33,322
26225,12/29/2015 16:00,13,33,322
26226,12/29/2015 17:00,13,32,322
26227,12/29/2015 18:00,13,32,322
26228,12/29/2015 19:00,13,32,322
26229,12/29/2015 20:00,13,32,322
26230,12/29/2015 21:00,13,32,322
26231,12/29/2015 22:00,13,33,322
26232,12/29/2015 23:00,13,32,321
26233,12/30/2015 0:00,13,32,322
26234,12/30/2015 1:00,13,32,322
26235,12/30/2015 2:00,13,32,321
26236,12/30/2015 3:00,13,32,321
26237,12/30/2015 4:00,13,33,321
26238,12/30/2015 5:00,14,32,321
26239,12/30/2015 6:00,13,32,350
26240,12/30/2015 7:00,13,32,350
26241,12/30/2015 8:00,13,32,354
26242,12/30/2015 9:00,13,32,333
26243,12/30/2015 10:00,13,32,333
26244,12/30/2015 11:00,13,34,334
26245,12/30/2015 12:00,13,32,335
26246,12/30/2015 13:00,13,32,335
26247,12/30/2015 14:00,13,32,335
26248,12/30/2015 15:00,13,32,335
26249,12/30/2015 16:00,15,32,335
26250,12/30/2015 17:00,13,33,336
26251,12/30/2015 18:00,13,32,336
26252,12/30/2015 19:00,15,32,336
26253,12/30/2015 20:00,13,34,336
26254,12/30/2015 21:00,13,32,336
26255,12/30/2015 22:00,13,32,336
26256,12/30/2015 23:00,13,33,336
26257,12/31/2015 0:00,13,32,336
26258,12/31/2015 1:00,13,33,336
26259,12/31/2015 2:00,13,32,336
26260,12/31/2015 3:00,13,32,336
26261,12/31/2015 4:00,13,32,336
26262,12/31/2015 5:00,13,33,336
26263,12/31/2015 6:00,13,32,336
26264,12/31/2015 7:00,13,34,336
26265,12/31/2015 8:00,15,32,336
26266,12/31/2015 9:00,12,33,336
26267,12/31/2015 10:00,13,34,336
26268,12/31/2015 11:00,13,34,336
26269,12/31/2015 12:00,13,32,336
26270,12/31/2015 13:00,13,32,336
26271,12/31/2015 14:00,13,32,335
26272,12/31/2015 15:00,13,32,335
26273,12/31/2015 16:00,13,32,335
26274,12/31/2015 17:00,15,32,335
26275,12/31/2015 18:00,13,32,334
26276,12/31/2015 19:00,13,32,334
26277,12/31/2015 20:00,13,32,334
26278,12/31/2015 21:00,15,32,334
26279,12/31/2015 22:00,13,32,334
26280,12/31/2015 23:00,13,32,333
26281,1/1/2016 0:00,13,32,334
26282,1/1/2016 1:00,13,33,334
26283,1/1/2016 2:00,13,32,334
26284,1/1/2016 3:00,13,32,334
26285,1/1/2016 4:00,13,32,334
26286,1/1/2016 5:00,13,32,333
26287,1/1/2016 6:00,13,34,333
26288,1/1/2016 7:00,13,33,333
26289,1/1/2016 8:00,13,32,331
26290,1/1/2016 9:00,13,32,331
26291,1/1/2016 10:00,13,32,331
26292,1/1/2016 11:00,13,33,331
26293,1/1/2016 12:00,13,32,330
26294,1/1/2016 13:00,13,32,331
26295,1/1/2016 14:00,13,32,331
26296,1/1/2016 15:00,13,34,330
26297,1/1/2016 16:00,13,32,331
26298,1/1/2016 17:00,13,32,331
26299,1/1/2016 18:00,13,32,330
26300,1/1/2016 19:00,13,32,330
26301,1/1/2016 20:00,13,32,330
26302,1/1/2016 21:00,13,32,330
26303,1/1/2016 22:00,13,32,331
26304,1/1/2016 23:00,13,32,330
26305,1/2/2016 0:00,13,31,330
26306,1/2/2016 1:00,12,32,330
26307,1/2/2016 2:00,12,32,330
26308,1/2/2016 3:00,13,32,330
26309,1/2/2016 4:00,13,32,330
26310,1/2/2016 5:00,13,32,330
26311,1/2/2016 6:00,13,32,330
26312,1/2/2016 7:00,12,32,330
26313,1/2/2016 8:00,12,32,330
26314,1/2/2016 9:00,12,34,330
26315,1/2/2016 10:00,12,32,330
26316,1/2/2016 11:00,12,34,330
26317,1/2/2016 12:00,12,32,330
26318,1/2/2016 13:00,12,32,330
26319,1/2/2016 14:00,12,32,330
26320,1/2/2016 15:00,12,32,330
26321,1/2/2016 16:00,12,32,330
26322,1/2/2016 17:00,12,34,330
26323,1/2/2016 18:00,12,32,330
26324,1/2/2016 19:00,12,32,330
26325,1/2/2016 20:00,12,32,330
26326,1/2/2016 21:00,12,32,330
26327,1/2/2016 22:00,12,34,330
26328,1/2/2016 23:00,12,32,330
26329,1/3/2016 0:00,12,32,330
26330,1/3/2016 1:00,12,32,329
26331,1/3/2016 2:00,12,32,330
26332,1/3/2016 3:00,12,34,330
26333,1/3/2016 4:00,12,32,330
26334,1/3/2016 5:00,12,32,330
26335,1/3/2016 6:00,12,32,329
26336,1/3/2016 7:00,10,32,330
26337,1/3/2016 8:00,12,34,329
26338,1/3/2016 9:00,15,32,329
26339,1/3/2016 10:00,12,32,329
26340,1/3/2016 11:00,11,32,329
26341,1/3/2016 12:00,12,32,329
26342,1/3/2016 13:00,12,33,329
26343,1/3/2016 14:00,12,32,329
26344,1/3/2016 15:00,12,34,329
26345,1/3/2016 16:00,12,32,329
26346,1/3/2016 17:00,15,33,329
26347,1/3/2016 18:00,12,32,329
26348,1/3/2016 19:00,12,32,329
26349,1/3/2016 20:00,12,32,328
26350,1/3/2016 21:00,12,32,329
26351,1/3/2016 22:00,14,32,329
26352,1/3/2016 23:00,15,32,329
26353,1/4/2016 0:00,12,32,329
26354,1/4/2016 1:00,12,32,329
26355,1/4/2016 2:00,15,32,329
26356,1/4/2016 3:00,12,33,329
26357,1/4/2016 4:00,12,32,329
26358,1/4/2016 5:00,11,32,330
26359,1/4/2016 6:00,15,32,330
26360,1/4/2016 7:00,12,32,330
26361,1/4/2016 8:00,12,33,329
26362,1/4/2016 9:00,12,34,330
26363,1/4/2016 10:00,10,32,329
26364,1/4/2016 11:00,12,32,329
26365,1/4/2016 12:00,12,34,329
26366,1/4/2016 13:00,12,32,330
26367,1/4/2016 14:00,12,32,330
26368,1/4/2016 15:00,12,32,329
26369,1/4/2016 16:00,12,32,330
26370,1/4/2016 17:00,12,32,330
26371,1/4/2016 18:00,12,32,330
26372,1/4/2016 19:00,13,32,330
26373,1/4/2016 20:00,12,32,330
26374,1/4/2016 21:00,12,32,330
26375,1/4/2016 22:00,12,32,330
26376,1/4/2016 23:00,12,32,330
26377,1/5/2016 0:00,12,32,330
26378,1/5/2016 1:00,12,32,330
26379,1/5/2016 2:00,12,32,330
26380,1/5/2016 3:00,12,32,330
26381,1/5/2016 4:00,12,32,330
26382,1/5/2016 5:00,12,32,330
26383,1/5/2016 6:00,12,32,329
26384,1/5/2016 7:00,12,32,330
26385,1/5/2016 8:00,12,34,330
26386,1/5/2016 9:00,12,32,330
26387,1/5/2016 10:00,12,32,330
26388,1/5/2016 11:00,12,32,329
26389,1/5/2016 12:00,15,32,330
26390,1/5/2016 13:00,10,32,330
26391,1/5/2016 14:00,12,32,330
26392,1/5/2016 15:00,14,32,330
26393,1/5/2016 16:00,12,32,330
26394,1/5/2016 17:00,12,32,330
26395,1/5/2016 18:00,12,32,330
26396,1/5/2016 19:00,12,32,329
26397,1/5/2016 20:00,12,32,328
26398,1/5/2016 21:00,12,32,328
26399,1/5/2016 22:00,12,34,328
26400,1/5/2016 23:00,12,34,328
26401,1/6/2016 0:00,12,32,328
26402,1/6/2016 1:00,12,32,328
26403,1/6/2016 2:00,15,32,328
26404,1/6/2016 3:00,12,32,328
26405,1/6/2016 4:00,12,32,328
26406,1/6/2016 5:00,12,32,328
26407,1/6/2016 6:00,12,32,328
26408,1/6/2016 7:00,12,33,328
26409,1/6/2016 8:00,12,32,328
26410,1/6/2016 9:00,12,32,328
26411,1/6/2016 10:00,12,32,328
26412,1/6/2016 11:00,12,32,328
26413,1/6/2016 12:00,12,32,328
26414,1/6/2016 13:00,12,32,328
26415,1/6/2016 14:00,12,32,328
26416,1/6/2016 15:00,12,32,328
26417,1/6/2016 16:00,12,32,328
26418,1/6/2016 17:00,12,32,328
26419,1/6/2016 18:00,12,32,328
26420,1/6/2016 19:00,12,33,328
26421,1/6/2016 20:00,12,32,328
26422,1/6/2016 21:00,12,33,328
26423,1/6/2016 22:00,14,34,328
26424,1/6/2016 23:00,12,32,328
26425,1/7/2016 0:00,12,32,328
26426,1/7/2016 1:00,12,32,328
26427,1/7/2016 2:00,12,32,328
26428,1/7/2016 3:00,12,32,328
26429,1/7/2016 4:00,15,33,328
26430,1/7/2016 5:00,12,32,328
26431,1/7/2016 6:00,12,32,328
26432,1/7/2016 7:00,12,32,328
26433,1/7/2016 8:00,12,32,328
26434,1/7/2016 9:00,12,33,328
26435,1/7/2016 10:00,12,32,328
26436,1/7/2016 11:00,12,33,328
26437,1/7/2016 12:00,12,32,328
26438,1/7/2016 13:00,12,32,351
26439,1/7/2016 14:00,12,32,356
26440,1/7/2016 15:00,12,32,352
26441,1/7/2016 16:00,12,33,353
26442,1/7/2016 17:00,12,33,351
26443,1/7/2016 18:00,12,33,351
26444,1/7/2016 19:00,12,32,352
26445,1/7/2016 20:00,15,33,350
26446,1/7/2016 21:00,12,32,352
26447,1/7/2016 22:00,12,33,355
26448,1/7/2016 23:00,12,33,361
26449,1/8/2016 0:00,12,33,372
26450,1/8/2016 1:00,12,33,391
26451,1/8/2016 2:00,12,33,393
26452,1/8/2016 3:00,12,33,383
26453,1/8/2016 4:00,12,33,382
26454,1/8/2016 5:00,12,33,381
26455,1/8/2016 6:00,12,33,379
26456,1/8/2016 7:00,12,34,381
26457,1/8/2016 8:00,12,33,378
26458,1/8/2016 9:00,12,33,380
26459,1/8/2016 10:00,12,33,370
26460,1/8/2016 11:00,12,33,362
26461,1/8/2016 12:00,12,31,361
26462,1/8/2016 13:00,13,33,362
26463,1/8/2016 14:00,12,32,361
26464,1/8/2016 15:00,12,33,361
26465,1/8/2016 16:00,12,33,361
26466,1/8/2016 17:00,12,31,361
26467,1/8/2016 18:00,12,33,361
26468,1/8/2016 19:00,10,33,361
26469,1/8/2016 20:00,12,33,361
26470,1/8/2016 21:00,12,33,361
26471,1/8/2016 22:00,12,34,361
26472,1/8/2016 23:00,12,33,361
26473,1/9/2016 0:00,12,33,361
26474,1/9/2016 1:00,12,33,361
26475,1/9/2016 2:00,12,34,361
26476,1/9/2016 3:00,12,33,361
26477,1/9/2016 4:00,12,33,361
26478,1/9/2016 5:00,12,33,361
26479,1/9/2016 6:00,12,33,361
26480,1/9/2016 7:00,12,33,361
26481,1/9/2016 8:00,12,33,361
26482,1/9/2016 9:00,12,33,361
26483,1/9/2016 10:00,12,33,360
26484,1/9/2016 11:00,12,33,360
26485,1/9/2016 12:00,12,33,360
26486,1/9/2016 13:00,12,33,360
26487,1/9/2016 14:00,12,33,360
26488,1/9/2016 15:00,12,33,360
26489,1/9/2016 16:00,12,34,360
26490,1/9/2016 17:00,12,33,360
26491,1/9/2016 18:00,12,33,360
26492,1/9/2016 19:00,12,33,360
26493,1/9/2016 20:00,12,33,360
26494,1/9/2016 21:00,12,31,360
26495,1/9/2016 22:00,11,32,360
26496,1/9/2016 23:00,15,33,360
26497,1/10/2016 0:00,12,33,360
26498,1/10/2016 1:00,12,33,360
26499,1/10/2016 2:00,12,33,360
26500,1/10/2016 3:00,12,34,360
26501,1/10/2016 4:00,12,33,361
26502,1/10/2016 5:00,12,33,362
26503,1/10/2016 6:00,12,33,362
26504,1/10/2016 7:00,12,33,362
26505,1/10/2016 8:00,12,33,361
26506,1/10/2016 9:00,12,34,361
26507,1/10/2016 10:00,12,33,361
26508,1/10/2016 11:00,12,33,361
26509,1/10/2016 12:00,12,33,361
26510,1/10/2016 13:00,12,33,361
26511,1/10/2016 14:00,12,33,361
26512,1/10/2016 15:00,12,33,361
26513,1/10/2016 16:00,12,33,361
26514,1/10/2016 17:00,12,34,361
26515,1/10/2016 18:00,12,33,361
26516,1/10/2016 19:00,13,33,361
26517,1/10/2016 20:00,12,33,361
26518,1/10/2016 21:00,12,33,361
26519,1/10/2016 22:00,12,33,361
26520,1/10/2016 23:00,12,33,361
26521,1/11/2016 0:00,12,33,361
26522,1/11/2016 1:00,12,33,361
26523,1/11/2016 2:00,12,33,361
26524,1/11/2016 3:00,12,33,361
26525,1/11/2016 4:00,12,34,361
26526,1/11/2016 5:00,12,33,361
26527,1/11/2016 6:00,12,33,361
26528,1/11/2016 7:00,12,33,361
26529,1/11/2016 8:00,12,33,361
26530,1/11/2016 9:00,12,33,361
26531,1/11/2016 10:00,12,33,361
26532,1/11/2016 11:00,12,33,361
26533,1/11/2016 12:00,12,33,361
26534,1/11/2016 13:00,12,33,360
26535,1/11/2016 14:00,12,33,360
26536,1/11/2016 15:00,13,33,361
26537,1/11/2016 16:00,12,33,360
26538,1/11/2016 17:00,12,33,360
26539,1/11/2016 18:00,12,33,360
26540,1/11/2016 19:00,15,33,360
26541,1/11/2016 20:00,12,33,360
26542,1/11/2016 21:00,12,33,360
26543,1/11/2016 22:00,12,33,360
26544,1/11/2016 23:00,12,33,360
26545,1/12/2016 0:00,12,33,360
26546,1/12/2016 1:00,12,33,360
26547,1/12/2016 2:00,12,33,360
26548,1/12/2016 3:00,12,33,360
26549,1/12/2016 4:00,12,33,360
26550,1/12/2016 5:00,12,33,360
26551,1/12/2016 6:00,12,33,360
26552,1/12/2016 7:00,12,33,360
26553,1/12/2016 8:00,12,33,360
26554,1/12/2016 9:00,12,33,360
26555,1/12/2016 10:00,12,33,360
26556,1/12/2016 11:00,12,33,360
26557,1/12/2016 12:00,12,33,360
26558,1/12/2016 13:00,10,33,360
26559,1/12/2016 14:00,12,33,360
26560,1/12/2016 15:00,12,33,360
26561,1/12/2016 16:00,12,33,360
26562,1/12/2016 17:00,12,34,360
26563,1/12/2016 18:00,12,33,360
26564,1/12/2016 19:00,13,33,360
26565,1/12/2016 20:00,12,33,360
26566,1/12/2016 21:00,12,33,360
26567,1/12/2016 22:00,12,33,360
26568,1/12/2016 23:00,12,34,360
26569,1/13/2016 0:00,12,33,360
26570,1/13/2016 1:00,12,33,360
26571,1/13/2016 2:00,12,33,360
26572,1/13/2016 3:00,12,33,360
26573,1/13/2016 4:00,12,33,360
26574,1/13/2016 5:00,12,33,360
26575,1/13/2016 6:00,12,33,360
26576,1/13/2016 7:00,12,33,360
26577,1/13/2016 8:00,12,33,360
26578,1/13/2016 9:00,12,33,360
26579,1/13/2016 10:00,12,33,360
26580,1/13/2016 11:00,12,33,360
26581,1/13/2016 12:00,12,31,360
26582,1/13/2016 13:00,12,33,360
26583,1/13/2016 14:00,12,34,360
26584,1/13/2016 15:00,12,33,360
26585,1/13/2016 16:00,12,33,360
26586,1/13/2016 17:00,12,33,360
26587,1/13/2016 18:00,12,33,360
26588,1/13/2016 19:00,12,33,360
26589,1/13/2016 20:00,12,33,360
26590,1/13/2016 21:00,12,33,360
26591,1/13/2016 22:00,12,33,360
26592,1/13/2016 23:00,12,33,360
26593,1/14/2016 0:00,12,33,360
26594,1/14/2016 1:00,12,33,360
26595,1/14/2016 2:00,12,33,360
26596,1/14/2016 3:00,12,33,360
26597,1/14/2016 4:00,12,33,360
26598,1/14/2016 5:00,12,33,360
26599,1/14/2016 6:00,12,33,360
26600,1/14/2016 7:00,12,33,360
26601,1/14/2016 8:00,12,33,360
26602,1/14/2016 9:00,12,33,360
26603,1/14/2016 10:00,12,33,360
26604,1/14/2016 11:00,12,33,360
26605,1/14/2016 12:00,12,34,360
26606,1/14/2016 13:00,12,33,360
26607,1/14/2016 14:00,12,33,360
26608,1/14/2016 15:00,12,33,360
26609,1/14/2016 16:00,12,33,360
26610,1/14/2016 17:00,12,33,360
26611,1/14/2016 18:00,12,33,360
26612,1/14/2016 19:00,12,33,360
26613,1/14/2016 20:00,14,33,360
26614,1/14/2016 21:00,12,33,360
26615,1/14/2016 22:00,12,33,360
26616,1/14/2016 23:00,12,33,360
26617,1/15/2016 0:00,12,33,360
26618,1/15/2016 1:00,12,33,360
26619,1/15/2016 2:00,12,33,360
26620,1/15/2016 3:00,12,33,360
26621,1/15/2016 4:00,12,33,360
26622,1/15/2016 5:00,12,33,360
26623,1/15/2016 6:00,12,33,360
26624,1/15/2016 7:00,12,33,360
26625,1/15/2016 8:00,12,33,360
26626,1/15/2016 9:00,12,33,360
26627,1/15/2016 10:00,12,33,360
26628,1/15/2016 11:00,12,33,360
26629,1/15/2016 12:00,12,33,360
26630,1/15/2016 13:00,12,33,360
26631,1/15/2016 14:00,12,33,360
26632,1/15/2016 15:00,12,33,360
26633,1/15/2016 16:00,12,33,360
26634,1/15/2016 17:00,12,33,360
26635,1/15/2016 18:00,12,33,360
26636,1/15/2016 19:00,12,33,360
26637,1/15/2016 20:00,12,33,360
26638,1/15/2016 21:00,12,33,360
26639,1/15/2016 22:00,12,33,360
26640,1/15/2016 23:00,12,33,360
26641,1/16/2016 0:00,12,33,360
26642,1/16/2016 1:00,12,33,360
26643,1/16/2016 2:00,12,33,360
26644,1/16/2016 3:00,12,33,360
26645,1/16/2016 4:00,12,33,360
26646,1/16/2016 5:00,12,33,360
26647,1/16/2016 6:00,12,33,360
26648,1/16/2016 7:00,12,33,360
26649,1/16/2016 8:00,12,33,359
26650,1/16/2016 9:00,12,33,360
26651,1/16/2016 10:00,12,33,360
26652,1/16/2016 11:00,12,33,360
26653,1/16/2016 12:00,12,33,360
26654,1/16/2016 13:00,12,33,360
26655,1/16/2016 14:00,12,33,360
26656,1/16/2016 15:00,12,33,360
26657,1/16/2016 16:00,12,33,360
26658,1/16/2016 17:00,12,33,360
26659,1/16/2016 18:00,12,33,360
26660,1/16/2016 19:00,12,33,360
26661,1/16/2016 20:00,12,33,360
26662,1/16/2016 21:00,12,33,359
26663,1/16/2016 22:00,12,33,359
26664,1/16/2016 23:00,12,33,360
26665,1/17/2016 0:00,12,33,359
26666,1/17/2016 1:00,12,33,360
26667,1/17/2016 2:00,12,33,360
26668,1/17/2016 3:00,12,33,360
26669,1/17/2016 4:00,12,33,360
26670,1/17/2016 5:00,12,33,360
26671,1/17/2016 6:00,12,33,360
26672,1/17/2016 7:00,12,33,360
26673,1/17/2016 8:00,12,33,360
26674,1/17/2016 9:00,12,33,360
26675,1/17/2016 10:00,12,33,360
26676,1/17/2016 11:00,12,33,360
26677,1/17/2016 12:00,12,33,360
26678,1/17/2016 13:00,12,33,360
26679,1/17/2016 14:00,12,33,360
26680,1/17/2016 15:00,12,33,360
26681,1/17/2016 16:00,12,33,360
26682,1/17/2016 17:00,12,33,360
26683,1/17/2016 18:00,12,33,360
26684,1/17/2016 19:00,12,33,360
26685,1/17/2016 20:00,12,33,360
26686,1/17/2016 21:00,12,33,360
26687,1/17/2016 22:00,12,33,360
26688,1/17/2016 23:00,12,33,360
26689,1/18/2016 0:00,12,33,360
26690,1/18/2016 1:00,12,33,360
26691,1/18/2016 2:00,12,33,360
26692,1/18/2016 3:00,12,33,360
26693,1/18/2016 4:00,12,33,360
26694,1/18/2016 5:00,12,33,360
26695,1/18/2016 6:00,14,33,360
26696,1/18/2016 7:00,12,33,360
26697,1/18/2016 8:00,12,33,360
26698,1/18/2016 9:00,12,33,360
26699,1/18/2016 10:00,11,33,360
26700,1/18/2016 11:00,12,33,360
26701,1/18/2016 12:00,12,33,360
26702,1/18/2016 13:00,12,34,360
26703,1/18/2016 14:00,12,33,360
26704,1/18/2016 15:00,12,33,360
26705,1/18/2016 16:00,12,33,359
26706,1/18/2016 17:00,12,33,360
26707,1/18/2016 18:00,12,33,360
26708,1/18/2016 19:00,12,33,360
26709,1/18/2016 20:00,12,33,359
26710,1/18/2016 21:00,12,33,359
26711,1/18/2016 22:00,15,33,359
26712,1/18/2016 23:00,12,33,359
26713,1/19/2016 0:00,12,33,359
26714,1/19/2016 1:00,12,33,359
26715,1/19/2016 2:00,12,33,359
26716,1/19/2016 3:00,12,33,359
26717,1/19/2016 4:00,12,34,360
26718,1/19/2016 5:00,12,33,359
26719,1/19/2016 6:00,12,33,360
26720,1/19/2016 7:00,12,33,360
26721,1/19/2016 8:00,12,34,359
26722,1/19/2016 9:00,12,33,359
26723,1/19/2016 10:00,12,33,360
26724,1/19/2016 11:00,12,33,360
26725,1/19/2016 12:00,12,34,360
26726,1/19/2016 13:00,12,33,359
26727,1/19/2016 14:00,12,33,359
26728,1/19/2016 15:00,12,33,359
26729,1/19/2016 16:00,12,33,359
26730,1/19/2016 17:00,12,33,359
26731,1/19/2016 18:00,12,33,360
26732,1/19/2016 19:00,12,33,359
26733,1/19/2016 20:00,12,33,359
26734,1/19/2016 21:00,12,33,359
26735,1/19/2016 22:00,12,33,359
26736,1/19/2016 23:00,12,33,359
26737,1/20/2016 0:00,12,33,359
26738,1/20/2016 1:00,12,33,360
26739,1/20/2016 2:00,12,33,359
26740,1/20/2016 3:00,12,34,359
26741,1/20/2016 4:00,11,33,359
26742,1/20/2016 5:00,12,33,359
26743,1/20/2016 6:00,12,33,359
26744,1/20/2016 7:00,12,33,359
26745,1/20/2016 8:00,12,33,359
26746,1/20/2016 9:00,12,33,359
26747,1/20/2016 10:00,12,33,359
26748,1/20/2016 11:00,12,34,359
26749,1/20/2016 12:00,12,33,359
26750,1/20/2016 13:00,12,33,359
26751,1/20/2016 14:00,12,33,359
26752,1/20/2016 15:00,12,33,359
26753,1/20/2016 16:00,12,33,359
26754,1/20/2016 17:00,12,33,359
26755,1/20/2016 18:00,12,33,359
26756,1/20/2016 19:00,12,33,359
26757,1/20/2016 20:00,12,33,359
26758,1/20/2016 21:00,12,33,359
26759,1/20/2016 22:00,13,33,359
26760,1/20/2016 23:00,12,33,359
26761,1/21/2016 0:00,12,33,359
26762,1/21/2016 1:00,12,33,359
26763,1/21/2016 2:00,12,33,359
26764,1/21/2016 3:00,12,33,359
26765,1/21/2016 4:00,14,33,359
26766,1/21/2016 5:00,12,33,359
26767,1/21/2016 6:00,12,33,359
26768,1/21/2016 7:00,12,34,359
26769,1/21/2016 8:00,12,33,359
26770,1/21/2016 9:00,13,33,359
26771,1/21/2016 10:00,12,34,359
26772,1/21/2016 11:00,12,33,359
26773,1/21/2016 12:00,12,33,359
26774,1/21/2016 13:00,12,33,359
26775,1/21/2016 14:00,15,34,359
26776,1/21/2016 15:00,12,34,359
26777,1/21/2016 16:00,12,33,359
26778,1/21/2016 17:00,15,33,359
26779,1/21/2016 18:00,12,33,359
26780,1/21/2016 19:00,12,33,359
26781,1/21/2016 20:00,12,34,359
26782,1/21/2016 21:00,12,33,359
26783,1/21/2016 22:00,12,33,359
26784,1/21/2016 23:00,12,33,359
26785,1/22/2016 0:00,12,33,359
26786,1/22/2016 1:00,12,33,359
26787,1/22/2016 2:00,12,33,359
26788,1/22/2016 3:00,12,33,359
26789,1/22/2016 4:00,15,33,359
26790,1/22/2016 5:00,12,33,359
26791,1/22/2016 6:00,13,33,359
26792,1/22/2016 7:00,12,33,359
26793,1/22/2016 8:00,12,33,359
26794,1/22/2016 9:00,12,33,359
26795,1/22/2016 10:00,11,33,359
26796,1/22/2016 11:00,12,33,359
26797,1/22/2016 12:00,12,33,359
26798,1/22/2016 13:00,12,33,359
26799,1/22/2016 14:00,12,33,359
26800,1/22/2016 15:00,12,33,359
26801,1/22/2016 16:00,12,33,359
26802,1/22/2016 17:00,12,33,359
26803,1/22/2016 18:00,12,33,359
26804,1/22/2016 19:00,12,33,359
26805,1/22/2016 20:00,12,33,359
26806,1/22/2016 21:00,11,33,359
26807,1/22/2016 22:00,12,33,359
26808,1/22/2016 23:00,12,33,359
26809,1/23/2016 0:00,12,33,359
26810,1/23/2016 1:00,12,33,359
26811,1/23/2016 2:00,12,33,360
26812,1/23/2016 3:00,13,33,359
26813,1/23/2016 4:00,12,33,359
26814,1/23/2016 5:00,12,33,359
26815,1/23/2016 6:00,12,33,359
26816,1/23/2016 7:00,12,33,359
26817,1/23/2016 8:00,12,33,359
26818,1/23/2016 9:00,12,33,359
26819,1/23/2016 10:00,15,33,359
26820,1/23/2016 11:00,12,33,359
26821,1/23/2016 12:00,12,33,359
26822,1/23/2016 13:00,12,33,359
26823,1/23/2016 14:00,11,33,359
26824,1/23/2016 15:00,12,33,359
26825,1/23/2016 16:00,12,33,359
26826,1/23/2016 17:00,12,33,359
26827,1/23/2016 18:00,12,33,359
26828,1/23/2016 19:00,12,33,359
26829,1/23/2016 20:00,12,33,359
26830,1/23/2016 21:00,12,33,359
26831,1/23/2016 22:00,12,33,359
26832,1/23/2016 23:00,12,33,359
26833,1/24/2016 0:00,12,33,359
26834,1/24/2016 1:00,12,33,359
26835,1/24/2016 2:00,12,33,359
26836,1/24/2016 3:00,12,33,359
26837,1/24/2016 4:00,13,33,359
26838,1/24/2016 5:00,12,33,359
26839,1/24/2016 6:00,12,33,359
26840,1/24/2016 7:00,12,33,359
26841,1/24/2016 8:00,12,33,359
26842,1/24/2016 9:00,12,33,359
26843,1/24/2016 10:00,12,33,359
26844,1/24/2016 11:00,12,33,358
26845,1/24/2016 12:00,12,33,357
26846,1/24/2016 13:00,12,33,357
26847,1/24/2016 14:00,12,33,358
26848,1/24/2016 15:00,12,33,358
26849,1/24/2016 16:00,12,33,358
26850,1/24/2016 17:00,13,33,358
26851,1/24/2016 18:00,12,33,359
26852,1/24/2016 19:00,12,33,359
26853,1/24/2016 20:00,12,33,359
26854,1/24/2016 21:00,12,33,359
26855,1/24/2016 22:00,12,34,359
26856,1/24/2016 23:00,12,33,359
26857,1/25/2016 0:00,12,33,359
26858,1/25/2016 1:00,12,33,358
26859,1/25/2016 2:00,12,33,358
26860,1/25/2016 3:00,12,33,359
26861,1/25/2016 4:00,12,33,358
26862,1/25/2016 5:00,12,33,358
26863,1/25/2016 6:00,12,33,359
26864,1/25/2016 7:00,12,33,359
26865,1/25/2016 8:00,12,33,358
26866,1/25/2016 9:00,12,33,359
26867,1/25/2016 10:00,10,33,359
26868,1/25/2016 11:00,12,33,359
26869,1/25/2016 12:00,12,33,359
26870,1/25/2016 13:00,12,33,359
26871,1/25/2016 14:00,12,33,359
26872,1/25/2016 15:00,12,33,359
26873,1/25/2016 16:00,12,33,359
26874,1/25/2016 17:00,12,33,359
26875,1/25/2016 18:00,12,33,359
26876,1/25/2016 19:00,12,33,359
26877,1/25/2016 20:00,12,33,359
26878,1/25/2016 21:00,12,34,359
26879,1/25/2016 22:00,12,33,359
26880,1/25/2016 23:00,13,33,359
26881,1/26/2016 0:00,12,33,359
26882,1/26/2016 1:00,12,33,359
26883,1/26/2016 2:00,12,33,359
26884,1/26/2016 3:00,12,33,359
26885,1/26/2016 4:00,12,33,359
26886,1/26/2016 5:00,12,33,359
26887,1/26/2016 6:00,12,33,359
26888,1/26/2016 7:00,12,33,359
26889,1/26/2016 8:00,12,33,359
26890,1/26/2016 9:00,12,33,359
26891,1/26/2016 10:00,12,33,359
26892,1/26/2016 11:00,12,33,359
26893,1/26/2016 12:00,12,33,359
26894,1/26/2016 13:00,12,33,359
26895,1/26/2016 14:00,15,33,359
26896,1/26/2016 15:00,12,33,359
26897,1/26/2016 16:00,12,33,359
26898,1/26/2016 17:00,12,33,359
26899,1/26/2016 18:00,12,33,359
26900,1/26/2016 19:00,12,33,359
26901,1/26/2016 20:00,12,33,359
26902,1/26/2016 21:00,12,33,359
26903,1/26/2016 22:00,12,33,359
26904,1/26/2016 23:00,12,33,359
26905,1/27/2016 0:00,12,33,359
26906,1/27/2016 1:00,12,33,359
26907,1/27/2016 2:00,12,33,359
26908,1/27/2016 3:00,12,33,359
26909,1/27/2016 4:00,12,33,359
26910,1/27/2016 5:00,12,33,359
26911,1/27/2016 6:00,12,33,359
26912,1/27/2016 7:00,13,34,359
26913,1/27/2016 8:00,12,33,359
26914,1/27/2016 9:00,12,33,359
26915,1/27/2016 10:00,12,33,359
26916,1/27/2016 11:00,12,33,359
26917,1/27/2016 12:00,12,33,359
26918,1/27/2016 13:00,12,33,359
26919,1/27/2016 14:00,12,33,359
26920,1/27/2016 15:00,12,33,359
26921,1/27/2016 16:00,12,33,359
26922,1/27/2016 17:00,12,33,359
26923,1/27/2016 18:00,13,33,359
26924,1/27/2016 19:00,11,33,359
26925,1/27/2016 20:00,12,33,359
26926,1/27/2016 21:00,12,33,359
26927,1/27/2016 22:00,12,33,359
26928,1/27/2016 23:00,12,33,359
26929,1/28/2016 0:00,12,33,359
26930,1/28/2016 1:00,12,33,358
26931,1/28/2016 2:00,12,33,358
26932,1/28/2016 3:00,12,33,358
26933,1/28/2016 4:00,12,33,357
26934,1/28/2016 5:00,12,33,357
26935,1/28/2016 6:00,15,33,357
26936,1/28/2016 7:00,12,33,358
26937,1/28/2016 8:00,12,33,358
26938,1/28/2016 9:00,13,33,357
26939,1/28/2016 10:00,12,33,357
26940,1/28/2016 11:00,12,33,357
26941,1/28/2016 12:00,12,33,358
26942,1/28/2016 13:00,12,33,357
26943,1/28/2016 14:00,12,33,358
26944,1/28/2016 15:00,12,33,357
26945,1/28/2016 16:00,13,33,357
26946,1/28/2016 17:00,12,33,357
26947,1/28/2016 18:00,12,34,358
26948,1/28/2016 19:00,12,33,358
26949,1/28/2016 20:00,12,33,359
26950,1/28/2016 21:00,12,33,359
26951,1/28/2016 22:00,12,33,359
26952,1/28/2016 23:00,13,33,357
26953,1/29/2016 0:00,12,33,357
26954,1/29/2016 1:00,12,33,357
26955,1/29/2016 2:00,12,33,357
26956,1/29/2016 3:00,15,33,357
26957,1/29/2016 4:00,12,33,357
26958,1/29/2016 5:00,12,33,358
26959,1/29/2016 6:00,12,33,357
26960,1/29/2016 7:00,15,33,358
26961,1/29/2016 8:00,12,33,358
26962,1/29/2016 9:00,12,33,357
26963,1/29/2016 10:00,12,33,358
26964,1/29/2016 11:00,12,33,358
26965,1/29/2016 12:00,12,33,358
26966,1/29/2016 13:00,12,33,358
26967,1/29/2016 14:00,12,33,358
26968,1/29/2016 15:00,12,34,358
26969,1/29/2016 16:00,12,34,358
26970,1/29/2016 17:00,12,33,359
26971,1/29/2016 18:00,12,33,358
26972,1/29/2016 19:00,12,33,358
26973,1/29/2016 20:00,12,33,358
26974,1/29/2016 21:00,12,33,359
26975,1/29/2016 22:00,12,33,358
26976,1/29/2016 23:00,12,33,358
26977,1/30/2016 0:00,12,33,358
26978,1/30/2016 1:00,12,33,358
26979,1/30/2016 2:00,12,33,358
26980,1/30/2016 3:00,12,33,358
26981,1/30/2016 4:00,12,33,358
26982,1/30/2016 5:00,12,33,358
26983,1/30/2016 6:00,12,33,358
26984,1/30/2016 7:00,12,33,358
26985,1/30/2016 8:00,12,33,358
26986,1/30/2016 9:00,12,33,358
26987,1/30/2016 10:00,13,33,358
26988,1/30/2016 11:00,12,33,358
26989,1/30/2016 12:00,12,33,358
26990,1/30/2016 13:00,12,33,358
26991,1/30/2016 14:00,12,33,358
26992,1/30/2016 15:00,12,33,358
26993,1/30/2016 16:00,12,33,358
26994,1/30/2016 17:00,12,33,358
26995,1/30/2016 18:00,12,33,358
26996,1/30/2016 19:00,12,33,358
26997,1/30/2016 20:00,13,34,357
26998,1/30/2016 21:00,12,33,358
26999,1/30/2016 22:00,12,33,357
27000,1/30/2016 23:00,12,33,358
27001,1/31/2016 0:00,12,33,358
27002,1/31/2016 1:00,12,33,357
27003,1/31/2016 2:00,12,34,357
27004,1/31/2016 3:00,12,33,357
27005,1/31/2016 4:00,12,33,357
27006,1/31/2016 5:00,13,33,358
27007,1/31/2016 6:00,12,33,357
27008,1/31/2016 7:00,12,32,357
27009,1/31/2016 8:00,12,33,357
27010,1/31/2016 9:00,13,33,358
27011,1/31/2016 10:00,12,34,357
27012,1/31/2016 11:00,12,33,357
27013,1/31/2016 12:00,12,33,357
27014,1/31/2016 13:00,12,33,358
27015,1/31/2016 14:00,12,33,357
27016,1/31/2016 15:00,12,33,357
27017,1/31/2016 16:00,12,33,357
27018,1/31/2016 17:00,12,33,357
27019,1/31/2016 18:00,13,34,357
27020,1/31/2016 19:00,12,33,357
27021,1/31/2016 20:00,12,34,357
27022,1/31/2016 21:00,12,33,357
27023,1/31/2016 22:00,13,33,357
27024,1/31/2016 23:00,12,33,357
27025,2/1/2016 0:00,12,33,357
27026,2/1/2016 1:00,12,35,357
27027,2/1/2016 2:00,12,33,357
27028,2/1/2016 3:00,12,33,357
27029,2/1/2016 4:00,12,33,357
27030,2/1/2016 5:00,12,33,357
27031,2/1/2016 6:00,12,34,357
27032,2/1/2016 7:00,13,37,357
27033,2/1/2016 8:00,12,35,358
27034,2/1/2016 9:00,12,34,358
27035,2/1/2016 10:00,15,33,358
27036,2/1/2016 11:00,12,33,358
27037,2/1/2016 12:00,12,36,358
27038,2/1/2016 13:00,13,33,358
27039,2/1/2016 14:00,10,37,358
27040,2/1/2016 15:00,12,36,358
27041,2/1/2016 16:00,12,33,358
27042,2/1/2016 17:00,12,33,358
27043,2/1/2016 18:00,13,33,359
27044,2/1/2016 19:00,12,34,358
27045,2/1/2016 20:00,12,36,357
27046,2/1/2016 21:00,12,33,357
27047,2/1/2016 22:00,12,33,358
27048,2/1/2016 23:00,12,33,359
27049,2/2/2016 0:00,13,34,358
27050,2/2/2016 1:00,12,33,358
27051,2/2/2016 2:00,12,33,358
27052,2/2/2016 3:00,12,33,358
27053,2/2/2016 4:00,12,36,358
27054,2/2/2016 5:00,13,37,358
27055,2/2/2016 6:00,12,33,358
27056,2/2/2016 7:00,12,36,359
27057,2/2/2016 8:00,12,35,358
27058,2/2/2016 9:00,12,33,358
27059,2/2/2016 10:00,12,33,358
27060,2/2/2016 11:00,12,33,359
27061,2/2/2016 12:00,12,33,358
27062,2/2/2016 13:00,12,35,359
27063,2/2/2016 14:00,12,33,358
27064,2/2/2016 15:00,13,36,358
27065,2/2/2016 16:00,12,33,359
27066,2/2/2016 17:00,13,33,358
27067,2/2/2016 18:00,12,33,358
27068,2/2/2016 19:00,12,32,358
27069,2/2/2016 20:00,13,33,358
27070,2/2/2016 21:00,12,37,358
27071,2/2/2016 22:00,12,33,358
27072,2/2/2016 23:00,12,34,359
27073,2/3/2016 0:00,12,33,359
27074,2/3/2016 1:00,12,34,359
27075,2/3/2016 2:00,12,34,359
27076,2/3/2016 3:00,12,33,359
27077,2/3/2016 4:00,12,36,359
27078,2/3/2016 5:00,12,34,359
27079,2/3/2016 6:00,12,34,358
27080,2/3/2016 7:00,12,34,358
27081,2/3/2016 8:00,12,34,358
27082,2/3/2016 9:00,12,34,358
27083,2/3/2016 10:00,12,34,358
27084,2/3/2016 11:00,12,34,358
27085,2/3/2016 12:00,12,35,358
27086,2/3/2016 13:00,13,34,358
27087,2/3/2016 14:00,12,34,358
27088,2/3/2016 15:00,12,33,359
27089,2/3/2016 16:00,12,33,359
27090,2/3/2016 17:00,12,34,358
27091,2/3/2016 18:00,12,34,358
27092,2/3/2016 19:00,12,34,358
27093,2/3/2016 20:00,12,36,358
27094,2/3/2016 21:00,12,34,358
27095,2/3/2016 22:00,12,34,358
27096,2/3/2016 23:00,12,34,359
27097,2/4/2016 0:00,11,34,358
27098,2/4/2016 1:00,12,36,358
27099,2/4/2016 2:00,12,34,357
27100,2/4/2016 3:00,12,35,356
27101,2/4/2016 4:00,12,34,356
27102,2/4/2016 5:00,12,32,356
27103,2/4/2016 6:00,12,34,357
27104,2/4/2016 7:00,12,34,357
27105,2/4/2016 8:00,12,34,358
27106,2/4/2016 9:00,13,34,358
27107,2/4/2016 10:00,12,34,358
27108,2/4/2016 11:00,12,34,358
27109,2/4/2016 12:00,11,34,358
27110,2/4/2016 13:00,12,34,357
27111,2/4/2016 14:00,12,34,358
27112,2/4/2016 15:00,12,36,358
27113,2/4/2016 16:00,12,34,358
27114,2/4/2016 17:00,12,34,357
27115,2/4/2016 18:00,12,34,358
27116,2/4/2016 19:00,12,34,358
27117,2/4/2016 20:00,12,34,357
27118,2/4/2016 21:00,13,35,357
27119,2/4/2016 22:00,12,34,357
27120,2/4/2016 23:00,12,34,357
27121,2/5/2016 0:00,12,34,357
27122,2/5/2016 1:00,12,35,358
27123,2/5/2016 2:00,13,34,357
27124,2/5/2016 3:00,12,34,357
27125,2/5/2016 4:00,12,36,358
27126,2/5/2016 5:00,12,34,358
27127,2/5/2016 6:00,12,34,358
27128,2/5/2016 7:00,12,34,358
27129,2/5/2016 8:00,12,37,358
27130,2/5/2016 9:00,11,34,358
27131,2/5/2016 10:00,12,34,357
27132,2/5/2016 11:00,12,34,358
27133,2/5/2016 12:00,13,36,358
27134,2/5/2016 13:00,12,35,358
27135,2/5/2016 14:00,14,34,358
27136,2/5/2016 15:00,12,34,358
27137,2/5/2016 16:00,12,34,357
27138,2/5/2016 17:00,12,34,357
27139,2/5/2016 18:00,13,34,356
27140,2/5/2016 19:00,12,37,356
27141,2/5/2016 20:00,12,34,356
27142,2/5/2016 21:00,12,36,356
27143,2/5/2016 22:00,12,34,356
27144,2/5/2016 23:00,12,34,356
27145,2/6/2016 0:00,12,34,356
27146,2/6/2016 1:00,12,34,356
27147,2/6/2016 2:00,12,34,357
27148,2/6/2016 3:00,12,37,357
27149,2/6/2016 4:00,12,35,357
27150,2/6/2016 5:00,12,34,357
27151,2/6/2016 6:00,12,35,357
27152,2/6/2016 7:00,12,34,357
27153,2/6/2016 8:00,12,34,357
27154,2/6/2016 9:00,12,34,356
27155,2/6/2016 10:00,12,34,356
27156,2/6/2016 11:00,12,36,356
27157,2/6/2016 12:00,12,36,357
27158,2/6/2016 13:00,12,34,357
27159,2/6/2016 14:00,12,34,357
27160,2/6/2016 15:00,12,34,357
27161,2/6/2016 16:00,12,34,357
27162,2/6/2016 17:00,13,34,357
27163,2/6/2016 18:00,12,34,357
27164,2/6/2016 19:00,12,34,357
27165,2/6/2016 20:00,12,34,357
27166,2/6/2016 21:00,12,34,357
27167,2/6/2016 22:00,12,34,357
27168,2/6/2016 23:00,12,34,357
27169,2/7/2016 0:00,12,34,357
27170,2/7/2016 1:00,12,34,357
27171,2/7/2016 2:00,12,34,357
27172,2/7/2016 3:00,12,34,357
27173,2/7/2016 4:00,13,32,357
27174,2/7/2016 5:00,12,34,357
27175,2/7/2016 6:00,12,36,357
27176,2/7/2016 7:00,12,36,357
27177,2/7/2016 8:00,12,34,356
27178,2/7/2016 9:00,12,34,357
27179,2/7/2016 10:00,12,34,356
27180,2/7/2016 11:00,12,34,357
27181,2/7/2016 12:00,12,34,357
27182,2/7/2016 13:00,12,37,357
27183,2/7/2016 14:00,12,34,357
27184,2/7/2016 15:00,12,34,357
27185,2/7/2016 16:00,12,34,357
27186,2/7/2016 17:00,12,34,357
27187,2/7/2016 18:00,12,34,357
27188,2/7/2016 19:00,12,34,357
27189,2/7/2016 20:00,12,34,357
27190,2/7/2016 21:00,12,34,357
27191,2/7/2016 22:00,12,34,357
27192,2/7/2016 23:00,12,34,357
27193,2/8/2016 0:00,12,32,357
27194,2/8/2016 1:00,13,36,357
27195,2/8/2016 2:00,12,34,357
27196,2/8/2016 3:00,13,34,357
27197,2/8/2016 4:00,15,34,357
27198,2/8/2016 5:00,12,34,357
27199,2/8/2016 6:00,12,34,357
27200,2/8/2016 7:00,15,34,357
27201,2/8/2016 8:00,12,34,357
27202,2/8/2016 9:00,12,34,357
27203,2/8/2016 10:00,12,34,357
27204,2/8/2016 11:00,12,34,357
27205,2/8/2016 12:00,12,34,357
27206,2/8/2016 13:00,12,34,357
27207,2/8/2016 14:00,11,34,358
27208,2/8/2016 15:00,12,34,358
27209,2/8/2016 16:00,12,34,358
27210,2/8/2016 17:00,12,34,357
27211,2/8/2016 18:00,12,36,357
27212,2/8/2016 19:00,12,35,357
27213,2/8/2016 20:00,12,34,357
27214,2/8/2016 21:00,13,34,357
27215,2/8/2016 22:00,12,37,357
27216,2/8/2016 23:00,12,34,357
27217,2/9/2016 0:00,12,34,357
27218,2/9/2016 1:00,13,34,357
27219,2/9/2016 2:00,12,34,357
27220,2/9/2016 3:00,12,34,357
27221,2/9/2016 4:00,13,34,357
27222,2/9/2016 5:00,12,34,357
27223,2/9/2016 6:00,11,34,357
27224,2/9/2016 7:00,12,34,357
27225,2/9/2016 8:00,12,34,357
27226,2/9/2016 9:00,12,34,357
27227,2/9/2016 10:00,12,34,357
27228,2/9/2016 11:00,14,37,357
27229,2/9/2016 12:00,12,34,357
27230,2/9/2016 13:00,12,36,357
27231,2/9/2016 14:00,12,34,357
27232,2/9/2016 15:00,12,34,357
27233,2/9/2016 16:00,13,34,357
27234,2/9/2016 17:00,12,34,357
27235,2/9/2016 18:00,12,34,357
27236,2/9/2016 19:00,11,34,357
27237,2/9/2016 20:00,12,34,357
27238,2/9/2016 21:00,12,34,357
27239,2/9/2016 22:00,13,34,357
27240,2/9/2016 23:00,12,34,357
27241,2/10/2016 0:00,12,34,357
27242,2/10/2016 1:00,12,34,357
27243,2/10/2016 2:00,12,34,357
27244,2/10/2016 3:00,12,34,357
27245,2/10/2016 4:00,12,34,357
27246,2/10/2016 5:00,12,34,357
27247,2/10/2016 6:00,12,34,358
27248,2/10/2016 7:00,12,34,357
27249,2/10/2016 8:00,15,37,357
27250,2/10/2016 9:00,12,34,357
27251,2/10/2016 10:00,12,34,357
27252,2/10/2016 11:00,12,34,357
27253,2/10/2016 12:00,12,34,357
27254,2/10/2016 13:00,13,34,357
27255,2/10/2016 14:00,12,34,357
27256,2/10/2016 15:00,13,34,357
27257,2/10/2016 16:00,12,34,357
27258,2/10/2016 17:00,12,34,357
27259,2/10/2016 18:00,12,34,357
27260,2/10/2016 19:00,11,34,358
27261,2/10/2016 20:00,12,34,357
27262,2/10/2016 21:00,12,35,357
27263,2/10/2016 22:00,12,34,357
27264,2/10/2016 23:00,12,34,357
27265,2/11/2016 0:00,12,34,357
27266,2/11/2016 1:00,12,34,357
27267,2/11/2016 2:00,12,34,357
27268,2/11/2016 3:00,12,34,357
27269,2/11/2016 4:00,13,34,357
27270,2/11/2016 5:00,12,34,357
27271,2/11/2016 6:00,12,34,357
27272,2/11/2016 7:00,13,34,356
27273,2/11/2016 8:00,13,34,356
27274,2/11/2016 9:00,12,34,356
27275,2/11/2016 10:00,12,32,356
27276,2/11/2016 11:00,12,34,356
27277,2/11/2016 12:00,12,34,357
27278,2/11/2016 13:00,12,34,357
27279,2/11/2016 14:00,12,34,356
27280,2/11/2016 15:00,12,34,357
27281,2/11/2016 16:00,12,34,357
27282,2/11/2016 17:00,12,36,357
27283,2/11/2016 18:00,12,34,357
27284,2/11/2016 19:00,12,34,357
27285,2/11/2016 20:00,12,34,303
27286,2/11/2016 21:00,12,34,302
27287,2/11/2016 22:00,12,34,297
27288,2/11/2016 23:00,11,34,296
27289,2/12/2016 0:00,12,34,299
27290,2/12/2016 1:00,12,34,302
27291,2/12/2016 2:00,12,34,307
27292,2/12/2016 3:00,13,34,308
27293,2/12/2016 4:00,12,35,309
27294,2/12/2016 5:00,12,34,310
27295,2/12/2016 6:00,12,34,310
27296,2/12/2016 7:00,12,34,311
27297,2/12/2016 8:00,12,34,311
27298,2/12/2016 9:00,12,34,311
27299,2/12/2016 10:00,12,34,312
27300,2/12/2016 11:00,12,34,312
27301,2/12/2016 12:00,12,34,312
27302,2/12/2016 13:00,11,34,312
27303,2/12/2016 14:00,13,34,312
27304,2/12/2016 15:00,12,34,312
27305,2/12/2016 16:00,12,34,312
27306,2/12/2016 17:00,12,37,312
27307,2/12/2016 18:00,12,36,312
27308,2/12/2016 19:00,12,34,312
27309,2/12/2016 20:00,12,34,312
27310,2/12/2016 21:00,12,34,312
27311,2/12/2016 22:00,11,34,312
27312,2/12/2016 23:00,12,34,312
27313,2/13/2016 0:00,12,34,312
27314,2/13/2016 1:00,11,34,311
27315,2/13/2016 2:00,11,36,311
27316,2/13/2016 3:00,11,34,312
27317,2/13/2016 4:00,11,35,312
27318,2/13/2016 5:00,11,34,312
27319,2/13/2016 6:00,11,34,312
27320,2/13/2016 7:00,11,34,312
27321,2/13/2016 8:00,11,34,312
27322,2/13/2016 9:00,11,34,311
27323,2/13/2016 10:00,11,34,311
27324,2/13/2016 11:00,11,34,311
27325,2/13/2016 12:00,11,34,311
27326,2/13/2016 13:00,11,37,311
27327,2/13/2016 14:00,11,35,311
27328,2/13/2016 15:00,11,37,311
27329,2/13/2016 16:00,11,34,311
27330,2/13/2016 17:00,11,37,311
27331,2/13/2016 18:00,11,37,311
27332,2/13/2016 19:00,11,37,310
27333,2/13/2016 20:00,11,34,311
27334,2/13/2016 21:00,11,34,311
27335,2/13/2016 22:00,11,34,309
27336,2/13/2016 23:00,11,34,309
27337,2/14/2016 0:00,11,34,309
27338,2/14/2016 1:00,11,34,309
27339,2/14/2016 2:00,11,37,309
27340,2/14/2016 3:00,11,34,309
27341,2/14/2016 4:00,11,34,309
27342,2/14/2016 5:00,11,34,309
27343,2/14/2016 6:00,11,34,309
27344,2/14/2016 7:00,11,34,309
27345,2/14/2016 8:00,11,34,309
27346,2/14/2016 9:00,11,34,309
27347,2/14/2016 10:00,11,34,309
27348,2/14/2016 11:00,11,34,308
27349,2/14/2016 12:00,11,34,308
27350,2/14/2016 13:00,11,34,307
27351,2/14/2016 14:00,11,34,305
27352,2/14/2016 15:00,11,34,304
27353,2/14/2016 16:00,11,34,303
27354,2/14/2016 17:00,11,34,300
27355,2/14/2016 18:00,11,34,283
27356,2/14/2016 19:00,11,34,302
27357,2/14/2016 20:00,11,34,303
27358,2/14/2016 21:00,11,34,304
27359,2/14/2016 22:00,11,34,306
27360,2/14/2016 23:00,11,34,307
27361,2/15/2016 0:00,11,34,308
27362,2/15/2016 1:00,11,34,308
27363,2/15/2016 2:00,11,34,308
27364,2/15/2016 3:00,11,34,308
27365,2/15/2016 4:00,11,34,309
27366,2/15/2016 5:00,11,34,309
27367,2/15/2016 6:00,11,34,309
27368,2/15/2016 7:00,11,34,309
27369,2/15/2016 8:00,11,34,309
27370,2/15/2016 9:00,11,37,309
27371,2/15/2016 10:00,11,34,310
27372,2/15/2016 11:00,11,34,309
27373,2/15/2016 12:00,11,34,310
27374,2/15/2016 13:00,11,34,310
27375,2/15/2016 14:00,11,34,310
27376,2/15/2016 15:00,11,34,310
27377,2/15/2016 16:00,11,34,310
27378,2/15/2016 17:00,11,34,310
27379,2/15/2016 18:00,11,34,310
27380,2/15/2016 19:00,11,34,310
27381,2/15/2016 20:00,11,34,310
27382,2/15/2016 21:00,11,34,311
27383,2/15/2016 22:00,11,34,310
27384,2/15/2016 23:00,11,34,311
27385,2/16/2016 0:00,11,36,311
27386,2/16/2016 1:00,11,34,311
27387,2/16/2016 2:00,11,34,311
27388,2/16/2016 3:00,11,34,311
27389,2/16/2016 4:00,11,33,311
27390,2/16/2016 5:00,11,34,311
27391,2/16/2016 6:00,11,34,311
27392,2/16/2016 7:00,11,34,311
27393,2/16/2016 8:00,11,34,311
27394,2/16/2016 9:00,11,34,311
27395,2/16/2016 10:00,11,34,311
27396,2/16/2016 11:00,11,34,311
27397,2/16/2016 12:00,11,34,311
27398,2/16/2016 13:00,11,34,311
27399,2/16/2016 14:00,12,34,311
27400,2/16/2016 15:00,11,37,311
27401,2/16/2016 16:00,11,34,311
27402,2/16/2016 17:00,11,34,311
27403,2/16/2016 18:00,11,34,311
27404,2/16/2016 19:00,11,33,311
27405,2/16/2016 20:00,11,34,311
27406,2/16/2016 21:00,11,34,311
27407,2/16/2016 22:00,11,34,311
27408,2/16/2016 23:00,11,34,311
27409,2/17/2016 0:00,11,34,311
27410,2/17/2016 1:00,11,34,310
27411,2/17/2016 2:00,11,34,311
27412,2/17/2016 3:00,11,37,310
27413,2/17/2016 4:00,11,34,310
27414,2/17/2016 5:00,11,34,310
27415,2/17/2016 6:00,11,34,310
27416,2/17/2016 7:00,11,34,310
27417,2/17/2016 8:00,11,36,310
27418,2/17/2016 9:00,11,34,310
27419,2/17/2016 10:00,11,34,310
27420,2/17/2016 11:00,11,34,310
27421,2/17/2016 12:00,11,34,309
27422,2/17/2016 13:00,11,34,310
27423,2/17/2016 14:00,11,34,310
27424,2/17/2016 15:00,11,34,310
27425,2/17/2016 16:00,11,34,309
27426,2/17/2016 17:00,11,34,309
27427,2/17/2016 18:00,11,34,309
27428,2/17/2016 19:00,11,34,309
27429,2/17/2016 20:00,11,34,309
27430,2/17/2016 21:00,11,34,309
27431,2/17/2016 22:00,11,34,309
27432,2/17/2016 23:00,11,34,309
27433,2/18/2016 0:00,11,34,309
27434,2/18/2016 1:00,11,34,309
27435,2/18/2016 2:00,11,34,309
27436,2/18/2016 3:00,11,34,309
27437,2/18/2016 4:00,11,34,309
27438,2/18/2016 5:00,11,34,309
27439,2/18/2016 6:00,11,34,309
27440,2/18/2016 7:00,12,37,309
27441,2/18/2016 8:00,11,34,309
27442,2/18/2016 9:00,11,32,309
27443,2/18/2016 10:00,11,34,308
27444,2/18/2016 11:00,11,34,309
27445,2/18/2016 12:00,11,34,309
27446,2/18/2016 13:00,11,34,309
27447,2/18/2016 14:00,11,36,308
27448,2/18/2016 15:00,11,34,308
27449,2/18/2016 16:00,11,34,309
27450,2/18/2016 17:00,11,34,308
27451,2/18/2016 18:00,11,34,308
27452,2/18/2016 19:00,11,34,308
27453,2/18/2016 20:00,11,34,308
27454,2/18/2016 21:00,11,34,308
27455,2/18/2016 22:00,11,34,308
27456,2/18/2016 23:00,11,34,308
27457,2/19/2016 0:00,11,34,308
27458,2/19/2016 1:00,11,36,308
27459,2/19/2016 2:00,12,34,308
27460,2/19/2016 3:00,11,34,308
27461,2/19/2016 4:00,11,34,308
27462,2/19/2016 5:00,11,37,308
27463,2/19/2016 6:00,11,34,308
27464,2/19/2016 7:00,11,34,308
27465,2/19/2016 8:00,11,34,308
27466,2/19/2016 9:00,11,34,308
27467,2/19/2016 10:00,11,34,308
27468,2/19/2016 11:00,11,34,308
27469,2/19/2016 12:00,11,34,308
27470,2/19/2016 13:00,11,34,308
27471,2/19/2016 14:00,11,36,308
27472,2/19/2016 15:00,11,34,308
27473,2/19/2016 16:00,11,34,307
27474,2/19/2016 17:00,11,34,308
27475,2/19/2016 18:00,11,34,307
27476,2/19/2016 19:00,11,34,307
27477,2/19/2016 20:00,11,34,307
27478,2/19/2016 21:00,11,34,308
27479,2/19/2016 22:00,11,34,307
27480,2/19/2016 23:00,11,34,307
27481,2/20/2016 0:00,11,34,307
27482,2/20/2016 1:00,11,34,307
27483,2/20/2016 2:00,12,34,307
27484,2/20/2016 3:00,11,34,307
27485,2/20/2016 4:00,11,34,307
27486,2/20/2016 5:00,11,34,307
27487,2/20/2016 6:00,11,34,307
27488,2/20/2016 7:00,11,34,307
27489,2/20/2016 8:00,12,34,307
27490,2/20/2016 9:00,11,34,307
27491,2/20/2016 10:00,11,34,307
27492,2/20/2016 11:00,11,34,307
27493,2/20/2016 12:00,11,34,307
27494,2/20/2016 13:00,11,34,307
27495,2/20/2016 14:00,11,34,307
27496,2/20/2016 15:00,11,34,307
27497,2/20/2016 16:00,11,34,307
27498,2/20/2016 17:00,11,34,307
27499,2/20/2016 18:00,11,36,307
27500,2/20/2016 19:00,11,34,306
27501,2/20/2016 20:00,11,34,306
27502,2/20/2016 21:00,11,34,306
27503,2/20/2016 22:00,11,34,306
27504,2/20/2016 23:00,11,34,306
27505,2/21/2016 0:00,11,34,304
27506,2/21/2016 1:00,11,34,305
27507,2/21/2016 2:00,11,34,306
27508,2/21/2016 3:00,11,37,306
27509,2/21/2016 4:00,11,35,304
27510,2/21/2016 5:00,11,36,304
27511,2/21/2016 6:00,11,34,304
27512,2/21/2016 7:00,11,34,304
27513,2/21/2016 8:00,11,34,305
27514,2/21/2016 9:00,11,34,304
27515,2/21/2016 10:00,11,34,304
27516,2/21/2016 11:00,11,34,304
27517,2/21/2016 12:00,11,34,304
27518,2/21/2016 13:00,11,34,304
27519,2/21/2016 14:00,11,34,304
27520,2/21/2016 15:00,11,37,304
27521,2/21/2016 16:00,11,34,304
27522,2/21/2016 17:00,11,34,304
27523,2/21/2016 18:00,11,34,304
27524,2/21/2016 19:00,11,34,304
27525,2/21/2016 20:00,11,34,304
27526,2/21/2016 21:00,11,34,304
27527,2/21/2016 22:00,11,34,304
27528,2/21/2016 23:00,11,34,304
27529,2/22/2016 0:00,11,34,304
27530,2/22/2016 1:00,12,34,304
27531,2/22/2016 2:00,11,34,304
27532,2/22/2016 3:00,11,34,304
27533,2/22/2016 4:00,11,34,304
27534,2/22/2016 5:00,11,34,304
27535,2/22/2016 6:00,11,34,304
27536,2/22/2016 7:00,11,37,304
27537,2/22/2016 8:00,11,34,304
27538,2/22/2016 9:00,11,34,304
27539,2/22/2016 10:00,11,34,304
27540,2/22/2016 11:00,11,34,304
27541,2/22/2016 12:00,11,34,304
27542,2/22/2016 13:00,11,37,304
27543,2/22/2016 14:00,11,34,304
27544,2/22/2016 15:00,11,34,304
27545,2/22/2016 16:00,11,34,304
27546,2/22/2016 17:00,11,34,304
27547,2/22/2016 18:00,11,34,304
27548,2/22/2016 19:00,11,34,304
27549,2/22/2016 20:00,11,34,303
27550,2/22/2016 21:00,11,34,303
27551,2/22/2016 22:00,11,34,303
27552,2/22/2016 23:00,11,34,303
27553,2/23/2016 0:00,11,34,303
27554,2/23/2016 1:00,11,34,303
27555,2/23/2016 2:00,11,34,303
27556,2/23/2016 3:00,11,34,303
27557,2/23/2016 4:00,11,34,303
27558,2/23/2016 5:00,11,34,303
27559,2/23/2016 6:00,11,34,303
27560,2/23/2016 7:00,11,34,303
27561,2/23/2016 8:00,12,34,303
27562,2/23/2016 9:00,11,34,303
27563,2/23/2016 10:00,11,34,303
27564,2/23/2016 11:00,11,34,303
27565,2/23/2016 12:00,11,34,303
27566,2/23/2016 13:00,11,34,303
27567,2/23/2016 14:00,11,34,303
27568,2/23/2016 15:00,11,34,303
27569,2/23/2016 16:00,11,34,303
27570,2/23/2016 17:00,11,34,303
27571,2/23/2016 18:00,11,34,303
27572,2/23/2016 19:00,11,34,303
27573,2/23/2016 20:00,11,34,303
27574,2/23/2016 21:00,11,34,303
27575,2/23/2016 22:00,11,34,303
27576,2/23/2016 23:00,11,34,303
27577,2/24/2016 0:00,11,34,303
27578,2/24/2016 1:00,11,34,303
27579,2/24/2016 2:00,11,34,303
27580,2/24/2016 3:00,11,34,303
27581,2/24/2016 4:00,11,34,303
27582,2/24/2016 5:00,11,34,303
27583,2/24/2016 6:00,11,34,303
27584,2/24/2016 7:00,11,34,303
27585,2/24/2016 8:00,11,34,303
27586,2/24/2016 9:00,11,34,302
27587,2/24/2016 10:00,11,34,302
27588,2/24/2016 11:00,11,34,302
27589,2/24/2016 12:00,11,34,302
27590,2/24/2016 13:00,11,34,302
27591,2/24/2016 14:00,11,34,302
27592,2/24/2016 15:00,11,34,302
27593,2/24/2016 16:00,11,34,302
27594,2/24/2016 17:00,11,34,302
27595,2/24/2016 18:00,11,34,302
27596,2/24/2016 19:00,11,34,302
27597,2/24/2016 20:00,11,34,302
27598,2/24/2016 21:00,11,34,302
27599,2/24/2016 22:00,11,34,302
27600,2/24/2016 23:00,11,34,302
27601,2/25/2016 0:00,11,37,302
27602,2/25/2016 1:00,11,34,302
27603,2/25/2016 2:00,11,34,302
27604,2/25/2016 3:00,11,34,302
27605,2/25/2016 4:00,11,34,302
27606,2/25/2016 5:00,11,34,302
27607,2/25/2016 6:00,11,34,302
27608,2/25/2016 7:00,11,36,302
27609,2/25/2016 8:00,11,34,302
27610,2/25/2016 9:00,11,34,302
27611,2/25/2016 10:00,11,34,302
27612,2/25/2016 11:00,11,34,302
27613,2/25/2016 12:00,11,34,302
27614,2/25/2016 13:00,11,34,302
27615,2/25/2016 14:00,11,37,302
27616,2/25/2016 15:00,11,34,302
27617,2/25/2016 16:00,11,34,302
27618,2/25/2016 17:00,11,34,302
27619,2/25/2016 18:00,12,34,302
27620,2/25/2016 19:00,11,34,302
27621,2/25/2016 20:00,11,37,302
27622,2/25/2016 21:00,11,34,302
27623,2/25/2016 22:00,11,34,302
27624,2/25/2016 23:00,11,34,302
27625,2/26/2016 0:00,11,37,302
27626,2/26/2016 1:00,11,34,302
27627,2/26/2016 2:00,11,34,302
27628,2/26/2016 3:00,11,34,302
27629,2/26/2016 4:00,11,34,302
27630,2/26/2016 5:00,11,34,302
27631,2/26/2016 6:00,11,34,302
27632,2/26/2016 7:00,12,34,302
27633,2/26/2016 8:00,11,34,302
27634,2/26/2016 9:00,11,34,302
27635,2/26/2016 10:00,11,34,302
27636,2/26/2016 11:00,11,34,302
27637,2/26/2016 12:00,11,34,302
27638,2/26/2016 13:00,11,34,302
27639,2/26/2016 14:00,11,34,302
27640,2/26/2016 15:00,11,34,302
27641,2/26/2016 16:00,11,34,302
27642,2/26/2016 17:00,11,34,302
27643,2/26/2016 18:00,11,34,302
27644,2/26/2016 19:00,11,34,302
27645,2/26/2016 20:00,11,34,302
27646,2/26/2016 21:00,11,34,302
27647,2/26/2016 22:00,11,34,302
27648,2/26/2016 23:00,11,37,301
27649,2/27/2016 0:00,11,34,301
27650,2/27/2016 1:00,11,35,302
27651,2/27/2016 2:00,11,34,301
27652,2/27/2016 3:00,11,34,301
27653,2/27/2016 4:00,11,34,301
27654,2/27/2016 5:00,11,34,302
27655,2/27/2016 6:00,11,34,301
27656,2/27/2016 7:00,11,34,301
27657,2/27/2016 8:00,11,34,301
27658,2/27/2016 9:00,11,34,301
27659,2/27/2016 10:00,11,34,301
27660,2/27/2016 11:00,11,34,301
27661,2/27/2016 12:00,11,34,301
27662,2/27/2016 13:00,11,35,301
27663,2/27/2016 14:00,11,34,301
27664,2/27/2016 15:00,11,34,301
27665,2/27/2016 16:00,11,34,301
27666,2/27/2016 17:00,11,34,301
27667,2/27/2016 18:00,11,34,301
27668,2/27/2016 19:00,11,34,301
27669,2/27/2016 20:00,11,36,301
27670,2/27/2016 21:00,11,34,301
27671,2/27/2016 22:00,11,34,301
27672,2/27/2016 23:00,11,34,301
27673,2/28/2016 0:00,11,34,301
27674,2/28/2016 1:00,11,34,301
27675,2/28/2016 2:00,11,34,301
27676,2/28/2016 3:00,11,34,301
27677,2/28/2016 4:00,11,34,301
27678,2/28/2016 5:00,11,34,301
27679,2/28/2016 6:00,11,34,301
27680,2/28/2016 7:00,11,34,301
27681,2/28/2016 8:00,11,34,301
27682,2/28/2016 9:00,11,34,301
27683,2/28/2016 10:00,11,34,301
27684,2/28/2016 11:00,11,34,301
27685,2/28/2016 12:00,11,34,301
27686,2/28/2016 13:00,11,34,301
27687,2/28/2016 14:00,11,34,301
27688,2/28/2016 15:00,11,34,301
27689,2/28/2016 16:00,11,34,301
27690,2/28/2016 17:00,11,34,301
27691,2/28/2016 18:00,11,34,301
27692,2/28/2016 19:00,11,34,301
27693,2/28/2016 20:00,11,34,301
27694,2/28/2016 21:00,11,34,301
27695,2/28/2016 22:00,11,34,301
27696,2/28/2016 23:00,11,34,301
27697,3/1/2016 0:00,11,37,301
27698,3/1/2016 1:00,11,34,301
27699,3/1/2016 2:00,11,37,301
27700,3/1/2016 3:00,11,34,301
27701,3/1/2016 4:00,11,34,301
27702,3/1/2016 5:00,11,34,301
27703,3/1/2016 6:00,11,34,301
27704,3/1/2016 7:00,11,34,301
27705,3/1/2016 8:00,11,34,301
27706,3/1/2016 9:00,11,36,301
27707,3/1/2016 10:00,11,34,300
27708,3/1/2016 11:00,11,34,301
27709,3/1/2016 12:00,11,34,301
27710,3/1/2016 13:00,11,34,301
27711,3/1/2016 14:00,11,34,301
27712,3/1/2016 15:00,11,34,301
27713,3/1/2016 16:00,11,34,301
27714,3/1/2016 17:00,11,34,301
27715,3/1/2016 18:00,11,34,300
27716,3/1/2016 19:00,11,34,301
27717,3/1/2016 20:00,11,34,300
27718,3/1/2016 21:00,11,34,300
27719,3/1/2016 22:00,11,34,301
27720,3/1/2016 23:00,11,34,300
27721,3/2/2016 0:00,11,34,301
27722,3/2/2016 1:00,11,34,300
27723,3/2/2016 2:00,11,34,300
27724,3/2/2016 3:00,11,34,300
27725,3/2/2016 4:00,11,35,300
27726,3/2/2016 5:00,11,34,300
27727,3/2/2016 6:00,11,34,300
27728,3/2/2016 7:00,11,36,300
27729,3/2/2016 8:00,11,34,300
27730,3/2/2016 9:00,11,35,300
27731,3/2/2016 10:00,11,34,300
27732,3/2/2016 11:00,12,36,300
27733,3/2/2016 12:00,11,34,300
27734,3/2/2016 13:00,11,34,300
27735,3/2/2016 14:00,11,34,300
27736,3/2/2016 15:00,11,34,300
27737,3/2/2016 16:00,11,34,300
27738,3/2/2016 17:00,11,34,300
27739,3/2/2016 18:00,11,34,300
27740,3/2/2016 19:00,11,34,300
27741,3/2/2016 20:00,11,34,300
27742,3/2/2016 21:00,11,34,300
27743,3/2/2016 22:00,11,34,300
27744,3/2/2016 23:00,11,34,300
27745,3/3/2016 0:00,11,34,300
27746,3/3/2016 1:00,11,34,300
27747,3/3/2016 2:00,11,34,300
27748,3/3/2016 3:00,11,34,300
27749,3/3/2016 4:00,11,34,300
27750,3/3/2016 5:00,11,34,300
27751,3/3/2016 6:00,11,34,300
27752,3/3/2016 7:00,11,34,300
27753,3/3/2016 8:00,11,34,300
27754,3/3/2016 9:00,11,34,300
27755,3/3/2016 10:00,11,34,300
27756,3/3/2016 11:00,11,34,300
27757,3/3/2016 12:00,11,34,300
27758,3/3/2016 13:00,11,34,300
27759,3/3/2016 14:00,11,34,300
27760,3/3/2016 15:00,11,34,300
27761,3/3/2016 16:00,11,34,300
27762,3/3/2016 17:00,11,37,300
27763,3/3/2016 18:00,11,34,300
27764,3/3/2016 19:00,11,34,300
27765,3/3/2016 20:00,11,34,300
27766,3/3/2016 21:00,11,34,300
27767,3/3/2016 22:00,11,34,300
27768,3/3/2016 23:00,11,37,300
27769,3/4/2016 0:00,11,34,300
27770,3/4/2016 1:00,11,34,300
27771,3/4/2016 2:00,11,34,300
27772,3/4/2016 3:00,11,34,300
27773,3/4/2016 4:00,11,34,300
27774,3/4/2016 5:00,11,34,300
27775,3/4/2016 6:00,11,34,300
27776,3/4/2016 7:00,11,34,300
27777,3/4/2016 8:00,11,34,300
27778,3/4/2016 9:00,11,34,300
27779,3/4/2016 10:00,11,34,300
27780,3/4/2016 11:00,11,34,300
27781,3/4/2016 12:00,11,34,300
27782,3/4/2016 13:00,11,37,300
27783,3/4/2016 14:00,11,36,300
27784,3/4/2016 15:00,11,34,300
27785,3/4/2016 16:00,11,34,300
27786,3/4/2016 17:00,11,34,300
27787,3/4/2016 18:00,11,34,300
27788,3/4/2016 19:00,11,34,300
27789,3/4/2016 20:00,11,34,300
27790,3/4/2016 21:00,11,34,300
27791,3/4/2016 22:00,11,34,299
27792,3/4/2016 23:00,11,34,299
27793,3/5/2016 0:00,11,35,299
27794,3/5/2016 1:00,11,34,300
27795,3/5/2016 2:00,11,36,299
27796,3/5/2016 3:00,11,34,299
27797,3/5/2016 4:00,11,34,299
27798,3/5/2016 5:00,11,34,299
27799,3/5/2016 6:00,11,34,299
27800,3/5/2016 7:00,11,34,299
27801,3/5/2016 8:00,11,34,299
27802,3/5/2016 9:00,11,34,299
27803,3/5/2016 10:00,11,34,299
27804,3/5/2016 11:00,11,34,299
27805,3/5/2016 12:00,11,34,299
27806,3/5/2016 13:00,11,32,299
27807,3/5/2016 14:00,11,34,299
27808,3/5/2016 15:00,11,34,299
27809,3/5/2016 16:00,11,34,299
27810,3/5/2016 17:00,11,34,299
27811,3/5/2016 18:00,11,34,299
27812,3/5/2016 19:00,11,36,299
27813,3/5/2016 20:00,11,34,299
27814,3/5/2016 21:00,11,34,299
27815,3/5/2016 22:00,11,34,315
27816,3/5/2016 23:00,11,34,303
27817,3/6/2016 0:00,11,34,300
27818,3/6/2016 1:00,11,34,305
27819,3/6/2016 2:00,12,34,304
27820,3/6/2016 3:00,11,34,310
27821,3/6/2016 4:00,11,34,309
27822,3/6/2016 5:00,11,34,310
27823,3/6/2016 6:00,11,35,309
27824,3/6/2016 7:00,11,34,309
27825,3/6/2016 8:00,11,34,308
27826,3/6/2016 9:00,12,34,308
27827,3/6/2016 10:00,11,34,307
27828,3/6/2016 11:00,11,34,304
27829,3/6/2016 12:00,11,34,307
27830,3/6/2016 13:00,11,36,307
27831,3/6/2016 14:00,11,34,304
27832,3/6/2016 15:00,11,34,301
27833,3/6/2016 16:00,11,34,300
27834,3/6/2016 17:00,11,34,298
27835,3/6/2016 18:00,11,34,299
27836,3/6/2016 19:00,11,34,302
27837,3/6/2016 20:00,11,34,302
27838,3/6/2016 21:00,11,34,301
27839,3/6/2016 22:00,11,34,300
27840,3/6/2016 23:00,11,34,301
27841,3/7/2016 0:00,11,34,302
27842,3/7/2016 1:00,11,37,303
27843,3/7/2016 2:00,11,34,303
27844,3/7/2016 3:00,10,34,303
27845,3/7/2016 4:00,11,34,303
27846,3/7/2016 5:00,11,34,303
27847,3/7/2016 6:00,13,34,303
27848,3/7/2016 7:00,12,34,304
27849,3/7/2016 8:00,11,34,304
27850,3/7/2016 9:00,9,34,303
27851,3/7/2016 10:00,10,34,301
27852,3/7/2016 11:00,11,34,300
27853,3/7/2016 12:00,13,34,300
27854,3/7/2016 13:00,11,34,300
27855,3/7/2016 14:00,10,34,296
27856,3/7/2016 15:00,11,34,298
27857,3/7/2016 16:00,9,34,282
27858,3/7/2016 17:00,10,34,280
27859,3/7/2016 18:00,11,34,280
27860,3/7/2016 19:00,11,34,281
27861,3/7/2016 20:00,11,34,281
27862,3/7/2016 21:00,11,34,273
27863,3/7/2016 22:00,10,34,288
27864,3/7/2016 23:00,11,34,273
27865,3/8/2016 0:00,11,34,270
27866,3/8/2016 1:00,11,34,278
27867,3/8/2016 2:00,11,34,265
27868,3/8/2016 3:00,11,34,266
27869,3/8/2016 4:00,11,34,266
27870,3/8/2016 5:00,11,34,276
27871,3/8/2016 6:00,10,34,266
27872,3/8/2016 7:00,9,34,264
27873,3/8/2016 8:00,11,37,265
27874,3/8/2016 9:00,10,36,262
27875,3/8/2016 10:00,10,34,260
27876,3/8/2016 11:00,11,34,260
27877,3/8/2016 12:00,11,34,261
27878,3/8/2016 13:00,11,34,260
27879,3/8/2016 14:00,11,34,260
27880,3/8/2016 15:00,10,34,259
27881,3/8/2016 16:00,11,35,260
27882,3/8/2016 17:00,10,34,259
27883,3/8/2016 18:00,11,34,260
27884,3/8/2016 19:00,11,34,258
27885,3/8/2016 20:00,11,34,258
27886,3/8/2016 21:00,12,34,258
27887,3/8/2016 22:00,11,34,257
27888,3/8/2016 23:00,9,34,257
27889,3/9/2016 0:00,11,34,255
27890,3/9/2016 1:00,11,34,254
27891,3/9/2016 2:00,11,34,255
27892,3/9/2016 3:00,11,34,257
27893,3/9/2016 4:00,11,34,257
27894,3/9/2016 5:00,11,34,257
27895,3/9/2016 6:00,10,34,257
27896,3/9/2016 7:00,11,34,258
27897,3/9/2016 8:00,11,34,260
27898,3/9/2016 9:00,11,34,260
27899,3/9/2016 10:00,13,34,260
27900,3/9/2016 11:00,12,34,262
27901,3/9/2016 12:00,11,34,263
27902,3/9/2016 13:00,12,34,263
27903,3/9/2016 14:00,10,34,264
27904,3/9/2016 15:00,11,34,264
27905,3/9/2016 16:00,11,34,264
27906,3/9/2016 17:00,11,34,264
27907,3/9/2016 18:00,11,34,265
27908,3/9/2016 19:00,11,34,265
27909,3/9/2016 20:00,11,34,265
27910,3/9/2016 21:00,11,34,265
27911,3/9/2016 22:00,10,34,265
27912,3/9/2016 23:00,11,34,265
27913,3/10/2016 0:00,11,34,265
27914,3/10/2016 1:00,11,34,265
27915,3/10/2016 2:00,11,34,265
27916,3/10/2016 3:00,10,34,264
27917,3/10/2016 4:00,12,34,264
27918,3/10/2016 5:00,10,34,264
27919,3/10/2016 6:00,11,36,264
27920,3/10/2016 7:00,12,34,264
27921,3/10/2016 8:00,11,34,263
27922,3/10/2016 9:00,11,34,263
27923,3/10/2016 10:00,11,34,263
27924,3/10/2016 11:00,11,33,260
27925,3/10/2016 12:00,11,34,259
27926,3/10/2016 13:00,11,34,259
27927,3/10/2016 14:00,11,34,259
27928,3/10/2016 15:00,12,34,257
27929,3/10/2016 16:00,11,34,259
27930,3/10/2016 17:00,10,34,258
27931,3/10/2016 18:00,11,33,257
27932,3/10/2016 19:00,11,34,258
27933,3/10/2016 20:00,11,34,258
27934,3/10/2016 21:00,11,34,255
27935,3/10/2016 22:00,11,34,254
27936,3/10/2016 23:00,10,34,257
27937,3/11/2016 0:00,11,34,258
27938,3/11/2016 1:00,11,34,255
27939,3/11/2016 2:00,11,34,253
27940,3/11/2016 3:00,10,33,253
27941,3/11/2016 4:00,11,34,252
27942,3/11/2016 5:00,11,34,253
27943,3/11/2016 6:00,10,33,252
27944,3/11/2016 7:00,11,33,251
27945,3/11/2016 8:00,11,34,251
27946,3/11/2016 9:00,11,34,252
27947,3/11/2016 10:00,9,34,253
27948,3/11/2016 11:00,11,34,253
27949,3/11/2016 12:00,11,34,252
27950,3/11/2016 13:00,11,33,253
27951,3/11/2016 14:00,10,34,252
27952,3/11/2016 15:00,10,34,251
27953,3/11/2016 16:00,11,33,250
27954,3/11/2016 17:00,11,34,248
27955,3/11/2016 18:00,11,33,250
27956,3/11/2016 19:00,11,34,246
27957,3/11/2016 20:00,11,34,250
27958,3/11/2016 21:00,9,33,245
27959,3/11/2016 22:00,11,36,248
27960,3/11/2016 23:00,10,36,248
27961,3/12/2016 0:00,11,34,246
27962,3/12/2016 1:00,11,34,248
27963,3/12/2016 2:00,11,33,248
27964,3/12/2016 3:00,11,33,248
27965,3/12/2016 4:00,11,33,248
27966,3/12/2016 5:00,9,33,250
27967,3/12/2016 6:00,10,33,251
27968,3/12/2016 7:00,11,34,251
27969,3/12/2016 8:00,10,33,250
27970,3/12/2016 9:00,11,34,252
27971,3/12/2016 10:00,11,33,254
27972,3/12/2016 11:00,11,35,252
27973,3/12/2016 12:00,11,33,251
27974,3/12/2016 13:00,10,33,254
27975,3/12/2016 14:00,10,33,254
27976,3/12/2016 15:00,11,33,254
27977,3/12/2016 16:00,11,33,253
27978,3/12/2016 17:00,11,33,253
27979,3/12/2016 18:00,11,33,255
27980,3/12/2016 19:00,11,33,253
27981,3/12/2016 20:00,11,33,253
27982,3/12/2016 21:00,11,33,253
27983,3/12/2016 22:00,11,34,253
27984,3/12/2016 23:00,11,33,253
27985,3/13/2016 0:00,11,33,268
27986,3/13/2016 1:00,11,33,270
27987,3/13/2016 2:00,11,35,273
27988,3/13/2016 3:00,11,35,274
27989,3/13/2016 4:00,11,33,274
27990,3/13/2016 5:00,11,33,274
27991,3/13/2016 6:00,12,33,259
27992,3/13/2016 7:00,11,36,259
27993,3/13/2016 8:00,10,33,258
27994,3/13/2016 9:00,10,33,257
27995,3/13/2016 10:00,11,33,255
27996,3/13/2016 11:00,11,33,256
27997,3/13/2016 12:00,11,33,256
27998,3/13/2016 13:00,11,33,270
27999,3/13/2016 14:00,11,33,258
28000,3/13/2016 15:00,9,34,257
28001,3/13/2016 16:00,11,33,255
28002,3/13/2016 17:00,11,33,253
28003,3/13/2016 18:00,11,33,261
28004,3/13/2016 19:00,11,33,260
28005,3/13/2016 20:00,11,33,259
28006,3/13/2016 21:00,11,33,261
28007,3/13/2016 22:00,11,33,265
28008,3/13/2016 23:00,11,33,261
28009,3/14/2016 0:00,11,33,263
28010,3/14/2016 1:00,11,33,264
28011,3/14/2016 2:00,12,33,260
28012,3/14/2016 3:00,10,33,261
28013,3/14/2016 4:00,11,35,260
28014,3/14/2016 5:00,11,33,259
28015,3/14/2016 6:00,11,33,260
28016,3/14/2016 7:00,11,33,259
28017,3/14/2016 8:00,11,33,259
28018,3/14/2016 9:00,11,33,259
28019,3/14/2016 10:00,11,33,259
28020,3/14/2016 11:00,11,33,259
28021,3/14/2016 12:00,11,33,259
28022,3/14/2016 13:00,11,36,260
28023,3/14/2016 14:00,11,35,260
28024,3/14/2016 15:00,11,33,260
28025,3/14/2016 16:00,11,33,260
28026,3/14/2016 17:00,11,33,259
28027,3/14/2016 18:00,11,33,259
28028,3/14/2016 19:00,11,34,258
28029,3/14/2016 20:00,10,33,258
28030,3/14/2016 21:00,10,33,257
28031,3/14/2016 22:00,11,33,255
28032,3/14/2016 23:00,11,33,255
28033,3/15/2016 0:00,10,36,255
28034,3/15/2016 1:00,11,33,254
28035,3/15/2016 2:00,11,33,255
28036,3/15/2016 3:00,11,35,255
28037,3/15/2016 4:00,11,33,255
28038,3/15/2016 5:00,11,33,254
28039,3/15/2016 6:00,11,33,254
28040,3/15/2016 7:00,11,34,254
28041,3/15/2016 8:00,11,33,252
28042,3/15/2016 9:00,11,33,252
28043,3/15/2016 10:00,11,33,252
28044,3/15/2016 11:00,12,33,251
28045,3/15/2016 12:00,12,33,252
28046,3/15/2016 13:00,9,33,252
28047,3/15/2016 14:00,11,33,254
28048,3/15/2016 15:00,10,33,253
28049,3/15/2016 16:00,11,35,251
28050,3/15/2016 17:00,11,33,252
28051,3/15/2016 18:00,11,33,250
28052,3/15/2016 19:00,11,33,250
28053,3/15/2016 20:00,11,33,250
28054,3/15/2016 21:00,11,33,248
28055,3/15/2016 22:00,11,36,252
28056,3/15/2016 23:00,11,34,250
28057,3/16/2016 0:00,11,34,253
28058,3/16/2016 1:00,11,33,248
28059,3/16/2016 2:00,11,33,250
28060,3/16/2016 3:00,11,33,248
28061,3/16/2016 4:00,11,33,248
28062,3/16/2016 5:00,11,33,248
28063,3/16/2016 6:00,11,33,251
28064,3/16/2016 7:00,11,33,250
28065,3/16/2016 8:00,11,34,250
28066,3/16/2016 9:00,11,33,247
28067,3/16/2016 10:00,9,33,250
28068,3/16/2016 11:00,11,33,245
28069,3/16/2016 12:00,11,33,250
28070,3/16/2016 13:00,11,34,249
28071,3/16/2016 14:00,11,33,253
28072,3/16/2016 15:00,11,36,250
28073,3/16/2016 16:00,11,33,252
28074,3/16/2016 17:00,11,33,250
28075,3/16/2016 18:00,11,33,254
28076,3/16/2016 19:00,11,34,253
28077,3/16/2016 20:00,11,33,251
28078,3/16/2016 21:00,11,33,252
28079,3/16/2016 22:00,11,33,251
28080,3/16/2016 23:00,10,34,251
28081,3/17/2016 0:00,11,33,252
28082,3/17/2016 1:00,11,33,251
28083,3/17/2016 2:00,11,33,251
28084,3/17/2016 3:00,11,33,252
28085,3/17/2016 4:00,12,34,252
28086,3/17/2016 5:00,11,33,249
28087,3/17/2016 6:00,11,33,252
28088,3/17/2016 7:00,11,34,250
28089,3/17/2016 8:00,11,33,251
28090,3/17/2016 9:00,11,33,263
28091,3/17/2016 10:00,11,33,251
28092,3/17/2016 11:00,11,33,251
28093,3/17/2016 12:00,12,33,251
28094,3/17/2016 13:00,11,34,252
28095,3/17/2016 14:00,11,35,251
28096,3/17/2016 15:00,11,33,250
28097,3/17/2016 16:00,11,33,252
28098,3/17/2016 17:00,11,34,251
28099,3/17/2016 18:00,13,34,251
28100,3/17/2016 19:00,10,34,251
28101,3/17/2016 20:00,11,33,251
28102,3/17/2016 21:00,11,34,251
28103,3/17/2016 22:00,11,34,251
28104,3/17/2016 23:00,11,34,251
28105,3/18/2016 0:00,11,34,251
28106,3/18/2016 1:00,11,34,251
28107,3/18/2016 2:00,11,34,251
28108,3/18/2016 3:00,11,34,252
28109,3/18/2016 4:00,11,35,251
28110,3/18/2016 5:00,11,34,248
28111,3/18/2016 6:00,10,34,250
28112,3/18/2016 7:00,11,33,250
28113,3/18/2016 8:00,11,33,251
28114,3/18/2016 9:00,11,34,252
28115,3/18/2016 10:00,12,33,251
28116,3/18/2016 11:00,11,33,252
28117,3/18/2016 12:00,11,34,251
28118,3/18/2016 13:00,11,36,251
28119,3/18/2016 14:00,11,36,251
28120,3/18/2016 15:00,11,33,251
28121,3/18/2016 16:00,11,33,252
28122,3/18/2016 17:00,11,34,250
28123,3/18/2016 18:00,11,35,250
28124,3/18/2016 19:00,9,34,249
28125,3/18/2016 20:00,10,36,250
28126,3/18/2016 21:00,11,36,250
28127,3/18/2016 22:00,11,34,248
28128,3/18/2016 23:00,11,33,250
28129,3/19/2016 0:00,11,34,250
28130,3/19/2016 1:00,11,34,249
28131,3/19/2016 2:00,11,35,248
28132,3/19/2016 3:00,11,34,248
28133,3/19/2016 4:00,10,34,248
28134,3/19/2016 5:00,11,34,249
28135,3/19/2016 6:00,10,34,248
28136,3/19/2016 7:00,11,36,250
28137,3/19/2016 8:00,11,34,250
28138,3/19/2016 9:00,12,35,250
28139,3/19/2016 10:00,11,34,250
28140,3/19/2016 11:00,11,34,250
28141,3/19/2016 12:00,11,34,250
28142,3/19/2016 13:00,11,35,250
28143,3/19/2016 14:00,11,35,249
28144,3/19/2016 15:00,9,34,250
28145,3/19/2016 16:00,10,34,248
28146,3/19/2016 17:00,9,34,248
28147,3/19/2016 18:00,11,34,246
28148,3/19/2016 19:00,9,34,246
28149,3/19/2016 20:00,9,34,246
28150,3/19/2016 21:00,9,34,246
28151,3/19/2016 22:00,11,34,245
28152,3/19/2016 23:00,11,34,246
28153,3/20/2016 0:00,11,34,246
28154,3/20/2016 1:00,11,34,250
28155,3/20/2016 2:00,11,36,251
28156,3/20/2016 3:00,11,34,253
28157,3/20/2016 4:00,9,34,252
28158,3/20/2016 5:00,12,34,253
28159,3/20/2016 6:00,11,34,253
28160,3/20/2016 7:00,11,34,253
28161,3/20/2016 8:00,13,34,253
28162,3/20/2016 9:00,11,34,253
28163,3/20/2016 10:00,11,34,252
28164,3/20/2016 11:00,11,34,251
28165,3/20/2016 12:00,11,34,251
28166,3/20/2016 13:00,11,34,252
28167,3/20/2016 14:00,11,34,251
28168,3/20/2016 15:00,11,33,253
28169,3/20/2016 16:00,11,34,253
28170,3/20/2016 17:00,11,34,252
28171,3/20/2016 18:00,11,34,252
28172,3/20/2016 19:00,11,34,253
28173,3/20/2016 20:00,11,36,253
28174,3/20/2016 21:00,11,34,254
28175,3/20/2016 22:00,11,34,253
28176,3/20/2016 23:00,11,34,253
28177,3/21/2016 0:00,11,35,252
28178,3/21/2016 1:00,12,34,251
28179,3/21/2016 2:00,11,35,251
28180,3/21/2016 3:00,11,34,251
28181,3/21/2016 4:00,11,34,251
28182,3/21/2016 5:00,11,34,252
28183,3/21/2016 6:00,11,34,251
28184,3/21/2016 7:00,11,37,251
28185,3/21/2016 8:00,11,34,251
28186,3/21/2016 9:00,11,34,251
28187,3/21/2016 10:00,11,34,251
28188,3/21/2016 11:00,9,36,250
28189,3/21/2016 12:00,11,34,250
28190,3/21/2016 13:00,11,34,250
28191,3/21/2016 14:00,11,34,246
28192,3/21/2016 15:00,11,34,248
28193,3/21/2016 16:00,11,34,249
28194,3/21/2016 17:00,11,34,250
28195,3/21/2016 18:00,11,34,250
28196,3/21/2016 19:00,11,34,251
28197,3/21/2016 20:00,11,34,251
28198,3/21/2016 21:00,11,34,253
28199,3/21/2016 22:00,11,37,252
28200,3/21/2016 23:00,11,37,253
28201,3/22/2016 0:00,11,37,254
28202,3/22/2016 1:00,11,34,253
28203,3/22/2016 2:00,10,34,253
28204,3/22/2016 3:00,11,34,253
28205,3/22/2016 4:00,12,35,253
28206,3/22/2016 5:00,11,34,253
28207,3/22/2016 6:00,11,35,253
28208,3/22/2016 7:00,11,34,254
28209,3/22/2016 8:00,11,34,254
28210,3/22/2016 9:00,11,34,254
28211,3/22/2016 10:00,11,34,254
28212,3/22/2016 11:00,11,33,253
28213,3/22/2016 12:00,11,34,253
28214,3/22/2016 13:00,11,34,253
28215,3/22/2016 14:00,11,37,252
28216,3/22/2016 15:00,11,35,252
28217,3/22/2016 16:00,12,34,252
28218,3/22/2016 17:00,9,34,251
28219,3/22/2016 18:00,11,34,252
28220,3/22/2016 19:00,11,34,252
28221,3/22/2016 20:00,11,36,251
28222,3/22/2016 21:00,11,32,252
28223,3/22/2016 22:00,11,34,252
28224,3/22/2016 23:00,11,34,252
28225,3/23/2016 0:00,11,35,251
28226,3/23/2016 1:00,11,34,251
28227,3/23/2016 2:00,11,34,251
28228,3/23/2016 3:00,11,34,252
28229,3/23/2016 4:00,11,34,246
28230,3/23/2016 5:00,9,34,253
28231,3/23/2016 6:00,11,34,254
28232,3/23/2016 7:00,11,34,254
28233,3/23/2016 8:00,11,34,253
28234,3/23/2016 9:00,11,34,252
28235,3/23/2016 10:00,10,33,252
28236,3/23/2016 11:00,11,34,253
28237,3/23/2016 12:00,11,34,253
28238,3/23/2016 13:00,11,34,253
28239,3/23/2016 14:00,11,34,253
28240,3/23/2016 15:00,11,32,253
28241,3/23/2016 16:00,11,35,253
28242,3/23/2016 17:00,11,34,253
28243,3/23/2016 18:00,11,34,253
28244,3/23/2016 19:00,11,34,253
28245,3/23/2016 20:00,11,33,253
28246,3/23/2016 21:00,11,33,254
28247,3/23/2016 22:00,11,33,253
28248,3/23/2016 23:00,11,33,253
28249,3/24/2016 0:00,11,33,253
28250,3/24/2016 1:00,11,34,253
28251,3/24/2016 2:00,11,34,253
28252,3/24/2016 3:00,11,33,254
28253,3/24/2016 4:00,11,33,253
28254,3/24/2016 5:00,11,33,253
28255,3/24/2016 6:00,11,33,253
28256,3/24/2016 7:00,11,33,253
28257,3/24/2016 8:00,11,33,252
28258,3/24/2016 9:00,9,33,253
28259,3/24/2016 10:00,11,33,253
28260,3/24/2016 11:00,12,33,253
28261,3/24/2016 12:00,11,33,253
28262,3/24/2016 13:00,11,33,253
28263,3/24/2016 14:00,11,33,252
28264,3/24/2016 15:00,11,33,252
28265,3/24/2016 16:00,10,33,251
28266,3/24/2016 17:00,11,33,251
28267,3/24/2016 18:00,11,33,253
28268,3/24/2016 19:00,11,33,253
28269,3/24/2016 20:00,11,33,254
28270,3/24/2016 21:00,11,33,254
28271,3/24/2016 22:00,11,33,254
28272,3/24/2016 23:00,11,33,254
28273,3/25/2016 0:00,11,33,253
28274,3/25/2016 1:00,11,33,253
28275,3/25/2016 2:00,11,33,254
28276,3/25/2016 3:00,10,33,253
28277,3/25/2016 4:00,11,33,253
28278,3/25/2016 5:00,11,33,251
28279,3/25/2016 6:00,11,33,251
28280,3/25/2016 7:00,9,33,250
28281,3/25/2016 8:00,11,33,250
28282,3/25/2016 9:00,11,33,251
28283,3/25/2016 10:00,11,33,250
28284,3/25/2016 11:00,11,33,250
28285,3/25/2016 12:00,11,33,250
28286,3/25/2016 13:00,11,33,251
28287,3/25/2016 14:00,11,32,252
28288,3/25/2016 15:00,11,33,253
28289,3/25/2016 16:00,10,33,252
28290,3/25/2016 17:00,11,33,253
28291,3/25/2016 18:00,11,33,251
28292,3/25/2016 19:00,11,33,248
28293,3/25/2016 20:00,11,33,248
28294,3/25/2016 21:00,11,32,248
28295,3/25/2016 22:00,11,32,250
28296,3/25/2016 23:00,11,32,248
28297,3/26/2016 0:00,11,32,248
28298,3/26/2016 1:00,11,33,246
28299,3/26/2016 2:00,12,32,246
28300,3/26/2016 3:00,11,32,244
28301,3/26/2016 4:00,11,32,250
28302,3/26/2016 5:00,11,32,252
28303,3/26/2016 6:00,11,32,250
28304,3/26/2016 7:00,11,32,252
28305,3/26/2016 8:00,11,32,252
28306,3/26/2016 9:00,11,32,253
28307,3/26/2016 10:00,11,32,252
28308,3/26/2016 11:00,12,32,251
28309,3/26/2016 12:00,11,32,253
28310,3/26/2016 13:00,11,32,252
28311,3/26/2016 14:00,11,32,252
28312,3/26/2016 15:00,11,32,252
28313,3/26/2016 16:00,11,32,252
28314,3/26/2016 17:00,11,32,253
28315,3/26/2016 18:00,11,32,254
28316,3/26/2016 19:00,11,32,255
28317,3/26/2016 20:00,10,32,255
28318,3/26/2016 21:00,11,32,255
28319,3/26/2016 22:00,11,32,257
28320,3/26/2016 23:00,11,32,257
28321,3/27/2016 0:00,11,32,257
28322,3/27/2016 1:00,11,32,258
28323,3/27/2016 2:00,11,32,258
28324,3/27/2016 3:00,11,32,258
28325,3/27/2016 4:00,11,32,258
28326,3/27/2016 5:00,9,32,258
28327,3/27/2016 6:00,10,32,258
28328,3/27/2016 7:00,10,32,258
28329,3/27/2016 8:00,11,32,259
28330,3/27/2016 9:00,12,32,258
28331,3/27/2016 10:00,11,32,258
28332,3/27/2016 11:00,11,32,257
28333,3/27/2016 12:00,11,32,257
28334,3/27/2016 13:00,11,32,257
28335,3/27/2016 14:00,11,32,258
28336,3/27/2016 15:00,11,32,257
28337,3/27/2016 16:00,11,32,257
28338,3/27/2016 17:00,9,32,258
28339,3/27/2016 18:00,11,32,258
28340,3/27/2016 19:00,11,32,259
28341,3/27/2016 20:00,11,32,259
28342,3/27/2016 21:00,11,32,259
28343,3/27/2016 22:00,11,32,259
28344,3/27/2016 23:00,11,32,259
28345,3/28/2016 0:00,11,32,259
28346,3/28/2016 1:00,11,32,260
28347,3/28/2016 2:00,11,32,260
28348,3/28/2016 3:00,11,32,260
28349,3/28/2016 4:00,11,32,260
28350,3/28/2016 5:00,11,32,260
28351,3/28/2016 6:00,11,32,260
28352,3/28/2016 7:00,11,32,260
28353,3/28/2016 8:00,11,32,260
28354,3/28/2016 9:00,9,32,260
28355,3/28/2016 10:00,11,32,260
28356,3/28/2016 11:00,11,32,261
28357,3/28/2016 12:00,11,32,260
28358,3/28/2016 13:00,11,32,260
28359,3/28/2016 14:00,11,32,260
28360,3/28/2016 15:00,9,32,260
28361,3/28/2016 16:00,11,32,260
28362,3/28/2016 17:00,11,32,260
28363,3/28/2016 18:00,11,32,260
28364,3/28/2016 19:00,11,32,260
28365,3/28/2016 20:00,11,32,260
28366,3/28/2016 21:00,11,32,260
28367,3/28/2016 22:00,11,32,260
28368,3/28/2016 23:00,11,32,260
28369,3/29/2016 0:00,11,32,260
28370,3/29/2016 1:00,11,32,259
28371,3/29/2016 2:00,11,32,259
28372,3/29/2016 3:00,11,32,259
28373,3/29/2016 4:00,11,32,259
28374,3/29/2016 5:00,11,32,259
28375,3/29/2016 6:00,11,32,259
28376,3/29/2016 7:00,11,32,259
28377,3/29/2016 8:00,11,32,258
28378,3/29/2016 9:00,11,32,258
28379,3/29/2016 10:00,11,32,257
28380,3/29/2016 11:00,11,32,255
28381,3/29/2016 12:00,11,32,254
28382,3/29/2016 13:00,11,32,254
28383,3/29/2016 14:00,11,32,253
28384,3/29/2016 15:00,11,32,254
28385,3/29/2016 16:00,11,32,254
28386,3/29/2016 17:00,11,32,254
28387,3/29/2016 18:00,11,32,255
28388,3/29/2016 19:00,11,32,255
28389,3/29/2016 20:00,11,32,256
28390,3/29/2016 21:00,11,32,256
28391,3/29/2016 22:00,11,32,254
28392,3/29/2016 23:00,11,32,254
28393,3/30/2016 0:00,11,32,255
28394,3/30/2016 1:00,11,32,255
28395,3/30/2016 2:00,11,32,256
28396,3/30/2016 3:00,11,32,255
28397,3/30/2016 4:00,11,32,255
28398,3/30/2016 5:00,11,32,254
28399,3/30/2016 6:00,11,32,255
28400,3/30/2016 7:00,12,32,256
28401,3/30/2016 8:00,11,32,254
28402,3/30/2016 9:00,11,32,255
28403,3/30/2016 10:00,12,32,253
28404,3/30/2016 11:00,11,32,254
28405,3/30/2016 12:00,11,32,255
28406,3/30/2016 13:00,12,32,256
28407,3/30/2016 14:00,11,32,256
28408,3/30/2016 15:00,11,32,257
28409,3/30/2016 16:00,11,32,257
28410,3/30/2016 17:00,11,32,257
28411,3/30/2016 18:00,11,32,260
28412,3/30/2016 19:00,11,32,260
28413,3/30/2016 20:00,11,32,261
28414,3/30/2016 21:00,11,32,261
28415,3/30/2016 22:00,11,32,261
28416,3/30/2016 23:00,11,32,263
28417,3/31/2016 0:00,11,32,263
28418,3/31/2016 1:00,11,32,264
28419,3/31/2016 2:00,9,32,264
28420,3/31/2016 3:00,11,32,265
28421,3/31/2016 4:00,11,32,265
28422,3/31/2016 5:00,11,32,265
28423,3/31/2016 6:00,11,32,265
28424,3/31/2016 7:00,11,32,265
28425,3/31/2016 8:00,11,33,265
28426,3/31/2016 9:00,10,33,265
28427,3/31/2016 10:00,11,32,265
28428,3/31/2016 11:00,11,32,265
28429,3/31/2016 12:00,11,32,265
28430,3/31/2016 13:00,11,32,265
28431,3/31/2016 14:00,11,32,265
28432,3/31/2016 15:00,11,32,265
28433,3/31/2016 16:00,9,32,265
28434,3/31/2016 17:00,11,32,264
28435,3/31/2016 18:00,11,32,265
28436,3/31/2016 19:00,11,32,265
28437,3/31/2016 20:00,11,32,265
28438,3/31/2016 21:00,11,32,265
28439,3/31/2016 22:00,9,32,266
28440,3/31/2016 23:00,11,32,265
28441,4/1/2016 0:00,11,32,265
28442,4/1/2016 1:00,11,32,265
28443,4/1/2016 2:00,9,32,265
28444,4/1/2016 3:00,11,32,265
28445,4/1/2016 4:00,12,32,266
28446,4/1/2016 5:00,11,32,265
28447,4/1/2016 6:00,11,32,265
28448,4/1/2016 7:00,11,32,266
28449,4/1/2016 8:00,11,32,266
28450,4/1/2016 9:00,11,32,266
28451,4/1/2016 10:00,11,32,266
28452,4/1/2016 11:00,11,32,267
28453,4/1/2016 12:00,11,32,267
28454,4/1/2016 13:00,11,32,267
28455,4/1/2016 14:00,11,35,268
28456,4/1/2016 15:00,11,32,269
28457,4/1/2016 16:00,11,32,267
28458,4/1/2016 17:00,11,31,267
28459,4/1/2016 18:00,11,34,267
28460,4/1/2016 19:00,11,31,267
28461,4/1/2016 20:00,11,32,266
28462,4/1/2016 21:00,11,32,266
28463,4/1/2016 22:00,11,32,265
28464,4/1/2016 23:00,11,32,266
28465,4/2/2016 0:00,11,32,266
28466,4/2/2016 1:00,9,32,263
28467,4/2/2016 2:00,11,32,265
28468,4/2/2016 3:00,10,32,265
28469,4/2/2016 4:00,12,32,265
28470,4/2/2016 5:00,11,32,267
28471,4/2/2016 6:00,11,32,269
28472,4/2/2016 7:00,11,32,269
28473,4/2/2016 8:00,11,32,269
28474,4/2/2016 9:00,11,32,269
28475,4/2/2016 10:00,11,32,270
28476,4/2/2016 11:00,11,32,269
28477,4/2/2016 12:00,11,33,269
28478,4/2/2016 13:00,11,32,267
28479,4/2/2016 14:00,11,32,268
28480,4/2/2016 15:00,10,32,269
28481,4/2/2016 16:00,11,32,269
28482,4/2/2016 17:00,11,35,269
28483,4/2/2016 18:00,11,32,269
28484,4/2/2016 19:00,11,32,269
28485,4/2/2016 20:00,11,32,269
28486,4/2/2016 21:00,11,32,269
28487,4/2/2016 22:00,10,32,270
28488,4/2/2016 23:00,11,32,269
28489,4/3/2016 0:00,11,32,269
28490,4/3/2016 1:00,11,32,269
28491,4/3/2016 2:00,11,32,269
28492,4/3/2016 3:00,11,32,269
28493,4/3/2016 4:00,11,32,268
28494,4/3/2016 5:00,11,32,267
28495,4/3/2016 6:00,11,32,268
28496,4/3/2016 7:00,11,32,267
28497,4/3/2016 8:00,11,32,267
28498,4/3/2016 9:00,11,32,267
28499,4/3/2016 10:00,11,32,267
28500,4/3/2016 11:00,11,32,267
28501,4/3/2016 12:00,11,32,267
28502,4/3/2016 13:00,11,32,266
28503,4/3/2016 14:00,11,32,269
28504,4/3/2016 15:00,11,32,269
28505,4/3/2016 16:00,11,32,268
28506,4/3/2016 17:00,11,32,267
28507,4/3/2016 18:00,11,32,267
28508,4/3/2016 19:00,11,32,266
28509,4/3/2016 20:00,11,35,267
28510,4/3/2016 21:00,11,32,267
28511,4/3/2016 22:00,11,32,267
28512,4/3/2016 23:00,11,32,267
28513,4/4/2016 0:00,11,32,266
28514,4/4/2016 1:00,11,32,267
28515,4/4/2016 2:00,9,32,267
28516,4/4/2016 3:00,11,32,266
28517,4/4/2016 4:00,9,32,266
28518,4/4/2016 5:00,11,32,266
28519,4/4/2016 6:00,11,32,267
28520,4/4/2016 7:00,11,32,267
28521,4/4/2016 8:00,11,32,266
28522,4/4/2016 9:00,11,32,267
28523,4/4/2016 10:00,11,32,266
28524,4/4/2016 11:00,11,32,267
28525,4/4/2016 12:00,11,32,267
28526,4/4/2016 13:00,11,32,267
28527,4/4/2016 14:00,11,32,267
28528,4/4/2016 15:00,11,32,268
28529,4/4/2016 16:00,11,32,269
28530,4/4/2016 17:00,11,32,268
28531,4/4/2016 18:00,11,32,268
28532,4/4/2016 19:00,11,32,267
28533,4/4/2016 20:00,11,32,267
28534,4/4/2016 21:00,11,32,267
28535,4/4/2016 22:00,12,32,267
28536,4/4/2016 23:00,11,32,267
28537,4/5/2016 0:00,11,32,267
28538,4/5/2016 1:00,11,32,267
28539,4/5/2016 2:00,11,32,267
28540,4/5/2016 3:00,11,32,267
28541,4/5/2016 4:00,11,32,267
28542,4/5/2016 5:00,11,32,268
28543,4/5/2016 6:00,10,32,268
28544,4/5/2016 7:00,11,32,268
28545,4/5/2016 8:00,11,32,269
28546,4/5/2016 9:00,10,32,268
28547,4/5/2016 10:00,11,32,269
28548,4/5/2016 11:00,10,32,269
28549,4/5/2016 12:00,11,32,269
28550,4/5/2016 13:00,10,32,269
28551,4/5/2016 14:00,11,32,269
28552,4/5/2016 15:00,11,32,269
28553,4/5/2016 16:00,12,32,268
28554,4/5/2016 17:00,11,32,267
28555,4/5/2016 18:00,11,32,267
28556,4/5/2016 19:00,11,32,267
28557,4/5/2016 20:00,11,32,268
28558,4/5/2016 21:00,11,32,269
28559,4/5/2016 22:00,11,32,270
28560,4/5/2016 23:00,11,32,270
28561,4/6/2016 0:00,11,32,270
28562,4/6/2016 1:00,11,32,269
28563,4/6/2016 2:00,11,32,269
28564,4/6/2016 3:00,11,32,270
28565,4/6/2016 4:00,11,32,270
28566,4/6/2016 5:00,11,32,270
28567,4/6/2016 6:00,11,32,269
28568,4/6/2016 7:00,12,32,269
28569,4/6/2016 8:00,11,32,269
28570,4/6/2016 9:00,11,32,269
28571,4/6/2016 10:00,11,32,268
28572,4/6/2016 11:00,11,32,268
28573,4/6/2016 12:00,11,32,268
28574,4/6/2016 13:00,11,32,267
28575,4/6/2016 14:00,11,32,267
28576,4/6/2016 15:00,11,32,267
28577,4/6/2016 16:00,11,32,267
28578,4/6/2016 17:00,11,32,267
28579,4/6/2016 18:00,11,32,268
28580,4/6/2016 19:00,9,32,268
28581,4/6/2016 20:00,11,32,267
28582,4/6/2016 21:00,11,32,267
28583,4/6/2016 22:00,11,32,267
28584,4/6/2016 23:00,11,32,267
28585,4/7/2016 0:00,11,32,266
28586,4/7/2016 1:00,9,32,266
28587,4/7/2016 2:00,11,35,266
28588,4/7/2016 3:00,11,32,266
28589,4/7/2016 4:00,11,32,266
28590,4/7/2016 5:00,11,32,266
28591,4/7/2016 6:00,11,32,267
28592,4/7/2016 7:00,11,32,266
28593,4/7/2016 8:00,11,32,267
28594,4/7/2016 9:00,11,32,267
28595,4/7/2016 10:00,11,32,267
28596,4/7/2016 11:00,11,32,266
28597,4/7/2016 12:00,11,32,267
28598,4/7/2016 13:00,11,32,267
28599,4/7/2016 14:00,11,32,267
28600,4/7/2016 15:00,9,32,267
28601,4/7/2016 16:00,10,32,267
28602,4/7/2016 17:00,12,32,267
28603,4/7/2016 18:00,11,32,268
28604,4/7/2016 19:00,11,32,270
28605,4/7/2016 20:00,13,32,270
28606,4/7/2016 21:00,11,32,270
28607,4/7/2016 22:00,11,32,270
28608,4/7/2016 23:00,11,32,272
28609,4/8/2016 0:00,11,32,273
28610,4/8/2016 1:00,11,32,273
28611,4/8/2016 2:00,10,32,273
28612,4/8/2016 3:00,11,32,272
28613,4/8/2016 4:00,10,32,272
28614,4/8/2016 5:00,11,34,272
28615,4/8/2016 6:00,12,32,272
28616,4/8/2016 7:00,11,32,270
28617,4/8/2016 8:00,11,32,272
28618,4/8/2016 9:00,11,32,270
28619,4/8/2016 10:00,11,32,270
28620,4/8/2016 11:00,11,32,270
28621,4/8/2016 12:00,11,32,270
28622,4/8/2016 13:00,11,32,269
28623,4/8/2016 14:00,11,32,269
28624,4/8/2016 15:00,12,32,269
28625,4/8/2016 16:00,11,32,269
28626,4/8/2016 17:00,11,32,269
28627,4/8/2016 18:00,11,32,269
28628,4/8/2016 19:00,11,32,269
28629,4/8/2016 20:00,11,32,269
28630,4/8/2016 21:00,10,32,268
28631,4/8/2016 22:00,11,32,269
28632,4/8/2016 23:00,11,32,268
28633,4/9/2016 0:00,11,32,268
28634,4/9/2016 1:00,11,32,269
28635,4/9/2016 2:00,11,32,269
28636,4/9/2016 3:00,11,32,267
28637,4/9/2016 4:00,11,32,267
28638,4/9/2016 5:00,11,32,267
28639,4/9/2016 6:00,11,32,267
28640,4/9/2016 7:00,11,32,267
28641,4/9/2016 8:00,10,32,267
28642,4/9/2016 9:00,11,32,267
28643,4/9/2016 10:00,11,32,267
28644,4/9/2016 11:00,12,32,266
28645,4/9/2016 12:00,11,32,267
28646,4/9/2016 13:00,11,32,267
28647,4/9/2016 14:00,11,32,267
28648,4/9/2016 15:00,10,32,268
28649,4/9/2016 16:00,11,32,269
28650,4/9/2016 17:00,11,32,269
28651,4/9/2016 18:00,11,32,269
28652,4/9/2016 19:00,11,32,269
28653,4/9/2016 20:00,11,32,269
28654,4/9/2016 21:00,11,32,269
28655,4/9/2016 22:00,11,32,269
28656,4/9/2016 23:00,11,32,269
28657,4/10/2016 0:00,12,32,269
28658,4/10/2016 1:00,11,32,269
28659,4/10/2016 2:00,11,32,269
28660,4/10/2016 3:00,9,32,269
28661,4/10/2016 4:00,11,32,269
28662,4/10/2016 5:00,11,32,269
28663,4/10/2016 6:00,11,32,269
28664,4/10/2016 7:00,11,32,269
28665,4/10/2016 8:00,11,32,269
28666,4/10/2016 9:00,11,32,268
28667,4/10/2016 10:00,11,32,269
28668,4/10/2016 11:00,11,32,269
28669,4/10/2016 12:00,11,32,268
28670,4/10/2016 13:00,11,32,268
28671,4/10/2016 14:00,11,32,269
28672,4/10/2016 15:00,11,32,268
28673,4/10/2016 16:00,11,32,269
28674,4/10/2016 17:00,11,32,269
28675,4/10/2016 18:00,11,32,269
28676,4/10/2016 19:00,11,32,269
28677,4/10/2016 20:00,11,35,269
28678,4/10/2016 21:00,12,32,269
28679,4/10/2016 22:00,11,32,269
28680,4/10/2016 23:00,11,32,269
28681,4/11/2016 0:00,11,32,269
28682,4/11/2016 1:00,11,32,269
28683,4/11/2016 2:00,11,30,269
28684,4/11/2016 3:00,11,32,269
28685,4/11/2016 4:00,11,32,269
28686,4/11/2016 5:00,11,32,269
28687,4/11/2016 6:00,11,32,269
28688,4/11/2016 7:00,12,32,269
28689,4/11/2016 8:00,11,32,269
28690,4/11/2016 9:00,11,32,269
28691,4/11/2016 10:00,9,32,268
28692,4/11/2016 11:00,10,32,268
28693,4/11/2016 12:00,11,32,267
28694,4/11/2016 13:00,11,32,267
28695,4/11/2016 14:00,11,32,267
28696,4/11/2016 15:00,11,32,268
28697,4/11/2016 16:00,11,32,268
28698,4/11/2016 17:00,11,32,268
28699,4/11/2016 18:00,11,32,268
28700,4/11/2016 19:00,11,32,268
28701,4/11/2016 20:00,11,32,269
28702,4/11/2016 21:00,11,32,268
28703,4/11/2016 22:00,11,32,268
28704,4/11/2016 23:00,11,32,268
28705,4/12/2016 0:00,11,32,268
28706,4/12/2016 1:00,11,32,269
28707,4/12/2016 2:00,11,32,268
28708,4/12/2016 3:00,11,32,267
28709,4/12/2016 4:00,11,32,268
28710,4/12/2016 5:00,11,32,268
28711,4/12/2016 6:00,11,32,267
28712,4/12/2016 7:00,11,32,268
28713,4/12/2016 8:00,11,32,268
28714,4/12/2016 9:00,14,32,268
28715,4/12/2016 10:00,16,32,268
28716,4/12/2016 11:00,16,32,267
28717,4/12/2016 12:00,15,32,267
28718,4/12/2016 13:00,15,32,267
28719,4/12/2016 14:00,15,32,267
28720,4/12/2016 15:00,15,32,267
28721,4/12/2016 16:00,15,32,267
28722,4/12/2016 17:00,15,32,267
28723,4/12/2016 18:00,15,32,266
28724,4/12/2016 19:00,15,32,266
28725,4/12/2016 20:00,15,32,266
28726,4/12/2016 21:00,15,32,266
28727,4/12/2016 22:00,15,32,266
28728,4/12/2016 23:00,15,32,266
28729,4/13/2016 0:00,15,32,266
28730,4/13/2016 1:00,15,32,266
28731,4/13/2016 2:00,15,32,266
28732,4/13/2016 3:00,15,32,266
28733,4/13/2016 4:00,15,32,266
28734,4/13/2016 5:00,15,32,266
28735,4/13/2016 6:00,15,32,266
28736,4/13/2016 7:00,15,32,266
28737,4/13/2016 8:00,15,32,266
28738,4/13/2016 9:00,15,32,266
28739,4/13/2016 10:00,15,32,266
28740,4/13/2016 11:00,15,32,266
28741,4/13/2016 12:00,15,32,266
28742,4/13/2016 13:00,15,32,266
28743,4/13/2016 14:00,15,32,266
28744,4/13/2016 15:00,15,32,266
28745,4/13/2016 16:00,15,32,266
28746,4/13/2016 17:00,15,32,267
28747,4/13/2016 18:00,14,32,266
28748,4/13/2016 19:00,15,32,267
28749,4/13/2016 20:00,14,32,266
28750,4/13/2016 21:00,14,32,266
28751,4/13/2016 22:00,14,32,267
28752,4/13/2016 23:00,15,32,267
28753,4/14/2016 0:00,14,32,267
28754,4/14/2016 1:00,14,32,267
28755,4/14/2016 2:00,13,32,267
28756,4/14/2016 3:00,13,32,267
28757,4/14/2016 4:00,13,32,267
28758,4/14/2016 5:00,13,32,267
28759,4/14/2016 6:00,13,32,267
28760,4/14/2016 7:00,15,32,267
28761,4/14/2016 8:00,14,32,267
28762,4/14/2016 9:00,14,32,267
28763,4/14/2016 10:00,13,32,267
28764,4/14/2016 11:00,13,32,267
28765,4/14/2016 12:00,15,32,267
28766,4/14/2016 13:00,13,32,267
28767,4/14/2016 14:00,13,32,267
28768,4/14/2016 15:00,13,32,267
28769,4/14/2016 16:00,13,32,267
28770,4/14/2016 17:00,13,32,267
28771,4/14/2016 18:00,13,32,267
28772,4/14/2016 19:00,13,32,267
28773,4/14/2016 20:00,13,32,267
28774,4/14/2016 21:00,13,32,266
28775,4/14/2016 22:00,13,32,267
28776,4/14/2016 23:00,13,32,267
28777,4/15/2016 0:00,13,32,267
28778,4/15/2016 1:00,13,32,267
28779,4/15/2016 2:00,15,32,267
28780,4/15/2016 3:00,13,32,267
28781,4/15/2016 4:00,13,32,267
28782,4/15/2016 5:00,13,32,267
28783,4/15/2016 6:00,13,32,267
28784,4/15/2016 7:00,13,32,267
28785,4/15/2016 8:00,14,32,267
28786,4/15/2016 9:00,13,32,267
28787,4/15/2016 10:00,13,32,267
28788,4/15/2016 11:00,13,32,267
28789,4/15/2016 12:00,13,32,267
28790,4/15/2016 13:00,13,32,267
28791,4/15/2016 14:00,13,32,267
28792,4/15/2016 15:00,13,32,267
28793,4/15/2016 16:00,15,32,267
28794,4/15/2016 17:00,13,32,267
28795,4/15/2016 18:00,13,32,267
28796,4/15/2016 19:00,13,32,267
28797,4/15/2016 20:00,13,32,267
28798,4/15/2016 21:00,13,32,267
28799,4/15/2016 22:00,14,32,267
28800,4/15/2016 23:00,13,32,267
28801,4/16/2016 0:00,13,32,267
28802,4/16/2016 1:00,13,32,267
28803,4/16/2016 2:00,13,32,267
28804,4/16/2016 3:00,13,32,267
28805,4/16/2016 4:00,13,32,267
28806,4/16/2016 5:00,13,32,266
28807,4/16/2016 6:00,13,32,266
28808,4/16/2016 7:00,13,32,266
28809,4/16/2016 8:00,13,32,266
28810,4/16/2016 9:00,13,32,266
28811,4/16/2016 10:00,13,32,266
28812,4/16/2016 11:00,13,32,266
28813,4/16/2016 12:00,13,32,266
28814,4/16/2016 13:00,13,32,266
28815,4/16/2016 14:00,13,32,266
28816,4/16/2016 15:00,13,32,266
28817,4/16/2016 16:00,13,32,266
28818,4/16/2016 17:00,13,33,266
28819,4/16/2016 18:00,13,32,266
28820,4/16/2016 19:00,13,32,266
28821,4/16/2016 20:00,13,32,266
28822,4/16/2016 21:00,13,32,266
28823,4/16/2016 22:00,13,32,266
28824,4/16/2016 23:00,13,32,266
28825,4/17/2016 0:00,13,32,266
28826,4/17/2016 1:00,13,32,265
28827,4/17/2016 2:00,13,32,265
28828,4/17/2016 3:00,14,32,266
28829,4/17/2016 4:00,13,32,266
28830,4/17/2016 5:00,13,32,266
28831,4/17/2016 6:00,13,32,265
28832,4/17/2016 7:00,13,32,265
28833,4/17/2016 8:00,13,32,265
28834,4/17/2016 9:00,13,32,265
28835,4/17/2016 10:00,13,32,265
28836,4/17/2016 11:00,13,32,265
28837,4/17/2016 12:00,13,32,265
28838,4/17/2016 13:00,13,32,265
28839,4/17/2016 14:00,13,32,265
28840,4/17/2016 15:00,13,32,265
28841,4/17/2016 16:00,13,32,265
28842,4/17/2016 17:00,13,32,265
28843,4/17/2016 18:00,13,32,265
28844,4/17/2016 19:00,13,32,265
28845,4/17/2016 20:00,13,32,265
28846,4/17/2016 21:00,13,32,265
28847,4/17/2016 22:00,13,32,265
28848,4/17/2016 23:00,13,32,265
28849,4/18/2016 0:00,13,32,265
28850,4/18/2016 1:00,13,32,265
28851,4/18/2016 2:00,13,32,264
28852,4/18/2016 3:00,13,32,264
28853,4/18/2016 4:00,13,32,265
28854,4/18/2016 5:00,13,32,265
28855,4/18/2016 6:00,13,32,265
28856,4/18/2016 7:00,13,32,265
28857,4/18/2016 8:00,13,32,265
28858,4/18/2016 9:00,13,32,264
28859,4/18/2016 10:00,13,32,264
28860,4/18/2016 11:00,14,34,264
28861,4/18/2016 12:00,13,32,264
28862,4/18/2016 13:00,13,32,264
28863,4/18/2016 14:00,13,32,264
28864,4/18/2016 15:00,13,32,264
28865,4/18/2016 16:00,13,32,264
28866,4/18/2016 17:00,13,32,265
28867,4/18/2016 18:00,13,32,265
28868,4/18/2016 19:00,13,32,265
28869,4/18/2016 20:00,13,32,265
28870,4/18/2016 21:00,14,32,265
28871,4/18/2016 22:00,13,32,265
28872,4/18/2016 23:00,13,32,265
28873,4/19/2016 0:00,13,32,265
28874,4/19/2016 1:00,13,32,265
28875,4/19/2016 2:00,13,32,265
28876,4/19/2016 3:00,13,32,265
28877,4/19/2016 4:00,13,32,265
28878,4/19/2016 5:00,13,32,264
28879,4/19/2016 6:00,13,32,264
28880,4/19/2016 7:00,13,32,264
28881,4/19/2016 8:00,13,32,264
28882,4/19/2016 9:00,13,32,263
28883,4/19/2016 10:00,13,32,263
28884,4/19/2016 11:00,14,32,262
28885,4/19/2016 12:00,13,32,262
28886,4/19/2016 13:00,13,32,262
28887,4/19/2016 14:00,13,32,262
28888,4/19/2016 15:00,13,32,261
28889,4/19/2016 16:00,13,32,261
28890,4/19/2016 17:00,13,32,261
28891,4/19/2016 18:00,13,32,261
28892,4/19/2016 19:00,13,32,261
28893,4/19/2016 20:00,13,32,261
28894,4/19/2016 21:00,13,32,261
28895,4/19/2016 22:00,13,32,261
28896,4/19/2016 23:00,13,32,261
28897,4/20/2016 0:00,13,32,261
28898,4/20/2016 1:00,13,32,263
28899,4/20/2016 2:00,13,32,263
28900,4/20/2016 3:00,13,32,261
28901,4/20/2016 4:00,13,32,261
28902,4/20/2016 5:00,13,32,261
28903,4/20/2016 6:00,13,32,261
28904,4/20/2016 7:00,13,32,261
28905,4/20/2016 8:00,13,32,261
28906,4/20/2016 9:00,13,32,261
28907,4/20/2016 10:00,13,32,261
28908,4/20/2016 11:00,13,32,261
28909,4/20/2016 12:00,13,32,260
28910,4/20/2016 13:00,13,30,261
28911,4/20/2016 14:00,13,32,260
28912,4/20/2016 15:00,14,32,260
28913,4/20/2016 16:00,13,32,260
28914,4/20/2016 17:00,13,33,260
28915,4/20/2016 18:00,13,32,260
28916,4/20/2016 19:00,13,32,260
28917,4/20/2016 20:00,13,32,260
28918,4/20/2016 21:00,13,32,260
28919,4/20/2016 22:00,13,32,259
28920,4/20/2016 23:00,13,32,259
28921,4/21/2016 0:00,13,32,260
28922,4/21/2016 1:00,13,32,260
28923,4/21/2016 2:00,13,32,260
28924,4/21/2016 3:00,13,32,259
28925,4/21/2016 4:00,13,34,260
28926,4/21/2016 5:00,13,32,259
28927,4/21/2016 6:00,13,32,259
28928,4/21/2016 7:00,13,32,259
28929,4/21/2016 8:00,13,32,259
28930,4/21/2016 9:00,13,32,260
28931,4/21/2016 10:00,13,32,259
28932,4/21/2016 11:00,13,32,259
28933,4/21/2016 12:00,13,32,259
28934,4/21/2016 13:00,13,32,259
28935,4/21/2016 14:00,13,32,259
28936,4/21/2016 15:00,13,32,259
28937,4/21/2016 16:00,13,32,259
28938,4/21/2016 17:00,13,32,259
28939,4/21/2016 18:00,13,32,258
28940,4/21/2016 19:00,13,32,259
28941,4/21/2016 20:00,13,32,259
28942,4/21/2016 21:00,13,33,259
28943,4/21/2016 22:00,13,32,260
28944,4/21/2016 23:00,13,32,259
28945,4/22/2016 0:00,13,32,259
28946,4/22/2016 1:00,13,32,259
28947,4/22/2016 2:00,13,32,260
28948,4/22/2016 3:00,13,32,259
28949,4/22/2016 4:00,13,32,259
28950,4/22/2016 5:00,13,32,259
28951,4/22/2016 6:00,13,32,258
28952,4/22/2016 7:00,13,32,258
28953,4/22/2016 8:00,13,32,257
28954,4/22/2016 9:00,13,32,257
28955,4/22/2016 10:00,13,32,257
28956,4/22/2016 11:00,13,30,258
28957,4/22/2016 12:00,13,32,258
28958,4/22/2016 13:00,13,32,257
28959,4/22/2016 14:00,13,32,258
28960,4/22/2016 15:00,13,32,257
28961,4/22/2016 16:00,13,32,258
28962,4/22/2016 17:00,13,32,258
28963,4/22/2016 18:00,13,32,258
28964,4/22/2016 19:00,13,32,258
28965,4/22/2016 20:00,13,32,257
28966,4/22/2016 21:00,13,32,257
28967,4/22/2016 22:00,13,32,257
28968,4/22/2016 23:00,13,32,258
28969,4/23/2016 0:00,13,32,258
28970,4/23/2016 1:00,13,32,258
28971,4/23/2016 2:00,13,32,258
28972,4/23/2016 3:00,13,32,258
28973,4/23/2016 4:00,13,32,259
28974,4/23/2016 5:00,13,32,259
28975,4/23/2016 6:00,13,32,259
28976,4/23/2016 7:00,13,32,259
28977,4/23/2016 8:00,13,32,259
28978,4/23/2016 9:00,13,32,259
28979,4/23/2016 10:00,13,32,259
28980,4/23/2016 11:00,13,32,259
28981,4/23/2016 12:00,13,32,259
28982,4/23/2016 13:00,13,32,259
28983,4/23/2016 14:00,13,32,259
28984,4/23/2016 15:00,13,32,259
28985,4/23/2016 16:00,13,32,259
28986,4/23/2016 17:00,13,35,259
28987,4/23/2016 18:00,13,32,259
28988,4/23/2016 19:00,13,32,259
28989,4/23/2016 20:00,13,32,259
28990,4/23/2016 21:00,13,32,259
28991,4/23/2016 22:00,13,32,259
28992,4/23/2016 23:00,13,32,259
28993,4/24/2016 0:00,13,32,258
28994,4/24/2016 1:00,13,32,258
28995,4/24/2016 2:00,13,32,259
28996,4/24/2016 3:00,13,32,258
28997,4/24/2016 4:00,13,32,258
28998,4/24/2016 5:00,13,32,258
28999,4/24/2016 6:00,13,30,258
29000,4/24/2016 7:00,13,32,257
29001,4/24/2016 8:00,13,32,258
29002,4/24/2016 9:00,13,32,258
29003,4/24/2016 10:00,13,32,258
29004,4/24/2016 11:00,13,32,258
29005,4/24/2016 12:00,13,32,258
29006,4/24/2016 13:00,13,32,257
29007,4/24/2016 14:00,13,32,258
29008,4/24/2016 15:00,13,32,258
29009,4/24/2016 16:00,13,32,259
29010,4/24/2016 17:00,13,32,259
29011,4/24/2016 18:00,13,32,258
29012,4/24/2016 19:00,13,32,258
29013,4/24/2016 20:00,13,32,259
29014,4/24/2016 21:00,13,32,259
29015,4/24/2016 22:00,13,32,256
29016,4/24/2016 23:00,13,32,254
29017,4/25/2016 0:00,13,32,312
29018,4/25/2016 1:00,13,32,269
29019,4/25/2016 2:00,13,32,276
29020,4/25/2016 3:00,13,32,291
29021,4/25/2016 4:00,13,32,287
29022,4/25/2016 5:00,13,32,298
29023,4/25/2016 6:00,13,32,315
29024,4/25/2016 7:00,13,32,320
29025,4/25/2016 8:00,13,32,324
29026,4/25/2016 9:00,13,32,330
29027,4/25/2016 10:00,13,32,351
29028,4/25/2016 11:00,13,32,326
29029,4/25/2016 12:00,13,32,336
29030,4/25/2016 13:00,13,32,335
29031,4/25/2016 14:00,14,30,364
29032,4/25/2016 15:00,13,32,327
29033,4/25/2016 16:00,13,32,337
29034,4/25/2016 17:00,13,32,356
29035,4/25/2016 18:00,13,32,339
29036,4/25/2016 19:00,13,32,336
29037,4/25/2016 20:00,13,32,338
29038,4/25/2016 21:00,13,32,338
29039,4/25/2016 22:00,13,32,339
29040,4/25/2016 23:00,13,32,339
29041,4/26/2016 0:00,13,32,339
29042,4/26/2016 1:00,13,30,335
29043,4/26/2016 2:00,13,34,336
29044,4/26/2016 3:00,13,32,348
29045,4/26/2016 4:00,13,32,321
29046,4/26/2016 5:00,14,32,319
29047,4/26/2016 6:00,13,32,285
29048,4/26/2016 7:00,13,32,301
29049,4/26/2016 8:00,13,32,315
29050,4/26/2016 9:00,13,32,315
29051,4/26/2016 10:00,13,32,307
29052,4/26/2016 11:00,12,32,300
29053,4/26/2016 12:00,13,32,301
29054,4/26/2016 13:00,13,32,304
29055,4/26/2016 14:00,12,32,307
29056,4/26/2016 15:00,12,32,311
29057,4/26/2016 16:00,12,30,304
29058,4/26/2016 17:00,12,32,313
29059,4/26/2016 18:00,12,32,328
29060,4/26/2016 19:00,12,32,330
29061,4/26/2016 20:00,12,32,333
29062,4/26/2016 21:00,12,32,333
29063,4/26/2016 22:00,12,32,334
29064,4/26/2016 23:00,12,30,334
29065,4/27/2016 0:00,12,32,334
29066,4/27/2016 1:00,12,32,334
29067,4/27/2016 2:00,12,32,334
29068,4/27/2016 3:00,12,32,334
29069,4/27/2016 4:00,12,32,335
29070,4/27/2016 5:00,12,32,335
29071,4/27/2016 6:00,11,30,334
29072,4/27/2016 7:00,12,32,334
29073,4/27/2016 8:00,12,32,334
29074,4/27/2016 9:00,12,32,334
29075,4/27/2016 10:00,12,32,334
29076,4/27/2016 11:00,12,32,334
29077,4/27/2016 12:00,12,32,333
29078,4/27/2016 13:00,12,32,333
29079,4/27/2016 14:00,12,32,333
29080,4/27/2016 15:00,12,32,333
29081,4/27/2016 16:00,12,32,333
29082,4/27/2016 17:00,12,32,334
29083,4/27/2016 18:00,12,32,335
29084,4/27/2016 19:00,12,32,333
29085,4/27/2016 20:00,12,32,333
29086,4/27/2016 21:00,12,32,333
29087,4/27/2016 22:00,12,32,333
29088,4/27/2016 23:00,12,32,333
29089,4/28/2016 0:00,12,32,333
29090,4/28/2016 1:00,12,32,332
29091,4/28/2016 2:00,11,32,332
29092,4/28/2016 3:00,13,32,331
29093,4/28/2016 4:00,13,32,331
29094,4/28/2016 5:00,13,32,331
29095,4/28/2016 6:00,13,32,331
29096,4/28/2016 7:00,12,32,330
29097,4/28/2016 8:00,12,32,330
29098,4/28/2016 9:00,12,32,330
29099,4/28/2016 10:00,12,32,330
29100,4/28/2016 11:00,12,32,330
29101,4/28/2016 12:00,12,32,330
29102,4/28/2016 13:00,13,32,329
29103,4/28/2016 14:00,13,32,329
29104,4/28/2016 15:00,12,32,329
29105,4/28/2016 16:00,13,32,328
29106,4/28/2016 17:00,12,32,328
29107,4/28/2016 18:00,12,32,328
29108,4/28/2016 19:00,13,32,328
29109,4/28/2016 20:00,13,32,328
29110,4/28/2016 21:00,12,32,328
29111,4/28/2016 22:00,13,32,328
29112,4/28/2016 23:00,12,32,328
29113,4/29/2016 0:00,13,32,327
29114,4/29/2016 1:00,13,32,327
29115,4/29/2016 2:00,13,32,327
29116,4/29/2016 3:00,12,30,327
29117,4/29/2016 4:00,12,32,327
29118,4/29/2016 5:00,12,32,327
29119,4/29/2016 6:00,12,32,327
29120,4/29/2016 7:00,13,32,327
29121,4/29/2016 8:00,12,32,327
29122,4/29/2016 9:00,14,32,327
29123,4/29/2016 10:00,13,32,326
29124,4/29/2016 11:00,12,32,326
29125,4/29/2016 12:00,12,32,326
29126,4/29/2016 13:00,13,32,326
29127,4/29/2016 14:00,12,32,326
29128,4/29/2016 15:00,13,32,326
29129,4/29/2016 16:00,12,32,326
29130,4/29/2016 17:00,12,32,326
29131,4/29/2016 18:00,12,32,326
29132,4/29/2016 19:00,12,32,326
29133,4/29/2016 20:00,12,32,326
29134,4/29/2016 21:00,12,32,325
29135,4/29/2016 22:00,12,32,325
29136,4/29/2016 23:00,12,32,325
29137,4/30/2016 0:00,12,32,325
29138,4/30/2016 1:00,13,30,325
29139,4/30/2016 2:00,12,32,325
29140,4/30/2016 3:00,12,32,325
29141,4/30/2016 4:00,13,32,325
29142,4/30/2016 5:00,12,30,325
29143,4/30/2016 6:00,14,32,325
29144,4/30/2016 7:00,13,32,325
29145,4/30/2016 8:00,13,32,325
29146,4/30/2016 9:00,13,32,325
29147,4/30/2016 10:00,13,32,324
29148,4/30/2016 11:00,12,32,324
29149,4/30/2016 12:00,12,32,324
29150,4/30/2016 13:00,12,32,324
29151,4/30/2016 14:00,12,30,324
29152,4/30/2016 15:00,12,32,324
29153,4/30/2016 16:00,12,32,324
29154,4/30/2016 17:00,12,32,324
29155,4/30/2016 18:00,12,32,324
29156,4/30/2016 19:00,12,32,324
29157,4/30/2016 20:00,12,30,324
29158,4/30/2016 21:00,12,35,323
29159,4/30/2016 22:00,13,32,322
29160,4/30/2016 23:00,13,32,322
29161,5/1/2016 0:00,13,32,322
29162,5/1/2016 1:00,13,30,322
29163,5/1/2016 2:00,13,32,322
29164,5/1/2016 3:00,13,32,322
29165,5/1/2016 4:00,13,32,322
29166,5/1/2016 5:00,12,32,322
29167,5/1/2016 6:00,12,32,322
29168,5/1/2016 7:00,12,30,322
29169,5/1/2016 8:00,12,32,321
29170,5/1/2016 9:00,12,32,322
29171,5/1/2016 10:00,12,32,322
29172,5/1/2016 11:00,12,32,321
29173,5/1/2016 12:00,12,30,321
29174,5/1/2016 13:00,11,32,321
29175,5/1/2016 14:00,12,32,321
29176,5/1/2016 15:00,12,32,350
29177,5/1/2016 16:00,12,32,350
29178,5/1/2016 17:00,12,32,354
29179,5/1/2016 18:00,12,32,333
29180,5/1/2016 19:00,12,32,333
29181,5/1/2016 20:00,12,32,334
29182,5/1/2016 21:00,12,32,335
29183,5/1/2016 22:00,12,30,335
29184,5/1/2016 23:00,13,32,335
29185,5/2/2016 0:00,12,30,335
29186,5/2/2016 1:00,12,32,335
29187,5/2/2016 2:00,12,32,336
29188,5/2/2016 3:00,12,30,336
29189,5/2/2016 4:00,12,32,336
29190,5/2/2016 5:00,12,32,336
29191,5/2/2016 6:00,12,32,336
29192,5/2/2016 7:00,12,32,336
29193,5/2/2016 8:00,12,32,336
29194,5/2/2016 9:00,12,32,336
29195,5/2/2016 10:00,12,32,336
29196,5/2/2016 11:00,12,32,336
29197,5/2/2016 12:00,12,32,336
29198,5/2/2016 13:00,12,32,336
29199,5/2/2016 14:00,12,32,336
29200,5/2/2016 15:00,12,32,336
29201,5/2/2016 16:00,12,32,336
29202,5/2/2016 17:00,12,32,336
29203,5/2/2016 18:00,12,32,336
29204,5/2/2016 19:00,12,32,336
29205,5/2/2016 20:00,12,30,336
29206,5/2/2016 21:00,12,32,336
29207,5/2/2016 22:00,12,32,336
29208,5/2/2016 23:00,12,32,335
29209,5/3/2016 0:00,11,32,335
29210,5/3/2016 1:00,12,32,335
29211,5/3/2016 2:00,12,34,335
29212,5/3/2016 3:00,12,32,334
29213,5/3/2016 4:00,12,32,334
29214,5/3/2016 5:00,12,32,334
29215,5/3/2016 6:00,12,32,334
29216,5/3/2016 7:00,12,34,334
29217,5/3/2016 8:00,12,32,333
29218,5/3/2016 9:00,12,32,334
29219,5/3/2016 10:00,12,32,334
29220,5/3/2016 11:00,12,32,334
29221,5/3/2016 12:00,12,32,334
29222,5/3/2016 13:00,12,32,334
29223,5/3/2016 14:00,12,32,333
29224,5/3/2016 15:00,12,32,333
29225,5/3/2016 16:00,12,30,333
29226,5/3/2016 17:00,12,32,331
29227,5/3/2016 18:00,12,32,331
29228,5/3/2016 19:00,12,34,331
29229,5/3/2016 20:00,12,32,331
29230,5/3/2016 21:00,12,32,330
29231,5/3/2016 22:00,12,32,331
29232,5/3/2016 23:00,12,32,331
29233,5/4/2016 0:00,12,32,330
29234,5/4/2016 1:00,12,32,331
29235,5/4/2016 2:00,12,32,331
29236,5/4/2016 3:00,12,32,330
29237,5/4/2016 4:00,12,32,330
29238,5/4/2016 5:00,12,32,330
29239,5/4/2016 6:00,12,32,330
29240,5/4/2016 7:00,11,32,331
29241,5/4/2016 8:00,12,32,330
29242,5/4/2016 9:00,12,30,330
29243,5/4/2016 10:00,12,32,330
29244,5/4/2016 11:00,12,32,330
29245,5/4/2016 12:00,12,32,330
29246,5/4/2016 13:00,12,32,330
29247,5/4/2016 14:00,12,32,330
29248,5/4/2016 15:00,11,32,330
29249,5/4/2016 16:00,12,34,330
29250,5/4/2016 17:00,12,32,330
29251,5/4/2016 18:00,12,32,330
29252,5/4/2016 19:00,12,30,330
29253,5/4/2016 20:00,12,32,330
29254,5/4/2016 21:00,12,32,330
29255,5/4/2016 22:00,13,32,330
29256,5/4/2016 23:00,12,32,330
29257,5/5/2016 0:00,12,32,330
29258,5/5/2016 1:00,12,30,330
29259,5/5/2016 2:00,12,32,330
29260,5/5/2016 3:00,12,32,330
29261,5/5/2016 4:00,12,32,330
29262,5/5/2016 5:00,12,32,330
29263,5/5/2016 6:00,12,32,330
29264,5/5/2016 7:00,12,32,330
29265,5/5/2016 8:00,12,32,330
29266,5/5/2016 9:00,12,32,330
29267,5/5/2016 10:00,12,32,329
29268,5/5/2016 11:00,12,32,330
29269,5/5/2016 12:00,12,32,330
29270,5/5/2016 13:00,12,32,330
29271,5/5/2016 14:00,12,32,330
29272,5/5/2016 15:00,12,32,329
29273,5/5/2016 16:00,12,32,330
29274,5/5/2016 17:00,12,32,329
29275,5/5/2016 18:00,12,32,329
29276,5/5/2016 19:00,12,32,329
29277,5/5/2016 20:00,14,32,329
29278,5/5/2016 21:00,12,32,329
29279,5/5/2016 22:00,12,32,329
29280,5/5/2016 23:00,12,32,329
29281,5/6/2016 0:00,12,30,329
29282,5/6/2016 1:00,12,32,329
29283,5/6/2016 2:00,12,32,329
29284,5/6/2016 3:00,12,32,329
29285,5/6/2016 4:00,12,32,329
29286,5/6/2016 5:00,12,32,328
29287,5/6/2016 6:00,12,32,329
29288,5/6/2016 7:00,12,32,329
29289,5/6/2016 8:00,12,32,329
29290,5/6/2016 9:00,12,32,329
29291,5/6/2016 10:00,12,32,329
29292,5/6/2016 11:00,11,30,329
29293,5/6/2016 12:00,14,32,329
29294,5/6/2016 13:00,12,32,329
29295,5/6/2016 14:00,12,32,330
29296,5/6/2016 15:00,11,32,330
29297,5/6/2016 16:00,12,32,330
29298,5/6/2016 17:00,12,32,329
29299,5/6/2016 18:00,12,32,330
29300,5/6/2016 19:00,12,32,329
29301,5/6/2016 20:00,12,32,329
29302,5/6/2016 21:00,12,32,329
29303,5/6/2016 22:00,12,32,330
29304,5/6/2016 23:00,12,32,330
29305,5/7/2016 0:00,12,32,329
29306,5/7/2016 1:00,12,32,330
29307,5/7/2016 2:00,12,32,330
29308,5/7/2016 3:00,12,32,330
29309,5/7/2016 4:00,12,32,330
29310,5/7/2016 5:00,12,32,330
29311,5/7/2016 6:00,12,32,330
29312,5/7/2016 7:00,12,32,330
29313,5/7/2016 8:00,12,30,330
29314,5/7/2016 9:00,13,32,330
29315,5/7/2016 10:00,11,30,330
29316,5/7/2016 11:00,13,32,330
29317,5/7/2016 12:00,12,32,330
29318,5/7/2016 13:00,13,32,330
29319,5/7/2016 14:00,13,32,330
29320,5/7/2016 15:00,13,32,329
29321,5/7/2016 16:00,13,32,330
29322,5/7/2016 17:00,12,32,330
29323,5/7/2016 18:00,12,32,330
29324,5/7/2016 19:00,12,32,330
29325,5/7/2016 20:00,12,32,329
29326,5/7/2016 21:00,12,33,330
29327,5/7/2016 22:00,12,32,330
29328,5/7/2016 23:00,12,32,330
29329,5/8/2016 0:00,12,32,330
29330,5/8/2016 1:00,12,32,330
29331,5/8/2016 2:00,12,32,330
29332,5/8/2016 3:00,12,32,330
29333,5/8/2016 4:00,12,30,329
29334,5/8/2016 5:00,12,32,328
29335,5/8/2016 6:00,12,32,328
29336,5/8/2016 7:00,12,32,328
29337,5/8/2016 8:00,13,32,328
29338,5/8/2016 9:00,12,32,328
29339,5/8/2016 10:00,12,32,328
29340,5/8/2016 11:00,12,30,328
29341,5/8/2016 12:00,12,32,328
29342,5/8/2016 13:00,12,33,328
29343,5/8/2016 14:00,12,32,328
29344,5/8/2016 15:00,12,32,328
29345,5/8/2016 16:00,12,32,328
29346,5/8/2016 17:00,12,32,328
29347,5/8/2016 18:00,12,32,328
29348,5/8/2016 19:00,12,32,328
29349,5/8/2016 20:00,12,32,328
29350,5/8/2016 21:00,12,32,328
29351,5/8/2016 22:00,12,32,328
29352,5/8/2016 23:00,12,30,328
29353,5/9/2016 0:00,12,32,328
29354,5/9/2016 1:00,12,32,328
29355,5/9/2016 2:00,12,34,328
29356,5/9/2016 3:00,12,32,328
29357,5/9/2016 4:00,12,32,328
29358,5/9/2016 5:00,12,30,328
29359,5/9/2016 6:00,12,32,328
29360,5/9/2016 7:00,12,32,328
29361,5/9/2016 8:00,12,32,328
29362,5/9/2016 9:00,12,32,328
29363,5/9/2016 10:00,12,32,328
29364,5/9/2016 11:00,12,32,328
29365,5/9/2016 12:00,12,32,328
29366,5/9/2016 13:00,12,32,328
29367,5/9/2016 14:00,12,32,328
29368,5/9/2016 15:00,12,32,328
29369,5/9/2016 16:00,12,32,328
29370,5/9/2016 17:00,12,32,328
29371,5/9/2016 18:00,12,32,328
29372,5/9/2016 19:00,12,32,328
29373,5/9/2016 20:00,12,30,328
29374,5/9/2016 21:00,12,32,328
29375,5/9/2016 22:00,12,30,351
29376,5/9/2016 23:00,12,32,356
29377,5/10/2016 0:00,12,32,352
29378,5/10/2016 1:00,12,32,353
29379,5/10/2016 2:00,13,34,351
29380,5/10/2016 3:00,12,32,351
29381,5/10/2016 4:00,12,32,352
29382,5/10/2016 5:00,12,32,350
29383,5/10/2016 6:00,12,32,352
29384,5/10/2016 7:00,12,32,355
29385,5/10/2016 8:00,12,32,361
29386,5/10/2016 9:00,12,32,372
29387,5/10/2016 10:00,12,32,391
29388,5/10/2016 11:00,12,30,393
29389,5/10/2016 12:00,12,32,383
29390,5/10/2016 13:00,12,32,382
29391,5/10/2016 14:00,12,30,381
29392,5/10/2016 15:00,12,30,379
29393,5/10/2016 16:00,12,32,381
29394,5/10/2016 17:00,11,32,378
29395,5/10/2016 18:00,12,32,380
29396,5/10/2016 19:00,12,32,370
29397,5/10/2016 20:00,12,32,362
29398,5/10/2016 21:00,12,32,361
29399,5/10/2016 22:00,12,32,362
29400,5/10/2016 23:00,12,32,361
29401,5/11/2016 0:00,12,32,361
29402,5/11/2016 1:00,12,32,361
29403,5/11/2016 2:00,12,32,361
29404,5/11/2016 3:00,12,32,361
29405,5/11/2016 4:00,12,32,361
29406,5/11/2016 5:00,12,32,361
29407,5/11/2016 6:00,12,34,361
29408,5/11/2016 7:00,12,32,361
29409,5/11/2016 8:00,12,32,361
29410,5/11/2016 9:00,12,32,361
29411,5/11/2016 10:00,12,32,361
29412,5/11/2016 11:00,12,32,361
29413,5/11/2016 12:00,12,32,361
29414,5/11/2016 13:00,12,32,361
29415,5/11/2016 14:00,12,32,361
29416,5/11/2016 15:00,12,32,361
29417,5/11/2016 16:00,12,32,361
29418,5/11/2016 17:00,12,32,361
29419,5/11/2016 18:00,12,32,361
29420,5/11/2016 19:00,12,32,360
29421,5/11/2016 20:00,12,34,360
29422,5/11/2016 21:00,12,30,360
29423,5/11/2016 22:00,12,32,360
29424,5/11/2016 23:00,12,32,360
29425,5/12/2016 0:00,12,32,360
29426,5/12/2016 1:00,12,32,360
29427,5/12/2016 2:00,12,32,360
29428,5/12/2016 3:00,12,32,360
29429,5/12/2016 4:00,12,32,360
29430,5/12/2016 5:00,12,33,360
29431,5/12/2016 6:00,12,31,360
29432,5/12/2016 7:00,12,32,360
29433,5/12/2016 8:00,12,33,360
29434,5/12/2016 9:00,12,33,360
29435,5/12/2016 10:00,12,33,360
29436,5/12/2016 11:00,12,33,360
29437,5/12/2016 12:00,12,34,360
29438,5/12/2016 13:00,12,33,361
29439,5/12/2016 14:00,13,33,362
29440,5/12/2016 15:00,12,33,362
29441,5/12/2016 16:00,12,33,362
29442,5/12/2016 17:00,12,33,361
29443,5/12/2016 18:00,12,34,361
29444,5/12/2016 19:00,12,33,361
29445,5/12/2016 20:00,12,33,361
29446,5/12/2016 21:00,12,33,361
29447,5/12/2016 22:00,13,33,361
29448,5/12/2016 23:00,12,33,361
29449,5/13/2016 0:00,12,33,361
29450,5/13/2016 1:00,12,33,361
29451,5/13/2016 2:00,12,34,361
29452,5/13/2016 3:00,12,33,361
29453,5/13/2016 4:00,12,33,361
29454,5/13/2016 5:00,12,33,361
29455,5/13/2016 6:00,12,33,361
29456,5/13/2016 7:00,12,33,361
29457,5/13/2016 8:00,12,33,361
29458,5/13/2016 9:00,12,33,361
29459,5/13/2016 10:00,12,33,361
29460,5/13/2016 11:00,12,33,361
29461,5/13/2016 12:00,12,33,361
29462,5/13/2016 13:00,12,34,361
29463,5/13/2016 14:00,12,33,361
29464,5/13/2016 15:00,12,33,361
29465,5/13/2016 16:00,12,33,361
29466,5/13/2016 17:00,12,33,361
29467,5/13/2016 18:00,12,33,361
29468,5/13/2016 19:00,12,33,361
29469,5/13/2016 20:00,12,33,361
29470,5/13/2016 21:00,12,33,361
29471,5/13/2016 22:00,12,33,360
29472,5/13/2016 23:00,12,33,360
29473,5/14/2016 0:00,12,33,361
29474,5/14/2016 1:00,12,33,360
29475,5/14/2016 2:00,12,33,360
29476,5/14/2016 3:00,12,33,360
29477,5/14/2016 4:00,12,33,360
29478,5/14/2016 5:00,12,33,360
29479,5/14/2016 6:00,12,33,360
29480,5/14/2016 7:00,12,33,360
29481,5/14/2016 8:00,12,33,360
29482,5/14/2016 9:00,12,33,360
29483,5/14/2016 10:00,12,33,360
29484,5/14/2016 11:00,12,33,360
29485,5/14/2016 12:00,12,33,360
29486,5/14/2016 13:00,12,33,360
29487,5/14/2016 14:00,12,33,360
29488,5/14/2016 15:00,12,33,360
29489,5/14/2016 16:00,12,33,360
29490,5/14/2016 17:00,12,33,360
29491,5/14/2016 18:00,12,33,360
29492,5/14/2016 19:00,12,33,360
29493,5/14/2016 20:00,13,33,360
29494,5/14/2016 21:00,12,33,360
29495,5/14/2016 22:00,12,33,360
29496,5/14/2016 23:00,12,33,360
29497,5/15/2016 0:00,12,33,360
29498,5/15/2016 1:00,12,33,360
29499,5/15/2016 2:00,12,34,360
29500,5/15/2016 3:00,12,33,360
29501,5/15/2016 4:00,12,33,360
29502,5/15/2016 5:00,12,33,360
29503,5/15/2016 6:00,12,33,360
29504,5/15/2016 7:00,12,33,360
29505,5/15/2016 8:00,13,34,360
29506,5/15/2016 9:00,12,33,360
29507,5/15/2016 10:00,12,33,360
29508,5/15/2016 11:00,12,33,360
29509,5/15/2016 12:00,12,33,360
29510,5/15/2016 13:00,12,33,360
29511,5/15/2016 14:00,12,33,360
29512,5/15/2016 15:00,12,33,360
29513,5/15/2016 16:00,12,33,360
29514,5/15/2016 17:00,12,33,360
29515,5/15/2016 18:00,12,33,360
29516,5/15/2016 19:00,12,33,360
29517,5/15/2016 20:00,12,33,360
29518,5/15/2016 21:00,12,31,360
29519,5/15/2016 22:00,12,33,360
29520,5/15/2016 23:00,12,34,360
29521,5/16/2016 0:00,12,33,360
29522,5/16/2016 1:00,12,33,360
29523,5/16/2016 2:00,12,33,360
29524,5/16/2016 3:00,12,33,360
29525,5/16/2016 4:00,12,33,360
29526,5/16/2016 5:00,12,33,360
29527,5/16/2016 6:00,12,33,360
29528,5/16/2016 7:00,12,33,360
29529,5/16/2016 8:00,12,33,360
29530,5/16/2016 9:00,12,33,360
29531,5/16/2016 10:00,12,33,360
29532,5/16/2016 11:00,12,33,360
29533,5/16/2016 12:00,12,33,360
29534,5/16/2016 13:00,12,33,360
29535,5/16/2016 14:00,12,33,360
29536,5/16/2016 15:00,12,33,360
29537,5/16/2016 16:00,12,33,360
29538,5/16/2016 17:00,12,33,360
29539,5/16/2016 18:00,12,33,360
29540,5/16/2016 19:00,12,33,360
29541,5/16/2016 20:00,12,33,360
29542,5/16/2016 21:00,12,34,360
29543,5/16/2016 22:00,12,33,360
29544,5/16/2016 23:00,12,33,360
29545,5/17/2016 0:00,12,33,360
29546,5/17/2016 1:00,12,33,360
29547,5/17/2016 2:00,12,33,360
29548,5/17/2016 3:00,12,33,360
29549,5/17/2016 4:00,12,33,360
29550,5/17/2016 5:00,12,33,360
29551,5/17/2016 6:00,12,33,360
29552,5/17/2016 7:00,12,33,360
29553,5/17/2016 8:00,12,33,360
29554,5/17/2016 9:00,12,33,360
29555,5/17/2016 10:00,12,33,360
29556,5/17/2016 11:00,12,33,360
29557,5/17/2016 12:00,12,33,360
29558,5/17/2016 13:00,12,33,360
29559,5/17/2016 14:00,12,33,360
29560,5/17/2016 15:00,12,33,360
29561,5/17/2016 16:00,12,33,360
29562,5/17/2016 17:00,12,33,360
29563,5/17/2016 18:00,12,33,360
29564,5/17/2016 19:00,12,33,360
29565,5/17/2016 20:00,12,33,360
29566,5/17/2016 21:00,12,33,360
29567,5/17/2016 22:00,12,33,360
29568,5/17/2016 23:00,12,33,360
29569,5/18/2016 0:00,12,33,360
29570,5/18/2016 1:00,12,33,360
29571,5/18/2016 2:00,12,33,360
29572,5/18/2016 3:00,12,33,360
29573,5/18/2016 4:00,12,33,360
29574,5/18/2016 5:00,12,33,360
29575,5/18/2016 6:00,12,33,360
29576,5/18/2016 7:00,13,33,360
29577,5/18/2016 8:00,12,33,360
29578,5/18/2016 9:00,12,33,360
29579,5/18/2016 10:00,12,33,360
29580,5/18/2016 11:00,12,33,360
29581,5/18/2016 12:00,12,33,360
29582,5/18/2016 13:00,12,33,360
29583,5/18/2016 14:00,12,33,360
29584,5/18/2016 15:00,12,33,360
29585,5/18/2016 16:00,12,33,360
29586,5/18/2016 17:00,12,33,359
29587,5/18/2016 18:00,12,33,360
29588,5/18/2016 19:00,12,33,360
29589,5/18/2016 20:00,12,33,360
29590,5/18/2016 21:00,12,33,360
29591,5/18/2016 22:00,12,33,360
29592,5/18/2016 23:00,12,33,360
29593,5/19/2016 0:00,12,33,360
29594,5/19/2016 1:00,12,33,360
29595,5/19/2016 2:00,12,33,360
29596,5/19/2016 3:00,12,33,360
29597,5/19/2016 4:00,12,33,360
29598,5/19/2016 5:00,12,33,360
29599,5/19/2016 6:00,12,33,359
29600,5/19/2016 7:00,12,33,359
29601,5/19/2016 8:00,12,33,360
29602,5/19/2016 9:00,12,33,359
29603,5/19/2016 10:00,12,33,360
29604,5/19/2016 11:00,12,33,360
29605,5/19/2016 12:00,12,33,360
29606,5/19/2016 13:00,12,33,360
29607,5/19/2016 14:00,12,33,360
29608,5/19/2016 15:00,12,33,360
29609,5/19/2016 16:00,12,33,360
29610,5/19/2016 17:00,12,33,360
29611,5/19/2016 18:00,12,33,360
29612,5/19/2016 19:00,12,33,360
29613,5/19/2016 20:00,12,33,360
29614,5/19/2016 21:00,12,33,360
29615,5/19/2016 22:00,12,33,360
29616,5/19/2016 23:00,12,33,360
29617,5/20/2016 0:00,12,33,360
29618,5/20/2016 1:00,12,33,360
29619,5/20/2016 2:00,12,33,360
29620,5/20/2016 3:00,12,33,360
29621,5/20/2016 4:00,12,33,360
29622,5/20/2016 5:00,12,33,360
29623,5/20/2016 6:00,12,33,360
29624,5/20/2016 7:00,12,33,360
29625,5/20/2016 8:00,12,33,360
29626,5/20/2016 9:00,12,33,360
29627,5/20/2016 10:00,12,33,360
29628,5/20/2016 11:00,12,33,360
29629,5/20/2016 12:00,12,33,360
29630,5/20/2016 13:00,12,33,360
29631,5/20/2016 14:00,12,33,360
29632,5/20/2016 15:00,12,33,360
29633,5/20/2016 16:00,12,33,360
29634,5/20/2016 17:00,12,33,360
29635,5/20/2016 18:00,12,33,360
29636,5/20/2016 19:00,12,33,360
29637,5/20/2016 20:00,12,33,360
29638,5/20/2016 21:00,12,33,360
29639,5/20/2016 22:00,12,34,360
29640,5/20/2016 23:00,12,33,360
29641,5/21/2016 0:00,12,33,360
29642,5/21/2016 1:00,12,33,359
29643,5/21/2016 2:00,12,33,360
29644,5/21/2016 3:00,12,33,360
29645,5/21/2016 4:00,12,33,360
29646,5/21/2016 5:00,12,33,359
29647,5/21/2016 6:00,12,33,359
29648,5/21/2016 7:00,12,33,359
29649,5/21/2016 8:00,12,33,359
29650,5/21/2016 9:00,12,33,359
29651,5/21/2016 10:00,12,33,359
29652,5/21/2016 11:00,12,33,359
29653,5/21/2016 12:00,12,33,359
29654,5/21/2016 13:00,12,34,360
29655,5/21/2016 14:00,12,33,359
29656,5/21/2016 15:00,12,33,360
29657,5/21/2016 16:00,12,33,360
29658,5/21/2016 17:00,12,34,359
29659,5/21/2016 18:00,12,33,359
29660,5/21/2016 19:00,12,33,360
29661,5/21/2016 20:00,12,33,360
29662,5/21/2016 21:00,12,34,360
29663,5/21/2016 22:00,12,33,359
29664,5/21/2016 23:00,12,33,359
29665,5/22/2016 0:00,11,33,359
29666,5/22/2016 1:00,12,33,359
29667,5/22/2016 2:00,12,33,359
29668,5/22/2016 3:00,12,33,360
29669,5/22/2016 4:00,12,33,359
29670,5/22/2016 5:00,12,33,359
29671,5/22/2016 6:00,12,33,359
29672,5/22/2016 7:00,12,33,359
29673,5/22/2016 8:00,12,33,359
29674,5/22/2016 9:00,12,33,359
29675,5/22/2016 10:00,12,33,360
29676,5/22/2016 11:00,12,33,359
29677,5/22/2016 12:00,12,34,359
29678,5/22/2016 13:00,12,33,359
29679,5/22/2016 14:00,12,33,359
29680,5/22/2016 15:00,12,33,359
29681,5/22/2016 16:00,12,33,359
29682,5/22/2016 17:00,12,33,359
29683,5/22/2016 18:00,12,33,359
29684,5/22/2016 19:00,12,33,359
29685,5/22/2016 20:00,14,34,359
29686,5/22/2016 21:00,12,33,359
29687,5/22/2016 22:00,12,33,359
29688,5/22/2016 23:00,12,33,359
29689,5/23/2016 0:00,12,33,359
29690,5/23/2016 1:00,12,33,359
29691,5/23/2016 2:00,12,33,359
29692,5/23/2016 3:00,12,33,359
29693,5/23/2016 4:00,12,33,359
29694,5/23/2016 5:00,12,33,359
29695,5/23/2016 6:00,12,33,359
29696,5/23/2016 7:00,12,33,359
29697,5/23/2016 8:00,12,33,359
29698,5/23/2016 9:00,12,33,359
29699,5/23/2016 10:00,12,33,359
29700,5/23/2016 11:00,12,33,359
29701,5/23/2016 12:00,12,33,359
29702,5/23/2016 13:00,12,33,359
29703,5/23/2016 14:00,12,33,359
29704,5/23/2016 15:00,12,33,359
29705,5/23/2016 16:00,12,34,359
29706,5/23/2016 17:00,12,33,359
29707,5/23/2016 18:00,12,33,359
29708,5/23/2016 19:00,12,34,359
29709,5/23/2016 20:00,12,33,359
29710,5/23/2016 21:00,12,33,359
29711,5/23/2016 22:00,12,33,359
29712,5/23/2016 23:00,12,34,359
29713,5/24/2016 0:00,12,34,359
29714,5/24/2016 1:00,12,33,359
29715,5/24/2016 2:00,12,33,359
29716,5/24/2016 3:00,12,33,359
29717,5/24/2016 4:00,12,33,359
29718,5/24/2016 5:00,12,34,359
29719,5/24/2016 6:00,12,33,359
29720,5/24/2016 7:00,12,33,359
29721,5/24/2016 8:00,12,33,359
29722,5/24/2016 9:00,12,33,359
29723,5/24/2016 10:00,12,33,359
29724,5/24/2016 11:00,12,33,359
29725,5/24/2016 12:00,12,33,359
29726,5/24/2016 13:00,12,33,359
29727,5/24/2016 14:00,12,33,359
29728,5/24/2016 15:00,12,33,359
29729,5/24/2016 16:00,12,33,359
29730,5/24/2016 17:00,12,33,359
29731,5/24/2016 18:00,12,33,359
29732,5/24/2016 19:00,12,33,359
29733,5/24/2016 20:00,12,33,359
29734,5/24/2016 21:00,12,33,359
29735,5/24/2016 22:00,12,33,359
29736,5/24/2016 23:00,12,33,359
29737,5/25/2016 0:00,12,33,359
29738,5/25/2016 1:00,12,33,359
29739,5/25/2016 2:00,12,33,359
29740,5/25/2016 3:00,12,33,359
29741,5/25/2016 4:00,12,33,359
29742,5/25/2016 5:00,12,33,359
29743,5/25/2016 6:00,12,33,359
29744,5/25/2016 7:00,12,33,359
29745,5/25/2016 8:00,12,33,359
29746,5/25/2016 9:00,12,33,359
29747,5/25/2016 10:00,12,33,359
29748,5/25/2016 11:00,13,33,360
29749,5/25/2016 12:00,12,33,359
29750,5/25/2016 13:00,12,33,359
29751,5/25/2016 14:00,12,33,359
29752,5/25/2016 15:00,12,33,359
29753,5/25/2016 16:00,12,33,359
29754,5/25/2016 17:00,12,33,359
29755,5/25/2016 18:00,12,33,359
29756,5/25/2016 19:00,12,33,359
29757,5/25/2016 20:00,12,33,359
29758,5/25/2016 21:00,12,33,359
29759,5/25/2016 22:00,12,33,359
29760,5/25/2016 23:00,12,33,359
29761,5/26/2016 0:00,12,33,359
29762,5/26/2016 1:00,12,33,359
29763,5/26/2016 2:00,12,33,359
29764,5/26/2016 3:00,12,33,359
29765,5/26/2016 4:00,12,33,359
29766,5/26/2016 5:00,13,33,359
29767,5/26/2016 6:00,13,33,359
29768,5/26/2016 7:00,12,33,359
29769,5/26/2016 8:00,12,33,359
29770,5/26/2016 9:00,12,33,359
29771,5/26/2016 10:00,12,33,359
29772,5/26/2016 11:00,12,33,359
29773,5/26/2016 12:00,12,33,359
29774,5/26/2016 13:00,12,33,359
29775,5/26/2016 14:00,12,33,359
29776,5/26/2016 15:00,12,33,359
29777,5/26/2016 16:00,12,33,359
29778,5/26/2016 17:00,12,33,359
29779,5/26/2016 18:00,12,33,359
29780,5/26/2016 19:00,12,33,359
29781,5/26/2016 20:00,12,33,358
29782,5/26/2016 21:00,12,33,357
29783,5/26/2016 22:00,12,33,357
29784,5/26/2016 23:00,12,33,358
29785,5/27/2016 0:00,12,33,358
29786,5/27/2016 1:00,12,33,358
29787,5/27/2016 2:00,12,33,358
29788,5/27/2016 3:00,12,33,359
29789,5/27/2016 4:00,12,33,359
29790,5/27/2016 5:00,12,33,359
29791,5/27/2016 6:00,12,33,359
29792,5/27/2016 7:00,12,34,359
29793,5/27/2016 8:00,13,33,359
29794,5/27/2016 9:00,12,33,359
29795,5/27/2016 10:00,12,33,358
29796,5/27/2016 11:00,12,33,358
29797,5/27/2016 12:00,12,33,359
29798,5/27/2016 13:00,12,33,358
29799,5/27/2016 14:00,12,33,358
29800,5/27/2016 15:00,12,33,359
29801,5/27/2016 16:00,12,33,359
29802,5/27/2016 17:00,12,33,358
29803,5/27/2016 18:00,12,33,359
29804,5/27/2016 19:00,12,33,359
29805,5/27/2016 20:00,12,33,359
29806,5/27/2016 21:00,12,33,359
29807,5/27/2016 22:00,12,33,359
29808,5/27/2016 23:00,12,33,359
29809,5/28/2016 0:00,12,33,359
29810,5/28/2016 1:00,12,33,359
29811,5/28/2016 2:00,12,33,359
29812,5/28/2016 3:00,12,33,359
29813,5/28/2016 4:00,12,33,359
29814,5/28/2016 5:00,12,33,359
29815,5/28/2016 6:00,12,34,359
29816,5/28/2016 7:00,12,33,359
29817,5/28/2016 8:00,12,33,359
29818,5/28/2016 9:00,12,33,359
29819,5/28/2016 10:00,12,33,359
29820,5/28/2016 11:00,12,33,359
29821,5/28/2016 12:00,12,33,359
29822,5/28/2016 13:00,12,33,359
29823,5/28/2016 14:00,12,33,359
29824,5/28/2016 15:00,12,33,359
29825,5/28/2016 16:00,12,33,359
29826,5/28/2016 17:00,12,33,359
29827,5/28/2016 18:00,12,33,359
29828,5/28/2016 19:00,12,33,359
29829,5/28/2016 20:00,12,33,359
29830,5/28/2016 21:00,12,33,359
29831,5/28/2016 22:00,12,33,359
29832,5/28/2016 23:00,12,33,359
29833,5/29/2016 0:00,12,33,359
29834,5/29/2016 1:00,12,33,359
29835,5/29/2016 2:00,12,33,359
29836,5/29/2016 3:00,12,33,359
29837,5/29/2016 4:00,12,33,359
29838,5/29/2016 5:00,12,33,359
29839,5/29/2016 6:00,12,33,359
29840,5/29/2016 7:00,12,33,359
29841,5/29/2016 8:00,12,33,359
29842,5/29/2016 9:00,12,33,359
29843,5/29/2016 10:00,12,33,359
29844,5/29/2016 11:00,12,33,359
29845,5/29/2016 12:00,12,33,359
29846,5/29/2016 13:00,12,33,359
29847,5/29/2016 14:00,12,33,359
29848,5/29/2016 15:00,12,33,359
29849,5/29/2016 16:00,12,34,359
29850,5/29/2016 17:00,13,33,359
29851,5/29/2016 18:00,13,33,359
29852,5/29/2016 19:00,12,33,359
29853,5/29/2016 20:00,12,33,359
29854,5/29/2016 21:00,12,33,359
29855,5/29/2016 22:00,12,33,359
29856,5/29/2016 23:00,12,33,359
29857,5/30/2016 0:00,13,33,359
29858,5/30/2016 1:00,13,33,359
29859,5/30/2016 2:00,12,33,359
29860,5/30/2016 3:00,12,33,359
29861,5/30/2016 4:00,12,33,359
29862,5/30/2016 5:00,12,33,359
29863,5/30/2016 6:00,12,33,359
29864,5/30/2016 7:00,12,33,359
29865,5/30/2016 8:00,12,33,359
29866,5/30/2016 9:00,12,33,359
29867,5/30/2016 10:00,12,33,358
29868,5/30/2016 11:00,12,33,358
29869,5/30/2016 12:00,12,33,358
29870,5/30/2016 13:00,12,33,357
29871,5/30/2016 14:00,12,33,357
29872,5/30/2016 15:00,12,33,357
29873,5/30/2016 16:00,12,33,358
29874,5/30/2016 17:00,12,33,358
29875,5/30/2016 18:00,12,33,357
29876,5/30/2016 19:00,12,33,357
29877,5/30/2016 20:00,13,33,357
29878,5/30/2016 21:00,12,33,358
29879,5/30/2016 22:00,12,33,357
29880,5/30/2016 23:00,12,33,358
29881,5/31/2016 0:00,12,33,357
29882,5/31/2016 1:00,12,33,357
29883,5/31/2016 2:00,12,33,357
29884,5/31/2016 3:00,12,34,358
29885,5/31/2016 4:00,12,33,358
29886,5/31/2016 5:00,12,33,359
29887,5/31/2016 6:00,12,33,359
29888,5/31/2016 7:00,11,33,359
29889,5/31/2016 8:00,12,33,357
29890,5/31/2016 9:00,12,33,357
29891,5/31/2016 10:00,12,33,357
29892,5/31/2016 11:00,12,33,357
29893,5/31/2016 12:00,12,33,357
29894,5/31/2016 13:00,12,33,357
29895,5/31/2016 14:00,12,33,358
29896,5/31/2016 15:00,12,33,357
29897,5/31/2016 16:00,12,33,358
29898,5/31/2016 17:00,12,33,358
29899,5/31/2016 18:00,12,33,357
29900,5/31/2016 19:00,11,33,358
29901,5/31/2016 20:00,12,33,358
29902,5/31/2016 21:00,12,33,358
29903,5/31/2016 22:00,12,33,358
29904,5/31/2016 23:00,12,33,358
29905,6/1/2016 0:00,12,34,358
29906,6/1/2016 1:00,12,34,358
29907,6/1/2016 2:00,12,33,359
29908,6/1/2016 3:00,12,33,358
29909,6/1/2016 4:00,13,33,358
29910,6/1/2016 5:00,12,33,358
29911,6/1/2016 6:00,12,33,359
29912,6/1/2016 7:00,12,33,358
29913,6/1/2016 8:00,12,33,358
29914,6/1/2016 9:00,11,33,358
29915,6/1/2016 10:00,12,33,358
29916,6/1/2016 11:00,12,33,358
29917,6/1/2016 12:00,12,33,358
29918,6/1/2016 13:00,12,33,358
29919,6/1/2016 14:00,12,33,358
29920,6/1/2016 15:00,12,33,358
29921,6/1/2016 16:00,12,33,358
29922,6/1/2016 17:00,12,33,358
29923,6/1/2016 18:00,12,33,358
29924,6/1/2016 19:00,12,33,358
29925,6/1/2016 20:00,12,33,358
29926,6/1/2016 21:00,12,33,358
29927,6/1/2016 22:00,12,33,358
29928,6/1/2016 23:00,12,33,358
29929,6/2/2016 0:00,12,33,358
29930,6/2/2016 1:00,12,33,358
29931,6/2/2016 2:00,12,33,358
29932,6/2/2016 3:00,12,33,358
29933,6/2/2016 4:00,12,33,358
29934,6/2/2016 5:00,12,34,357
29935,6/2/2016 6:00,11,33,358
29936,6/2/2016 7:00,12,33,357
29937,6/2/2016 8:00,12,33,358
29938,6/2/2016 9:00,12,33,358
29939,6/2/2016 10:00,12,33,357
29940,6/2/2016 11:00,12,34,357
29941,6/2/2016 12:00,12,33,357
29942,6/2/2016 13:00,12,33,357
29943,6/2/2016 14:00,12,33,358
29944,6/2/2016 15:00,12,33,357
29945,6/2/2016 16:00,12,32,357
29946,6/2/2016 17:00,12,33,357
29947,6/2/2016 18:00,12,33,358
29948,6/2/2016 19:00,13,34,357
29949,6/2/2016 20:00,12,33,357
29950,6/2/2016 21:00,12,33,357
29951,6/2/2016 22:00,12,33,358
29952,6/2/2016 23:00,12,33,357
29953,6/3/2016 0:00,12,33,357
29954,6/3/2016 1:00,12,33,357
29955,6/3/2016 2:00,12,33,357
29956,6/3/2016 3:00,12,34,357
29957,6/3/2016 4:00,12,33,357
29958,6/3/2016 5:00,12,34,357
29959,6/3/2016 6:00,12,33,357
29960,6/3/2016 7:00,12,33,357
29961,6/3/2016 8:00,13,33,357
29962,6/3/2016 9:00,12,33,357
29963,6/3/2016 10:00,12,35,357
29964,6/3/2016 11:00,12,33,357
29965,6/3/2016 12:00,12,33,357
29966,6/3/2016 13:00,12,33,357
29967,6/3/2016 14:00,12,33,357
29968,6/3/2016 15:00,12,34,357
29969,6/3/2016 16:00,12,37,357
29970,6/3/2016 17:00,12,35,358
29971,6/3/2016 18:00,12,34,358
29972,6/3/2016 19:00,12,33,358
29973,6/3/2016 20:00,12,33,358
29974,6/3/2016 21:00,13,36,358
29975,6/3/2016 22:00,12,33,358
29976,6/3/2016 23:00,12,37,358
29977,6/4/2016 0:00,12,36,358
29978,6/4/2016 1:00,12,33,358
29979,6/4/2016 2:00,12,33,358
29980,6/4/2016 3:00,12,33,359
29981,6/4/2016 4:00,12,34,358
29982,6/4/2016 5:00,12,36,357
29983,6/4/2016 6:00,12,33,357
29984,6/4/2016 7:00,12,33,358
29985,6/4/2016 8:00,12,33,359
29986,6/4/2016 9:00,12,34,358
29987,6/4/2016 10:00,12,33,358
29988,6/4/2016 11:00,12,33,358
29989,6/4/2016 12:00,12,33,358
29990,6/4/2016 13:00,12,36,358
29991,6/4/2016 14:00,12,37,358
29992,6/4/2016 15:00,12,33,358
29993,6/4/2016 16:00,12,36,359
29994,6/4/2016 17:00,12,35,358
29995,6/4/2016 18:00,12,33,358
29996,6/4/2016 19:00,12,33,358
29997,6/4/2016 20:00,12,33,359
29998,6/4/2016 21:00,12,33,358
29999,6/4/2016 22:00,12,35,359
30000,6/4/2016 23:00,12,33,358
30001,6/5/2016 0:00,14,36,358
30002,6/5/2016 1:00,12,33,359
30003,6/5/2016 2:00,12,33,358
30004,6/5/2016 3:00,12,33,358
30005,6/5/2016 4:00,12,32,358
30006,6/5/2016 5:00,12,33,358
30007,6/5/2016 6:00,12,37,358
30008,6/5/2016 7:00,12,33,358
30009,6/5/2016 8:00,12,34,359
30010,6/5/2016 9:00,12,33,359
30011,6/5/2016 10:00,12,34,359
30012,6/5/2016 11:00,12,34,359
30013,6/5/2016 12:00,12,33,359
30014,6/5/2016 13:00,12,36,359
30015,6/5/2016 14:00,12,34,359
30016,6/5/2016 15:00,14,34,358
30017,6/5/2016 16:00,12,34,358
30018,6/5/2016 17:00,12,34,358
30019,6/5/2016 18:00,12,34,358
30020,6/5/2016 19:00,12,34,358
30021,6/5/2016 20:00,12,34,358
30022,6/5/2016 21:00,12,35,358
30023,6/5/2016 22:00,12,34,358
30024,6/5/2016 23:00,12,34,358
30025,6/6/2016 0:00,12,33,359
30026,6/6/2016 1:00,12,33,359
30027,6/6/2016 2:00,12,34,358
30028,6/6/2016 3:00,12,34,358
30029,6/6/2016 4:00,12,34,358
30030,6/6/2016 5:00,12,36,358
30031,6/6/2016 6:00,11,34,358
30032,6/6/2016 7:00,12,34,358
30033,6/6/2016 8:00,12,34,359
30034,6/6/2016 9:00,12,34,358
30035,6/6/2016 10:00,12,36,358
30036,6/6/2016 11:00,12,34,357
30037,6/6/2016 12:00,12,35,356
30038,6/6/2016 13:00,12,34,356
30039,6/6/2016 14:00,12,32,356
30040,6/6/2016 15:00,14,34,357
30041,6/6/2016 16:00,12,34,357
30042,6/6/2016 17:00,12,34,358
30043,6/6/2016 18:00,12,34,358
30044,6/6/2016 19:00,12,34,358
30045,6/6/2016 20:00,12,34,358
30046,6/6/2016 21:00,12,34,358
30047,6/6/2016 22:00,12,34,357
30048,6/6/2016 23:00,12,34,358
30049,6/7/2016 0:00,12,36,358
30050,6/7/2016 1:00,12,34,358
30051,6/7/2016 2:00,12,34,357
30052,6/7/2016 3:00,12,34,358
30053,6/7/2016 4:00,12,34,358
30054,6/7/2016 5:00,12,34,357
30055,6/7/2016 6:00,12,35,357
30056,6/7/2016 7:00,12,34,357
30057,6/7/2016 8:00,12,34,357
30058,6/7/2016 9:00,12,34,357
30059,6/7/2016 10:00,13,35,358
30060,6/7/2016 11:00,12,34,357
30061,6/7/2016 12:00,12,34,357
30062,6/7/2016 13:00,12,36,358
30063,6/7/2016 14:00,12,34,358
30064,6/7/2016 15:00,12,34,358
30065,6/7/2016 16:00,12,34,358
30066,6/7/2016 17:00,12,37,358
30067,6/7/2016 18:00,12,34,358
30068,6/7/2016 19:00,13,34,357
30069,6/7/2016 20:00,12,34,358
30070,6/7/2016 21:00,12,36,358
30071,6/7/2016 22:00,12,35,358
30072,6/7/2016 23:00,12,34,358
30073,6/8/2016 0:00,12,34,358
30074,6/8/2016 1:00,12,34,357
30075,6/8/2016 2:00,12,34,357
30076,6/8/2016 3:00,12,34,356
30077,6/8/2016 4:00,12,37,356
30078,6/8/2016 5:00,12,34,356
30079,6/8/2016 6:00,12,36,356
30080,6/8/2016 7:00,12,34,356
30081,6/8/2016 8:00,12,34,356
30082,6/8/2016 9:00,12,34,356
30083,6/8/2016 10:00,12,34,356
30084,6/8/2016 11:00,12,34,357
30085,6/8/2016 12:00,14,37,357
30086,6/8/2016 13:00,12,35,357
30087,6/8/2016 14:00,12,34,357
30088,6/8/2016 15:00,12,35,357
30089,6/8/2016 16:00,12,34,357
30090,6/8/2016 17:00,12,34,357
30091,6/8/2016 18:00,12,34,356
30092,6/8/2016 19:00,12,34,356
30093,6/8/2016 20:00,12,36,356
30094,6/8/2016 21:00,12,36,357
30095,6/8/2016 22:00,12,34,357
30096,6/8/2016 23:00,12,34,357
30097,6/9/2016 0:00,12,34,357
30098,6/9/2016 1:00,12,34,357
30099,6/9/2016 2:00,12,34,357
30100,6/9/2016 3:00,12,34,357
30101,6/9/2016 4:00,12,34,357
30102,6/9/2016 5:00,12,34,357
30103,6/9/2016 6:00,12,34,357
30104,6/9/2016 7:00,12,34,357
30105,6/9/2016 8:00,12,34,357
30106,6/9/2016 9:00,12,34,357
30107,6/9/2016 10:00,12,34,357
30108,6/9/2016 11:00,12,34,357
30109,6/9/2016 12:00,12,34,357
30110,6/9/2016 13:00,13,32,357
30111,6/9/2016 14:00,12,34,357
30112,6/9/2016 15:00,12,36,357
30113,6/9/2016 16:00,12,36,357
30114,6/9/2016 17:00,12,34,356
30115,6/9/2016 18:00,12,34,357
30116,6/9/2016 19:00,12,34,356
30117,6/9/2016 20:00,12,34,357
30118,6/9/2016 21:00,12,34,357
30119,6/9/2016 22:00,12,37,357
30120,6/9/2016 23:00,12,34,357
30121,6/10/2016 0:00,12,34,357
30122,6/10/2016 1:00,12,34,357
30123,6/10/2016 2:00,12,34,357
30124,6/10/2016 3:00,13,34,357
30125,6/10/2016 4:00,12,34,357
30126,6/10/2016 5:00,12,34,357
30127,6/10/2016 6:00,12,34,357
30128,6/10/2016 7:00,12,34,357
30129,6/10/2016 8:00,12,34,357
30130,6/10/2016 9:00,12,32,357
30131,6/10/2016 10:00,13,36,357
30132,6/10/2016 11:00,12,34,357
30133,6/10/2016 12:00,12,34,357
30134,6/10/2016 13:00,12,34,357
30135,6/10/2016 14:00,12,34,357
30136,6/10/2016 15:00,12,34,357
30137,6/10/2016 16:00,12,34,357
30138,6/10/2016 17:00,12,34,357
30139,6/10/2016 18:00,12,34,357
30140,6/10/2016 19:00,12,34,357
30141,6/10/2016 20:00,12,34,357
30142,6/10/2016 21:00,12,34,357
30143,6/10/2016 22:00,12,34,357
30144,6/10/2016 23:00,12,34,358
30145,6/11/2016 0:00,12,34,358
30146,6/11/2016 1:00,12,34,358
30147,6/11/2016 2:00,12,34,357
30148,6/11/2016 3:00,12,36,357
30149,6/11/2016 4:00,13,35,357
30150,6/11/2016 5:00,12,34,357
30151,6/11/2016 6:00,12,34,357
30152,6/11/2016 7:00,12,37,357
30153,6/11/2016 8:00,12,34,357
30154,6/11/2016 9:00,12,34,357
30155,6/11/2016 10:00,12,34,357
30156,6/11/2016 11:00,12,34,357
30157,6/11/2016 12:00,12,34,357
30158,6/11/2016 13:00,12,34,357
30159,6/11/2016 14:00,12,34,357
30160,6/11/2016 15:00,12,34,357
30161,6/11/2016 16:00,12,34,357
30162,6/11/2016 17:00,12,34,357
30163,6/11/2016 18:00,12,34,357
30164,6/11/2016 19:00,12,34,357
30165,6/11/2016 20:00,12,37,357
30166,6/11/2016 21:00,12,34,357
30167,6/11/2016 22:00,12,36,357
30168,6/11/2016 23:00,12,34,357
30169,6/12/2016 0:00,12,34,357
30170,6/12/2016 1:00,12,34,357
30171,6/12/2016 2:00,12,34,357
30172,6/12/2016 3:00,12,34,357
30173,6/12/2016 4:00,12,34,357
30174,6/12/2016 5:00,12,34,357
30175,6/12/2016 6:00,12,34,357
30176,6/12/2016 7:00,12,34,357
30177,6/12/2016 8:00,12,34,357
30178,6/12/2016 9:00,13,34,357
30179,6/12/2016 10:00,12,34,357
30180,6/12/2016 11:00,12,34,357
30181,6/12/2016 12:00,13,34,357
30182,6/12/2016 13:00,12,34,357
30183,6/12/2016 14:00,12,34,357
30184,6/12/2016 15:00,12,34,358
30185,6/12/2016 16:00,12,34,357
30186,6/12/2016 17:00,12,37,357
30187,6/12/2016 18:00,12,34,357
30188,6/12/2016 19:00,12,34,357
30189,6/12/2016 20:00,12,34,357
30190,6/12/2016 21:00,12,34,357
30191,6/12/2016 22:00,12,34,357
30192,6/12/2016 23:00,12,34,357
30193,6/13/2016 0:00,12,34,357
30194,6/13/2016 1:00,12,34,357
30195,6/13/2016 2:00,12,34,357
30196,6/13/2016 3:00,12,34,357
30197,6/13/2016 4:00,12,34,358
30198,6/13/2016 5:00,12,34,357
30199,6/13/2016 6:00,12,35,357
30200,6/13/2016 7:00,12,34,357
30201,6/13/2016 8:00,12,34,357
30202,6/13/2016 9:00,12,34,357
30203,6/13/2016 10:00,12,34,357
30204,6/13/2016 11:00,12,34,357
30205,6/13/2016 12:00,12,34,357
30206,6/13/2016 13:00,13,34,357
30207,6/13/2016 14:00,12,34,357
30208,6/13/2016 15:00,12,34,357
30209,6/13/2016 16:00,12,34,356
30210,6/13/2016 17:00,13,34,356
30211,6/13/2016 18:00,12,34,356
30212,6/13/2016 19:00,12,32,356
30213,6/13/2016 20:00,12,34,356
30214,6/13/2016 21:00,12,34,357
30215,6/13/2016 22:00,12,34,357
30216,6/13/2016 23:00,13,34,356
30217,6/14/2016 0:00,12,34,357
30218,6/14/2016 1:00,12,34,357
30219,6/14/2016 2:00,12,36,357
30220,6/14/2016 3:00,12,34,357
30221,6/14/2016 4:00,12,34,357
30222,6/14/2016 5:00,12,34,303
30223,6/14/2016 6:00,13,34,302
30224,6/14/2016 7:00,12,34,297
30225,6/14/2016 8:00,12,34,296
30226,6/14/2016 9:00,12,34,299
30227,6/14/2016 10:00,12,34,302
30228,6/14/2016 11:00,12,34,307
30229,6/14/2016 12:00,12,34,308
30230,6/14/2016 13:00,12,35,309
30231,6/14/2016 14:00,12,34,310
30232,6/14/2016 15:00,12,34,310
30233,6/14/2016 16:00,12,34,311
30234,6/14/2016 17:00,12,34,311
30235,6/14/2016 18:00,12,34,311
30236,6/14/2016 19:00,12,34,312
30237,6/14/2016 20:00,12,34,312
30238,6/14/2016 21:00,12,34,312
30239,6/14/2016 22:00,12,34,312
30240,6/14/2016 23:00,12,34,312
30241,6/15/2016 0:00,12,34,312
30242,6/15/2016 1:00,12,34,312
30243,6/15/2016 2:00,13,37,312
30244,6/15/2016 3:00,12,36,312
30245,6/15/2016 4:00,12,34,312
30246,6/15/2016 5:00,12,34,312
30247,6/15/2016 6:00,12,34,312
30248,6/15/2016 7:00,12,34,312
30249,6/15/2016 8:00,12,34,312
30250,6/15/2016 9:00,12,34,312
30251,6/15/2016 10:00,12,34,311
30252,6/15/2016 11:00,13,36,311
30253,6/15/2016 12:00,12,34,312
30254,6/15/2016 13:00,12,35,312
30255,6/15/2016 14:00,12,34,312
30256,6/15/2016 15:00,12,34,312
30257,6/15/2016 16:00,12,34,312
30258,6/15/2016 17:00,12,34,312
30259,6/15/2016 18:00,12,34,311
30260,6/15/2016 19:00,12,34,311
30261,6/15/2016 20:00,12,34,311
30262,6/15/2016 21:00,12,34,311
30263,6/15/2016 22:00,12,37,311
30264,6/15/2016 23:00,13,35,311
30265,6/16/2016 0:00,12,37,311
30266,6/16/2016 1:00,12,34,311
30267,6/16/2016 2:00,12,37,311
30268,6/16/2016 3:00,12,37,311
30269,6/16/2016 4:00,12,37,310
30270,6/16/2016 5:00,13,34,311
30271,6/16/2016 6:00,13,34,311
30272,6/16/2016 7:00,13,34,309
30273,6/16/2016 8:00,11,34,309
30274,6/16/2016 9:00,12,34,309
30275,6/16/2016 10:00,12,34,309
30276,6/16/2016 11:00,12,37,309
30277,6/16/2016 12:00,12,34,309
30278,6/16/2016 13:00,12,34,309
30279,6/16/2016 14:00,12,34,309
30280,6/16/2016 15:00,12,34,309
30281,6/16/2016 16:00,12,34,309
30282,6/16/2016 17:00,12,34,309
30283,6/16/2016 18:00,12,34,309
30284,6/16/2016 19:00,12,34,309
30285,6/16/2016 20:00,12,34,308
30286,6/16/2016 21:00,12,34,308
30287,6/16/2016 22:00,12,34,307
30288,6/16/2016 23:00,12,34,305
30289,6/17/2016 0:00,12,34,304
30290,6/17/2016 1:00,12,34,303
30291,6/17/2016 2:00,13,34,300
30292,6/17/2016 3:00,12,34,283
30293,6/17/2016 4:00,12,34,302
30294,6/17/2016 5:00,12,34,303
30295,6/17/2016 6:00,12,34,304
30296,6/17/2016 7:00,12,34,306
30297,6/17/2016 8:00,12,34,307
30298,6/17/2016 9:00,14,34,308
30299,6/17/2016 10:00,12,34,308
30300,6/17/2016 11:00,12,34,308
30301,6/17/2016 12:00,12,34,308
30302,6/17/2016 13:00,12,34,309
30303,6/17/2016 14:00,12,34,309
30304,6/17/2016 15:00,12,34,309
30305,6/17/2016 16:00,13,34,309
30306,6/17/2016 17:00,12,34,309
30307,6/17/2016 18:00,12,37,309
30308,6/17/2016 19:00,12,34,310
30309,6/17/2016 20:00,12,34,309
30310,6/17/2016 21:00,12,34,310
30311,6/17/2016 22:00,12,34,310
30312,6/17/2016 23:00,12,34,310
30313,6/18/2016 0:00,13,34,310
30314,6/18/2016 1:00,13,34,310
30315,6/18/2016 2:00,12,34,310
30316,6/18/2016 3:00,12,34,310
30317,6/18/2016 4:00,12,34,310
30318,6/18/2016 5:00,12,34,310
30319,6/18/2016 6:00,12,34,311
30320,6/18/2016 7:00,12,34,310
30321,6/18/2016 8:00,11,34,311
30322,6/18/2016 9:00,13,36,311
30323,6/18/2016 10:00,13,34,311
30324,6/18/2016 11:00,12,34,311
30325,6/18/2016 12:00,13,34,311
30326,6/18/2016 13:00,13,33,311
30327,6/18/2016 14:00,12,34,311
30328,6/18/2016 15:00,12,34,311
30329,6/18/2016 16:00,12,34,311
30330,6/18/2016 17:00,12,34,311
30331,6/18/2016 18:00,13,34,311
30332,6/18/2016 19:00,12,34,311
30333,6/18/2016 20:00,12,34,311
30334,6/18/2016 21:00,12,34,311
30335,6/18/2016 22:00,12,34,311
30336,6/18/2016 23:00,12,34,311
30337,6/19/2016 0:00,12,37,311
30338,6/19/2016 1:00,13,34,311
30339,6/19/2016 2:00,12,34,311
30340,6/19/2016 3:00,12,34,311
30341,6/19/2016 4:00,12,33,311
30342,6/19/2016 5:00,12,34,311
30343,6/19/2016 6:00,12,34,311
30344,6/19/2016 7:00,12,34,311
30345,6/19/2016 8:00,12,34,311
30346,6/19/2016 9:00,12,34,311
30347,6/19/2016 10:00,12,34,310
30348,6/19/2016 11:00,13,34,311
30349,6/19/2016 12:00,12,37,310
30350,6/19/2016 13:00,13,34,310
30351,6/19/2016 14:00,12,34,310
30352,6/19/2016 15:00,12,34,310
30353,6/19/2016 16:00,12,34,310
30354,6/19/2016 17:00,12,36,310
30355,6/19/2016 18:00,13,34,310
30356,6/19/2016 19:00,12,34,310
30357,6/19/2016 20:00,12,34,310
30358,6/19/2016 21:00,12,34,309
30359,6/19/2016 22:00,13,34,310
30360,6/19/2016 23:00,12,34,310
30361,6/20/2016 0:00,12,34,310
30362,6/20/2016 1:00,12,34,309
30363,6/20/2016 2:00,12,34,309
30364,6/20/2016 3:00,12,34,309
30365,6/20/2016 4:00,12,34,309
30366,6/20/2016 5:00,12,34,309
30367,6/20/2016 6:00,12,34,309
30368,6/20/2016 7:00,13,34,309
30369,6/20/2016 8:00,12,34,309
30370,6/20/2016 9:00,12,34,309
30371,6/20/2016 10:00,12,34,309
30372,6/20/2016 11:00,12,34,309
30373,6/20/2016 12:00,12,34,309
30374,6/20/2016 13:00,12,34,309
30375,6/20/2016 14:00,12,34,309
30376,6/20/2016 15:00,12,34,309
30377,6/20/2016 16:00,12,37,309
30378,6/20/2016 17:00,12,34,309
30379,6/20/2016 18:00,12,32,309
30380,6/20/2016 19:00,13,34,308
30381,6/20/2016 20:00,12,34,309
30382,6/20/2016 21:00,12,34,309
30383,6/20/2016 22:00,12,34,309
30384,6/20/2016 23:00,12,36,308
30385,6/21/2016 0:00,12,34,308
30386,6/21/2016 1:00,12,34,309
30387,6/21/2016 2:00,12,34,308
30388,6/21/2016 3:00,12,34,308
30389,6/21/2016 4:00,12,34,308
30390,6/21/2016 5:00,12,34,308
30391,6/21/2016 6:00,12,34,308
30392,6/21/2016 7:00,12,34,308
30393,6/21/2016 8:00,12,34,308
30394,6/21/2016 9:00,12,34,308
30395,6/21/2016 10:00,12,36,308
30396,6/21/2016 11:00,12,34,308
30397,6/21/2016 12:00,12,34,308
30398,6/21/2016 13:00,12,34,308
30399,6/21/2016 14:00,12,37,308
30400,6/21/2016 15:00,12,34,308
30401,6/21/2016 16:00,12,34,308
30402,6/21/2016 17:00,13,34,308
30403,6/21/2016 18:00,13,34,308
30404,6/21/2016 19:00,12,34,308
30405,6/21/2016 20:00,12,34,308
30406,6/21/2016 21:00,12,34,308
30407,6/21/2016 22:00,12,34,308
30408,6/21/2016 23:00,12,36,308
30409,6/22/2016 0:00,13,34,308
30410,6/22/2016 1:00,13,34,307
30411,6/22/2016 2:00,12,34,308
30412,6/22/2016 3:00,13,34,307
30413,6/22/2016 4:00,12,34,307
30414,6/22/2016 5:00,12,34,307
30415,6/22/2016 6:00,12,34,308
30416,6/22/2016 7:00,12,34,307
30417,6/22/2016 8:00,12,34,307
30418,6/22/2016 9:00,12,34,307
30419,6/22/2016 10:00,12,34,307
30420,6/22/2016 11:00,13,34,307
30421,6/22/2016 12:00,12,34,513
30422,6/22/2016 13:00,12,34,514
30423,6/22/2016 14:00,12,34,513
30424,6/22/2016 15:00,12,34,510
30425,6/22/2016 16:00,12,34,510
30426,6/22/2016 17:00,12,34,510
30427,6/22/2016 18:00,13,34,510
30428,6/22/2016 19:00,12,34,513
30429,6/22/2016 20:00,12,34,514
30430,6/22/2016 21:00,12,34,513
30431,6/22/2016 22:00,12,34,510
30432,6/22/2016 23:00,13,34,510
30433,6/23/2016 0:00,13,34,510
30434,6/23/2016 1:00,12,34,510
30435,6/23/2016 2:00,12,34,509
30436,6/23/2016 3:00,12,36,509
30437,6/23/2016 4:00,13,34,509
30438,6/23/2016 5:00,12,34,509
30439,6/23/2016 6:00,12,34,509
30440,6/23/2016 7:00,12,34,515
30441,6/23/2016 8:00,12,34,515
30442,6/23/2016 9:00,12,34,515
30443,6/23/2016 10:00,12,34,514
30444,6/23/2016 11:00,12,34,513
30445,6/23/2016 12:00,12,37,512
30446,6/23/2016 13:00,12,35,511
30447,6/23/2016 14:00,12,36,509
30448,6/23/2016 15:00,12,34,508
30449,6/23/2016 16:00,12,34,507
30450,6/23/2016 17:00,12,34,492
30451,6/23/2016 18:00,12,34,413
30452,6/23/2016 19:00,12,34,396
30453,6/23/2016 20:00,12,34,433
30454,6/23/2016 21:00,12,34,444
30455,6/23/2016 22:00,12,34,435
30456,6/23/2016 23:00,12,34,441
30457,6/24/2016 0:00,12,37,418
30458,6/24/2016 1:00,12,34,425
30459,6/24/2016 2:00,12,34,421
30460,6/24/2016 3:00,12,34,421
30461,6/24/2016 4:00,12,34,399
30462,6/24/2016 5:00,13,34,439
30463,6/24/2016 6:00,12,34,462
30464,6/24/2016 7:00,12,34,465
30465,6/24/2016 8:00,13,34,469
30466,6/24/2016 9:00,12,34,473
30467,6/24/2016 10:00,12,34,468
30468,6/24/2016 11:00,13,34,483
30469,6/24/2016 12:00,12,34,476
30470,6/24/2016 13:00,12,34,475
30471,6/24/2016 14:00,12,34,482
30472,6/24/2016 15:00,13,34,477
30473,6/24/2016 16:00,12,37,496
30474,6/24/2016 17:00,12,34,508
30475,6/24/2016 18:00,12,34,508
30476,6/24/2016 19:00,12,34,508
30477,6/24/2016 20:00,12,34,508
30478,6/24/2016 21:00,12,34,508
30479,6/24/2016 22:00,12,37,508
30480,6/24/2016 23:00,13,34,507
30481,6/25/2016 0:00,12,34,507
30482,6/25/2016 1:00,12,34,508
30483,6/25/2016 2:00,12,34,507
30484,6/25/2016 3:00,12,34,507
30485,6/25/2016 4:00,12,34,506
30486,6/25/2016 5:00,12,34,506
30487,6/25/2016 6:00,12,34,506
30488,6/25/2016 7:00,12,34,506
30489,6/25/2016 8:00,12,34,505
30490,6/25/2016 9:00,12,34,504
30491,6/25/2016 10:00,12,34,503
30492,6/25/2016 11:00,13,34,502
30493,6/25/2016 12:00,12,34,504
30494,6/25/2016 13:00,12,34,504
30495,6/25/2016 14:00,12,34,503
30496,6/25/2016 15:00,13,34,502
30497,6/25/2016 16:00,13,34,502
30498,6/25/2016 17:00,12,34,502
30499,6/25/2016 18:00,12,34,502
30500,6/25/2016 19:00,12,34,502
30501,6/25/2016 20:00,13,34,502
30502,6/25/2016 21:00,13,34,501
30503,6/25/2016 22:00,12,34,501
30504,6/25/2016 23:00,12,34,501
30505,6/26/2016 0:00,12,34,501
30506,6/26/2016 1:00,12,34,501
30507,6/26/2016 2:00,12,34,500
30508,6/26/2016 3:00,12,34,500
30509,6/26/2016 4:00,12,34,500
30510,6/26/2016 5:00,12,34,500
30511,6/26/2016 6:00,12,34,500
30512,6/26/2016 7:00,12,34,499
30513,6/26/2016 8:00,12,34,499
30514,6/26/2016 9:00,12,34,498
30515,6/26/2016 10:00,12,34,498
30516,6/26/2016 11:00,12,34,497
30517,6/26/2016 12:00,12,34,497
30518,6/26/2016 13:00,12,34,497
30519,6/26/2016 14:00,12,34,497
30520,6/26/2016 15:00,12,34,496
30521,6/26/2016 16:00,12,34,496
30522,6/26/2016 17:00,12,34,496
30523,6/26/2016 18:00,12,34,496
30524,6/26/2016 19:00,12,34,496
30525,6/26/2016 20:00,12,34,496
30526,6/26/2016 21:00,12,34,495
30527,6/26/2016 22:00,12,34,495
30528,6/26/2016 23:00,12,34,494
30529,6/27/2016 0:00,12,34,494
30530,6/27/2016 1:00,12,34,494
30531,6/27/2016 2:00,12,34,494
30532,6/27/2016 3:00,12,34,493
30533,6/27/2016 4:00,12,34,492
30534,6/27/2016 5:00,12,34,492
30535,6/27/2016 6:00,12,34,492
30536,6/27/2016 7:00,12,34,492
30537,6/27/2016 8:00,13,34,491
30538,6/27/2016 9:00,13,37,491
30539,6/27/2016 10:00,13,34,491
30540,6/27/2016 11:00,12,34,491
30541,6/27/2016 12:00,12,34,490
30542,6/27/2016 13:00,12,34,490
30543,6/27/2016 14:00,12,34,490
30544,6/27/2016 15:00,12,34,490
30545,6/27/2016 16:00,12,36,490
30546,6/27/2016 17:00,12,34,489
30547,6/27/2016 18:00,12,34,489
30548,6/27/2016 19:00,12,34,489
30549,6/27/2016 20:00,13,34,489
30550,6/27/2016 21:00,12,34,489
30551,6/27/2016 22:00,12,34,488
30552,6/27/2016 23:00,12,37,488
30553,6/28/2016 0:00,12,34,488
30554,6/28/2016 1:00,13,34,487
30555,6/28/2016 2:00,12,34,487
30556,6/28/2016 3:00,12,34,485
30557,6/28/2016 4:00,12,34,485
30558,6/28/2016 5:00,12,37,485
30559,6/28/2016 6:00,12,34,485
30560,6/28/2016 7:00,12,34,484
30561,6/28/2016 8:00,12,34,484
30562,6/28/2016 9:00,12,37,484
30563,6/28/2016 10:00,12,34,483
30564,6/28/2016 11:00,12,34,483
30565,6/28/2016 12:00,12,34,483
30566,6/28/2016 13:00,12,34,483
30567,6/28/2016 14:00,12,34,483
30568,6/28/2016 15:00,13,34,483
30569,6/28/2016 16:00,14,34,483
30570,6/28/2016 17:00,12,34,483
30571,6/28/2016 18:00,13,34,482
30572,6/28/2016 19:00,13,34,482
30573,6/28/2016 20:00,12,34,482
30574,6/28/2016 21:00,13,34,482
30575,6/28/2016 22:00,12,34,481
30576,6/28/2016 23:00,13,34,480
30577,6/29/2016 0:00,13,34,480
30578,6/29/2016 1:00,12,34,480
30579,6/29/2016 2:00,13,34,480
30580,6/29/2016 3:00,12,34,480
30581,6/29/2016 4:00,12,34,479
30582,6/29/2016 5:00,13,34,479
30583,6/29/2016 6:00,12,34,479
30584,6/29/2016 7:00,12,34,479
30585,6/29/2016 8:00,12,37,479
30586,6/29/2016 9:00,12,34,479
30587,6/29/2016 10:00,12,35,478
30588,6/29/2016 11:00,12,34,478
30589,6/29/2016 12:00,12,34,478
30590,6/29/2016 13:00,12,34,478
30591,6/29/2016 14:00,12,34,478
30592,6/29/2016 15:00,12,34,478
30593,6/29/2016 16:00,12,34,477
30594,6/29/2016 17:00,12,34,476
30595,6/29/2016 18:00,12,34,476
30596,6/29/2016 19:00,12,34,476
30597,6/29/2016 20:00,12,34,476
30598,6/29/2016 21:00,12,34,476
30599,6/29/2016 22:00,12,35,475
30600,6/29/2016 23:00,12,34,475
30601,6/30/2016 0:00,12,34,475
30602,6/30/2016 1:00,12,34,475
30603,6/30/2016 2:00,12,34,475
30604,6/30/2016 3:00,13,34,474
30605,6/30/2016 4:00,12,34,474
30606,6/30/2016 5:00,12,36,474
30607,6/30/2016 6:00,12,34,473
30608,6/30/2016 7:00,12,34,473
30609,6/30/2016 8:00,12,34,472
30610,6/30/2016 9:00,12,34,470
30611,6/30/2016 10:00,12,34,469
30612,6/30/2016 11:00,12,34,467
30613,6/30/2016 12:00,12,34,463
30614,6/30/2016 13:00,12,34,456
30615,6/30/2016 14:00,12,34,456
30616,6/30/2016 15:00,12,34,405
30617,6/30/2016 16:00,12,34,443
30618,6/30/2016 17:00,12,34,438
30619,6/30/2016 18:00,12,34,459
30620,6/30/2016 19:00,12,34,465
30621,6/30/2016 20:00,12,34,466
30622,6/30/2016 21:00,12,34,466
30623,6/30/2016 22:00,12,34,465
30624,6/30/2016 23:00,12,34,465
30625,7/1/2016 0:00,12,34,466
30626,7/1/2016 1:00,13,34,466
30627,7/1/2016 2:00,12,34,467
30628,7/1/2016 3:00,13,34,465
30629,7/1/2016 4:00,12,34,466
30630,7/1/2016 5:00,12,34,467
30631,7/1/2016 6:00,12,34,467
30632,7/1/2016 7:00,12,34,467
30633,7/1/2016 8:00,12,34,467
30634,7/1/2016 9:00,12,37,467
30635,7/1/2016 10:00,12,34,467
30636,7/1/2016 11:00,12,37,467
30637,7/1/2016 12:00,12,34,467
30638,7/1/2016 13:00,12,34,467
30639,7/1/2016 14:00,12,34,466
30640,7/1/2016 15:00,12,34,466
30641,7/1/2016 16:00,12,34,466
30642,7/1/2016 17:00,12,34,466
30643,7/1/2016 18:00,12,36,466
30644,7/1/2016 19:00,12,34,466
30645,7/1/2016 20:00,12,34,465
30646,7/1/2016 21:00,12,34,465
30647,7/1/2016 22:00,12,34,465
30648,7/1/2016 23:00,12,34,465
30649,7/2/2016 0:00,12,34,465
30650,7/2/2016 1:00,12,34,465
30651,7/2/2016 2:00,13,34,464
30652,7/2/2016 3:00,12,34,464
30653,7/2/2016 4:00,12,34,464
30654,7/2/2016 5:00,13,34,464
30655,7/2/2016 6:00,12,34,464
30656,7/2/2016 7:00,12,34,464
30657,7/2/2016 8:00,12,34,463
30658,7/2/2016 9:00,13,34,463
30659,7/2/2016 10:00,12,34,463
30660,7/2/2016 11:00,12,34,463
30661,7/2/2016 12:00,12,34,462
30662,7/2/2016 13:00,12,35,462
30663,7/2/2016 14:00,12,34,462
30664,7/2/2016 15:00,12,34,461
30665,7/2/2016 16:00,12,36,461
30666,7/2/2016 17:00,12,34,461
30667,7/2/2016 18:00,12,35,461
30668,7/2/2016 19:00,12,34,461
30669,7/2/2016 20:00,12,36,460
30670,7/2/2016 21:00,12,34,459
30671,7/2/2016 22:00,13,34,459
30672,7/2/2016 23:00,12,34,459
30673,7/3/2016 0:00,12,34,459
30674,7/3/2016 1:00,12,34,458
30675,7/3/2016 2:00,12,34,458
30676,7/3/2016 3:00,12,34,458
30677,7/3/2016 4:00,12,34,458
30678,7/3/2016 5:00,12,34,458
30679,7/3/2016 6:00,12,34,458
30680,7/3/2016 7:00,12,34,458
30681,7/3/2016 8:00,12,34,457
30682,7/3/2016 9:00,13,34,457
30683,7/3/2016 10:00,12,34,456
30684,7/3/2016 11:00,12,34,456
30685,7/3/2016 12:00,12,34,456
30686,7/3/2016 13:00,12,34,456
30687,7/3/2016 14:00,12,34,456
30688,7/3/2016 15:00,12,34,455
30689,7/3/2016 16:00,12,34,455
30690,7/3/2016 17:00,12,34,455
30691,7/3/2016 18:00,12,34,455
30692,7/3/2016 19:00,12,34,455
30693,7/3/2016 20:00,12,34,454
30694,7/3/2016 21:00,12,34,454
30695,7/3/2016 22:00,12,34,454
30696,7/3/2016 23:00,12,34,454
30697,7/4/2016 0:00,12,34,454
30698,7/4/2016 1:00,12,34,454
30699,7/4/2016 2:00,12,37,454
30700,7/4/2016 3:00,12,34,453
30701,7/4/2016 4:00,12,34,453
30702,7/4/2016 5:00,12,34,453
30703,7/4/2016 6:00,12,34,453
30704,7/4/2016 7:00,12,34,452
30705,7/4/2016 8:00,12,37,452
30706,7/4/2016 9:00,12,34,452
30707,7/4/2016 10:00,12,34,452
30708,7/4/2016 11:00,12,34,452
30709,7/4/2016 12:00,12,34,452
30710,7/4/2016 13:00,12,34,450
30711,7/4/2016 14:00,12,34,450
30712,7/4/2016 15:00,12,34,450
30713,7/4/2016 16:00,12,34,450
30714,7/4/2016 17:00,12,34,450
30715,7/4/2016 18:00,12,34,449
30716,7/4/2016 19:00,13,34,450
30717,7/4/2016 20:00,12,34,449
30718,7/4/2016 21:00,12,34,449
30719,7/4/2016 22:00,12,37,449
30720,7/4/2016 23:00,12,36,448
30721,7/5/2016 0:00,13,34,448
30722,7/5/2016 1:00,12,34,448
30723,7/5/2016 2:00,12,34,448
30724,7/5/2016 3:00,12,34,447
30725,7/5/2016 4:00,12,34,448
30726,7/5/2016 5:00,12,34,448
30727,7/5/2016 6:00,12,34,447
30728,7/5/2016 7:00,12,34,447
30729,7/5/2016 8:00,12,34,447
30730,7/5/2016 9:00,12,35,446
30731,7/5/2016 10:00,12,34,446
30732,7/5/2016 11:00,12,36,446
30733,7/5/2016 12:00,12,34,446
30734,7/5/2016 13:00,12,34,446
30735,7/5/2016 14:00,12,34,446
30736,7/5/2016 15:00,12,34,445
30737,7/5/2016 16:00,12,34,445
30738,7/5/2016 17:00,12,34,445
30739,7/5/2016 18:00,12,34,444
30740,7/5/2016 19:00,12,34,444
30741,7/5/2016 20:00,12,34,444
30742,7/5/2016 21:00,12,34,444
30743,7/5/2016 22:00,12,32,444
30744,7/5/2016 23:00,12,34,443
30745,7/6/2016 0:00,12,34,443
30746,7/6/2016 1:00,12,34,443
30747,7/6/2016 2:00,12,34,443
30748,7/6/2016 3:00,12,34,443
30749,7/6/2016 4:00,12,36,443
30750,7/6/2016 5:00,12,34,442
30751,7/6/2016 6:00,13,34,442
30752,7/6/2016 7:00,12,34,441
30753,7/6/2016 8:00,12,34,441
30754,7/6/2016 9:00,12,34,441
30755,7/6/2016 10:00,12,34,441
30756,7/6/2016 11:00,12,34,441
30757,7/6/2016 12:00,12,34,441
30758,7/6/2016 13:00,12,34,441
30759,7/6/2016 14:00,12,34,441
30760,7/6/2016 15:00,12,35,441
30761,7/6/2016 16:00,12,34,441
30762,7/6/2016 17:00,12,34,440
30763,7/6/2016 18:00,13,34,440
30764,7/6/2016 19:00,12,34,440
30765,7/6/2016 20:00,12,34,440
30766,7/6/2016 21:00,12,34,440
30767,7/6/2016 22:00,12,36,440
30768,7/6/2016 23:00,12,34,440
30769,7/7/2016 0:00,13,34,440
30770,7/7/2016 1:00,12,34,440
30771,7/7/2016 2:00,12,34,440
30772,7/7/2016 3:00,12,34,439
30773,7/7/2016 4:00,13,34,439
30774,7/7/2016 5:00,12,34,439
30775,7/7/2016 6:00,12,34,439
30776,7/7/2016 7:00,12,34,439
30777,7/7/2016 8:00,12,34,439
30778,7/7/2016 9:00,12,34,439
30779,7/7/2016 10:00,12,37,438
30780,7/7/2016 11:00,12,34,438
30781,7/7/2016 12:00,12,34,438
30782,7/7/2016 13:00,12,34,438
30783,7/7/2016 14:00,12,34,437
30784,7/7/2016 15:00,12,34,437
30785,7/7/2016 16:00,12,34,437
30786,7/7/2016 17:00,13,34,437
30787,7/7/2016 18:00,12,34,437
30788,7/7/2016 19:00,12,34,437
30789,7/7/2016 20:00,12,34,437
30790,7/7/2016 21:00,13,34,437
30791,7/7/2016 22:00,12,34,437
30792,7/7/2016 23:00,12,34,437
30793,7/8/2016 0:00,12,34,437
30794,7/8/2016 1:00,12,34,437
30795,7/8/2016 2:00,12,34,437
30796,7/8/2016 3:00,12,34,437
30797,7/8/2016 4:00,12,34,436
30798,7/8/2016 5:00,12,34,436
30799,7/8/2016 6:00,12,34,436
30800,7/8/2016 7:00,12,34,436
30801,7/8/2016 8:00,12,34,436
30802,7/8/2016 9:00,13,34,435
30803,7/8/2016 10:00,13,34,436
30804,7/8/2016 11:00,12,34,436
30805,7/8/2016 12:00,12,34,435
30806,7/8/2016 13:00,12,34,435
30807,7/8/2016 14:00,12,34,435
30808,7/8/2016 15:00,13,34,435
30809,7/8/2016 16:00,12,34,435
30810,7/8/2016 17:00,12,37,435
30811,7/8/2016 18:00,12,36,434
30812,7/8/2016 19:00,12,34,434
30813,7/8/2016 20:00,12,34,434
30814,7/8/2016 21:00,12,34,433
30815,7/8/2016 22:00,12,34,432
30816,7/8/2016 23:00,12,34,432
30817,7/9/2016 0:00,12,34,432
30818,7/9/2016 1:00,12,35,432
30819,7/9/2016 2:00,12,34,432
30820,7/9/2016 3:00,12,34,432
30821,7/9/2016 4:00,12,34,432
30822,7/9/2016 5:00,12,34,432
30823,7/9/2016 6:00,12,34,431
30824,7/9/2016 7:00,12,34,431
30825,7/9/2016 8:00,12,34,431
30826,7/9/2016 9:00,12,34,431
30827,7/9/2016 10:00,13,34,431
30828,7/9/2016 11:00,12,34,431
30829,7/9/2016 12:00,12,34,431
30830,7/9/2016 13:00,12,34,431
30831,7/9/2016 14:00,12,34,431
30832,7/9/2016 15:00,12,34,431
30833,7/9/2016 16:00,12,34,431
30834,7/9/2016 17:00,12,34,431
30835,7/9/2016 18:00,12,34,430
30836,7/9/2016 19:00,12,34,430
30837,7/9/2016 20:00,12,34,430
30838,7/9/2016 21:00,12,34,430
30839,7/9/2016 22:00,12,34,430
30840,7/9/2016 23:00,12,34,430
30841,7/10/2016 0:00,12,34,430
30842,7/10/2016 1:00,12,34,430
30843,7/10/2016 2:00,13,34,430
30844,7/10/2016 3:00,12,34,429
30845,7/10/2016 4:00,12,34,429
30846,7/10/2016 5:00,12,34,429
30847,7/10/2016 6:00,12,34,429
30848,7/10/2016 7:00,12,34,429
30849,7/10/2016 8:00,12,34,429
30850,7/10/2016 9:00,12,34,429
30851,7/10/2016 10:00,12,34,428
30852,7/10/2016 11:00,12,34,428
30853,7/10/2016 12:00,12,34,428
30854,7/10/2016 13:00,12,34,428
30855,7/10/2016 14:00,12,34,428
30856,7/10/2016 15:00,12,36,428
30857,7/10/2016 16:00,12,34,428
30858,7/10/2016 17:00,12,34,428
30859,7/10/2016 18:00,12,34,428
30860,7/10/2016 19:00,12,34,428
30861,7/10/2016 20:00,12,33,428
30862,7/10/2016 21:00,12,34,427
30863,7/10/2016 22:00,12,34,427
30864,7/10/2016 23:00,12,34,427
30865,7/11/2016 0:00,12,34,427
30866,7/11/2016 1:00,13,34,427
30867,7/11/2016 2:00,12,34,427
30868,7/11/2016 3:00,12,33,427
30869,7/11/2016 4:00,12,34,427
30870,7/11/2016 5:00,12,34,426
30871,7/11/2016 6:00,12,34,427
30872,7/11/2016 7:00,12,34,427
30873,7/11/2016 8:00,12,34,427
30874,7/11/2016 9:00,12,34,427
30875,7/11/2016 10:00,12,34,427
30876,7/11/2016 11:00,12,34,427
30877,7/11/2016 12:00,12,33,427
30878,7/11/2016 13:00,12,34,427
30879,7/11/2016 14:00,12,34,427
30880,7/11/2016 15:00,12,33,427
30881,7/11/2016 16:00,12,33,426
30882,7/11/2016 17:00,12,34,427
30883,7/11/2016 18:00,12,34,426
30884,7/11/2016 19:00,12,34,426
30885,7/11/2016 20:00,12,34,426
30886,7/11/2016 21:00,13,34,426
30887,7/11/2016 22:00,12,33,426
30888,7/11/2016 23:00,12,34,426
30889,7/12/2016 0:00,12,34,426
30890,7/12/2016 1:00,12,33,426
30891,7/12/2016 2:00,12,34,426
30892,7/12/2016 3:00,12,33,426
30893,7/12/2016 4:00,12,34,426
30894,7/12/2016 5:00,12,34,426
30895,7/12/2016 6:00,12,33,426
30896,7/12/2016 7:00,12,36,426
30897,7/12/2016 8:00,12,36,426
30898,7/12/2016 9:00,12,34,426
30899,7/12/2016 10:00,12,34,426
30900,7/12/2016 11:00,12,33,425
30901,7/12/2016 12:00,12,33,425
30902,7/12/2016 13:00,12,33,425
30903,7/12/2016 14:00,12,33,426
30904,7/12/2016 15:00,12,33,426
30905,7/12/2016 16:00,12,34,426
30906,7/12/2016 17:00,12,33,426
30907,7/12/2016 18:00,12,34,426
30908,7/12/2016 19:00,12,33,425
30909,7/12/2016 20:00,12,35,426
30910,7/12/2016 21:00,12,33,426
30911,7/12/2016 22:00,12,33,426
30912,7/12/2016 23:00,12,33,426
30913,7/13/2016 0:00,12,33,425
30914,7/13/2016 1:00,12,33,426
30915,7/13/2016 2:00,12,33,426
30916,7/13/2016 3:00,12,33,426
30917,7/13/2016 4:00,12,33,426
30918,7/13/2016 5:00,12,33,426
30919,7/13/2016 6:00,12,33,426
30920,7/13/2016 7:00,12,34,426
30921,7/13/2016 8:00,12,33,426
30922,7/13/2016 9:00,12,33,426
30923,7/13/2016 10:00,12,33,426
30924,7/13/2016 11:00,12,35,426
30925,7/13/2016 12:00,12,35,426
30926,7/13/2016 13:00,12,33,426
30927,7/13/2016 14:00,12,33,427
30928,7/13/2016 15:00,12,33,427
30929,7/13/2016 16:00,12,36,427
30930,7/13/2016 17:00,13,33,428
30931,7/13/2016 18:00,12,33,428
30932,7/13/2016 19:00,12,33,429
30933,7/13/2016 20:00,12,33,428
30934,7/13/2016 21:00,12,33,428
30935,7/13/2016 22:00,12,33,428
30936,7/13/2016 23:00,12,33,428
30937,7/14/2016 0:00,12,34,428
30938,7/14/2016 1:00,12,33,427
30939,7/14/2016 2:00,12,33,427
30940,7/14/2016 3:00,12,33,427
30941,7/14/2016 4:00,12,33,426
30942,7/14/2016 5:00,12,33,427
30943,7/14/2016 6:00,12,33,428
30944,7/14/2016 7:00,12,33,427
30945,7/14/2016 8:00,12,33,427
30946,7/14/2016 9:00,12,33,427
30947,7/14/2016 10:00,12,33,427
30948,7/14/2016 11:00,12,33,427
30949,7/14/2016 12:00,12,33,427
30950,7/14/2016 13:00,12,35,427
30951,7/14/2016 14:00,12,33,428
30952,7/14/2016 15:00,12,33,428
30953,7/14/2016 16:00,12,33,428
30954,7/14/2016 17:00,12,33,429
30955,7/14/2016 18:00,13,33,428
30956,7/14/2016 19:00,12,33,429
30957,7/14/2016 20:00,12,33,429
30958,7/14/2016 21:00,12,33,429
30959,7/14/2016 22:00,12,36,429
30960,7/14/2016 23:00,12,35,430
30961,7/15/2016 0:00,12,33,430
30962,7/15/2016 1:00,12,33,429
30963,7/15/2016 2:00,12,33,429
30964,7/15/2016 3:00,12,33,430
30965,7/15/2016 4:00,12,34,429
30966,7/15/2016 5:00,13,33,430
30967,7/15/2016 6:00,12,33,428
30968,7/15/2016 7:00,12,33,429
30969,7/15/2016 8:00,12,33,429
30970,7/15/2016 9:00,12,36,429
30971,7/15/2016 10:00,12,33,429
30972,7/15/2016 11:00,12,33,429
30973,7/15/2016 12:00,12,35,429
30974,7/15/2016 13:00,12,33,429
30975,7/15/2016 14:00,12,33,430
30976,7/15/2016 15:00,13,33,430
30977,7/15/2016 16:00,12,34,430
30978,7/15/2016 17:00,12,33,430
30979,7/15/2016 18:00,12,33,430
30980,7/15/2016 19:00,12,33,431
30981,7/15/2016 20:00,12,33,431
30982,7/15/2016 21:00,12,33,430
30983,7/15/2016 22:00,12,33,430
30984,7/15/2016 23:00,12,33,431
30985,7/16/2016 0:00,12,33,430
30986,7/16/2016 1:00,12,35,431
30987,7/16/2016 2:00,12,33,430
30988,7/16/2016 3:00,12,33,431
30989,7/16/2016 4:00,12,33,430
30990,7/16/2016 5:00,12,33,431
30991,7/16/2016 6:00,12,33,431
30992,7/16/2016 7:00,12,36,431
30993,7/16/2016 8:00,12,34,431
30994,7/16/2016 9:00,12,34,431
30995,7/16/2016 10:00,12,33,431
30996,7/16/2016 11:00,12,33,431
30997,7/16/2016 12:00,12,33,431
30998,7/16/2016 13:00,12,33,431
30999,7/16/2016 14:00,12,33,431
31000,7/16/2016 15:00,12,33,431
31001,7/16/2016 16:00,12,33,429
31002,7/16/2016 17:00,12,34,429
31003,7/16/2016 18:00,13,33,429
31004,7/16/2016 19:00,12,33,428
31005,7/16/2016 20:00,12,33,428
31006,7/16/2016 21:00,12,33,429
31007,7/16/2016 22:00,12,34,428
31008,7/16/2016 23:00,12,33,428
31009,7/17/2016 0:00,12,36,428
31010,7/17/2016 1:00,12,33,429
31011,7/17/2016 2:00,12,33,429
31012,7/17/2016 3:00,12,33,429
31013,7/17/2016 4:00,12,34,428
31014,7/17/2016 5:00,12,33,429
31015,7/17/2016 6:00,12,33,429
31016,7/17/2016 7:00,12,33,428
31017,7/17/2016 8:00,12,34,429
31018,7/17/2016 9:00,12,33,428
31019,7/17/2016 10:00,12,33,428
31020,7/17/2016 11:00,12,33,428
31021,7/17/2016 12:00,12,33,430
31022,7/17/2016 13:00,12,34,429
31023,7/17/2016 14:00,12,33,429
31024,7/17/2016 15:00,12,33,429
31025,7/17/2016 16:00,12,34,429
31026,7/17/2016 17:00,12,33,429
31027,7/17/2016 18:00,12,33,429
31028,7/17/2016 19:00,12,33,431
31029,7/17/2016 20:00,12,33,326
31030,7/17/2016 21:00,12,33,410
31031,7/17/2016 22:00,12,34,410
31032,7/17/2016 23:00,12,35,420
31033,7/18/2016 0:00,12,33,397
31034,7/18/2016 1:00,12,33,397
31035,7/18/2016 2:00,12,34,397
31036,7/18/2016 3:00,12,34,395
31037,7/18/2016 4:00,12,34,392
31038,7/18/2016 5:00,12,33,391
31039,7/18/2016 6:00,12,34,383
31040,7/18/2016 7:00,12,34,381
31041,7/18/2016 8:00,12,34,382
31042,7/18/2016 9:00,14,34,381
31043,7/18/2016 10:00,14,34,380
31044,7/18/2016 11:00,12,34,374
31045,7/18/2016 12:00,12,34,368
31046,7/18/2016 13:00,12,35,361
31047,7/18/2016 14:00,12,34,376
31048,7/18/2016 15:00,12,34,388
31049,7/18/2016 16:00,12,33,390
31050,7/18/2016 17:00,12,33,382
31051,7/18/2016 18:00,12,34,363
31052,7/18/2016 19:00,12,33,362
31053,7/18/2016 20:00,12,33,359
31054,7/18/2016 21:00,12,34,359
31055,7/18/2016 22:00,12,36,351
31056,7/18/2016 23:00,12,36,359
31057,7/19/2016 0:00,12,33,359
31058,7/19/2016 1:00,12,33,361
31059,7/19/2016 2:00,12,34,360
31060,7/19/2016 3:00,12,35,357
31061,7/19/2016 4:00,12,34,355
31062,7/19/2016 5:00,12,36,359
31063,7/19/2016 6:00,12,36,360
31064,7/19/2016 7:00,12,34,360
31065,7/19/2016 8:00,12,33,360
31066,7/19/2016 9:00,12,34,360
31067,7/19/2016 10:00,12,34,360
31068,7/19/2016 11:00,12,35,361
31069,7/19/2016 12:00,12,34,360
31070,7/19/2016 13:00,12,34,360
31071,7/19/2016 14:00,12,34,360
31072,7/19/2016 15:00,12,34,359
31073,7/19/2016 16:00,12,36,356
31074,7/19/2016 17:00,12,34,355
31075,7/19/2016 18:00,14,35,355
31076,7/19/2016 19:00,12,34,356
31077,7/19/2016 20:00,12,34,357
31078,7/19/2016 21:00,12,34,356
31079,7/19/2016 22:00,12,35,353
31080,7/19/2016 23:00,12,35,354
31081,7/20/2016 0:00,12,34,355
31082,7/20/2016 1:00,12,34,355
31083,7/20/2016 2:00,12,34,360
31084,7/20/2016 3:00,12,34,359
31085,7/20/2016 4:00,12,34,360
31086,7/20/2016 5:00,12,34,360
31087,7/20/2016 6:00,12,34,359
31088,7/20/2016 7:00,12,34,360
31089,7/20/2016 8:00,12,34,360
31090,7/20/2016 9:00,12,34,359
31091,7/20/2016 10:00,12,34,357
31092,7/20/2016 11:00,12,36,356
31093,7/20/2016 12:00,12,34,356
31094,7/20/2016 13:00,12,34,355
31095,7/20/2016 14:00,12,34,356
31096,7/20/2016 15:00,12,34,356
31097,7/20/2016 16:00,12,34,357
31098,7/20/2016 17:00,12,34,357
31099,7/20/2016 18:00,13,34,359
31100,7/20/2016 19:00,12,34,363
31101,7/20/2016 20:00,12,34,366
31102,7/20/2016 21:00,12,34,366
31103,7/20/2016 22:00,12,34,368
31104,7/20/2016 23:00,12,34,369
31105,7/21/2016 0:00,12,33,369
31106,7/21/2016 1:00,12,34,369
31107,7/21/2016 2:00,12,34,370
31108,7/21/2016 3:00,12,34,371
31109,7/21/2016 4:00,12,34,372
31110,7/21/2016 5:00,12,36,372
31111,7/21/2016 6:00,12,34,372
31112,7/21/2016 7:00,12,34,373
31113,7/21/2016 8:00,12,34,373
31114,7/21/2016 9:00,12,35,373
31115,7/21/2016 10:00,12,34,373
31116,7/21/2016 11:00,12,35,374
31117,7/21/2016 12:00,14,34,374
31118,7/21/2016 13:00,12,34,374
31119,7/21/2016 14:00,12,34,374
31120,7/21/2016 15:00,12,34,374
31121,7/21/2016 16:00,12,37,374
31122,7/21/2016 17:00,12,34,374
31123,7/21/2016 18:00,12,34,374
31124,7/21/2016 19:00,12,34,374
31125,7/21/2016 20:00,12,36,374
31126,7/21/2016 21:00,14,34,374
31127,7/21/2016 22:00,12,34,374
31128,7/21/2016 23:00,12,34,374
31129,7/22/2016 0:00,12,34,374
31130,7/22/2016 1:00,12,34,374
31131,7/22/2016 2:00,12,34,374
31132,7/22/2016 3:00,12,34,374
31133,7/22/2016 4:00,12,34,374
31134,7/22/2016 5:00,12,34,374
31135,7/22/2016 6:00,12,34,373
31136,7/22/2016 7:00,12,37,373
31137,7/22/2016 8:00,12,37,373
31138,7/22/2016 9:00,12,37,373
31139,7/22/2016 10:00,12,34,374
31140,7/22/2016 11:00,12,34,373
31141,7/22/2016 12:00,12,34,372
31142,7/22/2016 13:00,12,35,372
31143,7/22/2016 14:00,12,34,372
31144,7/22/2016 15:00,12,35,371
31145,7/22/2016 16:00,12,34,371
31146,7/22/2016 17:00,12,34,370
31147,7/22/2016 18:00,12,34,370
31148,7/22/2016 19:00,12,34,371
31149,7/22/2016 20:00,12,33,371
31150,7/22/2016 21:00,12,34,371
31151,7/22/2016 22:00,12,34,370
31152,7/22/2016 23:00,12,37,370
31153,7/23/2016 0:00,12,35,370
31154,7/23/2016 1:00,13,34,370
31155,7/23/2016 2:00,12,34,371
31156,7/23/2016 3:00,12,34,372
31157,7/23/2016 4:00,12,34,371
31158,7/23/2016 5:00,12,36,371
31159,7/23/2016 6:00,12,32,372
31160,7/23/2016 7:00,12,34,371
31161,7/23/2016 8:00,12,34,371
31162,7/23/2016 9:00,12,35,372
31163,7/23/2016 10:00,12,34,373
31164,7/23/2016 11:00,12,34,372
31165,7/23/2016 12:00,12,34,373
31166,7/23/2016 13:00,12,34,374
31167,7/23/2016 14:00,12,34,380
31168,7/23/2016 15:00,12,34,381
31169,7/23/2016 16:00,12,34,382
31170,7/23/2016 17:00,12,34,383
31171,7/23/2016 18:00,12,34,383
31172,7/23/2016 19:00,12,33,383
31173,7/23/2016 20:00,12,34,383
31174,7/23/2016 21:00,12,34,383
31175,7/23/2016 22:00,12,34,388
31176,7/23/2016 23:00,12,34,388
31177,7/24/2016 0:00,12,32,388
31178,7/24/2016 1:00,12,35,389
31179,7/24/2016 2:00,12,34,389
31180,7/24/2016 3:00,12,34,389
31181,7/24/2016 4:00,12,34,389
31182,7/24/2016 5:00,13,33,390
31183,7/24/2016 6:00,12,33,390
31184,7/24/2016 7:00,12,33,389
31185,7/24/2016 8:00,12,33,389
31186,7/24/2016 9:00,12,33,389
31187,7/24/2016 10:00,13,34,389
31188,7/24/2016 11:00,12,34,388
31189,7/24/2016 12:00,12,33,388
31190,7/24/2016 13:00,12,33,388
31191,7/24/2016 14:00,12,33,387
31192,7/24/2016 15:00,13,33,387
31193,7/24/2016 16:00,13,33,387
31194,7/24/2016 17:00,12,33,386
31195,7/24/2016 18:00,12,33,383
31196,7/24/2016 19:00,12,33,383
31197,7/24/2016 20:00,12,33,383
31198,7/24/2016 21:00,12,33,383
31199,7/24/2016 22:00,12,33,383
31200,7/24/2016 23:00,12,33,383
31201,7/25/2016 0:00,13,33,382
31202,7/25/2016 1:00,12,33,382
31203,7/25/2016 2:00,12,33,382
31204,7/25/2016 3:00,12,33,382
31205,7/25/2016 4:00,12,33,382
31206,7/25/2016 5:00,12,33,382
31207,7/25/2016 6:00,12,33,382
31208,7/25/2016 7:00,12,33,382
31209,7/25/2016 8:00,12,33,382
31210,7/25/2016 9:00,12,33,382
31211,7/25/2016 10:00,12,33,382
31212,7/25/2016 11:00,12,33,382
31213,7/25/2016 12:00,12,33,382
31214,7/25/2016 13:00,12,33,382
31215,7/25/2016 14:00,12,33,382
31216,7/25/2016 15:00,12,33,382
31217,7/25/2016 16:00,12,33,382
31218,7/25/2016 17:00,12,33,382
31219,7/25/2016 18:00,12,33,382
31220,7/25/2016 19:00,12,33,382
31221,7/25/2016 20:00,12,33,382
31222,7/25/2016 21:00,12,33,382
31223,7/25/2016 22:00,12,33,382
31224,7/25/2016 23:00,12,32,382
31225,7/26/2016 0:00,12,33,381
31226,7/26/2016 1:00,12,33,381
31227,7/26/2016 2:00,12,33,381
31228,7/26/2016 3:00,13,33,381
31229,7/26/2016 4:00,12,33,381
31230,7/26/2016 5:00,12,33,381
31231,7/26/2016 6:00,12,32,381
31232,7/26/2016 7:00,12,32,381
31233,7/26/2016 8:00,12,32,381
31234,7/26/2016 9:00,13,32,381
31235,7/26/2016 10:00,12,33,381
31236,7/26/2016 11:00,12,32,381
31237,7/26/2016 12:00,12,32,381
31238,7/26/2016 13:00,12,32,381
31239,7/26/2016 14:00,12,32,381
31240,7/26/2016 15:00,12,32,380
31241,7/26/2016 16:00,12,32,380
31242,7/26/2016 17:00,12,32,380
31243,7/26/2016 18:00,12,32,380
31244,7/26/2016 19:00,12,32,380
31245,7/26/2016 20:00,12,32,380
31246,7/26/2016 21:00,12,32,380
31247,7/26/2016 22:00,12,32,380
31248,7/26/2016 23:00,12,32,380
31249,7/27/2016 0:00,12,32,379
31250,7/27/2016 1:00,12,32,379
31251,7/27/2016 2:00,12,32,379
31252,7/27/2016 3:00,12,32,379
31253,7/27/2016 4:00,12,32,379
31254,7/27/2016 5:00,12,32,379
31255,7/27/2016 6:00,12,32,379
31256,7/27/2016 7:00,12,32,379
31257,7/27/2016 8:00,12,32,379
31258,7/27/2016 9:00,13,32,379
31259,7/27/2016 10:00,12,32,378
31260,7/27/2016 11:00,12,32,378
31261,7/27/2016 12:00,12,32,378
31262,7/27/2016 13:00,12,32,378
31263,7/27/2016 14:00,12,32,378
31264,7/27/2016 15:00,12,32,377
31265,7/27/2016 16:00,12,32,376
31266,7/27/2016 17:00,12,32,376
31267,7/27/2016 18:00,12,32,376
31268,7/27/2016 19:00,12,32,375
31269,7/27/2016 20:00,12,32,374
31270,7/27/2016 21:00,12,32,374
31271,7/27/2016 22:00,12,32,374
31272,7/27/2016 23:00,12,32,374
31273,7/28/2016 0:00,12,32,373
31274,7/28/2016 1:00,12,32,373
31275,7/28/2016 2:00,12,32,373
31276,7/28/2016 3:00,12,32,373
31277,7/28/2016 4:00,12,32,372
31278,7/28/2016 5:00,12,32,372
31279,7/28/2016 6:00,12,32,372
31280,7/28/2016 7:00,12,32,372
31281,7/28/2016 8:00,12,32,372
31282,7/28/2016 9:00,12,32,371
31283,7/28/2016 10:00,12,32,370
31284,7/28/2016 11:00,12,32,370
31285,7/28/2016 12:00,12,32,370
31286,7/28/2016 13:00,12,32,369
31287,7/28/2016 14:00,12,32,369
31288,7/28/2016 15:00,12,32,369
31289,7/28/2016 16:00,12,32,368
31290,7/28/2016 17:00,12,32,366
31291,7/28/2016 18:00,12,32,365
31292,7/28/2016 19:00,12,32,364
31293,7/28/2016 20:00,12,32,364
31294,7/28/2016 21:00,12,32,363
31295,7/28/2016 22:00,12,32,363
31296,7/28/2016 23:00,12,32,363
31297,7/29/2016 0:00,12,32,362
31298,7/29/2016 1:00,12,32,362
31299,7/29/2016 2:00,12,32,361
31300,7/29/2016 3:00,12,32,361
31301,7/29/2016 4:00,12,32,361
31302,7/29/2016 5:00,12,32,361
31303,7/29/2016 6:00,12,32,361
31304,7/29/2016 7:00,12,32,360
31305,7/29/2016 8:00,12,32,360
31306,7/29/2016 9:00,12,32,360
31307,7/29/2016 10:00,12,32,360
31308,7/29/2016 11:00,12,32,360
31309,7/29/2016 12:00,12,32,359
31310,7/29/2016 13:00,12,32,359
31311,7/29/2016 14:00,12,32,359
31312,7/29/2016 15:00,12,32,358
31313,7/29/2016 16:00,12,32,358
31314,7/29/2016 17:00,12,32,357
31315,7/29/2016 18:00,12,32,357
31316,7/29/2016 19:00,12,32,356
31317,7/29/2016 20:00,12,32,356
31318,7/29/2016 21:00,12,32,356
31319,7/29/2016 22:00,12,32,355
31320,7/29/2016 23:00,12,32,355
31321,7/30/2016 0:00,12,32,355
31322,7/30/2016 1:00,12,32,355
31323,7/30/2016 2:00,12,32,354
31324,7/30/2016 3:00,12,32,354
31325,7/30/2016 4:00,12,32,355
31326,7/30/2016 5:00,12,32,355
31327,7/30/2016 6:00,12,32,355
31328,7/30/2016 7:00,12,32,354
31329,7/30/2016 8:00,12,32,354
31330,7/30/2016 9:00,12,32,354
31331,7/30/2016 10:00,12,32,354
31332,7/30/2016 11:00,12,32,354
31333,7/30/2016 12:00,12,32,353
31334,7/30/2016 13:00,12,32,354
31335,7/30/2016 14:00,12,32,354
31336,7/30/2016 15:00,12,32,354
31337,7/30/2016 16:00,12,32,355
31338,7/30/2016 17:00,12,32,354
31339,7/30/2016 18:00,12,32,354
31340,7/30/2016 19:00,12,32,355
31341,7/30/2016 20:00,12,32,356
31342,7/30/2016 21:00,12,32,356
31343,7/30/2016 22:00,12,32,355
31344,7/30/2016 23:00,12,32,354
31345,7/31/2016 0:00,12,32,354
31346,7/31/2016 1:00,12,32,354
31347,7/31/2016 2:00,12,32,354
31348,7/31/2016 3:00,12,32,354
31349,7/31/2016 4:00,14,32,355
31350,7/31/2016 5:00,12,32,354
31351,7/31/2016 6:00,12,32,355
31352,7/31/2016 7:00,11,32,355
31353,7/31/2016 8:00,12,32,355
31354,7/31/2016 9:00,12,32,355
31355,7/31/2016 10:00,13,32,355
31356,7/31/2016 11:00,13,32,355
31357,7/31/2016 12:00,12,32,355
31358,7/31/2016 13:00,12,32,355
31359,7/31/2016 14:00,12,32,354
31360,7/31/2016 15:00,13,32,354
31361,7/31/2016 16:00,12,32,354
31362,7/31/2016 17:00,12,33,354
31363,7/31/2016 18:00,12,33,355
31364,7/31/2016 19:00,12,32,355
31365,7/31/2016 20:00,12,32,355
31366,7/31/2016 21:00,12,32,354
31367,7/31/2016 22:00,12,32,353
31368,7/31/2016 23:00,12,32,352
31369,8/1/2016 0:00,13,32,348
31370,8/1/2016 1:00,12,32,348
31371,8/1/2016 2:00,12,32,348
31372,8/1/2016 3:00,12,32,348
31373,8/1/2016 4:00,12,32,348
31374,8/1/2016 5:00,12,32,348
31375,8/1/2016 6:00,12,32,346
31376,8/1/2016 7:00,12,32,345
31377,8/1/2016 8:00,12,32,343
31378,8/1/2016 9:00,12,32,345
31379,8/1/2016 10:00,12,32,342
31380,8/1/2016 11:00,12,32,339
31381,8/1/2016 12:00,13,32,342
31382,8/1/2016 13:00,12,32,342
31383,8/1/2016 14:00,12,32,339
31384,8/1/2016 15:00,12,32,339
31385,8/1/2016 16:00,12,32,342
31386,8/1/2016 17:00,12,32,345
31387,8/1/2016 18:00,12,32,345
31388,8/1/2016 19:00,12,32,344
31389,8/1/2016 20:00,12,32,345
31390,8/1/2016 21:00,12,32,346
31391,8/1/2016 22:00,12,32,345
31392,8/1/2016 23:00,12,35,344
31393,8/2/2016 0:00,12,32,339
31394,8/2/2016 1:00,12,32,337
31395,8/2/2016 2:00,13,31,335
31396,8/2/2016 3:00,12,34,337
31397,8/2/2016 4:00,12,31,344
31398,8/2/2016 5:00,12,32,344
31399,8/2/2016 6:00,12,32,344
31400,8/2/2016 7:00,12,32,344
31401,8/2/2016 8:00,12,32,345
31402,8/2/2016 9:00,12,32,345
31403,8/2/2016 10:00,12,32,345
31404,8/2/2016 11:00,12,32,345
31405,8/2/2016 12:00,12,32,344
31406,8/2/2016 13:00,12,32,344
31407,8/2/2016 14:00,12,32,342
31408,8/2/2016 15:00,12,32,343
31409,8/2/2016 16:00,12,32,345
31410,8/2/2016 17:00,12,32,347
31411,8/2/2016 18:00,12,32,346
31412,8/2/2016 19:00,12,32,345
31413,8/2/2016 20:00,12,32,344
31414,8/2/2016 21:00,12,33,343
31415,8/2/2016 22:00,12,32,342
31416,8/2/2016 23:00,12,32,339
31417,8/3/2016 0:00,13,32,339
31418,8/3/2016 1:00,12,32,342
31419,8/3/2016 2:00,12,35,339
31420,8/3/2016 3:00,12,32,339
31421,8/3/2016 4:00,13,32,338
31422,8/3/2016 5:00,12,32,341
31423,8/3/2016 6:00,12,32,341
31424,8/3/2016 7:00,12,32,339
31425,8/3/2016 8:00,12,32,340
31426,8/3/2016 9:00,12,32,341
31427,8/3/2016 10:00,12,32,338
31428,8/3/2016 11:00,12,32,337
31429,8/3/2016 12:00,13,32,335
31430,8/3/2016 13:00,13,32,335
31431,8/3/2016 14:00,12,32,336
31432,8/3/2016 15:00,12,32,335
31433,8/3/2016 16:00,12,32,336
31434,8/3/2016 17:00,12,32,335
31435,8/3/2016 18:00,12,32,336
31436,8/3/2016 19:00,12,32,336
31437,8/3/2016 20:00,12,32,335
31438,8/3/2016 21:00,12,32,335
31439,8/3/2016 22:00,12,32,333
31440,8/3/2016 23:00,13,32,338
31441,8/4/2016 0:00,12,32,338
31442,8/4/2016 1:00,12,32,338
31443,8/4/2016 2:00,12,32,339
31444,8/4/2016 3:00,12,32,339
31445,8/4/2016 4:00,12,32,344
31446,8/4/2016 5:00,12,35,344
31447,8/4/2016 6:00,13,32,344
31448,8/4/2016 7:00,12,32,344
31449,8/4/2016 8:00,12,32,344
31450,8/4/2016 9:00,12,32,344
31451,8/4/2016 10:00,12,32,344
31452,8/4/2016 11:00,12,32,345
31453,8/4/2016 12:00,12,32,345
31454,8/4/2016 13:00,12,32,345
31455,8/4/2016 14:00,12,32,346
31456,8/4/2016 15:00,12,32,346
31457,8/4/2016 16:00,12,32,346
31458,8/4/2016 17:00,12,32,345
31459,8/4/2016 18:00,13,32,345
31460,8/4/2016 19:00,12,32,346
31461,8/4/2016 20:00,11,32,345
31462,8/4/2016 21:00,12,32,345
31463,8/4/2016 22:00,12,32,346
31464,8/4/2016 23:00,12,32,346
31465,8/5/2016 0:00,12,32,346
31466,8/5/2016 1:00,12,32,346
31467,8/5/2016 2:00,12,32,346
31468,8/5/2016 3:00,13,32,346
31469,8/5/2016 4:00,12,32,347
31470,8/5/2016 5:00,12,32,347
31471,8/5/2016 6:00,13,32,347
31472,8/5/2016 7:00,12,32,347
31473,8/5/2016 8:00,12,32,347
31474,8/5/2016 9:00,13,32,346
31475,8/5/2016 10:00,12,32,333
31476,8/5/2016 11:00,12,32,332
31477,8/5/2016 12:00,12,32,326
31478,8/5/2016 13:00,12,32,328
31479,8/5/2016 14:00,12,32,335
31480,8/5/2016 15:00,12,32,328
31481,8/5/2016 16:00,12,32,328
31482,8/5/2016 17:00,12,32,327
31483,8/5/2016 18:00,12,32,330
31484,8/5/2016 19:00,12,32,328
31485,8/5/2016 20:00,12,32,326
31486,8/5/2016 21:00,12,32,327
31487,8/5/2016 22:00,12,32,326
31488,8/5/2016 23:00,12,32,328
31489,8/6/2016 0:00,12,32,327
31490,8/6/2016 1:00,12,32,328
31491,8/6/2016 2:00,12,32,327
31492,8/6/2016 3:00,12,32,326
31493,8/6/2016 4:00,12,32,324
31494,8/6/2016 5:00,13,32,321
31495,8/6/2016 6:00,12,32,324
31496,8/6/2016 7:00,12,32,326
31497,8/6/2016 8:00,13,32,325
31498,8/6/2016 9:00,12,32,325
31499,8/6/2016 10:00,12,32,324
31500,8/6/2016 11:00,12,32,327
31501,8/6/2016 12:00,12,32,324
31502,8/6/2016 13:00,12,32,324
31503,8/6/2016 14:00,12,32,325
31504,8/6/2016 15:00,13,32,324
31505,8/6/2016 16:00,12,32,321
31506,8/6/2016 17:00,12,32,324
31507,8/6/2016 18:00,12,32,333
31508,8/6/2016 19:00,13,32,334
31509,8/6/2016 20:00,12,32,337
31510,8/6/2016 21:00,12,32,339
31511,8/6/2016 22:00,13,32,340
31512,8/6/2016 23:00,12,32,342
31513,8/7/2016 0:00,12,32,343
31514,8/7/2016 1:00,12,32,343
31515,8/7/2016 2:00,13,32,344
31516,8/7/2016 3:00,13,32,344
31517,8/7/2016 4:00,12,32,345
31518,8/7/2016 5:00,12,32,345
31519,8/7/2016 6:00,12,32,345
31520,8/7/2016 7:00,12,32,346
31521,8/7/2016 8:00,12,32,346
31522,8/7/2016 9:00,12,32,346
31523,8/7/2016 10:00,13,32,346
31524,8/7/2016 11:00,12,35,346
31525,8/7/2016 12:00,12,32,347
31526,8/7/2016 13:00,12,32,347
31527,8/7/2016 14:00,12,32,347
31528,8/7/2016 15:00,12,32,347
31529,8/7/2016 16:00,12,32,347
31530,8/7/2016 17:00,12,32,348
31531,8/7/2016 18:00,12,32,348
31532,8/7/2016 19:00,12,32,348
31533,8/7/2016 20:00,12,32,348
31534,8/7/2016 21:00,13,32,348
31535,8/7/2016 22:00,12,32,348
31536,8/7/2016 23:00,13,32,348
31537,8/8/2016 0:00,12,32,348
31538,8/8/2016 1:00,12,32,348
31539,8/8/2016 2:00,12,32,348
31540,8/8/2016 3:00,12,32,348
31541,8/8/2016 4:00,12,32,348
31542,8/8/2016 5:00,12,32,348
31543,8/8/2016 6:00,13,32,348
31544,8/8/2016 7:00,12,32,348
31545,8/8/2016 8:00,12,32,348
31546,8/8/2016 9:00,13,32,348
31547,8/8/2016 10:00,12,32,348
31548,8/8/2016 11:00,12,32,348
31549,8/8/2016 12:00,12,32,348
31550,8/8/2016 13:00,13,32,348
31551,8/8/2016 14:00,12,34,348
31552,8/8/2016 15:00,12,32,348
31553,8/8/2016 16:00,12,32,348
31554,8/8/2016 17:00,12,32,348
31555,8/8/2016 18:00,11,32,349
31556,8/8/2016 19:00,12,32,349
31557,8/8/2016 20:00,12,32,348
31558,8/8/2016 21:00,12,32,348
31559,8/8/2016 22:00,12,32,348
31560,8/8/2016 23:00,12,32,348
31561,8/9/2016 0:00,12,32,352
31562,8/9/2016 1:00,12,32,348
31563,8/9/2016 2:00,12,32,347
31564,8/9/2016 3:00,12,32,346
31565,8/9/2016 4:00,12,32,345
31566,8/9/2016 5:00,12,32,345
31567,8/9/2016 6:00,12,32,344
31568,8/9/2016 7:00,12,32,343
31569,8/9/2016 8:00,12,32,419
31570,8/9/2016 9:00,12,32,418
31571,8/9/2016 10:00,12,32,350
31572,8/9/2016 11:00,12,32,364
31573,8/9/2016 12:00,12,32,404
31574,8/9/2016 13:00,13,32,404
31575,8/9/2016 14:00,12,32,403
31576,8/9/2016 15:00,13,32,398
31577,8/9/2016 16:00,12,32,401
31578,8/9/2016 17:00,12,32,401
31579,8/9/2016 18:00,12,32,398
31580,8/9/2016 19:00,13,32,398
31581,8/9/2016 20:00,13,32,400
31582,8/9/2016 21:00,12,32,398
31583,8/9/2016 22:00,12,32,398
31584,8/9/2016 23:00,12,32,398
31585,8/10/2016 0:00,12,32,397
31586,8/10/2016 1:00,13,32,399
31587,8/10/2016 2:00,12,32,397
31588,8/10/2016 3:00,12,32,397
31589,8/10/2016 4:00,12,32,402
31590,8/10/2016 5:00,12,32,396
31591,8/10/2016 6:00,12,32,382
31592,8/10/2016 7:00,12,32,369
31593,8/10/2016 8:00,12,32,335
31594,8/10/2016 9:00,12,32,335
31595,8/10/2016 10:00,12,32,337
31596,8/10/2016 11:00,12,32,338
31597,8/10/2016 12:00,12,32,338
31598,8/10/2016 13:00,12,32,337
31599,8/10/2016 14:00,13,32,337
31600,8/10/2016 15:00,12,32,338
31601,8/10/2016 16:00,12,32,337
31602,8/10/2016 17:00,12,32,337
31603,8/10/2016 18:00,12,32,338
31604,8/10/2016 19:00,12,32,338
31605,8/10/2016 20:00,12,32,338
31606,8/10/2016 21:00,12,32,360
31607,8/10/2016 22:00,12,32,380
31608,8/10/2016 23:00,12,32,393
31609,8/11/2016 0:00,12,32,346
31610,8/11/2016 1:00,12,32,374
31611,8/11/2016 2:00,12,32,360
31612,8/11/2016 3:00,12,32,368
31613,8/11/2016 4:00,12,32,347
31614,8/11/2016 5:00,12,35,343
31615,8/11/2016 6:00,12,32,338
31616,8/11/2016 7:00,12,32,344
31617,8/11/2016 8:00,12,32,345
31618,8/11/2016 9:00,12,32,345
31619,8/11/2016 10:00,12,32,344
31620,8/11/2016 11:00,12,30,344
31621,8/11/2016 12:00,14,32,344
31622,8/11/2016 13:00,12,32,344
31623,8/11/2016 14:00,12,32,345
31624,8/11/2016 15:00,12,32,344
31625,8/11/2016 16:00,12,32,344
31626,8/11/2016 17:00,12,32,344
31627,8/11/2016 18:00,14,32,344
31628,8/11/2016 19:00,12,32,344
31629,8/11/2016 20:00,12,32,343
31630,8/11/2016 21:00,12,32,343
31631,8/11/2016 22:00,11,32,343
31632,8/11/2016 23:00,12,32,342
31633,8/12/2016 0:00,12,32,342
31634,8/12/2016 1:00,12,32,342
31635,8/12/2016 2:00,12,32,342
31636,8/12/2016 3:00,12,32,342
31637,8/12/2016 4:00,12,32,340
31638,8/12/2016 5:00,12,32,339
31639,8/12/2016 6:00,12,32,339
31640,8/12/2016 7:00,11,32,339
31641,8/12/2016 8:00,12,32,338
31642,8/12/2016 9:00,12,32,339
31643,8/12/2016 10:00,12,32,338
31644,8/12/2016 11:00,12,32,338
31645,8/12/2016 12:00,12,32,338
31646,8/12/2016 13:00,12,32,338
31647,8/12/2016 14:00,13,32,338
31648,8/12/2016 15:00,12,32,337
31649,8/12/2016 16:00,12,32,337
31650,8/12/2016 17:00,12,32,337
31651,8/12/2016 18:00,12,32,337
31652,8/12/2016 19:00,12,32,337
31653,8/12/2016 20:00,13,32,337
31654,8/12/2016 21:00,12,32,337
31655,8/12/2016 22:00,12,32,337
31656,8/12/2016 23:00,12,32,337
31657,8/13/2016 0:00,12,32,337
31658,8/13/2016 1:00,12,32,337
31659,8/13/2016 2:00,12,32,337
31660,8/13/2016 3:00,12,32,337
31661,8/13/2016 4:00,13,32,336
31662,8/13/2016 5:00,12,32,336
31663,8/13/2016 6:00,12,32,336
31664,8/13/2016 7:00,13,32,336
31665,8/13/2016 8:00,12,32,336
31666,8/13/2016 9:00,12,32,336
31667,8/13/2016 10:00,12,32,335
31668,8/13/2016 11:00,12,32,335
31669,8/13/2016 12:00,12,32,335
31670,8/13/2016 13:00,12,32,335
31671,8/13/2016 14:00,12,32,335
31672,8/13/2016 15:00,13,32,335
31673,8/13/2016 16:00,12,32,335
31674,8/13/2016 17:00,12,32,335
31675,8/13/2016 18:00,12,32,335
31676,8/13/2016 19:00,12,32,334
31677,8/13/2016 20:00,12,32,334
31678,8/13/2016 21:00,12,32,335
31679,8/13/2016 22:00,12,32,335
31680,8/13/2016 23:00,12,32,335
31681,8/14/2016 0:00,12,32,334
31682,8/14/2016 1:00,12,32,335
31683,8/14/2016 2:00,12,32,335
31684,8/14/2016 3:00,12,32,335
31685,8/14/2016 4:00,12,32,335
31686,8/14/2016 5:00,12,32,335
31687,8/14/2016 6:00,13,32,335
31688,8/14/2016 7:00,12,32,335
31689,8/14/2016 8:00,12,32,335
31690,8/14/2016 9:00,12,32,335
31691,8/14/2016 10:00,12,32,335
31692,8/14/2016 11:00,12,32,335
31693,8/14/2016 12:00,12,32,335
31694,8/14/2016 13:00,12,32,335
31695,8/14/2016 14:00,12,32,335
31696,8/14/2016 15:00,12,32,335
31697,8/14/2016 16:00,12,32,334
31698,8/14/2016 17:00,12,32,335
31699,8/14/2016 18:00,12,32,334
31700,8/14/2016 19:00,12,32,335
31701,8/14/2016 20:00,12,32,334
31702,8/14/2016 21:00,12,32,335
31703,8/14/2016 22:00,12,32,334
31704,8/14/2016 23:00,12,32,335
31705,8/15/2016 0:00,12,32,334
31706,8/15/2016 1:00,12,32,334
31707,8/15/2016 2:00,12,32,335
31708,8/15/2016 3:00,12,32,335
31709,8/15/2016 4:00,14,32,335
31710,8/15/2016 5:00,12,32,335
31711,8/15/2016 6:00,12,32,335
31712,8/15/2016 7:00,12,32,335
31713,8/15/2016 8:00,12,32,335
31714,8/15/2016 9:00,12,32,335
31715,8/15/2016 10:00,12,32,335
31716,8/15/2016 11:00,12,32,335
31717,8/15/2016 12:00,12,32,335
31718,8/15/2016 13:00,12,32,335
31719,8/15/2016 14:00,12,32,335
31720,8/15/2016 15:00,12,32,335
31721,8/15/2016 16:00,12,32,335
31722,8/15/2016 17:00,11,32,335
31723,8/15/2016 18:00,12,32,335
31724,8/15/2016 19:00,12,32,335
31725,8/15/2016 20:00,12,32,335
31726,8/15/2016 21:00,12,32,336
31727,8/15/2016 22:00,12,32,336
31728,8/15/2016 23:00,12,32,336
31729,8/16/2016 0:00,12,32,336
31730,8/16/2016 1:00,12,32,336
31731,8/16/2016 2:00,12,32,336
31732,8/16/2016 3:00,12,32,336
31733,8/16/2016 4:00,14,32,336
31734,8/16/2016 5:00,12,32,336
31735,8/16/2016 6:00,12,32,336
31736,8/16/2016 7:00,12,32,336
31737,8/16/2016 8:00,12,32,336
31738,8/16/2016 9:00,12,32,336
31739,8/16/2016 10:00,12,32,336
31740,8/16/2016 11:00,12,32,336
31741,8/16/2016 12:00,12,32,336
31742,8/16/2016 13:00,12,32,336
31743,8/16/2016 14:00,11,32,336
31744,8/16/2016 15:00,12,32,335
31745,8/16/2016 16:00,12,32,336
31746,8/16/2016 17:00,12,32,335
31747,8/16/2016 18:00,12,32,335
31748,8/16/2016 19:00,12,32,335
31749,8/16/2016 20:00,12,32,335
31750,8/16/2016 21:00,12,32,335
31751,8/16/2016 22:00,12,32,335
31752,8/16/2016 23:00,12,32,335
31753,8/17/2016 0:00,11,32,335
31754,8/17/2016 1:00,11,32,335
31755,8/17/2016 2:00,12,33,335
31756,8/17/2016 3:00,13,32,335
31757,8/17/2016 4:00,12,32,335
31758,8/17/2016 5:00,11,32,335
31759,8/17/2016 6:00,11,32,335
31760,8/17/2016 7:00,12,32,334
31761,8/17/2016 8:00,11,32,335
31762,8/17/2016 9:00,12,32,335
31763,8/17/2016 10:00,12,32,335
31764,8/17/2016 11:00,12,32,335
31765,8/17/2016 12:00,11,32,335
31766,8/17/2016 13:00,11,32,335
31767,8/17/2016 14:00,12,32,335
31768,8/17/2016 15:00,11,32,335
31769,8/17/2016 16:00,12,32,335
31770,8/17/2016 17:00,11,32,334
31771,8/17/2016 18:00,11,32,334
31772,8/17/2016 19:00,12,32,334
31773,8/17/2016 20:00,11,32,334
31774,8/17/2016 21:00,12,32,334
31775,8/17/2016 22:00,12,32,334
31776,8/17/2016 23:00,11,32,334
31777,8/18/2016 0:00,12,32,334
31778,8/18/2016 1:00,12,32,334
31779,8/18/2016 2:00,11,32,334
31780,8/18/2016 3:00,12,32,334
31781,8/18/2016 4:00,12,32,334
31782,8/18/2016 5:00,11,32,334
31783,8/18/2016 6:00,12,32,334
31784,8/18/2016 7:00,11,32,334
31785,8/18/2016 8:00,11,32,334
31786,8/18/2016 9:00,12,32,334
31787,8/18/2016 10:00,12,32,334
31788,8/18/2016 11:00,12,32,334
31789,8/18/2016 12:00,12,32,334
31790,8/18/2016 13:00,11,32,334
31791,8/18/2016 14:00,12,32,334
31792,8/18/2016 15:00,13,32,334
31793,8/18/2016 16:00,12,32,334
31794,8/18/2016 17:00,12,32,334
31795,8/18/2016 18:00,10,32,334
31796,8/18/2016 19:00,11,32,334
31797,8/18/2016 20:00,12,34,334
31798,8/18/2016 21:00,12,32,334
31799,8/18/2016 22:00,13,32,334
31800,8/18/2016 23:00,12,32,334
31801,8/19/2016 0:00,12,32,334
31802,8/19/2016 1:00,11,32,334
31803,8/19/2016 2:00,11,32,334
31804,8/19/2016 3:00,12,32,334
31805,8/19/2016 4:00,12,32,334
31806,8/19/2016 5:00,12,32,334
31807,8/19/2016 6:00,12,32,334
31808,8/19/2016 7:00,12,32,333
31809,8/19/2016 8:00,12,32,334
31810,8/19/2016 9:00,12,32,333
31811,8/19/2016 10:00,12,32,333
31812,8/19/2016 11:00,12,32,333
31813,8/19/2016 12:00,12,32,333
31814,8/19/2016 13:00,12,32,333
31815,8/19/2016 14:00,12,32,333
31816,8/19/2016 15:00,12,32,333
31817,8/19/2016 16:00,12,32,333
31818,8/19/2016 17:00,12,32,333
31819,8/19/2016 18:00,12,32,333
31820,8/19/2016 19:00,12,32,333
31821,8/19/2016 20:00,12,32,333
31822,8/19/2016 21:00,12,32,333
31823,8/19/2016 22:00,12,32,333
31824,8/19/2016 23:00,12,32,333
31825,8/20/2016 0:00,12,32,333
31826,8/20/2016 1:00,12,32,333
31827,8/20/2016 2:00,12,32,333
31828,8/20/2016 3:00,12,32,333
31829,8/20/2016 4:00,11,32,333
31830,8/20/2016 5:00,12,32,333
31831,8/20/2016 6:00,12,32,333
31832,8/20/2016 7:00,12,32,333
31833,8/20/2016 8:00,12,32,333
31834,8/20/2016 9:00,13,32,333
31835,8/20/2016 10:00,12,32,333
31836,8/20/2016 11:00,12,32,334
31837,8/20/2016 12:00,12,32,334
31838,8/20/2016 13:00,12,32,334
31839,8/20/2016 14:00,12,32,333
31840,8/20/2016 15:00,12,32,333
31841,8/20/2016 16:00,12,32,333
31842,8/20/2016 17:00,12,32,333
31843,8/20/2016 18:00,12,32,333
31844,8/20/2016 19:00,12,32,333
31845,8/20/2016 20:00,11,32,333
31846,8/20/2016 21:00,11,32,333
31847,8/20/2016 22:00,11,30,333
31848,8/20/2016 23:00,12,32,333
31849,8/21/2016 0:00,11,32,333
31850,8/21/2016 1:00,11,32,333
31851,8/21/2016 2:00,12,33,333
31852,8/21/2016 3:00,12,32,333
31853,8/21/2016 4:00,12,32,333
31854,8/21/2016 5:00,12,32,333
31855,8/21/2016 6:00,12,32,333
31856,8/21/2016 7:00,12,32,333
31857,8/21/2016 8:00,12,32,333
31858,8/21/2016 9:00,12,32,333
31859,8/21/2016 10:00,12,32,333
31860,8/21/2016 11:00,12,32,333
31861,8/21/2016 12:00,12,32,333
31862,8/21/2016 13:00,12,34,332
31863,8/21/2016 14:00,12,32,333
31864,8/21/2016 15:00,12,32,332
31865,8/21/2016 16:00,12,32,332
31866,8/21/2016 17:00,12,32,331
31867,8/21/2016 18:00,11,32,331
31868,8/21/2016 19:00,13,32,331
31869,8/21/2016 20:00,13,32,331
31870,8/21/2016 21:00,12,32,331
31871,8/21/2016 22:00,12,32,331
31872,8/21/2016 23:00,12,32,331
31873,8/22/2016 0:00,12,32,331
31874,8/22/2016 1:00,12,32,331
31875,8/22/2016 2:00,10,32,331
31876,8/22/2016 3:00,12,32,331
31877,8/22/2016 4:00,12,32,331
31878,8/22/2016 5:00,12,32,331
31879,8/22/2016 6:00,12,33,331
31880,8/22/2016 7:00,12,32,331
31881,8/22/2016 8:00,12,32,331
31882,8/22/2016 9:00,12,32,331
31883,8/22/2016 10:00,12,32,331
31884,8/22/2016 11:00,12,32,331
31885,8/22/2016 12:00,12,32,330
31886,8/22/2016 13:00,12,32,331
31887,8/22/2016 14:00,12,32,331
31888,8/22/2016 15:00,12,32,330
31889,8/22/2016 16:00,12,32,330
31890,8/22/2016 17:00,12,32,330
31891,8/22/2016 18:00,12,32,330
31892,8/22/2016 19:00,12,32,330
31893,8/22/2016 20:00,12,30,330
31894,8/22/2016 21:00,12,32,330
31895,8/22/2016 22:00,12,32,330
31896,8/22/2016 23:00,12,32,330
31897,8/23/2016 0:00,12,32,330
31898,8/23/2016 1:00,12,32,330
31899,8/23/2016 2:00,12,32,330
31900,8/23/2016 3:00,12,32,330
31901,8/23/2016 4:00,12,32,330
31902,8/23/2016 5:00,12,32,330
31903,8/23/2016 6:00,12,32,330
31904,8/23/2016 7:00,12,32,330
31905,8/23/2016 8:00,12,32,330
31906,8/23/2016 9:00,12,32,330
31907,8/23/2016 10:00,12,32,330
31908,8/23/2016 11:00,12,32,330
31909,8/23/2016 12:00,12,32,329
31910,8/23/2016 13:00,10,32,329
31911,8/23/2016 14:00,12,32,329
31912,8/23/2016 15:00,12,32,329
31913,8/23/2016 16:00,12,32,328
31914,8/23/2016 17:00,12,32,328
31915,8/23/2016 18:00,12,32,328
31916,8/23/2016 19:00,12,32,328
31917,8/23/2016 20:00,12,32,328
31918,8/23/2016 21:00,12,32,328
31919,8/23/2016 22:00,12,32,328
31920,8/23/2016 23:00,12,32,328
31921,8/24/2016 0:00,12,32,328
31922,8/24/2016 1:00,12,32,328
31923,8/24/2016 2:00,12,35,328
31924,8/24/2016 3:00,12,32,328
31925,8/24/2016 4:00,12,32,327
31926,8/24/2016 5:00,12,32,327
31927,8/24/2016 6:00,12,32,327
31928,8/24/2016 7:00,12,32,327
31929,8/24/2016 8:00,10,32,327
31930,8/24/2016 9:00,11,32,327
31931,8/24/2016 10:00,12,32,327
31932,8/24/2016 11:00,10,32,327
31933,8/24/2016 12:00,12,32,327
31934,8/24/2016 13:00,15,32,327
31935,8/24/2016 14:00,12,32,327
31936,8/24/2016 15:00,12,30,327
31937,8/24/2016 16:00,12,32,326
31938,8/24/2016 17:00,12,32,326
31939,8/24/2016 18:00,12,32,326
31940,8/24/2016 19:00,12,32,326
31941,8/24/2016 20:00,12,32,326
31942,8/24/2016 21:00,12,32,326
31943,8/24/2016 22:00,13,32,326
31944,8/24/2016 23:00,11,32,326
31945,8/25/2016 0:00,12,32,326
31946,8/25/2016 1:00,12,32,326
31947,8/25/2016 2:00,12,32,326
31948,8/25/2016 3:00,12,32,326
31949,8/25/2016 4:00,12,32,326
31950,8/25/2016 5:00,12,32,326
31951,8/25/2016 6:00,12,32,326
31952,8/25/2016 7:00,12,32,326
31953,8/25/2016 8:00,12,32,326
31954,8/25/2016 9:00,13,32,325
31955,8/25/2016 10:00,12,32,325
31956,8/25/2016 11:00,12,32,325
31957,8/25/2016 12:00,12,32,325
31958,8/25/2016 13:00,11,32,325
31959,8/25/2016 14:00,12,32,325
31960,8/25/2016 15:00,12,32,324
31961,8/25/2016 16:00,12,32,324
31962,8/25/2016 17:00,12,32,324
31963,8/25/2016 18:00,12,32,325
31964,8/25/2016 19:00,12,32,325
31965,8/25/2016 20:00,12,32,325
31966,8/25/2016 21:00,12,32,325
31967,8/25/2016 22:00,12,32,324
31968,8/25/2016 23:00,12,30,324
31969,8/26/2016 0:00,12,32,324
31970,8/26/2016 1:00,12,32,322
31971,8/26/2016 2:00,12,32,324
31972,8/26/2016 3:00,12,32,324
31973,8/26/2016 4:00,12,32,322
31974,8/26/2016 5:00,12,32,324
31975,8/26/2016 6:00,12,32,324
31976,8/26/2016 7:00,12,32,323
31977,8/26/2016 8:00,12,32,321
31978,8/26/2016 9:00,12,32,321
31979,8/26/2016 10:00,12,30,322
31980,8/26/2016 11:00,15,34,322
31981,8/26/2016 12:00,12,32,322
31982,8/26/2016 13:00,12,32,321
31983,8/26/2016 14:00,14,32,321
31984,8/26/2016 15:00,14,32,322
31985,8/26/2016 16:00,12,32,321
31986,8/26/2016 17:00,12,32,321
31987,8/26/2016 18:00,12,32,321
31988,8/26/2016 19:00,12,32,321
31989,8/26/2016 20:00,12,32,321
31990,8/26/2016 21:00,12,32,322
31991,8/26/2016 22:00,12,32,321
31992,8/26/2016 23:00,12,32,322
31993,8/27/2016 0:00,12,32,322
31994,8/27/2016 1:00,12,30,322
31995,8/27/2016 2:00,12,32,322
31996,8/27/2016 3:00,12,32,322
31997,8/27/2016 4:00,12,32,321
31998,8/27/2016 5:00,12,32,322
31999,8/27/2016 6:00,12,32,322
32000,8/27/2016 7:00,12,32,322
32001,8/27/2016 8:00,12,30,322
32002,8/27/2016 9:00,14,32,322
32003,8/27/2016 10:00,12,32,322
32004,8/27/2016 11:00,12,32,322
32005,8/27/2016 12:00,12,32,322
32006,8/27/2016 13:00,12,32,322
32007,8/27/2016 14:00,12,32,321
32008,8/27/2016 15:00,12,30,322
32009,8/27/2016 16:00,12,32,322
32010,8/27/2016 17:00,13,32,321
32011,8/27/2016 18:00,9,32,322
32012,8/27/2016 19:00,12,32,322
32013,8/27/2016 20:00,12,32,322
32014,8/27/2016 21:00,28,32,322
32015,8/27/2016 22:00,12,32,322
32016,8/27/2016 23:00,12,32,322
32017,8/28/2016 0:00,12,32,322
32018,8/28/2016 1:00,12,32,322
32019,8/28/2016 2:00,12,32,322
32020,8/28/2016 3:00,12,32,322
32021,8/28/2016 4:00,12,32,322
32022,8/28/2016 5:00,12,32,322
32023,8/28/2016 6:00,12,32,322
32024,8/28/2016 7:00,12,32,322
32025,8/28/2016 8:00,12,32,322
32026,8/28/2016 9:00,12,32,322
32027,8/28/2016 10:00,12,32,322
32028,8/28/2016 11:00,12,32,322
32029,8/28/2016 12:00,15,32,322
32030,8/28/2016 13:00,12,32,321
32031,8/28/2016 14:00,12,32,322
32032,8/28/2016 15:00,12,32,322
32033,8/28/2016 16:00,12,32,322
32034,8/28/2016 17:00,12,32,322
32035,8/28/2016 18:00,12,32,322
32036,8/28/2016 19:00,12,32,322
32037,8/28/2016 20:00,12,32,322
32038,8/28/2016 21:00,12,32,322
32039,8/28/2016 22:00,12,32,322
32040,8/28/2016 23:00,12,32,322
32041,8/29/2016 0:00,12,32,322
32042,8/29/2016 1:00,12,32,322
32043,8/29/2016 2:00,10,32,322
32044,8/29/2016 3:00,15,32,322
32045,8/29/2016 4:00,12,32,322
32046,8/29/2016 5:00,12,32,322
32047,8/29/2016 6:00,12,32,322
32048,8/29/2016 7:00,12,32,323
32049,8/29/2016 8:00,12,32,323
32050,8/29/2016 9:00,15,32,324
32051,8/29/2016 10:00,12,32,324
32052,8/29/2016 11:00,12,32,324
32053,8/29/2016 12:00,12,30,324
32054,8/29/2016 13:00,12,32,324
32055,8/29/2016 14:00,12,32,324
32056,8/29/2016 15:00,12,32,324
32057,8/29/2016 16:00,11,32,324
32058,8/29/2016 17:00,12,32,324
32059,8/29/2016 18:00,12,32,324
32060,8/29/2016 19:00,12,32,324
32061,8/29/2016 20:00,12,32,324
32062,8/29/2016 21:00,12,32,324
32063,8/29/2016 22:00,12,32,324
32064,8/29/2016 23:00,12,32,324
32065,8/30/2016 0:00,12,32,324
32066,8/30/2016 1:00,12,32,324
32067,8/30/2016 2:00,12,32,324
32068,8/30/2016 3:00,12,32,324
32069,8/30/2016 4:00,12,32,324
32070,8/30/2016 5:00,12,32,324
32071,8/30/2016 6:00,12,32,324
32072,8/30/2016 7:00,12,32,324
32073,8/30/2016 8:00,12,32,324
32074,8/30/2016 9:00,12,32,324
32075,8/30/2016 10:00,12,30,324
32076,8/30/2016 11:00,12,32,324
32077,8/30/2016 12:00,12,32,324
32078,8/30/2016 13:00,12,32,324
32079,8/30/2016 14:00,12,30,324
32080,8/30/2016 15:00,12,32,324
32081,8/30/2016 16:00,12,32,324
32082,8/30/2016 17:00,12,32,324
32083,8/30/2016 18:00,12,32,324
32084,8/30/2016 19:00,12,32,324
32085,8/30/2016 20:00,12,32,324
32086,8/30/2016 21:00,12,32,324
32087,8/30/2016 22:00,12,32,324
32088,8/30/2016 23:00,12,30,324
32089,8/31/2016 0:00,12,32,324
32090,8/31/2016 1:00,12,32,323
32091,8/31/2016 2:00,12,32,323
32092,8/31/2016 3:00,12,32,323
32093,8/31/2016 4:00,12,32,323
32094,8/31/2016 5:00,12,30,323
32095,8/31/2016 6:00,13,35,323
32096,8/31/2016 7:00,12,32,323
32097,8/31/2016 8:00,12,32,324
32098,8/31/2016 9:00,12,32,323
32099,8/31/2016 10:00,12,30,323
32100,8/31/2016 11:00,12,32,323
32101,8/31/2016 12:00,12,32,323
32102,8/31/2016 13:00,11,32,324
32103,8/31/2016 14:00,12,32,322
32104,8/31/2016 15:00,12,32,322
32105,8/31/2016 16:00,12,30,322
32106,8/31/2016 17:00,12,32,322
32107,8/31/2016 18:00,12,32,322
32108,8/31/2016 19:00,12,32,322
32109,8/31/2016 20:00,12,32,322
32110,8/31/2016 21:00,12,30,323
32111,8/31/2016 22:00,12,32,322
32112,8/31/2016 23:00,12,32,322
32113,9/1/2016 0:00,12,32,322
32114,9/1/2016 1:00,12,32,322
32115,9/1/2016 2:00,12,32,322
32116,9/1/2016 3:00,12,32,322
32117,9/1/2016 4:00,12,32,322
32118,9/1/2016 5:00,12,32,322
32119,9/1/2016 6:00,12,32,322
32120,9/1/2016 7:00,12,30,322
32121,9/1/2016 8:00,12,32,322
32122,9/1/2016 9:00,12,30,322
32123,9/1/2016 10:00,12,32,322
32124,9/1/2016 11:00,12,32,322
32125,9/1/2016 12:00,12,30,322
32126,9/1/2016 13:00,12,32,322
32127,9/1/2016 14:00,12,32,322
32128,9/1/2016 15:00,11,32,322
32129,9/1/2016 16:00,12,32,322
32130,9/1/2016 17:00,12,32,322
32131,9/1/2016 18:00,12,32,322
32132,9/1/2016 19:00,12,32,322
32133,9/1/2016 20:00,12,32,322
32134,9/1/2016 21:00,12,32,322
32135,9/1/2016 22:00,12,32,322
32136,9/1/2016 23:00,12,32,322
32137,9/2/2016 0:00,12,32,322
32138,9/2/2016 1:00,13,32,321
32139,9/2/2016 2:00,12,32,322
32140,9/2/2016 3:00,12,32,322
32141,9/2/2016 4:00,12,32,322
32142,9/2/2016 5:00,11,30,322
32143,9/2/2016 6:00,11,32,322
32144,9/2/2016 7:00,12,32,321
32145,9/2/2016 8:00,12,32,321
32146,9/2/2016 9:00,12,32,321
32147,9/2/2016 10:00,12,32,321
32148,9/2/2016 11:00,12,34,321
32149,9/2/2016 12:00,11,32,321
32150,9/2/2016 13:00,11,32,321
32151,9/2/2016 14:00,12,32,321
32152,9/2/2016 15:00,12,32,321
32153,9/2/2016 16:00,12,34,321
32154,9/2/2016 17:00,11,32,321
32155,9/2/2016 18:00,12,32,321
32156,9/2/2016 19:00,12,32,321
32157,9/2/2016 20:00,12,32,321
32158,9/2/2016 21:00,11,32,321
32159,9/2/2016 22:00,12,32,321
32160,9/2/2016 23:00,12,32,321
32161,9/3/2016 0:00,11,32,321
32162,9/3/2016 1:00,12,30,321
32163,9/3/2016 2:00,12,32,321
32164,9/3/2016 3:00,12,32,321
32165,9/3/2016 4:00,12,34,321
32166,9/3/2016 5:00,12,32,321
32167,9/3/2016 6:00,12,32,321
32168,9/3/2016 7:00,12,32,321
32169,9/3/2016 8:00,12,32,321
32170,9/3/2016 9:00,12,32,321
32171,9/3/2016 10:00,11,32,321
32172,9/3/2016 11:00,12,32,321
32173,9/3/2016 12:00,12,32,321
32174,9/3/2016 13:00,13,32,321
32175,9/3/2016 14:00,11,32,321
32176,9/3/2016 15:00,12,32,321
32177,9/3/2016 16:00,12,32,321
32178,9/3/2016 17:00,11,32,321
32179,9/3/2016 18:00,11,30,321
32180,9/3/2016 19:00,12,32,321
32181,9/3/2016 20:00,11,32,321
32182,9/3/2016 21:00,12,32,321
32183,9/3/2016 22:00,12,32,321
32184,9/3/2016 23:00,11,32,321
32185,9/4/2016 0:00,11,32,320
32186,9/4/2016 1:00,12,34,321
32187,9/4/2016 2:00,11,32,321
32188,9/4/2016 3:00,12,32,321
32189,9/4/2016 4:00,12,30,321
32190,9/4/2016 5:00,11,32,320
32191,9/4/2016 6:00,12,32,321
32192,9/4/2016 7:00,11,32,321
32193,9/4/2016 8:00,12,32,320
32194,9/4/2016 9:00,12,32,321
32195,9/4/2016 10:00,12,30,321
32196,9/4/2016 11:00,11,32,321
32197,9/4/2016 12:00,12,32,321
32198,9/4/2016 13:00,11,32,320
32199,9/4/2016 14:00,12,32,321
32200,9/4/2016 15:00,12,32,321
32201,9/4/2016 16:00,11,32,321
32202,9/4/2016 17:00,11,32,321
32203,9/4/2016 18:00,13,32,321
32204,9/4/2016 19:00,12,32,321
32205,9/4/2016 20:00,11,32,321
32206,9/4/2016 21:00,12,32,321
32207,9/4/2016 22:00,12,32,321
32208,9/4/2016 23:00,12,32,321
32209,9/5/2016 0:00,12,32,321
32210,9/5/2016 1:00,12,32,320
32211,9/5/2016 2:00,12,32,320
32212,9/5/2016 3:00,12,32,320
32213,9/5/2016 4:00,11,32,320
32214,9/5/2016 5:00,12,32,320
32215,9/5/2016 6:00,12,32,321
32216,9/5/2016 7:00,12,32,320
32217,9/5/2016 8:00,12,32,320
32218,9/5/2016 9:00,12,30,320
32219,9/5/2016 10:00,12,32,320
32220,9/5/2016 11:00,11,32,320
32221,9/5/2016 12:00,12,32,320
32222,9/5/2016 13:00,11,32,320
32223,9/5/2016 14:00,11,32,320
32224,9/5/2016 15:00,11,32,320
32225,9/5/2016 16:00,11,32,320
32226,9/5/2016 17:00,12,32,320
32227,9/5/2016 18:00,12,32,320
32228,9/5/2016 19:00,12,32,320
32229,9/5/2016 20:00,12,30,320
32230,9/5/2016 21:00,12,32,320
32231,9/5/2016 22:00,11,32,320
32232,9/5/2016 23:00,12,32,320
32233,9/6/2016 0:00,12,32,319
32234,9/6/2016 1:00,12,32,320
32235,9/6/2016 2:00,13,32,320
32236,9/6/2016 3:00,11,32,320
32237,9/6/2016 4:00,12,32,320
32238,9/6/2016 5:00,11,32,320
32239,9/6/2016 6:00,11,32,320
32240,9/6/2016 7:00,12,32,320
32241,9/6/2016 8:00,11,32,320
32242,9/6/2016 9:00,11,32,320
32243,9/6/2016 10:00,12,32,320
32244,9/6/2016 11:00,12,32,319
32245,9/6/2016 12:00,12,32,320
32246,9/6/2016 13:00,12,32,319
32247,9/6/2016 14:00,12,32,319
32248,9/6/2016 15:00,12,32,319
32249,9/6/2016 16:00,12,32,319
32250,9/6/2016 17:00,12,30,319
32251,9/6/2016 18:00,12,32,319
32252,9/6/2016 19:00,12,30,319
32253,9/6/2016 20:00,11,32,319
32254,9/6/2016 21:00,11,32,319
32255,9/6/2016 22:00,12,32,319
32256,9/6/2016 23:00,12,32,319
32257,9/7/2016 0:00,12,32,319
32258,9/7/2016 1:00,12,32,319
32259,9/7/2016 2:00,12,32,319
32260,9/7/2016 3:00,11,32,319
32261,9/7/2016 4:00,11,32,319
32262,9/7/2016 5:00,12,32,319
32263,9/7/2016 6:00,12,33,319
32264,9/7/2016 7:00,11,32,319
32265,9/7/2016 8:00,11,32,319
32266,9/7/2016 9:00,12,32,319
32267,9/7/2016 10:00,11,32,319
32268,9/7/2016 11:00,11,32,319
32269,9/7/2016 12:00,12,32,319
32270,9/7/2016 13:00,11,30,319
32271,9/7/2016 14:00,12,32,319
32272,9/7/2016 15:00,11,32,319
32273,9/7/2016 16:00,11,32,319
32274,9/7/2016 17:00,12,32,319
32275,9/7/2016 18:00,12,32,319
32276,9/7/2016 19:00,11,32,319
32277,9/7/2016 20:00,12,30,319
32278,9/7/2016 21:00,11,32,319
32279,9/7/2016 22:00,12,33,319
32280,9/7/2016 23:00,12,32,319
32281,9/8/2016 0:00,11,32,319
32282,9/8/2016 1:00,11,32,319
32283,9/8/2016 2:00,12,32,318
32284,9/8/2016 3:00,11,32,319
32285,9/8/2016 4:00,12,32,319
32286,9/8/2016 5:00,12,32,318
32287,9/8/2016 6:00,11,32,319
32288,9/8/2016 7:00,12,32,318
32289,9/8/2016 8:00,12,30,318
32290,9/8/2016 9:00,11,32,318
32291,9/8/2016 10:00,11,32,318
32292,9/8/2016 11:00,12,34,318
32293,9/8/2016 12:00,11,32,318
32294,9/8/2016 13:00,12,32,318
32295,9/8/2016 14:00,12,30,318
32296,9/8/2016 15:00,11,32,318
32297,9/8/2016 16:00,12,32,318
32298,9/8/2016 17:00,12,32,318
32299,9/8/2016 18:00,11,32,318
32300,9/8/2016 19:00,12,32,318
32301,9/8/2016 20:00,12,32,318
32302,9/8/2016 21:00,11,32,318
32303,9/8/2016 22:00,12,32,318
32304,9/8/2016 23:00,12,32,318
32305,9/9/2016 0:00,11,32,318
32306,9/9/2016 1:00,12,32,318
32307,9/9/2016 2:00,11,32,318
32308,9/9/2016 3:00,12,32,318
32309,9/9/2016 4:00,11,32,318
32310,9/9/2016 5:00,12,30,318
32311,9/9/2016 6:00,11,32,318
32312,9/9/2016 7:00,12,30,318
32313,9/9/2016 8:00,12,32,318
32314,9/9/2016 9:00,12,32,317
32315,9/9/2016 10:00,12,32,318
32316,9/9/2016 11:00,12,34,318
32317,9/9/2016 12:00,12,32,318
32318,9/9/2016 13:00,11,32,318
32319,9/9/2016 14:00,11,32,318
32320,9/9/2016 15:00,11,32,318
32321,9/9/2016 16:00,12,32,318
32322,9/9/2016 17:00,11,32,317
32323,9/9/2016 18:00,12,32,317
32324,9/9/2016 19:00,12,32,317
32325,9/9/2016 20:00,12,30,317
32326,9/9/2016 21:00,12,32,316
32327,9/9/2016 22:00,12,32,316
32328,9/9/2016 23:00,11,30,317
32329,9/10/2016 0:00,12,30,316
32330,9/10/2016 1:00,13,32,316
32331,9/10/2016 2:00,13,32,316
32332,9/10/2016 3:00,12,32,316
32333,9/10/2016 4:00,11,32,316
32334,9/10/2016 5:00,12,32,316
32335,9/10/2016 6:00,12,32,316
32336,9/10/2016 7:00,11,32,316
32337,9/10/2016 8:00,12,32,316
32338,9/10/2016 9:00,12,32,316
32339,9/10/2016 10:00,12,32,316
32340,9/10/2016 11:00,13,32,316
32341,9/10/2016 12:00,12,32,316
32342,9/10/2016 13:00,12,32,316
32343,9/10/2016 14:00,12,32,316
32344,9/10/2016 15:00,12,34,316
32345,9/10/2016 16:00,12,32,316
32346,9/10/2016 17:00,12,32,316
32347,9/10/2016 18:00,12,32,316
32348,9/10/2016 19:00,12,32,316
32349,9/10/2016 20:00,11,32,316
32350,9/10/2016 21:00,12,32,316
32351,9/10/2016 22:00,12,32,316
32352,9/10/2016 23:00,11,32,316
32353,9/11/2016 0:00,12,32,316
32354,9/11/2016 1:00,12,32,316
32355,9/11/2016 2:00,11,32,316
32356,9/11/2016 3:00,12,32,316
32357,9/11/2016 4:00,13,32,316
32358,9/11/2016 5:00,12,34,316
32359,9/11/2016 6:00,11,30,316
32360,9/11/2016 7:00,12,32,316
32361,9/11/2016 8:00,12,32,316
32362,9/11/2016 9:00,12,32,316
32363,9/11/2016 10:00,11,32,316
32364,9/11/2016 11:00,12,32,316
32365,9/11/2016 12:00,12,32,316
32366,9/11/2016 13:00,11,32,316
32367,9/11/2016 14:00,12,33,316
32368,9/11/2016 15:00,12,31,316
32369,9/11/2016 16:00,12,32,316
32370,9/11/2016 17:00,12,33,316
32371,9/11/2016 18:00,12,33,316
32372,9/11/2016 19:00,12,33,316
32373,9/11/2016 20:00,12,33,316
32374,9/11/2016 21:00,12,34,316
32375,9/11/2016 22:00,12,33,316
32376,9/11/2016 23:00,12,33,316
32377,9/12/2016 0:00,12,33,316
32378,9/12/2016 1:00,12,33,316
32379,9/12/2016 2:00,11,33,316
32380,9/12/2016 3:00,11,34,316
32381,9/12/2016 4:00,11,33,316
32382,9/12/2016 5:00,11,33,316
32383,9/12/2016 6:00,12,33,316
32384,9/12/2016 7:00,12,33,316
32385,9/12/2016 8:00,12,33,316
32386,9/12/2016 9:00,12,33,316
32387,9/12/2016 10:00,12,33,316
32388,9/12/2016 11:00,12,34,316
32389,9/12/2016 12:00,12,33,316
32390,9/12/2016 13:00,12,33,316
32391,9/12/2016 14:00,11,33,316
32392,9/12/2016 15:00,12,33,316
32393,9/12/2016 16:00,12,33,316
32394,9/12/2016 17:00,12,33,316
32395,9/12/2016 18:00,12,33,316
32396,9/12/2016 19:00,13,33,316
32397,9/12/2016 20:00,12,33,316
32398,9/12/2016 21:00,12,33,316
32399,9/12/2016 22:00,12,34,316
32400,9/12/2016 23:00,12,33,316
32401,9/13/2016 0:00,12,33,316
32402,9/13/2016 1:00,12,33,316
32403,9/13/2016 2:00,11,33,316
32404,9/13/2016 3:00,12,33,316
32405,9/13/2016 4:00,12,33,316
32406,9/13/2016 5:00,12,33,316
32407,9/13/2016 6:00,12,33,316
32408,9/13/2016 7:00,12,33,316
32409,9/13/2016 8:00,12,33,316
32410,9/13/2016 9:00,12,33,316
32411,9/13/2016 10:00,12,33,316
32412,9/13/2016 11:00,12,33,316
32413,9/13/2016 12:00,12,33,316
32414,9/13/2016 13:00,12,33,316
32415,9/13/2016 14:00,12,33,316
32416,9/13/2016 15:00,12,33,316
32417,9/13/2016 16:00,12,33,316
32418,9/13/2016 17:00,12,33,316
32419,9/13/2016 18:00,13,33,316
32420,9/13/2016 19:00,12,33,316
32421,9/13/2016 20:00,12,33,316
32422,9/13/2016 21:00,12,33,316
32423,9/13/2016 22:00,11,33,316
32424,9/13/2016 23:00,11,33,316
32425,9/14/2016 0:00,11,33,316
32426,9/14/2016 1:00,12,33,316
32427,9/14/2016 2:00,11,33,315
32428,9/14/2016 3:00,11,33,315
32429,9/14/2016 4:00,12,33,315
32430,9/14/2016 5:00,12,33,315
32431,9/14/2016 6:00,11,33,315
32432,9/14/2016 7:00,12,33,315
32433,9/14/2016 8:00,11,33,315
32434,9/14/2016 9:00,12,33,315
32435,9/14/2016 10:00,12,33,315
32436,9/14/2016 11:00,12,34,315
32437,9/14/2016 12:00,12,33,315
32438,9/14/2016 13:00,12,33,315
32439,9/14/2016 14:00,11,33,315
32440,9/14/2016 15:00,11,33,315
32441,9/14/2016 16:00,11,33,315
32442,9/14/2016 17:00,12,34,315
32443,9/14/2016 18:00,11,33,315
32444,9/14/2016 19:00,12,33,315
32445,9/14/2016 20:00,11,33,315
32446,9/14/2016 21:00,12,33,315
32447,9/14/2016 22:00,11,33,315
32448,9/14/2016 23:00,12,33,315
32449,9/15/2016 0:00,11,33,315
32450,9/15/2016 1:00,12,33,315
32451,9/15/2016 2:00,11,33,315
32452,9/15/2016 3:00,12,33,315
32453,9/15/2016 4:00,12,33,315
32454,9/15/2016 5:00,11,33,315
32455,9/15/2016 6:00,12,31,315
32456,9/15/2016 7:00,12,33,315
32457,9/15/2016 8:00,12,34,315
32458,9/15/2016 9:00,12,33,315
32459,9/15/2016 10:00,11,33,315
32460,9/15/2016 11:00,12,33,315
32461,9/15/2016 12:00,12,33,315
32462,9/15/2016 13:00,12,33,314
32463,9/15/2016 14:00,12,33,314
32464,9/15/2016 15:00,11,33,314
32465,9/15/2016 16:00,12,33,314
32466,9/15/2016 17:00,11,33,314
32467,9/15/2016 18:00,12,33,314
32468,9/15/2016 19:00,11,33,313
32469,9/15/2016 20:00,11,33,313
32470,9/15/2016 21:00,11,33,313
32471,9/15/2016 22:00,12,33,313
32472,9/15/2016 23:00,11,33,313
32473,9/16/2016 0:00,12,33,313
32474,9/16/2016 1:00,12,33,313
32475,9/16/2016 2:00,12,33,313
32476,9/16/2016 3:00,12,33,313
32477,9/16/2016 4:00,11,33,313
32478,9/16/2016 5:00,11,33,313
32479,9/16/2016 6:00,12,34,313
32480,9/16/2016 7:00,12,33,313
32481,9/16/2016 8:00,12,33,313
32482,9/16/2016 9:00,12,33,313
32483,9/16/2016 10:00,12,33,313
32484,9/16/2016 11:00,12,33,313
32485,9/16/2016 12:00,12,33,313
32486,9/16/2016 13:00,12,33,313
32487,9/16/2016 14:00,11,33,313
32488,9/16/2016 15:00,12,33,313
32489,9/16/2016 16:00,12,33,313
32490,9/16/2016 17:00,12,33,313
32491,9/16/2016 18:00,11,33,313
32492,9/16/2016 19:00,12,33,313
32493,9/16/2016 20:00,11,33,313
32494,9/16/2016 21:00,12,33,313
32495,9/16/2016 22:00,11,33,313
32496,9/16/2016 23:00,12,33,313
32497,9/17/2016 0:00,11,33,313
32498,9/17/2016 1:00,11,33,313
32499,9/17/2016 2:00,12,33,313
32500,9/17/2016 3:00,12,33,313
32501,9/17/2016 4:00,11,33,313
32502,9/17/2016 5:00,12,33,313
32503,9/17/2016 6:00,11,33,313
32504,9/17/2016 7:00,12,33,312
32505,9/17/2016 8:00,11,33,313
32506,9/17/2016 9:00,12,33,313
32507,9/17/2016 10:00,11,33,313
32508,9/17/2016 11:00,11,33,312
32509,9/17/2016 12:00,11,33,313
32510,9/17/2016 13:00,12,33,312
32511,9/17/2016 14:00,11,33,312
32512,9/17/2016 15:00,12,33,312
32513,9/17/2016 16:00,12,33,312
32514,9/17/2016 17:00,11,33,312
32515,9/17/2016 18:00,11,33,312
32516,9/17/2016 19:00,12,33,312
32517,9/17/2016 20:00,12,33,312
32518,9/17/2016 21:00,12,33,312
32519,9/17/2016 22:00,12,33,312
32520,9/17/2016 23:00,12,33,312
32521,9/18/2016 0:00,11,33,312
32522,9/18/2016 1:00,12,33,312
32523,9/18/2016 2:00,12,33,312
32524,9/18/2016 3:00,12,33,312
32525,9/18/2016 4:00,12,33,312
32526,9/18/2016 5:00,12,33,312
32527,9/18/2016 6:00,11,33,312
32528,9/18/2016 7:00,12,33,312
32529,9/18/2016 8:00,12,33,312
32530,9/18/2016 9:00,12,33,312
32531,9/18/2016 10:00,12,33,312
32532,9/18/2016 11:00,12,33,312
32533,9/18/2016 12:00,12,33,312
32534,9/18/2016 13:00,11,33,312
32535,9/18/2016 14:00,12,33,312
32536,9/18/2016 15:00,12,33,312
32537,9/18/2016 16:00,12,33,312
32538,9/18/2016 17:00,12,33,312
32539,9/18/2016 18:00,12,33,312
32540,9/18/2016 19:00,11,33,312
32541,9/18/2016 20:00,12,33,312
32542,9/18/2016 21:00,12,33,312
32543,9/18/2016 22:00,11,33,312
32544,9/18/2016 23:00,12,33,312
32545,9/19/2016 0:00,12,33,312
32546,9/19/2016 1:00,11,33,312
32547,9/19/2016 2:00,12,33,312
32548,9/19/2016 3:00,11,33,312
32549,9/19/2016 4:00,12,33,312
32550,9/19/2016 5:00,12,33,312
32551,9/19/2016 6:00,12,33,311
32552,9/19/2016 7:00,11,33,312
32553,9/19/2016 8:00,12,33,311
32554,9/19/2016 9:00,11,33,311
32555,9/19/2016 10:00,12,33,311
32556,9/19/2016 11:00,11,33,311
32557,9/19/2016 12:00,11,33,311
32558,9/19/2016 13:00,11,33,311
32559,9/19/2016 14:00,12,33,311
32560,9/19/2016 15:00,12,33,311
32561,9/19/2016 16:00,12,33,311
32562,9/19/2016 17:00,12,33,311
32563,9/19/2016 18:00,12,30,311
32564,9/19/2016 19:00,12,30,311
32565,9/19/2016 20:00,12,30,311
32566,9/19/2016 21:00,12,30,311
32567,9/19/2016 22:00,12,30,311
32568,9/19/2016 23:00,12,30,311
32569,9/20/2016 0:00,12,30,311
32570,9/20/2016 1:00,12,30,311
32571,9/20/2016 2:00,12,30,311
32572,9/20/2016 3:00,11,30,311
32573,9/20/2016 4:00,12,30,311
32574,9/20/2016 5:00,12,30,311
32575,9/20/2016 6:00,12,30,311
32576,9/20/2016 7:00,12,30,311
32577,9/20/2016 8:00,11,30,311
32578,9/20/2016 9:00,11,30,311
32579,9/20/2016 10:00,12,30,311
32580,9/20/2016 11:00,12,30,310
32581,9/20/2016 12:00,12,30,310
32582,9/20/2016 13:00,11,30,310
32583,9/20/2016 14:00,12,30,310
32584,9/20/2016 15:00,12,30,310
32585,9/20/2016 16:00,12,30,310
32586,9/20/2016 17:00,11,30,310
32587,9/20/2016 18:00,12,30,310
32588,9/20/2016 19:00,12,30,309
32589,9/20/2016 20:00,12,30,309
32590,9/20/2016 21:00,12,30,309
32591,9/20/2016 22:00,12,30,309
32592,9/20/2016 23:00,12,30,309
32593,9/21/2016 0:00,12,31,309
32594,9/21/2016 1:00,12,30,309
32595,9/21/2016 2:00,12,31,309
32596,9/21/2016 3:00,12,30,309
32597,9/21/2016 4:00,12,31,308
32598,9/21/2016 5:00,12,31,308
32599,9/21/2016 6:00,12,31,308
32600,9/21/2016 7:00,12,30,308
32601,9/21/2016 8:00,12,31,308
32602,9/21/2016 9:00,12,31,308
32603,9/21/2016 10:00,12,31,308
32604,9/21/2016 11:00,11,31,308
32605,9/21/2016 12:00,12,31,307
32606,9/21/2016 13:00,11,31,307
32607,9/21/2016 14:00,12,31,307
32608,9/21/2016 15:00,12,31,306
32609,9/21/2016 16:00,12,31,306
32610,9/21/2016 17:00,12,31,306
32611,9/21/2016 18:00,12,31,304
32612,9/21/2016 19:00,11,31,304
32613,9/21/2016 20:00,12,31,304
32614,9/21/2016 21:00,12,31,304
32615,9/21/2016 22:00,12,31,303
32616,9/21/2016 23:00,12,31,303
32617,9/22/2016 0:00,11,31,303
32618,9/22/2016 1:00,12,31,303
32619,9/22/2016 2:00,12,31,303
32620,9/22/2016 3:00,12,31,302
32621,9/22/2016 4:00,12,31,302
32622,9/22/2016 5:00,11,31,301
32623,9/22/2016 6:00,12,31,302
32624,9/22/2016 7:00,12,31,301
32625,9/22/2016 8:00,12,31,302
32626,9/22/2016 9:00,12,31,303
32627,9/22/2016 10:00,11,31,303
32628,9/22/2016 11:00,12,31,303
32629,9/22/2016 12:00,12,31,304
32630,9/22/2016 13:00,13,31,304
32631,9/22/2016 14:00,12,31,304
32632,9/22/2016 15:00,11,31,304
32633,9/22/2016 16:00,12,31,304
32634,9/22/2016 17:00,11,31,305
32635,9/22/2016 18:00,12,31,306
32636,9/22/2016 19:00,11,31,306
32637,9/22/2016 20:00,12,31,307
32638,9/22/2016 21:00,12,31,307
32639,9/22/2016 22:00,12,31,306
32640,9/22/2016 23:00,12,31,307
32641,9/23/2016 0:00,12,31,307
32642,9/23/2016 1:00,12,31,307
32643,9/23/2016 2:00,12,31,306
32644,9/23/2016 3:00,12,31,307
32645,9/23/2016 4:00,12,31,306
32646,9/23/2016 5:00,11,31,305
32647,9/23/2016 6:00,12,31,307
32648,9/23/2016 7:00,12,31,308
32649,9/23/2016 8:00,12,31,307
32650,9/23/2016 9:00,12,31,308
32651,9/23/2016 10:00,11,31,308
32652,9/23/2016 11:00,11,31,308
32653,9/23/2016 12:00,12,31,308
32654,9/23/2016 13:00,12,31,308
32655,9/23/2016 14:00,11,31,308
32656,9/23/2016 15:00,12,31,308
32657,9/23/2016 16:00,12,31,308
32658,9/23/2016 17:00,12,31,308
32659,9/23/2016 18:00,12,31,308
32660,9/23/2016 19:00,12,31,308
32661,9/23/2016 20:00,12,31,308
32662,9/23/2016 21:00,12,31,308
32663,9/23/2016 22:00,12,31,308
32664,9/23/2016 23:00,12,31,308
32665,9/24/2016 0:00,12,31,308
32666,9/24/2016 1:00,12,31,308
32667,9/24/2016 2:00,12,31,308
32668,9/24/2016 3:00,12,31,308
32669,9/24/2016 4:00,12,31,308
32670,9/24/2016 5:00,12,31,308
32671,9/24/2016 6:00,12,31,308
32672,9/24/2016 7:00,12,31,308
32673,9/24/2016 8:00,12,31,308
32674,9/24/2016 9:00,12,31,308
32675,9/24/2016 10:00,11,31,308
32676,9/24/2016 11:00,12,33,308
32677,9/24/2016 12:00,12,31,308
32678,9/24/2016 13:00,12,31,307
32679,9/24/2016 14:00,12,31,308
32680,9/24/2016 15:00,12,31,307
32681,9/24/2016 16:00,12,31,308
32682,9/24/2016 17:00,12,31,307
32683,9/24/2016 18:00,12,31,307
32684,9/24/2016 19:00,12,31,307
32685,9/24/2016 20:00,12,31,307
32686,9/24/2016 21:00,12,31,307
32687,9/24/2016 22:00,12,31,306
32688,9/24/2016 23:00,12,31,306
32689,9/25/2016 0:00,11,31,306
32690,9/25/2016 1:00,11,31,306
32691,9/25/2016 2:00,12,31,306
32692,9/25/2016 3:00,12,31,305
32693,9/25/2016 4:00,12,31,305
32694,9/25/2016 5:00,12,31,304
32695,9/25/2016 6:00,12,31,304
32696,9/25/2016 7:00,12,31,306
32697,9/25/2016 8:00,12,31,304
32698,9/25/2016 9:00,11,31,305
32699,9/25/2016 10:00,12,31,305
32700,9/25/2016 11:00,12,31,304
32701,9/25/2016 12:00,12,31,304
32702,9/25/2016 13:00,12,31,306
32703,9/25/2016 14:00,12,31,306
32704,9/25/2016 15:00,12,31,306
32705,9/25/2016 16:00,12,31,307
32706,9/25/2016 17:00,12,31,307
32707,9/25/2016 18:00,12,31,307
32708,9/25/2016 19:00,12,31,307
32709,9/25/2016 20:00,12,31,307
32710,9/25/2016 21:00,11,31,307
32711,9/25/2016 22:00,12,31,307
32712,9/25/2016 23:00,11,31,306
32713,9/26/2016 0:00,11,31,306
32714,9/26/2016 1:00,12,31,305
32715,9/26/2016 2:00,12,31,304
32716,9/26/2016 3:00,12,31,305
32717,9/26/2016 4:00,12,31,304
32718,9/26/2016 5:00,12,31,304
32719,9/26/2016 6:00,11,31,304
32720,9/26/2016 7:00,12,31,305
32721,9/26/2016 8:00,12,31,306
32722,9/26/2016 9:00,12,31,306
32723,9/26/2016 10:00,12,31,304
32724,9/26/2016 11:00,11,31,304
32725,9/26/2016 12:00,12,31,304
32726,9/26/2016 13:00,11,31,304
32727,9/26/2016 14:00,12,31,304
32728,9/26/2016 15:00,12,31,304
32729,9/26/2016 16:00,12,31,304
32730,9/26/2016 17:00,12,31,304
32731,9/26/2016 18:00,11,31,304
32732,9/26/2016 19:00,11,31,304
32733,9/26/2016 20:00,11,31,304
32734,9/26/2016 21:00,12,31,304
32735,9/26/2016 22:00,11,31,304
32736,9/26/2016 23:00,12,31,304
32737,9/27/2016 0:00,11,31,304
32738,9/27/2016 1:00,11,31,304
32739,9/27/2016 2:00,11,31,304
32740,9/27/2016 3:00,11,31,304
32741,9/27/2016 4:00,11,31,304
32742,9/27/2016 5:00,11,31,303
32743,9/27/2016 6:00,11,31,303
32744,9/27/2016 7:00,11,31,303
32745,9/27/2016 8:00,11,31,303
32746,9/27/2016 9:00,11,31,304
32747,9/27/2016 10:00,11,31,303
32748,9/27/2016 11:00,11,31,303
32749,9/27/2016 12:00,11,31,303
32750,9/27/2016 13:00,11,31,302
32751,9/27/2016 14:00,12,31,302
32752,9/27/2016 15:00,11,32,302
32753,9/27/2016 16:00,12,31,302
32754,9/27/2016 17:00,11,31,302
32755,9/27/2016 18:00,11,31,302
32756,9/27/2016 19:00,12,31,301
32757,9/27/2016 20:00,11,32,301
32758,9/27/2016 21:00,11,32,301
32759,9/27/2016 22:00,11,31,302
32760,9/27/2016 23:00,11,31,301
32761,9/28/2016 0:00,11,31,302
32762,9/28/2016 1:00,11,31,301
32763,9/28/2016 2:00,11,32,301
32764,9/28/2016 3:00,11,31,301
32765,9/28/2016 4:00,11,32,301
32766,9/28/2016 5:00,11,32,301
32767,9/28/2016 6:00,11,32,301
32768,9/28/2016 7:00,11,32,301
32769,9/28/2016 8:00,11,32,301
32770,9/28/2016 9:00,11,32,300
32771,9/28/2016 10:00,11,32,300
32772,9/28/2016 11:00,11,32,300
32773,9/28/2016 12:00,11,32,300
32774,9/28/2016 13:00,11,32,301
32775,9/28/2016 14:00,11,32,300
32776,9/28/2016 15:00,11,32,300
32777,9/28/2016 16:00,11,32,300
32778,9/28/2016 17:00,11,32,300
32779,9/28/2016 18:00,11,32,300
32780,9/28/2016 19:00,11,32,300
32781,9/28/2016 20:00,11,32,300
32782,9/28/2016 21:00,11,32,300
32783,9/28/2016 22:00,11,32,301
32784,9/28/2016 23:00,12,32,300
32785,9/29/2016 0:00,12,32,301
32786,9/29/2016 1:00,11,32,300
32787,9/29/2016 2:00,11,32,300
32788,9/29/2016 3:00,11,32,300
32789,9/29/2016 4:00,11,32,300
32790,9/29/2016 5:00,11,32,300
32791,9/29/2016 6:00,11,32,300
32792,9/29/2016 7:00,11,32,300
32793,9/29/2016 8:00,11,32,300
32794,9/29/2016 9:00,11,32,300
32795,9/29/2016 10:00,11,32,300
32796,9/29/2016 11:00,11,32,300
32797,9/29/2016 12:00,11,32,300
32798,9/29/2016 13:00,11,32,300
32799,9/29/2016 14:00,11,32,300
32800,9/29/2016 15:00,11,32,300
32801,9/29/2016 16:00,11,32,300
32802,9/29/2016 17:00,11,32,301
32803,9/29/2016 18:00,11,32,301
32804,9/29/2016 19:00,11,32,301
32805,9/29/2016 20:00,11,32,302
32806,9/29/2016 21:00,11,32,301
32807,9/29/2016 22:00,11,32,301
32808,9/29/2016 23:00,11,32,301
32809,9/30/2016 0:00,11,32,300
32810,9/30/2016 1:00,11,32,300
32811,9/30/2016 2:00,11,32,300
32812,9/30/2016 3:00,11,32,299
32813,9/30/2016 4:00,11,32,300
32814,9/30/2016 5:00,11,32,300
32815,9/30/2016 6:00,11,32,300
32816,9/30/2016 7:00,11,30,300
32817,9/30/2016 8:00,11,32,299
32818,9/30/2016 9:00,11,32,299
32819,9/30/2016 10:00,11,32,298
32820,9/30/2016 11:00,11,32,299
32821,9/30/2016 12:00,11,32,300
32822,9/30/2016 13:00,11,32,300
32823,9/30/2016 14:00,11,32,300
32824,9/30/2016 15:00,11,32,299
32825,9/30/2016 16:00,11,32,301
32826,9/30/2016 17:00,11,32,300
32827,9/30/2016 18:00,11,32,299
32828,9/30/2016 19:00,11,30,299
32829,9/30/2016 20:00,11,32,299
32830,9/30/2016 21:00,11,32,300
32831,9/30/2016 22:00,11,32,299
32832,9/30/2016 23:00,11,32,299
32833,10/1/2016 0:00,11,32,299
32834,10/1/2016 1:00,11,32,299
32835,10/1/2016 2:00,11,32,299
32836,10/1/2016 3:00,11,32,299
32837,10/1/2016 4:00,11,32,299
32838,10/1/2016 5:00,11,32,298
32839,10/1/2016 6:00,11,32,299
32840,10/1/2016 7:00,11,32,299
32841,10/1/2016 8:00,11,32,299
32842,10/1/2016 9:00,11,32,299
32843,10/1/2016 10:00,11,32,299
32844,10/1/2016 11:00,11,30,299
32845,10/1/2016 12:00,11,32,299
32846,10/1/2016 13:00,11,32,300
32847,10/1/2016 14:00,11,32,298
32848,10/1/2016 15:00,11,32,298
32849,10/1/2016 16:00,11,32,299
32850,10/1/2016 17:00,11,32,299
32851,10/1/2016 18:00,11,32,298
32852,10/1/2016 19:00,11,32,298
32853,10/1/2016 20:00,11,32,298
32854,10/1/2016 21:00,11,32,298
32855,10/1/2016 22:00,11,32,297
32856,10/1/2016 23:00,11,32,295
32857,10/2/2016 0:00,11,32,296
32858,10/2/2016 1:00,11,32,297
32859,10/2/2016 2:00,11,32,296
32860,10/2/2016 3:00,11,32,296
32861,10/2/2016 4:00,11,32,296
32862,10/2/2016 5:00,11,32,297
32863,10/2/2016 6:00,11,32,296
32864,10/2/2016 7:00,11,32,297
32865,10/2/2016 8:00,11,32,295
32866,10/2/2016 9:00,11,32,296
32867,10/2/2016 10:00,11,32,296
32868,10/2/2016 11:00,11,32,296
32869,10/2/2016 12:00,11,32,295
32870,10/2/2016 13:00,11,32,295
32871,10/2/2016 14:00,12,32,295
32872,10/2/2016 15:00,11,32,295
32873,10/2/2016 16:00,11,32,294
32874,10/2/2016 17:00,11,32,294
32875,10/2/2016 18:00,11,32,295
32876,10/2/2016 19:00,11,32,294
32877,10/2/2016 20:00,11,32,295
32878,10/2/2016 21:00,11,32,295
32879,10/2/2016 22:00,11,32,295
32880,10/2/2016 23:00,11,32,294
32881,10/3/2016 0:00,11,32,294
32882,10/3/2016 1:00,11,32,293
32883,10/3/2016 2:00,11,32,294
32884,10/3/2016 3:00,11,32,294
32885,10/3/2016 4:00,11,32,294
32886,10/3/2016 5:00,11,32,291
32887,10/3/2016 6:00,11,32,292
32888,10/3/2016 7:00,11,32,291
32889,10/3/2016 8:00,11,32,293
32890,10/3/2016 9:00,11,32,291
32891,10/3/2016 10:00,11,32,291
32892,10/3/2016 11:00,11,32,291
32893,10/3/2016 12:00,11,32,288
32894,10/3/2016 13:00,11,32,288
32895,10/3/2016 14:00,11,32,287
32896,10/3/2016 15:00,11,32,274
32897,10/3/2016 16:00,11,32,282
32898,10/3/2016 17:00,11,32,283
32899,10/3/2016 18:00,11,32,282
32900,10/3/2016 19:00,11,32,283
32901,10/3/2016 20:00,11,32,283
32902,10/3/2016 21:00,11,30,283
32903,10/3/2016 22:00,11,32,283
32904,10/3/2016 23:00,11,32,283
32905,10/4/2016 0:00,11,32,283
32906,10/4/2016 1:00,11,32,283
32907,10/4/2016 2:00,11,32,283
32908,10/4/2016 3:00,11,32,283
32909,10/4/2016 4:00,11,32,283
32910,10/4/2016 5:00,11,32,283
32911,10/4/2016 6:00,11,32,283
32912,10/4/2016 7:00,12,32,284
32913,10/4/2016 8:00,11,32,283
32914,10/4/2016 9:00,11,32,283
32915,10/4/2016 10:00,11,32,284
32916,10/4/2016 11:00,11,32,285
32917,10/4/2016 12:00,11,32,285
32918,10/4/2016 13:00,11,32,285
32919,10/4/2016 14:00,11,34,284
32920,10/4/2016 15:00,11,32,284
32921,10/4/2016 16:00,11,32,284
32922,10/4/2016 17:00,11,32,284
32923,10/4/2016 18:00,11,32,284
32924,10/4/2016 19:00,11,32,283
32925,10/4/2016 20:00,11,32,284
32926,10/4/2016 21:00,11,32,283
32927,10/4/2016 22:00,11,32,283
32928,10/4/2016 23:00,11,32,283
32929,10/5/2016 0:00,11,32,283
32930,10/5/2016 1:00,11,32,283
32931,10/5/2016 2:00,12,32,283
32932,10/5/2016 3:00,11,32,283
32933,10/5/2016 4:00,11,32,283
32934,10/5/2016 5:00,11,32,283
32935,10/5/2016 6:00,11,32,283
32936,10/5/2016 7:00,11,32,283
32937,10/5/2016 8:00,11,32,283
32938,10/5/2016 9:00,11,32,283
32939,10/5/2016 10:00,11,33,283
32940,10/5/2016 11:00,11,32,283
32941,10/5/2016 12:00,11,32,283
32942,10/5/2016 13:00,11,32,283
32943,10/5/2016 14:00,11,32,284
32944,10/5/2016 15:00,11,32,284
32945,10/5/2016 16:00,11,32,283
32946,10/5/2016 17:00,11,32,283
32947,10/5/2016 18:00,11,32,283
32948,10/5/2016 19:00,11,32,283
32949,10/5/2016 20:00,11,32,283
32950,10/5/2016 21:00,11,32,283
32951,10/5/2016 22:00,11,32,283
32952,10/5/2016 23:00,11,32,283
32953,10/6/2016 0:00,11,32,283
32954,10/6/2016 1:00,11,32,283
32955,10/6/2016 2:00,12,32,283
32956,10/6/2016 3:00,11,32,283
32957,10/6/2016 4:00,11,32,283
32958,10/6/2016 5:00,11,32,283
32959,10/6/2016 6:00,11,32,284
32960,10/6/2016 7:00,11,32,283
32961,10/6/2016 8:00,12,32,283
32962,10/6/2016 9:00,11,32,283
32963,10/6/2016 10:00,11,32,283
32964,10/6/2016 11:00,11,32,283
32965,10/6/2016 12:00,11,32,283
32966,10/6/2016 13:00,11,32,283
32967,10/6/2016 14:00,11,32,283
32968,10/6/2016 15:00,11,32,283
32969,10/6/2016 16:00,11,32,283
32970,10/6/2016 17:00,11,32,283
32971,10/6/2016 18:00,11,32,283
32972,10/6/2016 19:00,11,32,283
32973,10/6/2016 20:00,11,32,282
32974,10/6/2016 21:00,11,32,283
32975,10/6/2016 22:00,11,32,283
32976,10/6/2016 23:00,11,32,283
32977,10/7/2016 0:00,11,32,283
32978,10/7/2016 1:00,11,32,283
32979,10/7/2016 2:00,11,32,283
32980,10/7/2016 3:00,11,32,283
32981,10/7/2016 4:00,11,32,283
32982,10/7/2016 5:00,11,32,283
32983,10/7/2016 6:00,11,32,283
32984,10/7/2016 7:00,11,32,282
32985,10/7/2016 8:00,11,32,283
32986,10/7/2016 9:00,11,32,283
32987,10/7/2016 10:00,11,32,283
32988,10/7/2016 11:00,11,32,283
32989,10/7/2016 12:00,11,32,283
32990,10/7/2016 13:00,11,32,283
32991,10/7/2016 14:00,11,32,283
32992,10/7/2016 15:00,11,32,283
32993,10/7/2016 16:00,11,32,283
32994,10/7/2016 17:00,11,32,283
32995,10/7/2016 18:00,11,32,283
32996,10/7/2016 19:00,11,32,282
32997,10/7/2016 20:00,11,32,282
32998,10/7/2016 21:00,11,32,283
32999,10/7/2016 22:00,11,32,283
33000,10/7/2016 23:00,11,32,282
33001,10/8/2016 0:00,11,32,282
33002,10/8/2016 1:00,12,32,282
33003,10/8/2016 2:00,11,32,282
33004,10/8/2016 3:00,11,32,282
33005,10/8/2016 4:00,11,32,282
33006,10/8/2016 5:00,11,32,282
33007,10/8/2016 6:00,11,32,282
33008,10/8/2016 7:00,11,32,282
33009,10/8/2016 8:00,11,32,282
33010,10/8/2016 9:00,11,32,282
33011,10/8/2016 10:00,11,32,282
33012,10/8/2016 11:00,11,32,283
33013,10/8/2016 12:00,11,32,283
33014,10/8/2016 13:00,11,32,283
33015,10/8/2016 14:00,11,32,283
33016,10/8/2016 15:00,11,32,283
33017,10/8/2016 16:00,11,32,283
33018,10/8/2016 17:00,11,32,283
33019,10/8/2016 18:00,11,32,283
33020,10/8/2016 19:00,11,32,283
33021,10/8/2016 20:00,11,32,283
33022,10/8/2016 21:00,11,33,283
33023,10/8/2016 22:00,11,32,283
33024,10/8/2016 23:00,11,32,283
33025,10/9/2016 0:00,11,32,283
33026,10/9/2016 1:00,11,32,283
33027,10/9/2016 2:00,11,32,283
33028,10/9/2016 3:00,11,32,283
33029,10/9/2016 4:00,11,32,283
33030,10/9/2016 5:00,11,32,283
33031,10/9/2016 6:00,11,32,282
33032,10/9/2016 7:00,11,30,282
33033,10/9/2016 8:00,12,32,283
33034,10/9/2016 9:00,11,32,282
33035,10/9/2016 10:00,11,32,283
33036,10/9/2016 11:00,11,32,283
33037,10/9/2016 12:00,11,32,283
33038,10/9/2016 13:00,11,32,282
33039,10/9/2016 14:00,11,32,282
33040,10/9/2016 15:00,11,32,282
33041,10/9/2016 16:00,11,32,282
33042,10/9/2016 17:00,11,32,282
33043,10/9/2016 18:00,11,32,282
33044,10/9/2016 19:00,11,32,282
33045,10/9/2016 20:00,11,32,282
33046,10/9/2016 21:00,11,32,282
33047,10/9/2016 22:00,11,32,282
33048,10/9/2016 23:00,11,32,282
33049,10/10/2016 0:00,11,32,282
33050,10/10/2016 1:00,11,32,282
33051,10/10/2016 2:00,11,32,282
33052,10/10/2016 3:00,11,32,282
33053,10/10/2016 4:00,11,32,282
33054,10/10/2016 5:00,11,32,282
33055,10/10/2016 6:00,11,32,282
33056,10/10/2016 7:00,11,32,282
33057,10/10/2016 8:00,11,33,282
33058,10/10/2016 9:00,11,32,282
33059,10/10/2016 10:00,11,32,282
33060,10/10/2016 11:00,11,32,282
33061,10/10/2016 12:00,11,32,282
33062,10/10/2016 13:00,11,32,282
33063,10/10/2016 14:00,11,32,282
33064,10/10/2016 15:00,11,32,282
33065,10/10/2016 16:00,11,32,282
33066,10/10/2016 17:00,11,32,282
33067,10/10/2016 18:00,11,32,282
33068,10/10/2016 19:00,11,32,282
33069,10/10/2016 20:00,11,32,282
33070,10/10/2016 21:00,11,32,282
33071,10/10/2016 22:00,11,32,282
33072,10/10/2016 23:00,11,32,282
33073,10/11/2016 0:00,11,32,282
33074,10/11/2016 1:00,11,32,282
33075,10/11/2016 2:00,11,32,282
33076,10/11/2016 3:00,11,32,282
33077,10/11/2016 4:00,11,32,282
33078,10/11/2016 5:00,11,32,282
33079,10/11/2016 6:00,11,32,282
33080,10/11/2016 7:00,11,32,282
33081,10/11/2016 8:00,11,32,282
33082,10/11/2016 9:00,11,32,282
33083,10/11/2016 10:00,11,32,282
33084,10/11/2016 11:00,11,32,282
33085,10/11/2016 12:00,11,32,282
33086,10/11/2016 13:00,11,32,282
33087,10/11/2016 14:00,11,32,281
33088,10/11/2016 15:00,11,33,281
33089,10/11/2016 16:00,11,32,281
33090,10/11/2016 17:00,11,32,281
33091,10/11/2016 18:00,12,32,281
33092,10/11/2016 19:00,11,32,281
33093,10/11/2016 20:00,11,32,281
33094,10/11/2016 21:00,11,32,281
33095,10/11/2016 22:00,11,32,280
33096,10/11/2016 23:00,11,33,278
33097,10/12/2016 0:00,11,32,278
33098,10/12/2016 1:00,11,32,278
33099,10/12/2016 2:00,11,32,277
33100,10/12/2016 3:00,11,32,277
33101,10/12/2016 4:00,11,32,276
33102,10/12/2016 5:00,11,32,276
33103,10/12/2016 6:00,11,32,276
33104,10/12/2016 7:00,12,32,276
33105,10/12/2016 8:00,11,32,276
33106,10/12/2016 9:00,11,32,275
33107,10/12/2016 10:00,11,32,273
33108,10/12/2016 11:00,11,32,266
33109,10/12/2016 12:00,11,32,264
33110,10/12/2016 13:00,11,32,283
33111,10/12/2016 14:00,11,32,283
33112,10/12/2016 15:00,11,32,276
33113,10/12/2016 16:00,11,32,267
33114,10/12/2016 17:00,11,32,267
33115,10/12/2016 18:00,11,32,251
33116,10/12/2016 19:00,11,32,291
33117,10/12/2016 20:00,11,32,294
33118,10/12/2016 21:00,11,32,295
33119,10/12/2016 22:00,11,32,294
33120,10/12/2016 23:00,11,32,296
33121,10/13/2016 0:00,11,32,296
33122,10/13/2016 1:00,11,32,298
33123,10/13/2016 2:00,11,32,300
33124,10/13/2016 3:00,11,32,296
33125,10/13/2016 4:00,11,32,301
33126,10/13/2016 5:00,11,32,301
33127,10/13/2016 6:00,11,32,299
33128,10/13/2016 7:00,11,32,299
33129,10/13/2016 8:00,11,32,301
33130,10/13/2016 9:00,11,32,299
33131,10/13/2016 10:00,11,32,299
33132,10/13/2016 11:00,11,32,296
33133,10/13/2016 12:00,11,32,299
33134,10/13/2016 13:00,11,32,299
33135,10/13/2016 14:00,11,32,300
33136,10/13/2016 15:00,11,32,301
33137,10/13/2016 16:00,11,32,301
33138,10/13/2016 17:00,11,32,301
33139,10/13/2016 18:00,11,32,298
33140,10/13/2016 19:00,11,33,300
33141,10/13/2016 20:00,11,32,300
33142,10/13/2016 21:00,11,32,299
33143,10/13/2016 22:00,11,32,300
33144,10/13/2016 23:00,11,33,300
33145,10/14/2016 0:00,11,32,300
33146,10/14/2016 1:00,11,32,300
33147,10/14/2016 2:00,11,32,299
33148,10/14/2016 3:00,11,32,299
33149,10/14/2016 4:00,11,32,299
33150,10/14/2016 5:00,11,32,300
33151,10/14/2016 6:00,11,32,300
33152,10/14/2016 7:00,11,32,300
33153,10/14/2016 8:00,11,32,299
33154,10/14/2016 9:00,11,32,299
33155,10/14/2016 10:00,11,32,301
33156,10/14/2016 11:00,11,32,302
33157,10/14/2016 12:00,11,32,298
33158,10/14/2016 13:00,11,32,301
33159,10/14/2016 14:00,11,32,298
33160,10/14/2016 15:00,11,32,298
33161,10/14/2016 16:00,11,32,299
33162,10/14/2016 17:00,11,32,296
33163,10/14/2016 18:00,11,33,298
33164,10/14/2016 19:00,11,32,298
33165,10/14/2016 20:00,11,32,298
33166,10/14/2016 21:00,11,32,298
33167,10/14/2016 22:00,11,32,298
33168,10/14/2016 23:00,11,32,298
33169,10/15/2016 0:00,11,32,298
33170,10/15/2016 1:00,11,32,296
33171,10/15/2016 2:00,11,32,296
33172,10/15/2016 3:00,11,32,296
33173,10/15/2016 4:00,11,32,298
33174,10/15/2016 5:00,11,32,296
33175,10/15/2016 6:00,11,32,296
33176,10/15/2016 7:00,11,32,296
33177,10/15/2016 8:00,11,32,296
33178,10/15/2016 9:00,11,32,296
33179,10/15/2016 10:00,11,32,296
33180,10/15/2016 11:00,11,32,296
33181,10/15/2016 12:00,11,32,296
33182,10/15/2016 13:00,11,32,298
33183,10/15/2016 14:00,11,32,298
33184,10/15/2016 15:00,11,32,296
33185,10/15/2016 16:00,11,32,296
33186,10/15/2016 17:00,11,32,296
33187,10/15/2016 18:00,11,32,295
33188,10/15/2016 19:00,11,32,300
33189,10/15/2016 20:00,11,32,295
33190,10/15/2016 21:00,11,32,296
33191,10/15/2016 22:00,11,32,296
33192,10/15/2016 23:00,11,32,295
33193,10/16/2016 0:00,11,32,295
33194,10/16/2016 1:00,11,32,295
33195,10/16/2016 2:00,11,32,298
33196,10/16/2016 3:00,11,32,295
33197,10/16/2016 4:00,11,32,295
33198,10/16/2016 5:00,11,32,295
33199,10/16/2016 6:00,11,32,295
33200,10/16/2016 7:00,11,32,295
33201,10/16/2016 8:00,11,32,296
33202,10/16/2016 9:00,11,32,293
33203,10/16/2016 10:00,11,32,294
33204,10/16/2016 11:00,12,32,296
33205,10/16/2016 12:00,11,32,298
33206,10/16/2016 13:00,11,32,299
33207,10/16/2016 14:00,11,32,299
33208,10/16/2016 15:00,11,32,299
33209,10/16/2016 16:00,11,32,299
33210,10/16/2016 17:00,11,32,299
33211,10/16/2016 18:00,11,32,299
33212,10/16/2016 19:00,11,32,295
33213,10/16/2016 20:00,11,32,296
33214,10/16/2016 21:00,11,32,298
33215,10/16/2016 22:00,11,32,298
33216,10/16/2016 23:00,11,32,299
33217,10/17/2016 0:00,11,32,299
33218,10/17/2016 1:00,11,32,295
33219,10/17/2016 2:00,11,32,298
33220,10/17/2016 3:00,11,32,298
33221,10/17/2016 4:00,11,32,298
33222,10/17/2016 5:00,11,32,299
33223,10/17/2016 6:00,11,32,295
33224,10/17/2016 7:00,11,32,298
33225,10/17/2016 8:00,11,32,297
33226,10/17/2016 9:00,11,32,298
33227,10/17/2016 10:00,11,30,299
33228,10/17/2016 11:00,11,32,299
33229,10/17/2016 12:00,11,32,299
33230,10/17/2016 13:00,11,32,299
33231,10/17/2016 14:00,11,32,299
33232,10/17/2016 15:00,11,32,295
33233,10/17/2016 16:00,11,32,294
33234,10/17/2016 17:00,11,32,294
33235,10/17/2016 18:00,11,32,293
33236,10/17/2016 19:00,11,32,285
33237,10/17/2016 20:00,11,32,293
33238,10/17/2016 21:00,11,32,293
33239,10/17/2016 22:00,11,32,291
33240,10/17/2016 23:00,11,32,292
33241,10/18/2016 0:00,11,32,285
33242,10/18/2016 1:00,11,34,291
33243,10/18/2016 2:00,11,32,292
33244,10/18/2016 3:00,11,32,291
33245,10/18/2016 4:00,11,30,291
33246,10/18/2016 5:00,11,30,291
33247,10/18/2016 6:00,11,30,291
33248,10/18/2016 7:00,11,30,292
33249,10/18/2016 8:00,11,30,292
33250,10/18/2016 9:00,11,30,293
33251,10/18/2016 10:00,11,30,293
33252,10/18/2016 11:00,11,30,293
33253,10/18/2016 12:00,11,30,293
33254,10/18/2016 13:00,11,30,291
33255,10/18/2016 14:00,11,30,291
33256,10/18/2016 15:00,11,30,284
33257,10/18/2016 16:00,11,30,287
33258,10/18/2016 17:00,11,30,286
33259,10/18/2016 18:00,11,30,289
33260,10/18/2016 19:00,11,30,289
33261,10/18/2016 20:00,11,30,289
33262,10/18/2016 21:00,11,30,294
33263,10/18/2016 22:00,11,30,290
33264,10/18/2016 23:00,11,30,290
33265,10/19/2016 0:00,11,30,295
33266,10/19/2016 1:00,11,30,295
33267,10/19/2016 2:00,11,30,287
33268,10/19/2016 3:00,11,30,290
33269,10/19/2016 4:00,11,30,290
33270,10/19/2016 5:00,11,30,289
33271,10/19/2016 6:00,11,30,291
33272,10/19/2016 7:00,11,30,294
33273,10/19/2016 8:00,11,30,290
33274,10/19/2016 9:00,11,30,289
33275,10/19/2016 10:00,11,31,293
33276,10/19/2016 11:00,11,30,293
33277,10/19/2016 12:00,11,31,293
33278,10/19/2016 13:00,11,30,293
33279,10/19/2016 14:00,11,31,293
33280,10/19/2016 15:00,11,31,293
33281,10/19/2016 16:00,11,31,292
33282,10/19/2016 17:00,11,30,293
33283,10/19/2016 18:00,11,31,293
33284,10/19/2016 19:00,11,31,293
33285,10/19/2016 20:00,11,31,293
33286,10/19/2016 21:00,11,31,292
33287,10/19/2016 22:00,11,31,291
33288,10/19/2016 23:00,11,31,291
33289,10/20/2016 0:00,11,31,291
33290,10/20/2016 1:00,11,31,290
33291,10/20/2016 2:00,12,31,285
33292,10/20/2016 3:00,11,31,294
33293,10/20/2016 4:00,11,31,293
33294,10/20/2016 5:00,11,31,293
33295,10/20/2016 6:00,11,31,293
33296,10/20/2016 7:00,11,31,294
33297,10/20/2016 8:00,11,31,293
33298,10/20/2016 9:00,12,31,293
33299,10/20/2016 10:00,11,31,293
33300,10/20/2016 11:00,11,31,291
33301,10/20/2016 12:00,11,31,295
33302,10/20/2016 13:00,11,31,296
33303,10/20/2016 14:00,11,31,297
33304,10/20/2016 15:00,11,31,298
33305,10/20/2016 16:00,11,31,298
33306,10/20/2016 17:00,11,31,298
33307,10/20/2016 18:00,11,31,298
33308,10/20/2016 19:00,11,31,298
33309,10/20/2016 20:00,11,31,297
33310,10/20/2016 21:00,11,31,292
33311,10/20/2016 22:00,11,31,291
33312,10/20/2016 23:00,11,31,293
33313,10/21/2016 0:00,11,31,291
33314,10/21/2016 1:00,11,31,293
33315,10/21/2016 2:00,11,31,292
33316,10/21/2016 3:00,10,31,291
33317,10/21/2016 4:00,11,31,293
33318,10/21/2016 5:00,11,31,294
33319,10/21/2016 6:00,13,31,294
33320,10/21/2016 7:00,12,31,295
33321,10/21/2016 8:00,11,31,295
33322,10/21/2016 9:00,9,31,296
33323,10/21/2016 10:00,10,31,296
33324,10/21/2016 11:00,11,31,296
33325,10/21/2016 12:00,13,31,297
33326,10/21/2016 13:00,11,31,297
33327,10/21/2016 14:00,10,31,297
33328,10/21/2016 15:00,11,31,296
33329,10/21/2016 16:00,9,31,295
33330,10/21/2016 17:00,10,31,295
33331,10/21/2016 18:00,11,31,296
33332,10/21/2016 19:00,11,31,296
33333,10/21/2016 20:00,11,31,296
33334,10/21/2016 21:00,11,31,295
33335,10/21/2016 22:00,10,31,295
33336,10/21/2016 23:00,11,31,295
33337,10/22/2016 0:00,11,31,297
33338,10/22/2016 1:00,11,31,295
33339,10/22/2016 2:00,11,31,295
33340,10/22/2016 3:00,11,31,295
33341,10/22/2016 4:00,11,31,295
33342,10/22/2016 5:00,11,31,295
33343,10/22/2016 6:00,10,31,295
33344,10/22/2016 7:00,9,31,294
33345,10/22/2016 8:00,11,31,295
33346,10/22/2016 9:00,10,31,294
33347,10/22/2016 10:00,10,31,295
33348,10/22/2016 11:00,11,31,290
33349,10/22/2016 12:00,11,31,287
33350,10/22/2016 13:00,11,31,287
33351,10/22/2016 14:00,11,31,287
33352,10/22/2016 15:00,10,31,287
33353,10/22/2016 16:00,11,31,286
33354,10/22/2016 17:00,10,31,294
33355,10/22/2016 18:00,11,31,294
33356,10/22/2016 19:00,11,31,294
33357,10/22/2016 20:00,11,31,295
33358,10/22/2016 21:00,12,33,295
33359,10/22/2016 22:00,11,31,295
33360,10/22/2016 23:00,9,31,295
33361,10/23/2016 0:00,11,31,295
33362,10/23/2016 1:00,11,31,295
33363,10/23/2016 2:00,11,31,295
33364,10/23/2016 3:00,11,31,296
33365,10/23/2016 4:00,11,31,296
33366,10/23/2016 5:00,11,31,295
33367,10/23/2016 6:00,10,31,296
33368,10/23/2016 7:00,11,31,296
33369,10/23/2016 8:00,11,31,296
33370,10/23/2016 9:00,11,31,296
33371,10/23/2016 10:00,13,31,295
33372,10/23/2016 11:00,12,31,296
33373,10/23/2016 12:00,11,31,296
33374,10/23/2016 13:00,12,31,295
33375,10/23/2016 14:00,10,31,294
33376,10/23/2016 15:00,11,31,296
33377,10/23/2016 16:00,11,31,296
33378,10/23/2016 17:00,11,31,296
33379,10/23/2016 18:00,11,31,296
33380,10/23/2016 19:00,11,31,296
33381,10/23/2016 20:00,11,31,295
33382,10/23/2016 21:00,11,31,297
33383,10/23/2016 22:00,10,31,297
33384,10/23/2016 23:00,11,31,298
33385,10/24/2016 0:00,11,31,298
33386,10/24/2016 1:00,11,31,298
33387,10/24/2016 2:00,11,31,298
33388,10/24/2016 3:00,10,31,298
33389,10/24/2016 4:00,12,31,298
33390,10/24/2016 5:00,10,31,298
33391,10/24/2016 6:00,11,31,297
33392,10/24/2016 7:00,12,31,295
33393,10/24/2016 8:00,11,31,295
33394,10/24/2016 9:00,11,31,295
33395,10/24/2016 10:00,11,31,296
33396,10/24/2016 11:00,11,31,296
33397,10/24/2016 12:00,11,31,296
33398,10/24/2016 13:00,11,31,294
33399,10/24/2016 14:00,11,31,294
33400,10/24/2016 15:00,12,31,295
33401,10/24/2016 16:00,11,31,295
33402,10/24/2016 17:00,10,31,295
33403,10/24/2016 18:00,11,31,296
33404,10/24/2016 19:00,11,31,295
33405,10/24/2016 20:00,11,31,293
33406,10/24/2016 21:00,11,31,295
33407,10/24/2016 22:00,11,31,295
33408,10/24/2016 23:00,10,31,296
33409,10/25/2016 0:00,11,31,296
33410,10/25/2016 1:00,11,31,296
33411,10/25/2016 2:00,11,31,297
33412,10/25/2016 3:00,10,31,297
33413,10/25/2016 4:00,11,31,297
33414,10/25/2016 5:00,11,31,298
33415,10/25/2016 6:00,10,31,298
33416,10/25/2016 7:00,11,31,298
33417,10/25/2016 8:00,11,31,298
33418,10/25/2016 9:00,11,31,298
33419,10/25/2016 10:00,9,31,297
33420,10/25/2016 11:00,11,31,297
33421,10/25/2016 12:00,11,31,296
33422,10/25/2016 13:00,11,31,296
33423,10/25/2016 14:00,10,31,295
33424,10/25/2016 15:00,10,31,295
33425,10/25/2016 16:00,11,31,295
33426,10/25/2016 17:00,11,31,296
33427,10/25/2016 18:00,11,31,296
33428,10/25/2016 19:00,11,31,296
33429,10/25/2016 20:00,11,31,296
33430,10/25/2016 21:00,9,31,297
33431,10/25/2016 22:00,11,31,297
33432,10/25/2016 23:00,10,31,297
33433,10/26/2016 0:00,11,31,297
33434,10/26/2016 1:00,11,32,297
33435,10/26/2016 2:00,11,31,298
33436,10/26/2016 3:00,11,31,298
33437,10/26/2016 4:00,11,31,298
33438,10/26/2016 5:00,9,31,298
33439,10/26/2016 6:00,10,32,297
33440,10/26/2016 7:00,11,32,298
33441,10/26/2016 8:00,10,31,298
33442,10/26/2016 9:00,11,31,297
33443,10/26/2016 10:00,11,31,298
33444,10/26/2016 11:00,11,31,297
33445,10/26/2016 12:00,11,32,297
33446,10/26/2016 13:00,10,31,297
33447,10/26/2016 14:00,10,32,296
33448,10/26/2016 15:00,11,32,296
33449,10/26/2016 16:00,11,32,296
33450,10/26/2016 17:00,11,32,295
33451,10/26/2016 18:00,11,32,296
33452,10/26/2016 19:00,11,32,295
33453,10/26/2016 20:00,11,32,295
33454,10/26/2016 21:00,11,32,295
33455,10/26/2016 22:00,11,32,295
33456,10/26/2016 23:00,11,32,295
33457,10/27/2016 0:00,11,32,294
33458,10/27/2016 1:00,11,32,294
33459,10/27/2016 2:00,11,32,294
33460,10/27/2016 3:00,11,32,295
33461,10/27/2016 4:00,11,32,295
33462,10/27/2016 5:00,11,32,295
33463,10/27/2016 6:00,12,32,295
33464,10/27/2016 7:00,11,32,296
33465,10/27/2016 8:00,10,32,296
33466,10/27/2016 9:00,10,32,296
33467,10/27/2016 10:00,11,32,296
33468,10/27/2016 11:00,11,32,295
33469,10/27/2016 12:00,11,32,296
33470,10/27/2016 13:00,11,32,296
33471,10/27/2016 14:00,11,32,295
33472,10/27/2016 15:00,9,32,296
33473,10/27/2016 16:00,11,32,296
33474,10/27/2016 17:00,11,32,296
33475,10/27/2016 18:00,11,32,296
33476,10/27/2016 19:00,11,32,295
33477,10/27/2016 20:00,11,32,296
33478,10/27/2016 21:00,11,32,296
33479,10/27/2016 22:00,11,32,295
33480,10/27/2016 23:00,11,32,295
33481,10/28/2016 0:00,11,32,295
33482,10/28/2016 1:00,11,32,295
33483,10/28/2016 2:00,12,32,296
33484,10/28/2016 3:00,10,32,295
33485,10/28/2016 4:00,11,32,296
33486,10/28/2016 5:00,11,32,296
33487,10/28/2016 6:00,11,32,295
33488,10/28/2016 7:00,11,32,295
33489,10/28/2016 8:00,11,32,294
33490,10/28/2016 9:00,11,32,291
33491,10/28/2016 10:00,11,32,290
33492,10/28/2016 11:00,11,32,290
33493,10/28/2016 12:00,11,32,295
33494,10/28/2016 13:00,11,32,296
33495,10/28/2016 14:00,11,32,296
33496,10/28/2016 15:00,11,32,297
33497,10/28/2016 16:00,11,32,296
33498,10/28/2016 17:00,11,30,297
33499,10/28/2016 18:00,11,32,298
33500,10/28/2016 19:00,11,32,298
33501,10/28/2016 20:00,10,32,298
33502,10/28/2016 21:00,10,32,298
33503,10/28/2016 22:00,11,32,299
33504,10/28/2016 23:00,11,32,299
33505,10/29/2016 0:00,10,32,299
33506,10/29/2016 1:00,11,32,299
33507,10/29/2016 2:00,11,32,299
33508,10/29/2016 3:00,11,32,299
33509,10/29/2016 4:00,11,32,299
33510,10/29/2016 5:00,11,30,300
33511,10/29/2016 6:00,11,32,300
33512,10/29/2016 7:00,11,32,300
33513,10/29/2016 8:00,11,32,299
33514,10/29/2016 9:00,11,32,299
33515,10/29/2016 10:00,11,32,299
33516,10/29/2016 11:00,12,32,299
33517,10/29/2016 12:00,12,32,298
33518,10/29/2016 13:00,9,32,294
33519,10/29/2016 14:00,11,32,299
33520,10/29/2016 15:00,10,32,299
33521,10/29/2016 16:00,11,32,300
33522,10/29/2016 17:00,11,32,300
33523,10/29/2016 18:00,11,32,300
33524,10/29/2016 19:00,11,32,300
33525,10/29/2016 20:00,11,32,300
33526,10/29/2016 21:00,11,30,300
33527,10/29/2016 22:00,11,32,294
33528,10/29/2016 23:00,11,32,294
33529,10/30/2016 0:00,11,32,296
33530,10/30/2016 1:00,11,32,297
33531,10/30/2016 2:00,11,32,298
33532,10/30/2016 3:00,11,32,299
33533,10/30/2016 4:00,11,32,299
33534,10/30/2016 5:00,11,32,299
33535,10/30/2016 6:00,11,32,299
33536,10/30/2016 7:00,11,32,299
33537,10/30/2016 8:00,11,32,299
33538,10/30/2016 9:00,11,32,299
33539,10/30/2016 10:00,9,32,299
33540,10/30/2016 11:00,11,32,299
33541,10/30/2016 12:00,11,32,299
33542,10/30/2016 13:00,11,32,299
33543,10/30/2016 14:00,11,32,299
33544,10/30/2016 15:00,11,32,299
33545,10/30/2016 16:00,11,32,298
33546,10/30/2016 17:00,11,32,298
33547,10/30/2016 18:00,11,32,297
33548,10/30/2016 19:00,11,32,296
33549,10/30/2016 20:00,11,32,296
33550,10/30/2016 21:00,11,32,296
33551,10/30/2016 22:00,11,32,296
33552,10/30/2016 23:00,10,32,296
33553,10/31/2016 0:00,11,32,296
33554,10/31/2016 1:00,11,32,296
33555,10/31/2016 2:00,11,32,296
33556,10/31/2016 3:00,11,32,296
33557,10/31/2016 4:00,12,32,296
33558,10/31/2016 5:00,11,32,296
33559,10/31/2016 6:00,11,32,296
33560,10/31/2016 7:00,11,32,296
33561,10/31/2016 8:00,11,32,296
33562,10/31/2016 9:00,11,32,296
33563,10/31/2016 10:00,11,32,296
33564,10/31/2016 11:00,11,32,296
33565,10/31/2016 12:00,12,32,296
33566,10/31/2016 13:00,11,32,296
33567,10/31/2016 14:00,11,32,291
33568,10/31/2016 15:00,11,32,296
33569,10/31/2016 16:00,11,32,297
33570,10/31/2016 17:00,11,32,294
33571,10/31/2016 18:00,13,32,296
33572,10/31/2016 19:00,10,32,296
33573,10/31/2016 20:00,11,32,297
33574,10/31/2016 21:00,11,32,297
33575,10/31/2016 22:00,11,32,298
33576,10/31/2016 23:00,11,32,297
33577,11/1/2016 0:00,11,32,297
33578,11/1/2016 1:00,11,32,298
33579,11/1/2016 2:00,11,32,297
33580,11/1/2016 3:00,11,32,298
33581,11/1/2016 4:00,11,32,298
33582,11/1/2016 5:00,11,32,297
33583,11/1/2016 6:00,10,32,296
33584,11/1/2016 7:00,11,30,296
33585,11/1/2016 8:00,11,32,296
33586,11/1/2016 9:00,11,32,296
33587,11/1/2016 10:00,12,32,294
33588,11/1/2016 11:00,11,32,295
33589,11/1/2016 12:00,11,32,295
33590,11/1/2016 13:00,11,32,295
33591,11/1/2016 14:00,11,32,295
33592,11/1/2016 15:00,11,32,294
33593,11/1/2016 16:00,11,32,294
33594,11/1/2016 17:00,11,32,293
33595,11/1/2016 18:00,11,32,295
33596,11/1/2016 19:00,9,32,294
33597,11/1/2016 20:00,10,32,294
33598,11/1/2016 21:00,11,32,294
33599,11/1/2016 22:00,11,32,293
33600,11/1/2016 23:00,11,32,293
33601,11/2/2016 0:00,11,34,294
33602,11/2/2016 1:00,11,32,294
33603,11/2/2016 2:00,11,32,293
33604,11/2/2016 3:00,11,32,293
33605,11/2/2016 4:00,10,32,294
33606,11/2/2016 5:00,11,32,294
33607,11/2/2016 6:00,10,32,294
33608,11/2/2016 7:00,11,32,294
33609,11/2/2016 8:00,11,32,294
33610,11/2/2016 9:00,12,32,293
33611,11/2/2016 10:00,11,32,291
33612,11/2/2016 11:00,11,32,294
33613,11/2/2016 12:00,11,32,294
33614,11/2/2016 13:00,11,32,294
33615,11/2/2016 14:00,11,32,294
33616,11/2/2016 15:00,9,32,294
33617,11/2/2016 16:00,10,32,295
33618,11/2/2016 17:00,9,32,294
33619,11/2/2016 18:00,11,32,294
33620,11/2/2016 19:00,9,32,294
33621,11/2/2016 20:00,9,33,293
33622,11/2/2016 21:00,9,32,291
33623,11/2/2016 22:00,11,32,295
33624,11/2/2016 23:00,11,32,295
33625,11/3/2016 0:00,11,32,294
33626,11/3/2016 1:00,11,32,291
33627,11/3/2016 2:00,11,32,291
33628,11/3/2016 3:00,11,32,291
33629,11/3/2016 4:00,9,32,293
33630,11/3/2016 5:00,12,32,294
33631,11/3/2016 6:00,11,32,296
33632,11/3/2016 7:00,11,32,296
33633,11/3/2016 8:00,13,32,297
33634,11/3/2016 9:00,11,32,298
33635,11/3/2016 10:00,11,32,298
33636,11/3/2016 11:00,11,32,298
33637,11/3/2016 12:00,11,32,298
33638,11/3/2016 13:00,11,32,298
33639,11/3/2016 14:00,11,32,298
33640,11/3/2016 15:00,11,32,298
33641,11/3/2016 16:00,11,32,298
33642,11/3/2016 17:00,11,32,298
33643,11/3/2016 18:00,11,32,298
33644,11/3/2016 19:00,11,32,298
33645,11/3/2016 20:00,11,32,298
33646,11/3/2016 21:00,11,32,298
33647,11/3/2016 22:00,11,32,298
33648,11/3/2016 23:00,11,32,298
33649,11/4/2016 0:00,11,32,298
33650,11/4/2016 1:00,12,32,298
33651,11/4/2016 2:00,11,32,297
33652,11/4/2016 3:00,11,32,297
33653,11/4/2016 4:00,11,32,297
33654,11/4/2016 5:00,11,32,296
33655,11/4/2016 6:00,11,32,296
33656,11/4/2016 7:00,11,32,296
33657,11/4/2016 8:00,11,32,295
33658,11/4/2016 9:00,11,32,295
33659,11/4/2016 10:00,11,32,295
33660,11/4/2016 11:00,9,32,294
33661,11/4/2016 12:00,11,32,294
33662,11/4/2016 13:00,11,32,294
33663,11/4/2016 14:00,11,32,294
33664,11/4/2016 15:00,11,32,294
33665,11/4/2016 16:00,11,32,294
33666,11/4/2016 17:00,11,32,294
33667,11/4/2016 18:00,11,32,293
33668,11/4/2016 19:00,11,32,293
33669,11/4/2016 20:00,11,32,293
33670,11/4/2016 21:00,11,32,293
33671,11/4/2016 22:00,11,32,293
33672,11/4/2016 23:00,11,32,292
33673,11/5/2016 0:00,11,32,286
33674,11/5/2016 1:00,11,32,289
33675,11/5/2016 2:00,10,32,289
33676,11/5/2016 3:00,11,32,287
33677,11/5/2016 4:00,12,32,290
33678,11/5/2016 5:00,11,32,290
33679,11/5/2016 6:00,11,32,290
33680,11/5/2016 7:00,11,32,290
33681,11/5/2016 8:00,11,32,287
33682,11/5/2016 9:00,11,32,287
33683,11/5/2016 10:00,11,32,285
33684,11/5/2016 11:00,11,32,289
33685,11/5/2016 12:00,11,32,289
33686,11/5/2016 13:00,11,32,289
33687,11/5/2016 14:00,11,32,290
33688,11/5/2016 15:00,11,32,290
33689,11/5/2016 16:00,12,32,291
33690,11/5/2016 17:00,9,32,291
33691,11/5/2016 18:00,11,32,290
33692,11/5/2016 19:00,11,32,289
33693,11/5/2016 20:00,11,32,291
33694,11/5/2016 21:00,11,32,290
33695,11/5/2016 22:00,11,32,290
33696,11/5/2016 23:00,11,32,289
33697,11/6/2016 0:00,11,32,286
33698,11/6/2016 1:00,11,32,288
33699,11/6/2016 2:00,11,32,289
33700,11/6/2016 3:00,11,32,289
33701,11/6/2016 4:00,11,32,288
33702,11/6/2016 5:00,9,32,287
33703,11/6/2016 6:00,11,32,288
33704,11/6/2016 7:00,11,33,287
33705,11/6/2016 8:00,11,32,289
33706,11/6/2016 9:00,11,32,290
33707,11/6/2016 10:00,10,32,291
33708,11/6/2016 11:00,11,32,291
33709,11/6/2016 12:00,11,32,291
33710,11/6/2016 13:00,11,32,292
33711,11/6/2016 14:00,11,32,289
33712,11/6/2016 15:00,11,32,286
33713,11/6/2016 16:00,11,32,285
33714,11/6/2016 17:00,11,30,289
33715,11/6/2016 18:00,11,32,277
33716,11/6/2016 19:00,11,32,281
33717,11/6/2016 20:00,11,32,278
33718,11/6/2016 21:00,11,32,276
33719,11/6/2016 22:00,11,32,285
33720,11/6/2016 23:00,11,32,285
33721,11/7/2016 0:00,11,32,285
33722,11/7/2016 1:00,11,32,277
33723,11/7/2016 2:00,11,32,277
33724,11/7/2016 3:00,11,32,276
33725,11/7/2016 4:00,11,32,276
33726,11/7/2016 5:00,11,32,275
33727,11/7/2016 6:00,11,32,274
33728,11/7/2016 7:00,11,32,273
33729,11/7/2016 8:00,11,32,273
33730,11/7/2016 9:00,9,32,270
33731,11/7/2016 10:00,11,32,273
33732,11/7/2016 11:00,12,32,274
33733,11/7/2016 12:00,11,32,281
33734,11/7/2016 13:00,11,32,272
33735,11/7/2016 14:00,11,32,272
33736,11/7/2016 15:00,11,32,275
33737,11/7/2016 16:00,10,32,276
33738,11/7/2016 17:00,11,32,276
33739,11/7/2016 18:00,11,33,277
33740,11/7/2016 19:00,11,32,278
33741,11/7/2016 20:00,11,32,278
33742,11/7/2016 21:00,11,32,281
33743,11/7/2016 22:00,11,32,281
33744,11/7/2016 23:00,11,32,281
33745,11/8/2016 0:00,11,32,281
33746,11/8/2016 1:00,11,32,281
33747,11/8/2016 2:00,11,32,281
33748,11/8/2016 3:00,10,32,287
33749,11/8/2016 4:00,11,32,288
33750,11/8/2016 5:00,11,32,282
33751,11/8/2016 6:00,11,32,281
33752,11/8/2016 7:00,9,32,281
33753,11/8/2016 8:00,11,32,281
33754,11/8/2016 9:00,11,32,281
33755,11/8/2016 10:00,11,32,281
33756,11/8/2016 11:00,11,32,281
33757,11/8/2016 12:00,11,32,281
33758,11/8/2016 13:00,11,32,281
33759,11/8/2016 14:00,11,32,281
33760,11/8/2016 15:00,11,32,281
33761,11/8/2016 16:00,10,32,286
33762,11/8/2016 17:00,11,32,287
33763,11/8/2016 18:00,11,32,283
33764,11/8/2016 19:00,11,32,282
33765,11/8/2016 20:00,11,32,281
33766,11/8/2016 21:00,11,32,281
33767,11/8/2016 22:00,11,32,281
33768,11/8/2016 23:00,11,32,281
33769,11/9/2016 0:00,11,32,279
33770,11/9/2016 1:00,11,33,278
33771,11/9/2016 2:00,12,32,280
33772,11/9/2016 3:00,11,32,279
33773,11/9/2016 4:00,11,32,279
33774,11/9/2016 5:00,11,32,279
33775,11/9/2016 6:00,11,32,279
33776,11/9/2016 7:00,11,32,278
33777,11/9/2016 8:00,11,32,278
33778,11/9/2016 9:00,11,33,278
33779,11/9/2016 10:00,11,32,278
33780,11/9/2016 11:00,12,32,278
33781,11/9/2016 12:00,11,32,278
33782,11/9/2016 13:00,11,32,278
33783,11/9/2016 14:00,11,32,278
33784,11/9/2016 15:00,11,32,278
33785,11/9/2016 16:00,11,32,278
33786,11/9/2016 17:00,11,32,278
33787,11/9/2016 18:00,11,32,278
33788,11/9/2016 19:00,11,32,278
33789,11/9/2016 20:00,10,32,279
33790,11/9/2016 21:00,11,32,284
33791,11/9/2016 22:00,11,32,285
33792,11/9/2016 23:00,11,32,286
33793,11/10/2016 0:00,11,32,286
33794,11/10/2016 1:00,11,32,284
33795,11/10/2016 2:00,11,32,282
33796,11/10/2016 3:00,11,32,282
33797,11/10/2016 4:00,11,32,281
33798,11/10/2016 5:00,9,32,281
33799,11/10/2016 6:00,10,32,280
33800,11/10/2016 7:00,10,32,279
33801,11/10/2016 8:00,11,32,278
33802,11/10/2016 9:00,12,32,278
33803,11/10/2016 10:00,11,32,278
33804,11/10/2016 11:00,11,32,278
33805,11/10/2016 12:00,11,32,278
33806,11/10/2016 13:00,11,32,278
33807,11/10/2016 14:00,11,32,278
33808,11/10/2016 15:00,11,32,277
33809,11/10/2016 16:00,11,32,277
33810,11/10/2016 17:00,9,32,283
33811,11/10/2016 18:00,11,32,284
33812,11/10/2016 19:00,11,32,284
33813,11/10/2016 20:00,11,32,284
33814,11/10/2016 21:00,11,32,283
33815,11/10/2016 22:00,11,32,283
33816,11/10/2016 23:00,11,32,283
33817,11/11/2016 0:00,11,32,283
33818,11/11/2016 1:00,11,32,283
33819,11/11/2016 2:00,11,32,283
33820,11/11/2016 3:00,11,32,283
33821,11/11/2016 4:00,11,32,283
33822,11/11/2016 5:00,11,33,283
33823,11/11/2016 6:00,11,32,283
33824,11/11/2016 7:00,11,32,283
33825,11/11/2016 8:00,11,32,283
33826,11/11/2016 9:00,9,33,283
33827,11/11/2016 10:00,11,32,283
33828,11/11/2016 11:00,11,32,283
33829,11/11/2016 12:00,11,32,283
33830,11/11/2016 13:00,11,32,283
33831,11/11/2016 14:00,11,32,283
33832,11/11/2016 15:00,9,32,283
33833,11/11/2016 16:00,11,32,283
33834,11/11/2016 17:00,11,32,283
33835,11/11/2016 18:00,11,32,283
33836,11/11/2016 19:00,11,32,283
33837,11/11/2016 20:00,11,32,283
33838,11/11/2016 21:00,11,32,283
33839,11/11/2016 22:00,11,32,283
33840,11/11/2016 23:00,11,32,283
33841,11/12/2016 0:00,11,32,283
33842,11/12/2016 1:00,11,32,283
33843,11/12/2016 2:00,11,32,283
33844,11/12/2016 3:00,11,32,283
33845,11/12/2016 4:00,11,33,283
33846,11/12/2016 5:00,11,32,283
33847,11/12/2016 6:00,11,32,283
33848,11/12/2016 7:00,11,32,283
33849,11/12/2016 8:00,11,32,282
33850,11/12/2016 9:00,11,32,283
33851,11/12/2016 10:00,11,32,283
33852,11/12/2016 11:00,11,32,282
33853,11/12/2016 12:00,11,32,283
33854,11/12/2016 13:00,11,32,283
33855,11/12/2016 14:00,11,32,283
33856,11/12/2016 15:00,11,32,283
33857,11/12/2016 16:00,11,32,283
33858,11/12/2016 17:00,11,32,283
33859,11/12/2016 18:00,11,32,283
33860,11/12/2016 19:00,11,32,283
33861,11/12/2016 20:00,11,32,282
33862,11/12/2016 21:00,11,32,282
33863,11/12/2016 22:00,11,32,282
33864,11/12/2016 23:00,11,32,282
33865,11/13/2016 0:00,11,32,282
33866,11/13/2016 1:00,11,32,285
33867,11/13/2016 2:00,11,32,285
33868,11/13/2016 3:00,11,32,285
33869,11/13/2016 4:00,11,32,285
33870,11/13/2016 5:00,11,32,285
33871,11/13/2016 6:00,11,32,284
33872,11/13/2016 7:00,12,32,283
33873,11/13/2016 8:00,11,32,283
33874,11/13/2016 9:00,11,32,282
33875,11/13/2016 10:00,12,32,282
33876,11/13/2016 11:00,11,32,282
33877,11/13/2016 12:00,11,32,281
33878,11/13/2016 13:00,12,32,281
33879,11/13/2016 14:00,11,32,281
33880,11/13/2016 15:00,11,32,281
33881,11/13/2016 16:00,11,32,281
33882,11/13/2016 17:00,11,32,281
33883,11/13/2016 18:00,11,32,281
33884,11/13/2016 19:00,11,32,281
33885,11/13/2016 20:00,11,32,281
33886,11/13/2016 21:00,11,32,281
33887,11/13/2016 22:00,11,32,281
33888,11/13/2016 23:00,11,32,281
33889,11/14/2016 0:00,11,32,281
33890,11/14/2016 1:00,11,32,281
33891,11/14/2016 2:00,9,32,281
33892,11/14/2016 3:00,11,32,281
33893,11/14/2016 4:00,11,32,281
33894,11/14/2016 5:00,11,32,281
33895,11/14/2016 6:00,11,32,281
33896,11/14/2016 7:00,11,32,281
33897,11/14/2016 8:00,11,32,281
33898,11/14/2016 9:00,10,32,280
33899,11/14/2016 10:00,11,32,280
33900,11/14/2016 11:00,11,32,280
33901,11/14/2016 12:00,11,32,279
33902,11/14/2016 13:00,11,32,279
33903,11/14/2016 14:00,11,32,279
33904,11/14/2016 15:00,11,32,279
33905,11/14/2016 16:00,9,32,279
33906,11/14/2016 17:00,11,32,280
33907,11/14/2016 18:00,11,32,280
33908,11/14/2016 19:00,11,32,280
33909,11/14/2016 20:00,11,30,281
33910,11/14/2016 21:00,11,32,280
33911,11/14/2016 22:00,9,32,281
33912,11/14/2016 23:00,11,32,281
33913,11/15/2016 0:00,11,32,281
33914,11/15/2016 1:00,11,32,281
33915,11/15/2016 2:00,9,32,281
33916,11/15/2016 3:00,11,32,281
33917,11/15/2016 4:00,12,32,281
33918,11/15/2016 5:00,11,32,281
33919,11/15/2016 6:00,11,32,281
33920,11/15/2016 7:00,11,32,281
33921,11/15/2016 8:00,11,32,281
33922,11/15/2016 9:00,11,32,281
33923,11/15/2016 10:00,11,32,281
33924,11/15/2016 11:00,11,34,281
33925,11/15/2016 12:00,11,32,281
33926,11/15/2016 13:00,11,32,281
33927,11/15/2016 14:00,11,32,281
33928,11/15/2016 15:00,11,32,281
33929,11/15/2016 16:00,11,30,281
33930,11/15/2016 17:00,11,30,281
33931,11/15/2016 18:00,11,30,281
33932,11/15/2016 19:00,11,30,281
33933,11/15/2016 20:00,11,30,281
33934,11/15/2016 21:00,11,30,282
33935,11/15/2016 22:00,11,30,283
33936,11/15/2016 23:00,11,30,282
33937,11/16/2016 0:00,11,30,283
33938,11/16/2016 1:00,9,30,283
33939,11/16/2016 2:00,11,30,283
33940,11/16/2016 3:00,10,30,283
33941,11/16/2016 4:00,12,30,283
33942,11/16/2016 5:00,11,30,283
33943,11/16/2016 6:00,11,30,283
33944,11/16/2016 7:00,11,30,283
33945,11/16/2016 8:00,11,30,283
33946,11/16/2016 9:00,11,30,283
33947,11/16/2016 10:00,11,30,283
33948,11/16/2016 11:00,11,30,283
33949,11/16/2016 12:00,11,30,283
33950,11/16/2016 13:00,11,30,283
33951,11/16/2016 14:00,11,30,283
33952,11/16/2016 15:00,10,30,283
33953,11/16/2016 16:00,11,30,283
33954,11/16/2016 17:00,11,30,283
33955,11/16/2016 18:00,11,30,282
33956,11/16/2016 19:00,11,30,283
33957,11/16/2016 20:00,11,30,283
33958,11/16/2016 21:00,11,30,283
33959,11/16/2016 22:00,10,31,282
33960,11/16/2016 23:00,11,30,283
33961,11/17/2016 0:00,11,31,283
33962,11/17/2016 1:00,11,30,283
33963,11/17/2016 2:00,11,31,283
33964,11/17/2016 3:00,11,31,282
33965,11/17/2016 4:00,11,31,283
33966,11/17/2016 5:00,11,30,282
33967,11/17/2016 6:00,11,31,283
33968,11/17/2016 7:00,11,31,283
33969,11/17/2016 8:00,11,31,282
33970,11/17/2016 9:00,11,31,283
33971,11/17/2016 10:00,11,31,282
33972,11/17/2016 11:00,11,31,283
33973,11/17/2016 12:00,11,31,283
33974,11/17/2016 13:00,11,31,282
33975,11/17/2016 14:00,11,31,282
33976,11/17/2016 15:00,11,31,283
33977,11/17/2016 16:00,11,31,283
33978,11/17/2016 17:00,11,31,283
33979,11/17/2016 18:00,11,31,283
33980,11/17/2016 19:00,11,31,283
33981,11/17/2016 20:00,11,31,283
33982,11/17/2016 21:00,11,31,282
33983,11/17/2016 22:00,11,31,282
33984,11/17/2016 23:00,11,31,282
33985,11/18/2016 0:00,11,31,282
33986,11/18/2016 1:00,11,31,283
33987,11/18/2016 2:00,9,31,282
33988,11/18/2016 3:00,11,31,283
33989,11/18/2016 4:00,9,31,283
33990,11/18/2016 5:00,11,31,283
33991,11/18/2016 6:00,11,31,283
33992,11/18/2016 7:00,11,31,283
33993,11/18/2016 8:00,11,31,283
33994,11/18/2016 9:00,11,31,283
33995,11/18/2016 10:00,11,31,283
33996,11/18/2016 11:00,11,31,283
33997,11/18/2016 12:00,11,31,283
33998,11/18/2016 13:00,11,31,283
33999,11/18/2016 14:00,11,31,285
34000,11/18/2016 15:00,11,31,285
34001,11/18/2016 16:00,11,31,286
34002,11/18/2016 17:00,11,31,284
34003,11/18/2016 18:00,11,31,283
34004,11/18/2016 19:00,11,31,282
34005,11/18/2016 20:00,11,31,282
34006,11/18/2016 21:00,11,31,281
34007,11/18/2016 22:00,12,31,281
34008,11/18/2016 23:00,11,31,281
34009,11/19/2016 0:00,11,31,281
34010,11/19/2016 1:00,11,31,280
34011,11/19/2016 2:00,11,31,278
34012,11/19/2016 3:00,11,31,278
34013,11/19/2016 4:00,11,31,278
34014,11/19/2016 5:00,11,31,278
34015,11/19/2016 6:00,10,31,278
34016,11/19/2016 7:00,11,31,278
34017,11/19/2016 8:00,11,31,278
34018,11/19/2016 9:00,10,31,278
34019,11/19/2016 10:00,11,31,278
34020,11/19/2016 11:00,10,31,278
34021,11/19/2016 12:00,11,31,278
34022,11/19/2016 13:00,10,31,278
34023,11/19/2016 14:00,11,31,278
34024,11/19/2016 15:00,11,31,277
34025,11/19/2016 16:00,12,31,277
34026,11/19/2016 17:00,11,31,277
34027,11/19/2016 18:00,11,31,277
34028,11/19/2016 19:00,11,31,277
34029,11/19/2016 20:00,11,31,277
34030,11/19/2016 21:00,11,31,277
34031,11/19/2016 22:00,11,31,278
34032,11/19/2016 23:00,11,31,277
34033,11/20/2016 0:00,11,31,278
34034,11/20/2016 1:00,11,31,277
34035,11/20/2016 2:00,11,31,277
34036,11/20/2016 3:00,11,31,277
34037,11/20/2016 4:00,11,31,277
34038,11/20/2016 5:00,11,31,277
34039,11/20/2016 6:00,11,31,277
34040,11/20/2016 7:00,12,31,277
34041,11/20/2016 8:00,11,31,277
34042,11/20/2016 9:00,11,33,277
34043,11/20/2016 10:00,11,31,278
34044,11/20/2016 11:00,11,31,277
34045,11/20/2016 12:00,11,31,277
34046,11/20/2016 13:00,11,31,277
34047,11/20/2016 14:00,11,31,278
34048,11/20/2016 15:00,11,31,278
34049,11/20/2016 16:00,11,31,278
34050,11/20/2016 17:00,11,31,278
34051,11/20/2016 18:00,11,31,278
34052,11/20/2016 19:00,9,31,277
34053,11/20/2016 20:00,11,31,277
34054,11/20/2016 21:00,11,31,277
34055,11/20/2016 22:00,11,31,277
34056,11/20/2016 23:00,11,31,277
34057,11/21/2016 0:00,11,31,277
34058,11/21/2016 1:00,9,31,277
34059,11/21/2016 2:00,11,31,277
34060,11/21/2016 3:00,11,31,277
34061,11/21/2016 4:00,11,31,276
34062,11/21/2016 5:00,11,31,276
34063,11/21/2016 6:00,11,31,276
34064,11/21/2016 7:00,11,31,277
34065,11/21/2016 8:00,11,31,276
34066,11/21/2016 9:00,11,31,276
34067,11/21/2016 10:00,11,31,277
34068,11/21/2016 11:00,11,31,277
34069,11/21/2016 12:00,11,31,276
34070,11/21/2016 13:00,11,31,276
34071,11/21/2016 14:00,11,31,276
34072,11/21/2016 15:00,9,31,276
34073,11/21/2016 16:00,10,31,276
34074,11/21/2016 17:00,12,31,276
34075,11/21/2016 18:00,11,31,276
34076,11/21/2016 19:00,11,31,276
34077,11/21/2016 20:00,13,31,276
34078,11/21/2016 21:00,11,31,275
34079,11/21/2016 22:00,11,31,275
34080,11/21/2016 23:00,11,31,275
34081,11/22/2016 0:00,11,31,275
34082,11/22/2016 1:00,11,31,274
34083,11/22/2016 2:00,10,31,274
34084,11/22/2016 3:00,11,31,275
34085,11/22/2016 4:00,10,31,273
34086,11/22/2016 5:00,11,31,275
34087,11/22/2016 6:00,12,31,273
34088,11/22/2016 7:00,11,31,273
34089,11/22/2016 8:00,11,31,274
34090,11/22/2016 9:00,11,31,273
34091,11/22/2016 10:00,11,31,273
34092,11/22/2016 11:00,11,31,273
34093,11/22/2016 12:00,11,31,273
34094,11/22/2016 13:00,11,31,273
34095,11/22/2016 14:00,11,31,275
34096,11/22/2016 15:00,12,31,274
34097,11/22/2016 16:00,11,31,274
34098,11/22/2016 17:00,11,31,274
34099,11/22/2016 18:00,11,31,274
34100,11/22/2016 19:00,11,31,275
34101,11/22/2016 20:00,11,31,275
34102,11/22/2016 21:00,10,31,275
34103,11/22/2016 22:00,11,31,276
34104,11/22/2016 23:00,11,31,275
34105,11/23/2016 0:00,11,31,275
34106,11/23/2016 1:00,11,31,276
34107,11/23/2016 2:00,11,31,276
34108,11/23/2016 3:00,11,31,275
34109,11/23/2016 4:00,11,31,275
34110,11/23/2016 5:00,11,31,275
34111,11/23/2016 6:00,11,31,275
34112,11/23/2016 7:00,11,31,275
34113,11/23/2016 8:00,10,31,275
34114,11/23/2016 9:00,11,31,275
34115,11/23/2016 10:00,11,31,276
34116,11/23/2016 11:00,12,31,276
34117,11/23/2016 12:00,11,31,276
34118,11/23/2016 13:00,11,32,276
34119,11/23/2016 14:00,11,31,276
34120,11/23/2016 15:00,10,31,276
34121,11/23/2016 16:00,11,31,277
34122,11/23/2016 17:00,11,31,277
34123,11/23/2016 18:00,11,32,276
34124,11/23/2016 19:00,11,32,277
34125,11/23/2016 20:00,11,31,276
34126,11/23/2016 21:00,11,31,277
34127,11/23/2016 22:00,11,31,276
34128,11/23/2016 23:00,11,31,276
34129,11/24/2016 0:00,12,32,276
34130,11/24/2016 1:00,11,31,276
34131,11/24/2016 2:00,11,32,276
34132,11/24/2016 3:00,9,32,276
34133,11/24/2016 4:00,11,32,276
34134,11/24/2016 5:00,11,32,276
34135,11/24/2016 6:00,11,32,276
34136,11/24/2016 7:00,11,32,277
34137,11/24/2016 8:00,11,32,276
34138,11/24/2016 9:00,11,32,276
34139,11/24/2016 10:00,11,32,277
34140,11/24/2016 11:00,11,32,277
34141,11/24/2016 12:00,11,32,277
34142,11/24/2016 13:00,11,32,276
34143,11/24/2016 14:00,11,32,277
34144,11/24/2016 15:00,11,32,277
34145,11/24/2016 16:00,11,32,277
34146,11/24/2016 17:00,11,32,277
34147,11/24/2016 18:00,11,32,277
34148,11/24/2016 19:00,11,32,276
34149,11/24/2016 20:00,11,32,277
34150,11/24/2016 21:00,12,32,276
34151,11/24/2016 22:00,11,32,276
34152,11/24/2016 23:00,11,32,276
34153,11/25/2016 0:00,11,32,275
34154,11/25/2016 1:00,11,32,276
34155,11/25/2016 2:00,11,32,275
34156,11/25/2016 3:00,11,32,275
34157,11/25/2016 4:00,11,32,275
34158,11/25/2016 5:00,11,32,275
34159,11/25/2016 6:00,11,32,275
34160,11/25/2016 7:00,12,32,275
34161,11/25/2016 8:00,11,32,275
34162,11/25/2016 9:00,11,32,275
34163,11/25/2016 10:00,9,32,276
34164,11/25/2016 11:00,10,32,276
34165,11/25/2016 12:00,11,32,275
34166,11/25/2016 13:00,11,32,275
34167,11/25/2016 14:00,11,32,276
34168,11/25/2016 15:00,11,32,275
34169,11/25/2016 16:00,11,32,275
34170,11/25/2016 17:00,11,32,275
34171,11/25/2016 18:00,11,32,275
34172,11/25/2016 19:00,11,32,276
34173,11/25/2016 20:00,11,32,275
34174,11/25/2016 21:00,11,32,275
34175,11/25/2016 22:00,11,32,276
34176,11/25/2016 23:00,11,32,276
34177,11/26/2016 0:00,11,32,276
34178,11/26/2016 1:00,11,32,275
34179,11/26/2016 2:00,11,32,275
34180,11/26/2016 3:00,11,32,275
34181,11/26/2016 4:00,11,32,276
34182,11/26/2016 5:00,11,30,276
34183,11/26/2016 6:00,11,32,276
34184,11/26/2016 7:00,11,32,276
34185,11/26/2016 8:00,11,32,276
34186,11/26/2016 9:00,11,32,275
34187,11/26/2016 10:00,11,32,275
34188,11/26/2016 11:00,11,32,276
34189,11/26/2016 12:00,11,32,275
34190,11/26/2016 13:00,11,32,275
34191,11/26/2016 14:00,11,32,276
34192,11/26/2016 15:00,12,32,276
34193,11/26/2016 16:00,11,32,275
34194,11/26/2016 17:00,11,30,276
34195,11/26/2016 18:00,11,32,275
34196,11/26/2016 19:00,11,32,276
34197,11/26/2016 20:00,11,32,276
34198,11/26/2016 21:00,11,32,276
34199,11/26/2016 22:00,11,32,276
34200,11/26/2016 23:00,11,32,276
34201,11/27/2016 0:00,11,32,276
34202,11/27/2016 1:00,11,32,275
34203,11/27/2016 2:00,11,32,275
34204,11/27/2016 3:00,11,32,274
34205,11/27/2016 4:00,11,32,276
34206,11/27/2016 5:00,11,32,273
34207,11/27/2016 6:00,11,32,273
34208,11/27/2016 7:00,11,32,272
34209,11/27/2016 8:00,10,32,272
34210,11/27/2016 9:00,11,30,272
34211,11/27/2016 10:00,11,32,272
34212,11/27/2016 11:00,11,32,272
34213,11/27/2016 12:00,12,32,272
34214,11/27/2016 13:00,11,32,273
34215,11/27/2016 14:00,11,32,273
34216,11/27/2016 15:00,11,32,272
34217,11/27/2016 16:00,11,32,273
34218,11/27/2016 17:00,11,32,273
34219,11/27/2016 18:00,11,32,272
34220,11/27/2016 19:00,11,32,273
34221,11/27/2016 20:00,11,32,273
34222,11/27/2016 21:00,12,32,272
34223,11/27/2016 22:00,11,32,272
34224,11/27/2016 23:00,11,32,272
34225,11/28/2016 0:00,11,32,273
34226,11/28/2016 1:00,11,32,273
34227,11/28/2016 2:00,11,32,272
34228,11/28/2016 3:00,13,32,272
34229,11/28/2016 4:00,11,32,272
34230,11/28/2016 5:00,11,32,270
34231,11/28/2016 6:00,11,32,270
34232,11/28/2016 7:00,11,32,270
34233,11/28/2016 8:00,11,32,270
34234,11/28/2016 9:00,11,32,270
34235,11/28/2016 10:00,11,32,270
34236,11/28/2016 11:00,11,32,269
34237,11/28/2016 12:00,11,32,273
34238,11/28/2016 13:00,11,32,269
34239,11/28/2016 14:00,11,32,269
34240,11/28/2016 15:00,11,32,269
34241,11/28/2016 16:00,11,32,269
34242,11/28/2016 17:00,11,32,269
34243,11/28/2016 18:00,11,32,269
34244,11/28/2016 19:00,11,32,269
34245,11/28/2016 20:00,11,32,269
34246,11/28/2016 21:00,11,32,269
34247,11/28/2016 22:00,11,32,269
34248,11/28/2016 23:00,11,32,269
34249,11/29/2016 0:00,10,32,269
34250,11/29/2016 1:00,10,32,269
34251,11/29/2016 2:00,11,32,269
34252,11/29/2016 3:00,11,32,269
34253,11/29/2016 4:00,11,32,269
34254,11/29/2016 5:00,11,32,269
34255,11/29/2016 6:00,11,32,269
34256,11/29/2016 7:00,11,32,268
34257,11/29/2016 8:00,11,32,269
34258,11/29/2016 9:00,11,32,268
34259,11/29/2016 10:00,11,32,268
34260,11/29/2016 11:00,11,32,269
34261,11/29/2016 12:00,11,32,269
34262,11/29/2016 13:00,10,32,269
34263,11/29/2016 14:00,11,32,269
34264,11/29/2016 15:00,11,32,269
34265,11/29/2016 16:00,11,32,269
34266,11/29/2016 17:00,11,32,268
34267,11/29/2016 18:00,11,32,267
34268,11/29/2016 19:00,11,30,270
34269,11/29/2016 20:00,11,32,269
34270,11/29/2016 21:00,12,32,268
34271,11/29/2016 22:00,11,32,267
34272,11/29/2016 23:00,11,32,269
34273,11/30/2016 0:00,11,32,270
34274,11/30/2016 1:00,11,32,270
34275,11/30/2016 2:00,11,32,272
34276,11/30/2016 3:00,11,32,269
34277,11/30/2016 4:00,10,32,270
34278,11/30/2016 5:00,10,32,273
34279,11/30/2016 6:00,11,32,274
34280,11/30/2016 7:00,11,32,273
34281,11/30/2016 8:00,11,32,274
34282,11/30/2016 9:00,10,32,276
34283,11/30/2016 10:00,11,32,274
34284,11/30/2016 11:00,11,32,276
34285,11/30/2016 12:00,11,34,274
34286,11/30/2016 13:00,11,32,276
34287,11/30/2016 14:00,11,32,276
34288,11/30/2016 15:00,11,32,275
34289,11/30/2016 16:00,11,32,273
34290,11/30/2016 17:00,11,32,273
34291,11/30/2016 18:00,11,32,272
34292,11/30/2016 19:00,11,32,286
34293,11/30/2016 20:00,11,32,290
34294,11/30/2016 21:00,11,32,291
34295,11/30/2016 22:00,11,32,293
34296,11/30/2016 23:00,11,32,294
34297,12/1/2016 0:00,11,32,295
34298,12/1/2016 1:00,11,32,295
34299,12/1/2016 2:00,11,32,296
34300,12/1/2016 3:00,11,32,296
34301,12/1/2016 4:00,11,32,296
34302,12/1/2016 5:00,11,32,297
34303,12/1/2016 6:00,10,32,298
34304,12/1/2016 7:00,11,32,298
34305,12/1/2016 8:00,12,33,298
34306,12/1/2016 9:00,11,32,298
34307,12/1/2016 10:00,11,32,298
34308,12/1/2016 11:00,11,32,298
34309,12/1/2016 12:00,11,32,298
34310,12/1/2016 13:00,11,32,298
34311,12/1/2016 14:00,11,32,298
34312,12/1/2016 15:00,10,32,298
34313,12/1/2016 16:00,10,32,298
34314,12/1/2016 17:00,11,32,298
34315,12/1/2016 18:00,11,32,298
34316,12/1/2016 19:00,11,32,298
34317,12/1/2016 20:00,11,32,298
34318,12/1/2016 21:00,11,32,298
34319,12/1/2016 22:00,13,32,298
34320,12/1/2016 23:00,11,32,298
34321,12/2/2016 0:00,11,32,299
34322,12/2/2016 1:00,12,32,299
34323,12/2/2016 2:00,10,32,299
34324,12/2/2016 3:00,11,32,299
34325,12/2/2016 4:00,11,32,299
34326,12/2/2016 5:00,10,32,299
34327,12/2/2016 6:00,11,32,299
34328,12/2/2016 7:00,11,32,299
34329,12/2/2016 8:00,11,32,299
34330,12/2/2016 9:00,11,32,299
34331,12/2/2016 10:00,11,32,299
34332,12/2/2016 11:00,11,32,299
34333,12/2/2016 12:00,11,32,299
34334,12/2/2016 13:00,11,32,299
34335,12/2/2016 14:00,11,32,299
34336,12/2/2016 15:00,11,32,299
34337,12/2/2016 16:00,11,32,299
34338,12/2/2016 17:00,11,32,299
34339,12/2/2016 18:00,10,32,300
34340,12/2/2016 19:00,11,32,299
34341,12/2/2016 20:00,11,32,299
34342,12/2/2016 21:00,11,32,299
34343,12/2/2016 22:00,11,32,299
34344,12/2/2016 23:00,11,32,299
34345,12/3/2016 0:00,10,32,299
34346,12/3/2016 1:00,11,32,299
34347,12/3/2016 2:00,11,32,299
34348,12/3/2016 3:00,11,32,299
34349,12/3/2016 4:00,11,32,299
34350,12/3/2016 5:00,11,32,299
34351,12/3/2016 6:00,11,32,299
34352,12/3/2016 7:00,11,32,299
34353,12/3/2016 8:00,11,32,299
34354,12/3/2016 9:00,11,32,299
34355,12/3/2016 10:00,11,32,299
34356,12/3/2016 11:00,11,32,299
34357,12/3/2016 12:00,12,32,299
34358,12/3/2016 13:00,11,32,299
34359,12/3/2016 14:00,11,32,299
34360,12/3/2016 15:00,11,32,300
34361,12/3/2016 16:00,11,32,300
34362,12/3/2016 17:00,10,32,301
34363,12/3/2016 18:00,11,32,301
34364,12/3/2016 19:00,11,32,301
34365,12/3/2016 20:00,11,32,301
34366,12/3/2016 21:00,11,32,302
34367,12/3/2016 22:00,11,32,302
34368,12/3/2016 23:00,11,32,302
34369,12/4/2016 0:00,12,32,302
34370,12/4/2016 1:00,11,32,302
34371,12/4/2016 2:00,11,32,302
34372,12/4/2016 3:00,11,32,302
34373,12/4/2016 4:00,11,32,302
34374,12/4/2016 5:00,11,32,302
34375,12/4/2016 6:00,11,32,302
34376,12/4/2016 7:00,11,32,302
34377,12/4/2016 8:00,11,32,302
34378,12/4/2016 9:00,11,32,302
34379,12/4/2016 10:00,11,32,302
34380,12/4/2016 11:00,11,32,302
34381,12/4/2016 12:00,11,32,302
34382,12/4/2016 13:00,11,32,301
34383,12/4/2016 14:00,11,32,302
34384,12/4/2016 15:00,13,32,302
34385,12/4/2016 16:00,10,32,302
34386,12/4/2016 17:00,11,32,301
34387,12/4/2016 18:00,12,32,301
34388,12/4/2016 19:00,11,33,301
34389,12/4/2016 20:00,11,32,301
34390,12/4/2016 21:00,11,32,301
34391,12/4/2016 22:00,11,32,301
34392,12/4/2016 23:00,11,32,301
34393,12/5/2016 0:00,11,32,301
34394,12/5/2016 1:00,11,32,300
34395,12/5/2016 2:00,11,32,300
34396,12/5/2016 3:00,11,32,301
34397,12/5/2016 4:00,11,32,300
34398,12/5/2016 5:00,11,30,300
34399,12/5/2016 6:00,10,32,300
34400,12/5/2016 7:00,11,32,300
34401,12/5/2016 8:00,11,32,300
34402,12/5/2016 9:00,11,32,300
34403,12/5/2016 10:00,11,32,300
34404,12/5/2016 11:00,11,32,300
34405,12/5/2016 12:00,11,32,300
34406,12/5/2016 13:00,11,32,300
34407,12/5/2016 14:00,11,32,300
34408,12/5/2016 15:00,10,32,300
34409,12/5/2016 16:00,10,32,300
34410,12/5/2016 17:00,11,32,300
34411,12/5/2016 18:00,11,32,300
34412,12/5/2016 19:00,11,32,301
34413,12/5/2016 20:00,10,32,301
34414,12/5/2016 21:00,11,32,301
34415,12/5/2016 22:00,10,32,301
34416,12/5/2016 23:00,10,32,301
34417,12/6/2016 0:00,11,32,301
34418,12/6/2016 1:00,11,32,301
34419,12/6/2016 2:00,11,32,300
34420,12/6/2016 3:00,11,32,300
34421,12/6/2016 4:00,10,32,300
34422,12/6/2016 5:00,11,32,300
34423,12/6/2016 6:00,11,33,300
34424,12/6/2016 7:00,11,32,299
34425,12/6/2016 8:00,11,32,300
34426,12/6/2016 9:00,10,32,299
34427,12/6/2016 10:00,11,32,299
34428,12/6/2016 11:00,10,32,299
34429,12/6/2016 12:00,11,32,299
34430,12/6/2016 13:00,11,32,299
34431,12/6/2016 14:00,11,32,299
34432,12/6/2016 15:00,10,32,299
34433,12/6/2016 16:00,10,32,299
34434,12/6/2016 17:00,11,32,299
34435,12/6/2016 18:00,11,32,299
34436,12/6/2016 19:00,11,32,298
34437,12/6/2016 20:00,11,32,298
34438,12/6/2016 21:00,11,32,297
34439,12/6/2016 22:00,11,32,296
34440,12/6/2016 23:00,11,32,294
34441,12/7/2016 0:00,11,32,299
34442,12/7/2016 1:00,11,32,300
34443,12/7/2016 2:00,11,32,301
34444,12/7/2016 3:00,11,32,300
34445,12/7/2016 4:00,10,32,301
34446,12/7/2016 5:00,11,32,300
34447,12/7/2016 6:00,11,32,299
34448,12/7/2016 7:00,11,32,301
34449,12/7/2016 8:00,11,32,304
34450,12/7/2016 9:00,12,32,308
34451,12/7/2016 10:00,11,32,307
34452,12/7/2016 11:00,11,32,307
34453,12/7/2016 12:00,11,32,308
34454,12/7/2016 13:00,11,33,308
34455,12/7/2016 14:00,11,32,307
34456,12/7/2016 15:00,11,32,304
34457,12/7/2016 16:00,12,32,304
34458,12/7/2016 17:00,11,32,301
34459,12/7/2016 18:00,11,32,304
34460,12/7/2016 19:00,11,32,298
34461,12/7/2016 20:00,11,32,308
34462,12/7/2016 21:00,11,33,309
34463,12/7/2016 22:00,10,32,310
34464,12/7/2016 23:00,11,32,311
34465,12/8/2016 0:00,11,32,310
34466,12/8/2016 1:00,11,32,310
34467,12/8/2016 2:00,10,32,311
34468,12/8/2016 3:00,12,32,309
34469,12/8/2016 4:00,10,32,308
34470,12/8/2016 5:00,11,32,308
34471,12/8/2016 6:00,11,32,308
34472,12/8/2016 7:00,11,32,309
34473,12/8/2016 8:00,11,32,309
34474,12/8/2016 9:00,9,32,309
34475,12/8/2016 10:00,11,32,308
34476,12/8/2016 11:00,11,32,309
34477,12/8/2016 12:00,11,32,309
34478,12/8/2016 13:00,10,32,309
34479,12/8/2016 14:00,11,32,309
34480,12/8/2016 15:00,11,32,309
34481,12/8/2016 16:00,11,32,309
34482,12/8/2016 17:00,12,32,309
34483,12/8/2016 18:00,11,32,309
34484,12/8/2016 19:00,11,32,309
34485,12/8/2016 20:00,11,32,309
34486,12/8/2016 21:00,11,32,308
34487,12/8/2016 22:00,11,32,308
34488,12/8/2016 23:00,11,32,308
34489,12/9/2016 0:00,9,32,308
34490,12/9/2016 1:00,9,32,307
34491,12/9/2016 2:00,9,32,307
34492,12/9/2016 3:00,13,32,307
34493,12/9/2016 4:00,11,32,305
34494,12/9/2016 5:00,11,32,304
34495,12/9/2016 6:00,10,32,304
34496,12/9/2016 7:00,11,32,305
34497,12/9/2016 8:00,10,32,303
34498,12/9/2016 9:00,11,32,302
34499,12/9/2016 10:00,11,32,297
34500,12/9/2016 11:00,11,32,296
34501,12/9/2016 12:00,11,32,299
34502,12/9/2016 13:00,11,32,302
34503,12/9/2016 14:00,11,32,307
34504,12/9/2016 15:00,11,32,308
34505,12/9/2016 16:00,9,32,309
34506,12/9/2016 17:00,10,33,310
34507,12/9/2016 18:00,11,32,310
34508,12/9/2016 19:00,11,32,311
34509,12/9/2016 20:00,11,32,311
34510,12/9/2016 21:00,11,33,311
34511,12/9/2016 22:00,10,32,312
34512,12/9/2016 23:00,12,32,312
34513,12/10/2016 0:00,11,32,312
34514,12/10/2016 1:00,11,32,312
34515,12/10/2016 2:00,10,32,312
34516,12/10/2016 3:00,11,32,312
34517,12/10/2016 4:00,11,32,312
34518,12/10/2016 5:00,11,32,312
34519,12/10/2016 6:00,11,32,312
34520,12/10/2016 7:00,11,32,312
34521,12/10/2016 8:00,11,32,312
34522,12/10/2016 9:00,11,32,312
34523,12/10/2016 10:00,11,32,312
34524,12/10/2016 11:00,12,32,312
34525,12/10/2016 12:00,12,32,312
34526,12/10/2016 13:00,11,32,311
34527,12/10/2016 14:00,11,32,311
34528,12/10/2016 15:00,11,32,312
34529,12/10/2016 16:00,11,33,312
34530,12/10/2016 17:00,36,32,312
34531,12/10/2016 18:00,10,32,312
34532,12/10/2016 19:00,11,32,312
34533,12/10/2016 20:00,12,32,312
34534,12/10/2016 21:00,61,32,311
34535,12/10/2016 22:00,59,32,311
34536,12/10/2016 23:00,63,32,311
34537,12/11/2016 0:00,63,32,311
34538,12/11/2016 1:00,58,32,311
34539,12/11/2016 2:00,69,32,311
34540,12/11/2016 3:00,63,32,311
34541,12/11/2016 4:00,59,32,311
34542,12/11/2016 5:00,56,32,311
34543,12/11/2016 6:00,46,32,311
34544,12/11/2016 7:00,41,32,310
34545,12/11/2016 8:00,39,32,311
34546,12/11/2016 9:00,36,32,311
34547,12/11/2016 10:00,33,32,309
34548,12/11/2016 11:00,28,32,309
34549,12/11/2016 12:00,25,32,309
34550,12/11/2016 13:00,20,32,309
34551,12/11/2016 14:00,14,32,309
34552,12/11/2016 15:00,14,32,309
34553,12/11/2016 16:00,14,32,309
34554,12/11/2016 17:00,14,32,309
34555,12/11/2016 18:00,14,32,309
34556,12/11/2016 19:00,14,32,309
34557,12/11/2016 20:00,14,32,309
34558,12/11/2016 21:00,13,32,309
34559,12/11/2016 22:00,13,32,309
34560,12/11/2016 23:00,13,32,308
34561,12/12/2016 0:00,13,32,308
34562,12/12/2016 1:00,13,32,307
34563,12/12/2016 2:00,13,32,305
34564,12/12/2016 3:00,12,32,304
34565,12/12/2016 4:00,12,32,303
34566,12/12/2016 5:00,12,32,300
34567,12/12/2016 6:00,25,32,283
34568,12/12/2016 7:00,12,32,302
34569,12/12/2016 8:00,14,32,303
34570,12/12/2016 9:00,12,32,304
34571,12/12/2016 10:00,12,32,306
34572,12/12/2016 11:00,12,32,307
34573,12/12/2016 12:00,12,32,308
34574,12/12/2016 13:00,12,32,308
34575,12/12/2016 14:00,14,32,308
34576,12/12/2016 15:00,12,32,308
34577,12/12/2016 16:00,13,32,309
34578,12/12/2016 17:00,12,32,309
34579,12/12/2016 18:00,12,32,309
34580,12/12/2016 19:00,12,32,309
34581,12/12/2016 20:00,12,32,309
34582,12/12/2016 21:00,14,32,309
34583,12/12/2016 22:00,12,32,310
34584,12/12/2016 23:00,13,32,309
34585,12/13/2016 0:00,13,32,310
34586,12/13/2016 1:00,13,32,310
34587,12/13/2016 2:00,13,32,310
34588,12/13/2016 3:00,12,32,310
34589,12/13/2016 4:00,13,32,310
34590,12/13/2016 5:00,13,32,310
34591,12/13/2016 6:00,13,32,310
34592,12/13/2016 7:00,13,32,310
34593,12/13/2016 8:00,13,30,310
34594,12/13/2016 9:00,13,32,311
34595,12/13/2016 10:00,13,32,310
34596,12/13/2016 11:00,13,32,311
34597,12/13/2016 12:00,13,32,311
34598,12/13/2016 13:00,13,32,311
34599,12/13/2016 14:00,13,32,311
34600,12/13/2016 15:00,13,32,311
34601,12/13/2016 16:00,13,32,311
34602,12/13/2016 17:00,13,32,311
34603,12/13/2016 18:00,13,32,311
34604,12/13/2016 19:00,13,32,311
34605,12/13/2016 20:00,13,32,311
34606,12/13/2016 21:00,15,32,311
34607,12/13/2016 22:00,13,32,311
34608,12/13/2016 23:00,13,34,311
34609,12/14/2016 0:00,13,32,311
34610,12/14/2016 1:00,13,32,311
34611,12/14/2016 2:00,13,32,311
34612,12/14/2016 3:00,13,32,311
34613,12/14/2016 4:00,13,32,311
34614,12/14/2016 5:00,13,32,311
34615,12/14/2016 6:00,13,32,311
34616,12/14/2016 7:00,13,32,311
34617,12/14/2016 8:00,13,30,311
34618,12/14/2016 9:00,13,30,311
34619,12/14/2016 10:00,13,30,311
34620,12/14/2016 11:00,13,30,311
34621,12/14/2016 12:00,13,30,311
34622,12/14/2016 13:00,13,30,310
34623,12/14/2016 14:00,13,30,311
34624,12/14/2016 15:00,13,30,310
34625,12/14/2016 16:00,13,30,310
34626,12/14/2016 17:00,13,30,310
34627,12/14/2016 18:00,13,30,310
34628,12/14/2016 19:00,13,30,310
34629,12/14/2016 20:00,13,30,310
34630,12/14/2016 21:00,13,30,310
34631,12/14/2016 22:00,13,30,310
34632,12/14/2016 23:00,13,30,310
34633,12/15/2016 0:00,13,30,309
34634,12/15/2016 1:00,13,30,310
34635,12/15/2016 2:00,13,30,310
34636,12/15/2016 3:00,13,30,310
34637,12/15/2016 4:00,13,30,309
34638,12/15/2016 5:00,13,30,309
34639,12/15/2016 6:00,13,30,309
34640,12/15/2016 7:00,13,30,309
34641,12/15/2016 8:00,13,30,309
34642,12/15/2016 9:00,13,30,309
34643,12/15/2016 10:00,13,30,309
34644,12/15/2016 11:00,13,30,309
34645,12/15/2016 12:00,13,30,309
34646,12/15/2016 13:00,13,30,309
34647,12/15/2016 14:00,14,30,309
34648,12/15/2016 15:00,13,31,309
34649,12/15/2016 16:00,13,30,309
34650,12/15/2016 17:00,13,31,309
34651,12/15/2016 18:00,13,30,309
34652,12/15/2016 19:00,13,31,309
34653,12/15/2016 20:00,13,31,309
34654,12/15/2016 21:00,13,31,309
34655,12/15/2016 22:00,13,30,308
34656,12/15/2016 23:00,13,31,309
34657,12/16/2016 0:00,13,31,309
34658,12/16/2016 1:00,15,31,309
34659,12/16/2016 2:00,13,31,308
34660,12/16/2016 3:00,13,31,308
34661,12/16/2016 4:00,15,31,309
34662,12/16/2016 5:00,13,31,308
34663,12/16/2016 6:00,13,31,308
34664,12/16/2016 7:00,13,31,308
34665,12/16/2016 8:00,13,31,308
34666,12/16/2016 9:00,13,31,308
34667,12/16/2016 10:00,13,31,308
34668,12/16/2016 11:00,13,31,308
34669,12/16/2016 12:00,13,31,308
34670,12/16/2016 13:00,13,31,308
34671,12/16/2016 14:00,13,31,308
34672,12/16/2016 15:00,13,31,308
34673,12/16/2016 16:00,13,31,308
34674,12/16/2016 17:00,15,31,308
34675,12/16/2016 18:00,12,31,308
34676,12/16/2016 19:00,13,31,308
34677,12/16/2016 20:00,13,31,308
34678,12/16/2016 21:00,13,31,308
34679,12/16/2016 22:00,13,31,308
34680,12/16/2016 23:00,13,31,308
34681,12/17/2016 0:00,13,31,308
34682,12/17/2016 1:00,13,31,308
34683,12/17/2016 2:00,15,31,308
34684,12/17/2016 3:00,13,31,308
34685,12/17/2016 4:00,13,31,307
34686,12/17/2016 5:00,13,31,308
34687,12/17/2016 6:00,15,31,307
34688,12/17/2016 7:00,13,31,307
34689,12/17/2016 8:00,13,31,307
34690,12/17/2016 9:00,13,31,308
34691,12/17/2016 10:00,13,31,307
34692,12/17/2016 11:00,13,31,307
34693,12/17/2016 12:00,13,31,307
34694,12/17/2016 13:00,13,31,307
34695,12/17/2016 14:00,13,31,307
34696,12/17/2016 15:00,13,31,307
34697,12/17/2016 16:00,13,31,307
34698,12/17/2016 17:00,13,31,307
34699,12/17/2016 18:00,13,31,307
34700,12/17/2016 19:00,13,31,307
34701,12/17/2016 20:00,13,31,307
34702,12/17/2016 21:00,13,31,307
34703,12/17/2016 22:00,13,31,307
34704,12/17/2016 23:00,13,31,307
34705,12/18/2016 0:00,13,31,307
34706,12/18/2016 1:00,13,31,307
34707,12/18/2016 2:00,13,31,307
34708,12/18/2016 3:00,13,31,307
34709,12/18/2016 4:00,13,31,307
34710,12/18/2016 5:00,13,31,307
34711,12/18/2016 6:00,13,31,307
34712,12/18/2016 7:00,13,31,306
34713,12/18/2016 8:00,13,31,306
34714,12/18/2016 9:00,13,31,306
34715,12/18/2016 10:00,12,31,306
34716,12/18/2016 11:00,12,31,306
34717,12/18/2016 12:00,13,31,304
34718,12/18/2016 13:00,13,31,305
34719,12/18/2016 14:00,13,31,306
34720,12/18/2016 15:00,13,31,306
34721,12/18/2016 16:00,12,31,304
34722,12/18/2016 17:00,12,31,304
34723,12/18/2016 18:00,12,31,304
34724,12/18/2016 19:00,12,31,304
34725,12/18/2016 20:00,12,31,305
34726,12/18/2016 21:00,12,31,304
34727,12/18/2016 22:00,12,31,304
34728,12/18/2016 23:00,12,31,304
34729,12/19/2016 0:00,12,31,304
34730,12/19/2016 1:00,12,31,304
34731,12/19/2016 2:00,12,33,304
34732,12/19/2016 3:00,12,31,304
34733,12/19/2016 4:00,12,31,304
34734,12/19/2016 5:00,12,31,304
34735,12/19/2016 6:00,12,31,304
34736,12/19/2016 7:00,12,31,304
34737,12/19/2016 8:00,12,31,304
34738,12/19/2016 9:00,12,31,304
34739,12/19/2016 10:00,12,31,304
34740,12/19/2016 11:00,12,31,304
34741,12/19/2016 12:00,12,31,304
34742,12/19/2016 13:00,12,31,304
34743,12/19/2016 14:00,12,31,304
34744,12/19/2016 15:00,12,31,304
34745,12/19/2016 16:00,10,31,304
34746,12/19/2016 17:00,12,31,304
34747,12/19/2016 18:00,15,31,304
34748,12/19/2016 19:00,12,31,304
34749,12/19/2016 20:00,11,31,304
34750,12/19/2016 21:00,12,31,304
34751,12/19/2016 22:00,12,31,304
34752,12/19/2016 23:00,12,31,304
34753,12/20/2016 0:00,12,31,304
34754,12/20/2016 1:00,12,31,304
34755,12/20/2016 2:00,15,31,304
34756,12/20/2016 3:00,12,31,304
34757,12/20/2016 4:00,12,31,304
34758,12/20/2016 5:00,12,31,304
34759,12/20/2016 6:00,12,31,304
34760,12/20/2016 7:00,14,31,304
34761,12/20/2016 8:00,15,31,303
34762,12/20/2016 9:00,12,31,303
34763,12/20/2016 10:00,12,31,303
34764,12/20/2016 11:00,15,31,303
34765,12/20/2016 12:00,12,31,303
34766,12/20/2016 13:00,12,31,303
34767,12/20/2016 14:00,11,31,303
34768,12/20/2016 15:00,15,31,303
34769,12/20/2016 16:00,12,31,303
34770,12/20/2016 17:00,12,31,303
34771,12/20/2016 18:00,12,31,303
34772,12/20/2016 19:00,10,31,303
34773,12/20/2016 20:00,12,31,303
34774,12/20/2016 21:00,12,31,303
34775,12/20/2016 22:00,12,31,303
34776,12/20/2016 23:00,12,31,303
34777,12/21/2016 0:00,12,31,303
34778,12/21/2016 1:00,12,31,303
34779,12/21/2016 2:00,12,31,303
34780,12/21/2016 3:00,12,31,303
34781,12/21/2016 4:00,13,31,303
34782,12/21/2016 5:00,12,31,303
34783,12/21/2016 6:00,12,31,303
34784,12/21/2016 7:00,12,31,303
34785,12/21/2016 8:00,12,31,303
34786,12/21/2016 9:00,12,31,303
34787,12/21/2016 10:00,12,31,303
34788,12/21/2016 11:00,12,31,303
34789,12/21/2016 12:00,12,31,303
34790,12/21/2016 13:00,12,31,303
34791,12/21/2016 14:00,12,31,303
34792,12/21/2016 15:00,12,31,303
34793,12/21/2016 16:00,12,31,303
34794,12/21/2016 17:00,12,31,303
34795,12/21/2016 18:00,12,31,303
34796,12/21/2016 19:00,12,31,303
34797,12/21/2016 20:00,12,31,303
34798,12/21/2016 21:00,15,31,302
34799,12/21/2016 22:00,10,31,302
34800,12/21/2016 23:00,12,31,302
34801,12/22/2016 0:00,14,31,302
34802,12/22/2016 1:00,12,31,302
34803,12/22/2016 2:00,12,31,302
34804,12/22/2016 3:00,12,31,302
34805,12/22/2016 4:00,12,31,302
34806,12/22/2016 5:00,12,31,302
34807,12/22/2016 6:00,12,32,302
34808,12/22/2016 7:00,12,31,302
34809,12/22/2016 8:00,12,31,302
34810,12/22/2016 9:00,12,31,302
34811,12/22/2016 10:00,12,31,302
34812,12/22/2016 11:00,15,32,302
34813,12/22/2016 12:00,12,32,302
34814,12/22/2016 13:00,12,31,302
34815,12/22/2016 14:00,12,31,302
34816,12/22/2016 15:00,12,31,302
34817,12/22/2016 16:00,12,31,302
34818,12/22/2016 17:00,12,32,302
34819,12/22/2016 18:00,12,31,302
34820,12/22/2016 19:00,12,32,302
34821,12/22/2016 20:00,12,32,302
34822,12/22/2016 21:00,12,32,302
34823,12/22/2016 22:00,12,32,302
34824,12/22/2016 23:00,12,32,302
34825,12/23/2016 0:00,12,32,302
34826,12/23/2016 1:00,12,32,302
34827,12/23/2016 2:00,12,32,302
34828,12/23/2016 3:00,12,32,302
34829,12/23/2016 4:00,12,32,302
34830,12/23/2016 5:00,12,32,302
34831,12/23/2016 6:00,12,32,302
34832,12/23/2016 7:00,14,32,302
34833,12/23/2016 8:00,12,32,302
34834,12/23/2016 9:00,12,32,302
34835,12/23/2016 10:00,12,32,302
34836,12/23/2016 11:00,12,32,302
34837,12/23/2016 12:00,12,32,302
34838,12/23/2016 13:00,15,32,302
34839,12/23/2016 14:00,12,32,302
34840,12/23/2016 15:00,12,32,302
34841,12/23/2016 16:00,12,32,302
34842,12/23/2016 17:00,12,32,302
34843,12/23/2016 18:00,12,32,302
34844,12/23/2016 19:00,12,32,302
34845,12/23/2016 20:00,12,32,302
34846,12/23/2016 21:00,12,32,302
34847,12/23/2016 22:00,12,32,302
34848,12/23/2016 23:00,12,32,302
34849,12/24/2016 0:00,12,32,302
34850,12/24/2016 1:00,12,32,302
34851,12/24/2016 2:00,12,32,302
34852,12/24/2016 3:00,12,32,302
34853,12/24/2016 4:00,12,32,302
34854,12/24/2016 5:00,15,32,302
34855,12/24/2016 6:00,12,32,302
34856,12/24/2016 7:00,12,32,302
34857,12/24/2016 8:00,12,32,302
34858,12/24/2016 9:00,12,32,302
34859,12/24/2016 10:00,12,32,302
34860,12/24/2016 11:00,12,32,301
34861,12/24/2016 12:00,12,32,301
34862,12/24/2016 13:00,12,32,302
34863,12/24/2016 14:00,12,32,301
34864,12/24/2016 15:00,12,32,301
34865,12/24/2016 16:00,12,32,301
34866,12/24/2016 17:00,12,32,302
34867,12/24/2016 18:00,12,32,301
34868,12/24/2016 19:00,12,32,301
34869,12/24/2016 20:00,12,32,301
34870,12/24/2016 21:00,12,32,301
34871,12/24/2016 22:00,13,30,301
34872,12/24/2016 23:00,12,32,301
34873,12/25/2016 0:00,12,32,301
34874,12/25/2016 1:00,12,32,301
34875,12/25/2016 2:00,12,32,301
34876,12/25/2016 3:00,12,32,301
34877,12/25/2016 4:00,10,32,301
34878,12/25/2016 5:00,12,32,301
34879,12/25/2016 6:00,12,32,301
34880,12/25/2016 7:00,12,32,301
34881,12/25/2016 8:00,12,32,301
34882,12/25/2016 9:00,12,32,301
34883,12/25/2016 10:00,12,30,301
34884,12/25/2016 11:00,12,32,301
34885,12/25/2016 12:00,12,32,301
34886,12/25/2016 13:00,12,32,301
34887,12/25/2016 14:00,12,32,301
34888,12/25/2016 15:00,12,32,301
34889,12/25/2016 16:00,12,32,301
34890,12/25/2016 17:00,12,32,301
34891,12/25/2016 18:00,12,32,301
34892,12/25/2016 19:00,12,32,301
34893,12/25/2016 20:00,12,32,301
34894,12/25/2016 21:00,12,32,301
34895,12/25/2016 22:00,12,32,301
34896,12/25/2016 23:00,12,32,301
34897,12/26/2016 0:00,12,32,301
34898,12/26/2016 1:00,12,32,301
34899,12/26/2016 2:00,12,30,301
34900,12/26/2016 3:00,12,32,301
34901,12/26/2016 4:00,12,32,301
34902,12/26/2016 5:00,12,32,301
34903,12/26/2016 6:00,12,32,301
34904,12/26/2016 7:00,11,32,301
34905,12/26/2016 8:00,15,32,301
34906,12/26/2016 9:00,12,32,301
34907,12/26/2016 10:00,12,32,301
34908,12/26/2016 11:00,12,32,301
34909,12/26/2016 12:00,12,32,301
34910,12/26/2016 13:00,12,32,301
34911,12/26/2016 14:00,12,32,301
34912,12/26/2016 15:00,12,32,301
34913,12/26/2016 16:00,12,32,301
34914,12/26/2016 17:00,12,32,301
34915,12/26/2016 18:00,12,32,301
34916,12/26/2016 19:00,12,32,301
34917,12/26/2016 20:00,12,32,301
34918,12/26/2016 21:00,12,32,301
34919,12/26/2016 22:00,12,32,300
34920,12/26/2016 23:00,12,32,301
34921,12/27/2016 0:00,12,32,301
34922,12/27/2016 1:00,12,32,301
34923,12/27/2016 2:00,12,32,301
34924,12/27/2016 3:00,12,32,301
34925,12/27/2016 4:00,13,32,301
34926,12/27/2016 5:00,12,32,301
34927,12/27/2016 6:00,12,32,300
34928,12/27/2016 7:00,12,32,301
34929,12/27/2016 8:00,12,32,300
34930,12/27/2016 9:00,12,32,300
34931,12/27/2016 10:00,12,32,301
34932,12/27/2016 11:00,12,32,300
34933,12/27/2016 12:00,12,32,301
34934,12/27/2016 13:00,12,32,300
34935,12/27/2016 14:00,12,32,300
34936,12/27/2016 15:00,12,32,300
34937,12/27/2016 16:00,12,32,300
34938,12/27/2016 17:00,12,32,300
34939,12/27/2016 18:00,12,32,300
34940,12/27/2016 19:00,12,32,300
34941,12/27/2016 20:00,12,32,300
34942,12/27/2016 21:00,12,32,300
34943,12/27/2016 22:00,12,32,300
34944,12/27/2016 23:00,12,32,300
34945,12/28/2016 0:00,13,32,300
34946,12/28/2016 1:00,12,32,300
34947,12/28/2016 2:00,12,32,300
34948,12/28/2016 3:00,12,32,300
34949,12/28/2016 4:00,15,32,300
34950,12/28/2016 5:00,12,32,300
34951,12/28/2016 6:00,12,32,300
34952,12/28/2016 7:00,12,32,300
34953,12/28/2016 8:00,12,32,300
34954,12/28/2016 9:00,12,32,300
34955,12/28/2016 10:00,12,32,300
34956,12/28/2016 11:00,12,32,300
34957,12/28/2016 12:00,12,30,300
34958,12/28/2016 13:00,12,32,300
34959,12/28/2016 14:00,12,32,300
34960,12/28/2016 15:00,12,32,300
34961,12/28/2016 16:00,12,32,300
34962,12/28/2016 17:00,12,32,300
34963,12/28/2016 18:00,12,32,300
34964,12/28/2016 19:00,12,32,300
34965,12/28/2016 20:00,12,32,300
34966,12/28/2016 21:00,12,32,300
34967,12/28/2016 22:00,10,32,300
34968,12/28/2016 23:00,12,32,300
34969,12/29/2016 0:00,12,32,300
34970,12/29/2016 1:00,12,32,300
34971,12/29/2016 2:00,12,32,300
34972,12/29/2016 3:00,12,32,300
34973,12/29/2016 4:00,13,32,300
34974,12/29/2016 5:00,12,34,300
34975,12/29/2016 6:00,12,32,300
34976,12/29/2016 7:00,12,32,300
34977,12/29/2016 8:00,12,32,300
34978,12/29/2016 9:00,12,32,300
34979,12/29/2016 10:00,12,32,300
34980,12/29/2016 11:00,12,32,300
34981,12/29/2016 12:00,12,32,300
34982,12/29/2016 13:00,12,32,300
34983,12/29/2016 14:00,12,32,300
34984,12/29/2016 15:00,12,32,300
34985,12/29/2016 16:00,12,32,300
34986,12/29/2016 17:00,12,32,300
34987,12/29/2016 18:00,12,32,300
34988,12/29/2016 19:00,12,32,300
34989,12/29/2016 20:00,12,32,300
34990,12/29/2016 21:00,12,32,300
34991,12/29/2016 22:00,12,32,300
34992,12/29/2016 23:00,12,32,300
34993,12/30/2016 0:00,12,32,300
34994,12/30/2016 1:00,12,33,300
34995,12/30/2016 2:00,12,32,300
34996,12/30/2016 3:00,12,32,300
34997,12/30/2016 4:00,12,32,300
34998,12/30/2016 5:00,12,32,300
34999,12/30/2016 6:00,12,32,300
35000,12/30/2016 7:00,12,32,300
35001,12/30/2016 8:00,12,32,300
35002,12/30/2016 9:00,12,32,300
35003,12/30/2016 10:00,12,32,299
35004,12/30/2016 11:00,12,32,299
35005,12/30/2016 12:00,12,32,299
35006,12/30/2016 13:00,12,32,300
35007,12/30/2016 14:00,12,32,299
35008,12/30/2016 15:00,12,32,299
35009,12/30/2016 16:00,12,32,299
35010,12/30/2016 17:00,12,32,299
35011,12/30/2016 18:00,12,32,299
35012,12/30/2016 19:00,12,32,299
35013,12/30/2016 20:00,12,32,299
35014,12/30/2016 21:00,12,32,299
35015,12/30/2016 22:00,12,32,299
35016,12/30/2016 23:00,12,32,299
35017,12/31/2016 0:00,12,32,299
35018,12/31/2016 1:00,12,32,299
35019,12/31/2016 2:00,12,32,299
35020,12/31/2016 3:00,12,32,299
35021,12/31/2016 4:00,12,32,299
35022,12/31/2016 5:00,14,32,299
35023,12/31/2016 6:00,12,32,299
35024,12/31/2016 7:00,12,32,299
35025,12/31/2016 8:00,12,32,299
35026,12/31/2016 9:00,12,32,299
35027,12/31/2016 10:00,12,32,315
35028,12/31/2016 11:00,12,32,303
35029,12/31/2016 12:00,12,32,300
35030,12/31/2016 13:00,12,32,305
35031,12/31/2016 14:00,12,32,304
35032,12/31/2016 15:00,12,32,310
35033,12/31/2016 16:00,12,32,309
35034,12/31/2016 17:00,12,32,310
35035,12/31/2016 18:00,12,32,309
35036,12/31/2016 19:00,12,32,309
35037,12/31/2016 20:00,12,32,308
35038,12/31/2016 21:00,12,32,308
35039,12/31/2016 22:00,12,32,307
35040,12/31/2016 23:00,12,32,304
35041,1/1/2017 0:00,12,32,307
35042,1/1/2017 1:00,12,32,307
35043,1/1/2017 2:00,12,32,304
35044,1/1/2017 3:00,12,32,301
35045,1/1/2017 4:00,12,32,300
35046,1/1/2017 5:00,12,32,298
35047,1/1/2017 6:00,12,32,299
35048,1/1/2017 7:00,12,32,302
35049,1/1/2017 8:00,12,32,302
35050,1/1/2017 9:00,12,32,301
35051,1/1/2017 10:00,12,32,300
35052,1/1/2017 11:00,12,32,301
35053,1/1/2017 12:00,12,32,302
35054,1/1/2017 13:00,12,32,303
35055,1/1/2017 14:00,12,32,303
35056,1/1/2017 15:00,12,32,303
35057,1/1/2017 16:00,12,32,303
35058,1/1/2017 17:00,12,32,303
35059,1/1/2017 18:00,12,32,303
35060,1/1/2017 19:00,12,32,304
35061,1/1/2017 20:00,12,32,304
35062,1/1/2017 21:00,12,32,303
35063,1/1/2017 22:00,12,32,301
35064,1/1/2017 23:00,12,32,300
35065,1/2/2017 0:00,12,32,300
35066,1/2/2017 1:00,12,32,300
35067,1/2/2017 2:00,12,32,296
35068,1/2/2017 3:00,12,32,298
35069,1/2/2017 4:00,12,32,282
35070,1/2/2017 5:00,12,32,280
35071,1/2/2017 6:00,12,32,280
35072,1/2/2017 7:00,12,32,281
35073,1/2/2017 8:00,12,32,281
35074,1/2/2017 9:00,12,32,273
35075,1/2/2017 10:00,12,32,288
35076,1/2/2017 11:00,12,32,273
35077,1/2/2017 12:00,12,33,270
35078,1/2/2017 13:00,12,32,278
35079,1/2/2017 14:00,12,32,265
35080,1/2/2017 15:00,12,32,266
35081,1/2/2017 16:00,12,32,266
35082,1/2/2017 17:00,12,32,276
35083,1/2/2017 18:00,12,32,266
35084,1/2/2017 19:00,12,32,264
35085,1/2/2017 20:00,12,32,265
35086,1/2/2017 21:00,12,32,262
35087,1/2/2017 22:00,12,30,260
35088,1/2/2017 23:00,12,32,260
35089,1/3/2017 0:00,12,32,261
35090,1/3/2017 1:00,12,32,260
35091,1/3/2017 2:00,12,32,260
35092,1/3/2017 3:00,12,32,259
35093,1/3/2017 4:00,12,32,260
35094,1/3/2017 5:00,12,32,259
35095,1/3/2017 6:00,12,32,260
35096,1/3/2017 7:00,12,32,258
35097,1/3/2017 8:00,12,32,258
35098,1/3/2017 9:00,12,32,258
35099,1/3/2017 10:00,12,32,257
35100,1/3/2017 11:00,12,32,257
35101,1/3/2017 12:00,12,32,255
35102,1/3/2017 13:00,12,32,254
35103,1/3/2017 14:00,12,32,255
35104,1/3/2017 15:00,14,32,257
35105,1/3/2017 16:00,12,32,257
35106,1/3/2017 17:00,12,32,257
35107,1/3/2017 18:00,12,32,257
35108,1/3/2017 19:00,11,32,258
35109,1/3/2017 20:00,12,32,260
35110,1/3/2017 21:00,12,32,260
35111,1/3/2017 22:00,12,32,260
35112,1/3/2017 23:00,12,33,262
35113,1/4/2017 0:00,12,32,263
35114,1/4/2017 1:00,12,32,263
35115,1/4/2017 2:00,12,32,264
35116,1/4/2017 3:00,12,32,264
35117,1/4/2017 4:00,12,32,264
35118,1/4/2017 5:00,12,32,264
35119,1/4/2017 6:00,12,32,265
35120,1/4/2017 7:00,15,32,265
35121,1/4/2017 8:00,12,32,265
35122,1/4/2017 9:00,12,32,265
35123,1/4/2017 10:00,12,32,265
35124,1/4/2017 11:00,12,32,265
35125,1/4/2017 12:00,12,32,265
35126,1/4/2017 13:00,12,32,265
35127,1/4/2017 14:00,12,32,265
35128,1/4/2017 15:00,12,32,264
35129,1/4/2017 16:00,12,32,264
35130,1/4/2017 17:00,12,32,264
35131,1/4/2017 18:00,12,32,264
35132,1/4/2017 19:00,12,32,264
35133,1/4/2017 20:00,12,32,263
35134,1/4/2017 21:00,12,32,263
35135,1/4/2017 22:00,12,32,263
35136,1/4/2017 23:00,12,32,260
35137,1/5/2017 0:00,12,32,259
35138,1/5/2017 1:00,12,32,259
35139,1/5/2017 2:00,12,32,259
35140,1/5/2017 3:00,12,32,257
35141,1/5/2017 4:00,12,32,259
35142,1/5/2017 5:00,12,32,258
35143,1/5/2017 6:00,12,33,257
35144,1/5/2017 7:00,12,32,258
35145,1/5/2017 8:00,12,32,258
35146,1/5/2017 9:00,12,32,255
35147,1/5/2017 10:00,12,32,254
35148,1/5/2017 11:00,12,32,257
35149,1/5/2017 12:00,12,32,258
35150,1/5/2017 13:00,11,32,255
35151,1/5/2017 14:00,12,33,253
35152,1/5/2017 15:00,12,32,253
35153,1/5/2017 16:00,12,32,252
35154,1/5/2017 17:00,12,32,253
35155,1/5/2017 18:00,12,32,252
35156,1/5/2017 19:00,12,32,251
35157,1/5/2017 20:00,12,32,251
35158,1/5/2017 21:00,12,32,252
35159,1/5/2017 22:00,12,32,253
35160,1/5/2017 23:00,12,32,253
35161,1/6/2017 0:00,12,32,252
35162,1/6/2017 1:00,12,32,253
35163,1/6/2017 2:00,12,32,252
35164,1/6/2017 3:00,12,32,251
35165,1/6/2017 4:00,12,32,250
35166,1/6/2017 5:00,12,32,248
35167,1/6/2017 6:00,12,32,250
35168,1/6/2017 7:00,13,32,246
35169,1/6/2017 8:00,12,32,250
35170,1/6/2017 9:00,12,32,245
35171,1/6/2017 10:00,12,32,248
35172,1/6/2017 11:00,12,32,248
35173,1/6/2017 12:00,12,32,246
35174,1/6/2017 13:00,14,32,248
35175,1/6/2017 14:00,12,32,248
35176,1/6/2017 15:00,12,32,248
35177,1/6/2017 16:00,12,32,248
35178,1/6/2017 17:00,12,32,250
35179,1/6/2017 18:00,13,32,251
35180,1/6/2017 19:00,12,32,251
35181,1/6/2017 20:00,12,32,250
35182,1/6/2017 21:00,12,32,252
35183,1/6/2017 22:00,12,32,254
35184,1/6/2017 23:00,15,32,252
35185,1/7/2017 0:00,12,32,251
35186,1/7/2017 1:00,12,32,254
35187,1/7/2017 2:00,15,32,254
35188,1/7/2017 3:00,12,32,254
35189,1/7/2017 4:00,12,32,253
35190,1/7/2017 5:00,12,32,253
35191,1/7/2017 6:00,12,32,255
35192,1/7/2017 7:00,12,32,253
35193,1/7/2017 8:00,12,32,253
35194,1/7/2017 9:00,12,32,253
35195,1/7/2017 10:00,12,33,253
35196,1/7/2017 11:00,12,32,253
35197,1/7/2017 12:00,12,32,268
35198,1/7/2017 13:00,15,32,270
35199,1/7/2017 14:00,12,33,273
35200,1/7/2017 15:00,13,32,274
35201,1/7/2017 16:00,12,32,274
35202,1/7/2017 17:00,12,32,274
35203,1/7/2017 18:00,12,32,259
35204,1/7/2017 19:00,11,32,259
35205,1/7/2017 20:00,12,32,258
35206,1/7/2017 21:00,12,32,257
35207,1/7/2017 22:00,12,32,255
35208,1/7/2017 23:00,12,32,256
35209,1/8/2017 0:00,12,32,256
35210,1/8/2017 1:00,12,32,270
35211,1/8/2017 2:00,12,32,258
35212,1/8/2017 3:00,12,32,257
35213,1/8/2017 4:00,12,32,255
35214,1/8/2017 5:00,12,32,253
35215,1/8/2017 6:00,11,32,261
35216,1/8/2017 7:00,12,32,260
35217,1/8/2017 8:00,12,32,259
35218,1/8/2017 9:00,12,33,261
35219,1/8/2017 10:00,12,32,265
35220,1/8/2017 11:00,12,32,261
35221,1/8/2017 12:00,13,32,263
35222,1/8/2017 13:00,12,32,264
35223,1/8/2017 14:00,12,32,260
35224,1/8/2017 15:00,12,32,261
35225,1/8/2017 16:00,12,32,260
35226,1/8/2017 17:00,12,32,259
35227,1/8/2017 18:00,12,32,260
35228,1/8/2017 19:00,15,32,259
35229,1/8/2017 20:00,12,32,259
35230,1/8/2017 21:00,12,32,259
35231,1/8/2017 22:00,12,32,259
35232,1/8/2017 23:00,11,32,259
35233,1/9/2017 0:00,12,32,259
35234,1/9/2017 1:00,12,32,260
35235,1/9/2017 2:00,12,32,260
35236,1/9/2017 3:00,12,32,260
35237,1/9/2017 4:00,12,32,260
35238,1/9/2017 5:00,12,32,259
35239,1/9/2017 6:00,12,32,259
35240,1/9/2017 7:00,12,32,258
35241,1/9/2017 8:00,12,32,258
35242,1/9/2017 9:00,12,32,257
35243,1/9/2017 10:00,12,32,255
35244,1/9/2017 11:00,12,32,255
35245,1/9/2017 12:00,12,32,255
35246,1/9/2017 13:00,13,32,254
35247,1/9/2017 14:00,12,32,255
35248,1/9/2017 15:00,12,32,255
35249,1/9/2017 16:00,12,32,255
35250,1/9/2017 17:00,12,32,254
35251,1/9/2017 18:00,12,32,254
35252,1/9/2017 19:00,12,32,254
35253,1/9/2017 20:00,12,32,252
35254,1/9/2017 21:00,12,32,252
35255,1/9/2017 22:00,12,32,252
35256,1/9/2017 23:00,12,32,251
35257,1/10/2017 0:00,12,32,252
35258,1/10/2017 1:00,12,32,252
35259,1/10/2017 2:00,13,32,254
35260,1/10/2017 3:00,12,32,253
35261,1/10/2017 4:00,12,32,251
35262,1/10/2017 5:00,12,32,252
35263,1/10/2017 6:00,12,32,250
35264,1/10/2017 7:00,12,32,250
35265,1/10/2017 8:00,12,32,250
35266,1/10/2017 9:00,12,32,248
35267,1/10/2017 10:00,12,32,252
35268,1/10/2017 11:00,12,32,250
35269,1/10/2017 12:00,12,32,253
35270,1/10/2017 13:00,12,32,248
35271,1/10/2017 14:00,12,32,250
35272,1/10/2017 15:00,12,32,248
35273,1/10/2017 16:00,12,32,248
35274,1/10/2017 17:00,12,32,248
35275,1/10/2017 18:00,12,32,251
35276,1/10/2017 19:00,10,32,250
35277,1/10/2017 20:00,12,32,250
35278,1/10/2017 21:00,12,32,247
35279,1/10/2017 22:00,12,32,250
35280,1/10/2017 23:00,12,32,245
35281,1/11/2017 0:00,12,32,250
35282,1/11/2017 1:00,12,30,249
35283,1/11/2017 2:00,12,32,253
35284,1/11/2017 3:00,12,32,250
35285,1/11/2017 4:00,12,32,252
35286,1/11/2017 5:00,12,32,250
35287,1/11/2017 6:00,12,32,254
35288,1/11/2017 7:00,12,32,253
35289,1/11/2017 8:00,13,32,251
35290,1/11/2017 9:00,12,32,252
35291,1/11/2017 10:00,12,32,251
35292,1/11/2017 11:00,12,32,251
35293,1/11/2017 12:00,12,32,252
35294,1/11/2017 13:00,12,32,251
35295,1/11/2017 14:00,12,32,251
35296,1/11/2017 15:00,12,32,252
35297,1/11/2017 16:00,12,34,252
35298,1/11/2017 17:00,12,32,249
35299,1/11/2017 18:00,12,32,252
35300,1/11/2017 19:00,12,32,250
35301,1/11/2017 20:00,12,32,251
35302,1/11/2017 21:00,12,32,263
35303,1/11/2017 22:00,12,32,251
35304,1/11/2017 23:00,15,32,251
35305,1/12/2017 0:00,12,32,251
35306,1/12/2017 1:00,12,32,252
35307,1/12/2017 2:00,12,32,251
35308,1/12/2017 3:00,12,32,250
35309,1/12/2017 4:00,12,32,252
35310,1/12/2017 5:00,12,32,251
35311,1/12/2017 6:00,12,32,251
35312,1/12/2017 7:00,12,32,251
35313,1/12/2017 8:00,12,32,251
35314,1/12/2017 9:00,12,32,251
35315,1/12/2017 10:00,12,32,251
35316,1/12/2017 11:00,12,32,251
35317,1/12/2017 12:00,12,32,251
35318,1/12/2017 13:00,12,32,251
35319,1/12/2017 14:00,12,31,251
35320,1/12/2017 15:00,12,32,252
35321,1/12/2017 16:00,13,32,251
35322,1/12/2017 17:00,12,32,248
35323,1/12/2017 18:00,12,32,250
35324,1/12/2017 19:00,12,32,250
35325,1/12/2017 20:00,12,32,251
35326,1/12/2017 21:00,12,32,252
35327,1/12/2017 22:00,12,32,251
35328,1/12/2017 23:00,12,31,252
35329,1/13/2017 0:00,12,31,251
35330,1/13/2017 1:00,12,31,251
35331,1/13/2017 2:00,12,31,251
35332,1/13/2017 3:00,13,31,251
35333,1/13/2017 4:00,11,31,252
35334,1/13/2017 5:00,12,31,250
35335,1/13/2017 6:00,12,31,250
35336,1/13/2017 7:00,12,31,249
35337,1/13/2017 8:00,12,31,250
35338,1/13/2017 9:00,12,31,250
35339,1/13/2017 10:00,12,31,248
35340,1/13/2017 11:00,12,31,250
35341,1/13/2017 12:00,12,31,250
35342,1/13/2017 13:00,12,31,249
35343,1/13/2017 14:00,12,31,248
35344,1/13/2017 15:00,15,31,248
35345,1/13/2017 16:00,12,31,248
35346,1/13/2017 17:00,12,31,249
35347,1/13/2017 18:00,13,31,248
35348,1/13/2017 19:00,12,31,250
35349,1/13/2017 20:00,12,31,250
35350,1/13/2017 21:00,12,31,250
35351,1/13/2017 22:00,12,31,250
35352,1/13/2017 23:00,12,31,250
35353,1/14/2017 0:00,12,31,250
35354,1/14/2017 1:00,13,31,250
35355,1/14/2017 2:00,12,31,249
35356,1/14/2017 3:00,12,31,250
35357,1/14/2017 4:00,12,31,248
35358,1/14/2017 5:00,12,31,248
35359,1/14/2017 6:00,12,31,246
35360,1/14/2017 7:00,12,32,246
35361,1/14/2017 8:00,13,31,246
35362,1/14/2017 9:00,12,31,246
35363,1/14/2017 10:00,12,31,245
35364,1/14/2017 11:00,12,31,246
35365,1/14/2017 12:00,15,31,246
35366,1/14/2017 13:00,12,31,250
35367,1/14/2017 14:00,12,31,251
35368,1/14/2017 15:00,12,31,253
35369,1/14/2017 16:00,15,31,252
35370,1/14/2017 17:00,12,31,253
35371,1/14/2017 18:00,12,31,253
35372,1/14/2017 19:00,12,31,253
35373,1/14/2017 20:00,12,31,253
35374,1/14/2017 21:00,12,31,253
35375,1/14/2017 22:00,12,31,252
35376,1/14/2017 23:00,12,31,251
35377,1/15/2017 0:00,12,31,251
35378,1/15/2017 1:00,12,31,252
35379,1/15/2017 2:00,12,31,251
35380,1/15/2017 3:00,12,31,253
35381,1/15/2017 4:00,12,31,253
35382,1/15/2017 5:00,12,31,252
35383,1/15/2017 6:00,12,31,252
35384,1/15/2017 7:00,12,31,253
35385,1/15/2017 8:00,12,31,253
35386,1/15/2017 9:00,12,31,254
35387,1/15/2017 10:00,12,31,253
35388,1/15/2017 11:00,12,31,253
35389,1/15/2017 12:00,12,31,252
35390,1/15/2017 13:00,12,31,251
35391,1/15/2017 14:00,12,31,251
35392,1/15/2017 15:00,12,31,251
35393,1/15/2017 16:00,12,31,251
35394,1/15/2017 17:00,12,31,252
35395,1/15/2017 18:00,12,31,251
35396,1/15/2017 19:00,13,31,251
35397,1/15/2017 20:00,12,31,251
35398,1/15/2017 21:00,12,31,251
35399,1/15/2017 22:00,12,31,251
35400,1/15/2017 23:00,12,31,250
35401,1/16/2017 0:00,12,31,250
35402,1/16/2017 1:00,12,31,250
35403,1/16/2017 2:00,12,31,246
35404,1/16/2017 3:00,12,31,248
35405,1/16/2017 4:00,12,31,249
35406,1/16/2017 5:00,13,31,250
35407,1/16/2017 6:00,12,31,250
35408,1/16/2017 7:00,12,31,251
35409,1/16/2017 8:00,12,31,251
35410,1/16/2017 9:00,12,31,253
35411,1/16/2017 10:00,12,31,252
35412,1/16/2017 11:00,12,31,253
35413,1/16/2017 12:00,12,31,254
35414,1/16/2017 13:00,12,31,253
35415,1/16/2017 14:00,13,31,253
35416,1/16/2017 15:00,12,31,253
35417,1/16/2017 16:00,12,31,253
35418,1/16/2017 17:00,12,31,253
35419,1/16/2017 18:00,13,31,253
35420,1/16/2017 19:00,12,31,254
35421,1/16/2017 20:00,12,31,254
35422,1/16/2017 21:00,12,31,254
35423,1/16/2017 22:00,12,31,254
35424,1/16/2017 23:00,12,31,253
35425,1/17/2017 0:00,12,31,253
35426,1/17/2017 1:00,12,31,253
35427,1/17/2017 2:00,12,31,252
35428,1/17/2017 3:00,13,31,252
35429,1/17/2017 4:00,12,31,252
35430,1/17/2017 5:00,12,31,251
35431,1/17/2017 6:00,12,31,252
35432,1/17/2017 7:00,13,31,252
35433,1/17/2017 8:00,12,31,251
35434,1/17/2017 9:00,12,31,252
35435,1/17/2017 10:00,12,31,252
35436,1/17/2017 11:00,12,31,252
35437,1/17/2017 12:00,12,31,251
35438,1/17/2017 13:00,12,31,251
35439,1/17/2017 14:00,12,31,251
35440,1/17/2017 15:00,12,31,252
35441,1/17/2017 16:00,13,31,246
35442,1/17/2017 17:00,12,31,253
35443,1/17/2017 18:00,12,31,254
35444,1/17/2017 19:00,15,31,254
35445,1/17/2017 20:00,12,31,253
35446,1/17/2017 21:00,12,31,252
35447,1/17/2017 22:00,13,31,252
35448,1/17/2017 23:00,10,31,253
35449,1/18/2017 0:00,12,31,253
35450,1/18/2017 1:00,12,31,253
35451,1/18/2017 2:00,12,31,253
35452,1/18/2017 3:00,13,31,253
35453,1/18/2017 4:00,12,31,253
35454,1/18/2017 5:00,12,31,253
35455,1/18/2017 6:00,12,31,253
35456,1/18/2017 7:00,12,31,253
35457,1/18/2017 8:00,12,31,253
35458,1/18/2017 9:00,13,31,254
35459,1/18/2017 10:00,12,31,253
35460,1/18/2017 11:00,12,31,253
35461,1/18/2017 12:00,12,31,253
35462,1/18/2017 13:00,12,31,253
35463,1/18/2017 14:00,13,31,253
35464,1/18/2017 15:00,12,31,254
35465,1/18/2017 16:00,12,31,253
35466,1/18/2017 17:00,12,31,253
35467,1/18/2017 18:00,12,31,253
35468,1/18/2017 19:00,12,31,253
35469,1/18/2017 20:00,12,31,252
35470,1/18/2017 21:00,12,31,253
35471,1/18/2017 22:00,12,31,253
35472,1/18/2017 23:00,12,31,253
35473,1/19/2017 0:00,13,31,253
35474,1/19/2017 1:00,12,31,253
35475,1/19/2017 2:00,13,31,252
35476,1/19/2017 3:00,12,31,252
35477,1/19/2017 4:00,12,31,251
35478,1/19/2017 5:00,13,31,251
35479,1/19/2017 6:00,12,31,253
35480,1/19/2017 7:00,12,31,253
35481,1/19/2017 8:00,12,31,254
35482,1/19/2017 9:00,12,31,254
35483,1/19/2017 10:00,12,31,254
35484,1/19/2017 11:00,12,31,254
35485,1/19/2017 12:00,12,31,253
35486,1/19/2017 13:00,12,31,253
35487,1/19/2017 14:00,12,31,254
35488,1/19/2017 15:00,12,31,253
35489,1/19/2017 16:00,12,31,253
35490,1/19/2017 17:00,12,31,251
35491,1/19/2017 18:00,12,31,251
35492,1/19/2017 19:00,12,31,250
35493,1/19/2017 20:00,12,31,250
35494,1/19/2017 21:00,12,31,251
35495,1/19/2017 22:00,13,31,250
35496,1/19/2017 23:00,12,31,250
35497,1/20/2017 0:00,12,31,250
35498,1/20/2017 1:00,12,31,251
35499,1/20/2017 2:00,12,31,252
35500,1/20/2017 3:00,12,31,253
35501,1/20/2017 4:00,12,31,252
35502,1/20/2017 5:00,12,31,253
35503,1/20/2017 6:00,12,31,251
35504,1/20/2017 7:00,12,31,248
35505,1/20/2017 8:00,12,31,248
35506,1/20/2017 9:00,11,31,248
35507,1/20/2017 10:00,12,31,250
35508,1/20/2017 11:00,12,31,248
35509,1/20/2017 12:00,12,32,248
35510,1/20/2017 13:00,12,31,246
35511,1/20/2017 14:00,12,31,246
35512,1/20/2017 15:00,12,31,244
35513,1/20/2017 16:00,12,31,250
35514,1/20/2017 17:00,12,31,252
35515,1/20/2017 18:00,13,31,250
35516,1/20/2017 19:00,12,31,252
35517,1/20/2017 20:00,12,31,252
35518,1/20/2017 21:00,11,31,253
35519,1/20/2017 22:00,12,31,252
35520,1/20/2017 23:00,12,31,251
35521,1/21/2017 0:00,12,31,253
35522,1/21/2017 1:00,12,31,252
35523,1/21/2017 2:00,12,31,252
35524,1/21/2017 3:00,12,31,252
35525,1/21/2017 4:00,12,31,252
35526,1/21/2017 5:00,12,31,253
35527,1/21/2017 6:00,13,31,254
35528,1/21/2017 7:00,12,31,255
35529,1/21/2017 8:00,12,31,255
35530,1/21/2017 9:00,12,31,255
35531,1/21/2017 10:00,12,31,257
35532,1/21/2017 11:00,13,31,257
35533,1/21/2017 12:00,12,31,257
35534,1/21/2017 13:00,12,31,258
35535,1/21/2017 14:00,12,31,258
35536,1/21/2017 15:00,12,31,258
35537,1/21/2017 16:00,12,31,258
35538,1/21/2017 17:00,12,31,258
35539,1/21/2017 18:00,11,31,258
35540,1/21/2017 19:00,12,31,258
35541,1/21/2017 20:00,12,31,259
35542,1/21/2017 21:00,13,31,258
35543,1/21/2017 22:00,12,31,258
35544,1/21/2017 23:00,14,31,257
35545,1/22/2017 0:00,12,31,257
35546,1/22/2017 1:00,12,31,257
35547,1/22/2017 2:00,12,31,258
35548,1/22/2017 3:00,13,31,257
35549,1/22/2017 4:00,12,31,257
35550,1/22/2017 5:00,12,31,258
35551,1/22/2017 6:00,12,31,258
35552,1/22/2017 7:00,12,31,259
35553,1/22/2017 8:00,12,31,259
35554,1/22/2017 9:00,12,31,259
35555,1/22/2017 10:00,12,31,259
35556,1/22/2017 11:00,12,31,259
35557,1/22/2017 12:00,12,31,259
35558,1/22/2017 13:00,12,31,260
35559,1/22/2017 14:00,12,31,260
35560,1/22/2017 15:00,12,31,260
35561,1/22/2017 16:00,12,31,260
35562,1/22/2017 17:00,12,31,260
35563,1/22/2017 18:00,12,31,260
35564,1/22/2017 19:00,12,31,260
35565,1/22/2017 20:00,12,31,260
35566,1/22/2017 21:00,12,31,260
35567,1/22/2017 22:00,12,31,260
35568,1/22/2017 23:00,12,33,261
35569,1/23/2017 0:00,12,31,260
35570,1/23/2017 1:00,12,31,260
35571,1/23/2017 2:00,13,31,260
35572,1/23/2017 3:00,12,31,260
35573,1/23/2017 4:00,12,31,260
35574,1/23/2017 5:00,12,31,260
35575,1/23/2017 6:00,12,31,260
35576,1/23/2017 7:00,12,31,260
35577,1/23/2017 8:00,12,31,260
35578,1/23/2017 9:00,12,31,260
35579,1/23/2017 10:00,12,31,260
35580,1/23/2017 11:00,12,31,260
35581,1/23/2017 12:00,12,31,260
35582,1/23/2017 13:00,13,31,259
35583,1/23/2017 14:00,12,31,259
35584,1/23/2017 15:00,12,31,259
35585,1/23/2017 16:00,12,31,259
35586,1/23/2017 17:00,12,31,259
35587,1/23/2017 18:00,12,31,259
35588,1/23/2017 19:00,12,31,259
35589,1/23/2017 20:00,12,31,258
35590,1/23/2017 21:00,12,31,258
35591,1/23/2017 22:00,12,31,257
35592,1/23/2017 23:00,12,31,255
35593,1/24/2017 0:00,12,31,254
35594,1/24/2017 1:00,12,31,254
35595,1/24/2017 2:00,12,31,253
35596,1/24/2017 3:00,12,31,254
35597,1/24/2017 4:00,12,31,254
35598,1/24/2017 5:00,12,31,254
35599,1/24/2017 6:00,12,31,255
35600,1/24/2017 7:00,12,31,255
35601,1/24/2017 8:00,12,31,256
35602,1/24/2017 9:00,12,31,256
35603,1/24/2017 10:00,13,31,254
35604,1/24/2017 11:00,12,31,254
35605,1/24/2017 12:00,13,31,255
35606,1/24/2017 13:00,15,31,255
35607,1/24/2017 14:00,12,31,256
35608,1/24/2017 15:00,12,31,255
35609,1/24/2017 16:00,15,31,255
35610,1/24/2017 17:00,12,31,254
35611,1/24/2017 18:00,12,31,255
35612,1/24/2017 19:00,12,31,256
35613,1/24/2017 20:00,12,31,254
35614,1/24/2017 21:00,12,31,255
35615,1/24/2017 22:00,12,31,253
35616,1/24/2017 23:00,11,31,254
35617,1/25/2017 0:00,12,31,255
35618,1/25/2017 1:00,12,31,256
35619,1/25/2017 2:00,12,31,256
35620,1/25/2017 3:00,12,31,257
35621,1/25/2017 4:00,12,31,257
35622,1/25/2017 5:00,12,31,257
35623,1/25/2017 6:00,13,31,260
35624,1/25/2017 7:00,12,31,260
35625,1/25/2017 8:00,12,31,261
35626,1/25/2017 9:00,12,31,261
35627,1/25/2017 10:00,13,31,261
35628,1/25/2017 11:00,12,31,263
35629,1/25/2017 12:00,12,31,263
35630,1/25/2017 13:00,13,31,264
35631,1/25/2017 14:00,12,31,264
35632,1/25/2017 15:00,11,31,265
35633,1/25/2017 16:00,12,31,265
35634,1/25/2017 17:00,12,31,265
35635,1/25/2017 18:00,12,31,265
35636,1/25/2017 19:00,12,31,265
35637,1/25/2017 20:00,14,31,265
35638,1/25/2017 21:00,12,31,265
35639,1/25/2017 22:00,12,31,265
35640,1/25/2017 23:00,12,31,265
35641,1/26/2017 0:00,12,31,265
35642,1/26/2017 1:00,13,31,265
35643,1/26/2017 2:00,12,31,265
35644,1/26/2017 3:00,12,31,265
35645,1/26/2017 4:00,11,31,265
35646,1/26/2017 5:00,12,31,264
35647,1/26/2017 6:00,12,31,265
35648,1/26/2017 7:00,13,31,265
35649,1/26/2017 8:00,12,31,265
35650,1/26/2017 9:00,12,31,265
35651,1/26/2017 10:00,12,31,266
35652,1/26/2017 11:00,12,31,265
35653,1/26/2017 12:00,12,31,265
35654,1/26/2017 13:00,12,31,265
35655,1/26/2017 14:00,12,31,265
35656,1/26/2017 15:00,12,31,265
35657,1/26/2017 16:00,12,31,266
35658,1/26/2017 17:00,15,31,265
35659,1/26/2017 18:00,12,32,265
35660,1/26/2017 19:00,12,31,266
35661,1/26/2017 20:00,12,31,266
35662,1/26/2017 21:00,12,31,266
35663,1/26/2017 22:00,13,31,266
35664,1/26/2017 23:00,12,31,267
35665,1/27/2017 0:00,13,31,267
35666,1/27/2017 1:00,12,31,267
35667,1/27/2017 2:00,12,31,268
35668,1/27/2017 3:00,12,31,269
35669,1/27/2017 4:00,11,31,267
35670,1/27/2017 5:00,12,31,267
35671,1/27/2017 6:00,12,31,267
35672,1/27/2017 7:00,12,31,267
35673,1/27/2017 8:00,12,31,266
35674,1/27/2017 9:00,12,31,266
35675,1/27/2017 10:00,12,31,265
35676,1/27/2017 11:00,12,31,266
35677,1/27/2017 12:00,12,31,266
35678,1/27/2017 13:00,13,31,263
35679,1/27/2017 14:00,12,31,265
35680,1/27/2017 15:00,12,31,265
35681,1/27/2017 16:00,13,31,265
35682,1/27/2017 17:00,13,31,267
35683,1/27/2017 18:00,12,31,269
35684,1/27/2017 19:00,12,31,269
35685,1/27/2017 20:00,12,31,269
35686,1/27/2017 21:00,12,31,269
35687,1/27/2017 22:00,12,31,270
35688,1/27/2017 23:00,12,31,269
35689,1/28/2017 0:00,12,31,269
35690,1/28/2017 1:00,12,31,267
35691,1/28/2017 2:00,12,31,268
35692,1/28/2017 3:00,12,31,269
35693,1/28/2017 4:00,12,31,269
35694,1/28/2017 5:00,12,31,269
35695,1/28/2017 6:00,12,31,269
35696,1/28/2017 7:00,12,31,269
35697,1/28/2017 8:00,11,31,269
35698,1/28/2017 9:00,12,31,269
35699,1/28/2017 10:00,12,31,270
35700,1/28/2017 11:00,12,31,269
35701,1/28/2017 12:00,13,31,269
35702,1/28/2017 13:00,12,31,269
35703,1/28/2017 14:00,12,31,269
35704,1/28/2017 15:00,12,31,269
35705,1/28/2017 16:00,12,31,268
35706,1/28/2017 17:00,12,31,267
35707,1/28/2017 18:00,12,31,268
35708,1/28/2017 19:00,12,31,267
35709,1/28/2017 20:00,12,31,267
35710,1/28/2017 21:00,12,31,267
35711,1/28/2017 22:00,11,31,267
35712,1/28/2017 23:00,13,31,267
35713,1/29/2017 0:00,12,31,267
35714,1/29/2017 1:00,12,31,266
35715,1/29/2017 2:00,12,31,269
35716,1/29/2017 3:00,12,31,269
35717,1/29/2017 4:00,12,31,268
35718,1/29/2017 5:00,12,31,267
35719,1/29/2017 6:00,12,31,267
35720,1/29/2017 7:00,11,31,266
35721,1/29/2017 8:00,12,31,267
35722,1/29/2017 9:00,12,31,267
35723,1/29/2017 10:00,11,31,267
35724,1/29/2017 11:00,11,31,267
35725,1/29/2017 12:00,11,31,266
35726,1/29/2017 13:00,11,31,267
35727,1/29/2017 14:00,11,31,267
35728,1/29/2017 15:00,11,31,266
35729,1/29/2017 16:00,11,31,266
35730,1/29/2017 17:00,11,31,266
35731,1/29/2017 18:00,11,31,267
35732,1/29/2017 19:00,11,31,267
35733,1/29/2017 20:00,11,31,266
35734,1/29/2017 21:00,11,31,267
35735,1/29/2017 22:00,11,31,266
35736,1/29/2017 23:00,11,31,267
35737,1/30/2017 0:00,11,31,267
35738,1/30/2017 1:00,11,31,267
35739,1/30/2017 2:00,11,31,267
35740,1/30/2017 3:00,11,31,268
35741,1/30/2017 4:00,11,31,269
35742,1/30/2017 5:00,11,31,268
35743,1/30/2017 6:00,11,31,268
35744,1/30/2017 7:00,11,31,267
35745,1/30/2017 8:00,11,31,267
35746,1/30/2017 9:00,11,31,267
35747,1/30/2017 10:00,11,31,267
35748,1/30/2017 11:00,11,31,267
35749,1/30/2017 12:00,11,31,267
35750,1/30/2017 13:00,11,31,267
35751,1/30/2017 14:00,11,31,267
35752,1/30/2017 15:00,11,31,267
35753,1/30/2017 16:00,11,31,267
35754,1/30/2017 17:00,11,31,268
35755,1/30/2017 18:00,11,31,268
35756,1/30/2017 19:00,11,31,268
35757,1/30/2017 20:00,11,31,269
35758,1/30/2017 21:00,11,31,268
35759,1/30/2017 22:00,11,31,269
35760,1/30/2017 23:00,11,31,269
35761,1/31/2017 0:00,11,31,269
35762,1/31/2017 1:00,11,31,269
35763,1/31/2017 2:00,11,31,269
35764,1/31/2017 3:00,11,31,269
35765,1/31/2017 4:00,11,31,268
35766,1/31/2017 5:00,11,31,267
35767,1/31/2017 6:00,11,31,267
35768,1/31/2017 7:00,11,31,267
35769,1/31/2017 8:00,11,31,268
35770,1/31/2017 9:00,11,31,269
35771,1/31/2017 10:00,11,31,270
35772,1/31/2017 11:00,11,31,270
35773,1/31/2017 12:00,11,31,270
35774,1/31/2017 13:00,11,31,269
35775,1/31/2017 14:00,11,31,269
35776,1/31/2017 15:00,11,31,270
35777,1/31/2017 16:00,11,31,270
35778,1/31/2017 17:00,11,31,270
35779,1/31/2017 18:00,11,31,269
35780,1/31/2017 19:00,11,31,269
35781,1/31/2017 20:00,11,31,269
35782,1/31/2017 21:00,11,31,269
35783,1/31/2017 22:00,11,31,268
35784,1/31/2017 23:00,11,31,268
35785,2/1/2017 0:00,11,31,268
35786,2/1/2017 1:00,11,31,267
35787,2/1/2017 2:00,11,31,267
35788,2/1/2017 3:00,11,31,267
35789,2/1/2017 4:00,11,31,267
35790,2/1/2017 5:00,11,31,267
35791,2/1/2017 6:00,11,33,268
35792,2/1/2017 7:00,11,31,268
35793,2/1/2017 8:00,11,31,267
35794,2/1/2017 9:00,11,31,267
35795,2/1/2017 10:00,11,31,267
35796,2/1/2017 11:00,11,31,267
35797,2/1/2017 12:00,11,31,266
35798,2/1/2017 13:00,11,31,266
35799,2/1/2017 14:00,11,31,266
35800,2/1/2017 15:00,11,31,266
35801,2/1/2017 16:00,11,31,266
35802,2/1/2017 17:00,11,31,266
35803,2/1/2017 18:00,11,33,267
35804,2/1/2017 19:00,11,31,266
35805,2/1/2017 20:00,11,31,267
35806,2/1/2017 21:00,11,31,267
35807,2/1/2017 22:00,11,31,267
35808,2/1/2017 23:00,12,31,266
35809,2/2/2017 0:00,11,31,267
35810,2/2/2017 1:00,11,31,267
35811,2/2/2017 2:00,11,31,267
35812,2/2/2017 3:00,11,31,267
35813,2/2/2017 4:00,11,31,267
35814,2/2/2017 5:00,11,31,267
35815,2/2/2017 6:00,11,31,268
35816,2/2/2017 7:00,11,31,270
35817,2/2/2017 8:00,11,33,270
35818,2/2/2017 9:00,11,31,270
35819,2/2/2017 10:00,11,31,270
35820,2/2/2017 11:00,11,31,272
35821,2/2/2017 12:00,11,31,273
35822,2/2/2017 13:00,11,31,273
35823,2/2/2017 14:00,11,31,273
35824,2/2/2017 15:00,11,31,272
35825,2/2/2017 16:00,11,31,272
35826,2/2/2017 17:00,11,31,272
35827,2/2/2017 18:00,11,31,272
35828,2/2/2017 19:00,11,31,270
35829,2/2/2017 20:00,11,31,272
35830,2/2/2017 21:00,11,31,270
35831,2/2/2017 22:00,11,31,270
35832,2/2/2017 23:00,11,31,270
35833,2/3/2017 0:00,11,31,270
35834,2/3/2017 1:00,11,31,269
35835,2/3/2017 2:00,11,31,269
35836,2/3/2017 3:00,11,31,269
35837,2/3/2017 4:00,11,31,269
35838,2/3/2017 5:00,11,33,269
35839,2/3/2017 6:00,11,31,269
35840,2/3/2017 7:00,11,31,269
35841,2/3/2017 8:00,11,31,269
35842,2/3/2017 9:00,11,31,268
35843,2/3/2017 10:00,11,31,269
35844,2/3/2017 11:00,11,31,268
35845,2/3/2017 12:00,11,31,268
35846,2/3/2017 13:00,11,31,269
35847,2/3/2017 14:00,11,31,269
35848,2/3/2017 15:00,11,31,267
35849,2/3/2017 16:00,12,31,267
35850,2/3/2017 17:00,11,31,267
35851,2/3/2017 18:00,11,31,267
35852,2/3/2017 19:00,11,31,267
35853,2/3/2017 20:00,11,31,267
35854,2/3/2017 21:00,11,31,267
35855,2/3/2017 22:00,11,31,267
35856,2/3/2017 23:00,11,31,266
35857,2/4/2017 0:00,11,31,267
35858,2/4/2017 1:00,11,31,267
35859,2/4/2017 2:00,11,31,267
35860,2/4/2017 3:00,11,31,268
35861,2/4/2017 4:00,11,31,269
35862,2/4/2017 5:00,11,31,269
35863,2/4/2017 6:00,11,31,269
35864,2/4/2017 7:00,11,31,269
35865,2/4/2017 8:00,11,31,269
35866,2/4/2017 9:00,11,31,269
35867,2/4/2017 10:00,11,31,269
35868,2/4/2017 11:00,12,31,269
35869,2/4/2017 12:00,11,31,269
35870,2/4/2017 13:00,11,31,269
35871,2/4/2017 14:00,11,31,269
35872,2/4/2017 15:00,11,31,269
35873,2/4/2017 16:00,11,31,269
35874,2/4/2017 17:00,11,31,269
35875,2/4/2017 18:00,11,31,269
35876,2/4/2017 19:00,11,31,269
35877,2/4/2017 20:00,11,31,269
35878,2/4/2017 21:00,11,31,268
35879,2/4/2017 22:00,11,31,269
35880,2/4/2017 23:00,11,31,269
35881,2/5/2017 0:00,11,31,268
35882,2/5/2017 1:00,11,31,268
35883,2/5/2017 2:00,11,31,269
35884,2/5/2017 3:00,11,31,268
35885,2/5/2017 4:00,11,31,269
35886,2/5/2017 5:00,11,31,269
35887,2/5/2017 6:00,11,31,269
35888,2/5/2017 7:00,11,31,269
35889,2/5/2017 8:00,11,31,269
35890,2/5/2017 9:00,11,31,269
35891,2/5/2017 10:00,11,31,269
35892,2/5/2017 11:00,12,31,269
35893,2/5/2017 12:00,11,31,269
35894,2/5/2017 13:00,11,31,269
35895,2/5/2017 14:00,11,31,269
35896,2/5/2017 15:00,11,31,269
35897,2/5/2017 16:00,11,31,269
35898,2/5/2017 17:00,12,31,269
35899,2/5/2017 18:00,11,31,269
35900,2/5/2017 19:00,11,31,269
35901,2/5/2017 20:00,11,31,269
35902,2/5/2017 21:00,11,31,269
35903,2/5/2017 22:00,11,31,268
35904,2/5/2017 23:00,11,31,268
35905,2/6/2017 0:00,11,31,267
35906,2/6/2017 1:00,11,31,267
35907,2/6/2017 2:00,11,31,267
35908,2/6/2017 3:00,11,31,268
35909,2/6/2017 4:00,11,31,268
35910,2/6/2017 5:00,11,31,268
35911,2/6/2017 6:00,11,31,268
35912,2/6/2017 7:00,11,31,268
35913,2/6/2017 8:00,11,31,269
35914,2/6/2017 9:00,11,31,268
35915,2/6/2017 10:00,11,31,268
35916,2/6/2017 11:00,11,31,268
35917,2/6/2017 12:00,11,31,268
35918,2/6/2017 13:00,11,31,269
35919,2/6/2017 14:00,11,31,268
35920,2/6/2017 15:00,11,31,267
35921,2/6/2017 16:00,11,31,268
35922,2/6/2017 17:00,11,31,268
35923,2/6/2017 18:00,11,31,267
35924,2/6/2017 19:00,11,31,268
35925,2/6/2017 20:00,11,31,268
35926,2/6/2017 21:00,11,31,268
35927,2/6/2017 22:00,11,31,268
35928,2/6/2017 23:00,11,31,267
35929,2/7/2017 0:00,11,31,267
35930,2/7/2017 1:00,11,31,267
35931,2/7/2017 2:00,11,31,267
35932,2/7/2017 3:00,11,31,267
35933,2/7/2017 4:00,11,31,267
35934,2/7/2017 5:00,11,33,267
35935,2/7/2017 6:00,11,31,266
35936,2/7/2017 7:00,11,31,266
35937,2/7/2017 8:00,11,31,266
35938,2/7/2017 9:00,11,31,266
35939,2/7/2017 10:00,12,31,266
35940,2/7/2017 11:00,11,31,266
35941,2/7/2017 12:00,11,31,266
35942,2/7/2017 13:00,11,31,266
35943,2/7/2017 14:00,11,31,266
35944,2/7/2017 15:00,11,31,266
35945,2/7/2017 16:00,11,31,266
35946,2/7/2017 17:00,11,31,266
35947,2/7/2017 18:00,11,31,266
35948,2/7/2017 19:00,11,31,266
35949,2/7/2017 20:00,11,31,266
35950,2/7/2017 21:00,11,31,266
35951,2/7/2017 22:00,11,31,266
35952,2/7/2017 23:00,11,31,266
35953,2/8/2017 0:00,11,31,266
35954,2/8/2017 1:00,11,31,266
35955,2/8/2017 2:00,11,31,266
35956,2/8/2017 3:00,11,31,266
35957,2/8/2017 4:00,11,31,266
35958,2/8/2017 5:00,11,31,267
35959,2/8/2017 6:00,11,31,266
35960,2/8/2017 7:00,11,31,267
35961,2/8/2017 8:00,11,31,266
35962,2/8/2017 9:00,11,31,266
35963,2/8/2017 10:00,11,31,267
35964,2/8/2017 11:00,11,31,267
35965,2/8/2017 12:00,11,31,267
35966,2/8/2017 13:00,11,31,267
35967,2/8/2017 14:00,11,31,267
35968,2/8/2017 15:00,11,31,267
35969,2/8/2017 16:00,11,31,267
35970,2/8/2017 17:00,12,31,267
35971,2/8/2017 18:00,11,31,267
35972,2/8/2017 19:00,11,31,267
35973,2/8/2017 20:00,11,31,267
35974,2/8/2017 21:00,11,31,267
35975,2/8/2017 22:00,11,31,267
35976,2/8/2017 23:00,11,31,267
35977,2/9/2017 0:00,11,31,267
35978,2/9/2017 1:00,11,31,267
35979,2/9/2017 2:00,11,31,267
35980,2/9/2017 3:00,11,31,267
35981,2/9/2017 4:00,11,31,267
35982,2/9/2017 5:00,11,31,267
35983,2/9/2017 6:00,11,31,267
35984,2/9/2017 7:00,11,31,267
35985,2/9/2017 8:00,11,31,267
35986,2/9/2017 9:00,11,31,266
35987,2/9/2017 10:00,11,31,267
35988,2/9/2017 11:00,11,31,267
35989,2/9/2017 12:00,11,31,267
35990,2/9/2017 13:00,11,31,267
35991,2/9/2017 14:00,11,31,267
35992,2/9/2017 15:00,11,31,267
35993,2/9/2017 16:00,11,31,267
35994,2/9/2017 17:00,11,31,267
35995,2/9/2017 18:00,11,31,267
35996,2/9/2017 19:00,11,31,267
35997,2/9/2017 20:00,11,31,267
35998,2/9/2017 21:00,11,31,267
35999,2/9/2017 22:00,11,31,267
36000,2/9/2017 23:00,11,31,267
36001,2/10/2017 0:00,11,31,267
36002,2/10/2017 1:00,11,31,267
36003,2/10/2017 2:00,11,31,267
36004,2/10/2017 3:00,11,31,267
36005,2/10/2017 4:00,11,31,267
36006,2/10/2017 5:00,11,31,267
36007,2/10/2017 6:00,11,31,267
36008,2/10/2017 7:00,11,31,267
36009,2/10/2017 8:00,11,31,267
36010,2/10/2017 9:00,11,31,267
36011,2/10/2017 10:00,11,31,267
36012,2/10/2017 11:00,11,31,267
36013,2/10/2017 12:00,11,31,267
36014,2/10/2017 13:00,11,31,267
36015,2/10/2017 14:00,11,31,267
36016,2/10/2017 15:00,11,31,267
36017,2/10/2017 16:00,11,31,267
36018,2/10/2017 17:00,11,31,266
36019,2/10/2017 18:00,11,31,266
36020,2/10/2017 19:00,11,31,266
36021,2/10/2017 20:00,11,31,266
36022,2/10/2017 21:00,11,31,266
36023,2/10/2017 22:00,11,31,266
36024,2/10/2017 23:00,11,31,266
36025,2/11/2017 0:00,11,31,266
36026,2/11/2017 1:00,11,31,266
36027,2/11/2017 2:00,11,31,266
36028,2/11/2017 3:00,12,31,266
36029,2/11/2017 4:00,11,31,266
36030,2/11/2017 5:00,11,31,266
36031,2/11/2017 6:00,11,31,266
36032,2/11/2017 7:00,11,31,266
36033,2/11/2017 8:00,11,31,266
36034,2/11/2017 9:00,11,31,266
36035,2/11/2017 10:00,11,31,266
36036,2/11/2017 11:00,11,31,266
36037,2/11/2017 12:00,11,31,266
36038,2/11/2017 13:00,11,31,265
36039,2/11/2017 14:00,11,31,265
36040,2/11/2017 15:00,11,31,266
36041,2/11/2017 16:00,12,31,266
36042,2/11/2017 17:00,11,31,266
36043,2/11/2017 18:00,11,31,265
36044,2/11/2017 19:00,11,31,265
36045,2/11/2017 20:00,11,31,265
36046,2/11/2017 21:00,11,31,265
36047,2/11/2017 22:00,11,31,265
36048,2/11/2017 23:00,11,31,265
36049,2/12/2017 0:00,11,31,265
36050,2/12/2017 1:00,11,31,265
36051,2/12/2017 2:00,11,31,265
36052,2/12/2017 3:00,11,30,265
36053,2/12/2017 4:00,11,32,265
36054,2/12/2017 5:00,11,32,265
36055,2/12/2017 6:00,11,31,265
36056,2/12/2017 7:00,11,31,265
36057,2/12/2017 8:00,11,32,265
36058,2/12/2017 9:00,11,31,265
36059,2/12/2017 10:00,11,31,265
36060,2/12/2017 11:00,11,31,265
36061,2/12/2017 12:00,11,31,265
36062,2/12/2017 13:00,11,32,265
36063,2/12/2017 14:00,11,32,264
36064,2/12/2017 15:00,11,32,264
36065,2/12/2017 16:00,11,32,265
36066,2/12/2017 17:00,11,32,265
36067,2/12/2017 18:00,11,32,265
36068,2/12/2017 19:00,11,32,265
36069,2/12/2017 20:00,11,32,265
36070,2/12/2017 21:00,11,32,264
36071,2/12/2017 22:00,11,32,264
36072,2/12/2017 23:00,11,32,264
36073,2/13/2017 0:00,11,31,264
36074,2/13/2017 1:00,11,32,264
36075,2/13/2017 2:00,11,32,264
36076,2/13/2017 3:00,11,32,264
36077,2/13/2017 4:00,11,32,264
36078,2/13/2017 5:00,11,31,265
36079,2/13/2017 6:00,11,32,265
36080,2/13/2017 7:00,11,32,265
36081,2/13/2017 8:00,11,30,265
36082,2/13/2017 9:00,11,32,265
36083,2/13/2017 10:00,11,32,265
36084,2/13/2017 11:00,11,30,265
36085,2/13/2017 12:00,11,32,265
36086,2/13/2017 13:00,11,32,265
36087,2/13/2017 14:00,11,32,265
36088,2/13/2017 15:00,11,32,265
36089,2/13/2017 16:00,11,32,265
36090,2/13/2017 17:00,11,32,264
36091,2/13/2017 18:00,11,32,264
36092,2/13/2017 19:00,11,32,264
36093,2/13/2017 20:00,11,31,264
36094,2/13/2017 21:00,11,32,263
36095,2/13/2017 22:00,11,32,263
36096,2/13/2017 23:00,11,31,262
36097,2/14/2017 0:00,11,31,262
36098,2/14/2017 1:00,11,32,262
36099,2/14/2017 2:00,11,32,262
36100,2/14/2017 3:00,11,31,261
36101,2/14/2017 4:00,11,32,261
36102,2/14/2017 5:00,11,31,261
36103,2/14/2017 6:00,11,31,261
36104,2/14/2017 7:00,11,32,261
36105,2/14/2017 8:00,11,32,261
36106,2/14/2017 9:00,11,32,261
36107,2/14/2017 10:00,11,32,261
36108,2/14/2017 11:00,11,32,261
36109,2/14/2017 12:00,11,30,261
36110,2/14/2017 13:00,11,32,263
36111,2/14/2017 14:00,11,32,263
36112,2/14/2017 15:00,11,31,261
36113,2/14/2017 16:00,11,30,261
36114,2/14/2017 17:00,11,31,261
36115,2/14/2017 18:00,11,31,261
36116,2/14/2017 19:00,11,32,261
36117,2/14/2017 20:00,11,32,261
36118,2/14/2017 21:00,11,32,261
36119,2/14/2017 22:00,11,30,261
36120,2/14/2017 23:00,11,32,261
36121,2/15/2017 0:00,11,31,260
36122,2/15/2017 1:00,11,31,261
36123,2/15/2017 2:00,11,32,260
36124,2/15/2017 3:00,11,32,260
36125,2/15/2017 4:00,11,32,260
36126,2/15/2017 5:00,11,30,260
36127,2/15/2017 6:00,11,31,260
36128,2/15/2017 7:00,11,32,260
36129,2/15/2017 8:00,11,31,260
36130,2/15/2017 9:00,11,32,260
36131,2/15/2017 10:00,11,31,259
36132,2/15/2017 11:00,11,32,259
36133,2/15/2017 12:00,11,32,260
36134,2/15/2017 13:00,11,32,260
36135,2/15/2017 14:00,11,31,260
36136,2/15/2017 15:00,11,31,259
36137,2/15/2017 16:00,11,32,260
36138,2/15/2017 17:00,11,32,259
36139,2/15/2017 18:00,11,32,259
36140,2/15/2017 19:00,11,32,259
36141,2/15/2017 20:00,12,31,259
36142,2/15/2017 21:00,11,32,260
36143,2/15/2017 22:00,11,31,259
36144,2/15/2017 23:00,11,31,259
36145,2/16/2017 0:00,11,32,259
36146,2/16/2017 1:00,11,31,259
36147,2/16/2017 2:00,11,31,259
36148,2/16/2017 3:00,11,31,259
36149,2/16/2017 4:00,11,32,259
36150,2/16/2017 5:00,11,31,259
36151,2/16/2017 6:00,11,32,258
36152,2/16/2017 7:00,11,31,259
36153,2/16/2017 8:00,11,31,259
36154,2/16/2017 9:00,11,32,259
36155,2/16/2017 10:00,11,30,260
36156,2/16/2017 11:00,11,32,259
36157,2/16/2017 12:00,11,31,259
36158,2/16/2017 13:00,11,31,259
36159,2/16/2017 14:00,11,31,260
36160,2/16/2017 15:00,11,32,259
36161,2/16/2017 16:00,11,32,259
36162,2/16/2017 17:00,11,32,259
36163,2/16/2017 18:00,11,31,258
36164,2/16/2017 19:00,11,32,258
36165,2/16/2017 20:00,11,31,257
36166,2/16/2017 21:00,11,31,257
36167,2/16/2017 22:00,11,30,257
36168,2/16/2017 23:00,11,32,258
36169,2/17/2017 0:00,11,31,258
36170,2/17/2017 1:00,11,32,257
36171,2/17/2017 2:00,11,31,258
36172,2/17/2017 3:00,11,31,257
36173,2/17/2017 4:00,11,30,258
36174,2/17/2017 5:00,11,30,258
36175,2/17/2017 6:00,11,30,258
36176,2/17/2017 7:00,11,34,258
36177,2/17/2017 8:00,11,31,257
36178,2/17/2017 9:00,11,31,257
36179,2/17/2017 10:00,11,32,257
36180,2/17/2017 11:00,11,32,258
36181,2/17/2017 12:00,11,31,258
36182,2/17/2017 13:00,11,31,258
36183,2/17/2017 14:00,11,32,258
36184,2/17/2017 15:00,11,31,258
36185,2/17/2017 16:00,11,32,259
36186,2/17/2017 17:00,11,31,259
36187,2/17/2017 18:00,11,31,259
36188,2/17/2017 19:00,11,31,259
36189,2/17/2017 20:00,11,32,259
36190,2/17/2017 21:00,11,31,259
36191,2/17/2017 22:00,11,31,259
36192,2/17/2017 23:00,11,31,259
36193,2/18/2017 0:00,11,32,259
36194,2/18/2017 1:00,11,30,259
36195,2/18/2017 2:00,11,32,259
36196,2/18/2017 3:00,11,31,259
36197,2/18/2017 4:00,11,31,259
36198,2/18/2017 5:00,11,32,259
36199,2/18/2017 6:00,11,31,259
36200,2/18/2017 7:00,11,31,259
36201,2/18/2017 8:00,11,32,259
36202,2/18/2017 9:00,11,31,259
36203,2/18/2017 10:00,11,32,259
36204,2/18/2017 11:00,11,32,259
36205,2/18/2017 12:00,11,32,258
36206,2/18/2017 13:00,11,31,258
36207,2/18/2017 14:00,11,31,259
36208,2/18/2017 15:00,11,30,258
36209,2/18/2017 16:00,11,31,258
36210,2/18/2017 17:00,11,32,258
36211,2/18/2017 18:00,11,31,258
36212,2/18/2017 19:00,11,32,257
36213,2/18/2017 20:00,11,32,258
36214,2/18/2017 21:00,11,32,258
36215,2/18/2017 22:00,11,31,258
36216,2/18/2017 23:00,11,30,258
36217,2/19/2017 0:00,11,30,258
36218,2/19/2017 1:00,11,31,257
36219,2/19/2017 2:00,11,32,258
36220,2/19/2017 3:00,11,31,258
36221,2/19/2017 4:00,11,31,259
36222,2/19/2017 5:00,11,31,259
36223,2/19/2017 6:00,11,31,258
36224,2/19/2017 7:00,11,33,258
36225,2/19/2017 8:00,11,30,259
36226,2/19/2017 9:00,11,30,259
36227,2/19/2017 10:00,11,31,256
36228,2/19/2017 11:00,12,31,254
36229,2/19/2017 12:00,11,30,312
36230,2/19/2017 13:00,11,31,269
36231,2/19/2017 14:00,11,31,276
36232,2/19/2017 15:00,11,31,291
36233,2/19/2017 16:00,11,31,287
36234,2/19/2017 17:00,11,30,298
36235,2/19/2017 18:00,12,31,315
36236,2/19/2017 19:00,11,31,320
36237,2/19/2017 20:00,11,31,324
36238,2/19/2017 21:00,11,31,330
36239,2/19/2017 22:00,11,31,351
36240,2/19/2017 23:00,11,31,326
36241,2/20/2017 0:00,11,30,336
36242,2/20/2017 1:00,11,31,335
36243,2/20/2017 2:00,11,31,364
36244,2/20/2017 3:00,11,31,327
36245,2/20/2017 4:00,11,31,337
36246,2/20/2017 5:00,11,31,356
36247,2/20/2017 6:00,11,31,339
36248,2/20/2017 7:00,11,31,336
36249,2/20/2017 8:00,11,31,338
36250,2/20/2017 9:00,11,31,338
36251,2/20/2017 10:00,11,30,339
36252,2/20/2017 11:00,11,31,339
36253,2/20/2017 12:00,10,30,339
36254,2/20/2017 13:00,11,31,335
36255,2/20/2017 14:00,11,31,336
36256,2/20/2017 15:00,13,31,348
36257,2/20/2017 16:00,12,31,321
36258,2/20/2017 17:00,11,30,319
36259,2/20/2017 18:00,9,31,285
36260,2/20/2017 19:00,10,31,301
36261,2/20/2017 20:00,11,31,315
36262,2/20/2017 21:00,13,31,315
36263,2/20/2017 22:00,11,31,307
36264,2/20/2017 23:00,10,31,300
36265,2/21/2017 0:00,11,31,301
36266,2/21/2017 1:00,9,31,304
36267,2/21/2017 2:00,10,31,307
36268,2/21/2017 3:00,11,31,311
36269,2/21/2017 4:00,11,31,304
36270,2/21/2017 5:00,11,31,313
36271,2/21/2017 6:00,11,30,328
36272,2/21/2017 7:00,10,31,330
36273,2/21/2017 8:00,11,31,333
36274,2/21/2017 9:00,11,31,333
36275,2/21/2017 10:00,11,31,334
36276,2/21/2017 11:00,11,31,334
36277,2/21/2017 12:00,11,31,334
36278,2/21/2017 13:00,11,31,334
36279,2/21/2017 14:00,11,31,334
36280,2/21/2017 15:00,10,31,334
36281,2/21/2017 16:00,9,31,335
36282,2/21/2017 17:00,11,31,335
36283,2/21/2017 18:00,10,30,334
36284,2/21/2017 19:00,10,31,334
36285,2/21/2017 20:00,11,31,334
36286,2/21/2017 21:00,11,31,334
36287,2/21/2017 22:00,11,31,334
36288,2/21/2017 23:00,11,31,334
36289,2/22/2017 0:00,10,31,333
36290,2/22/2017 1:00,11,31,333
36291,2/22/2017 2:00,10,31,333
36292,2/22/2017 3:00,11,31,333
36293,2/22/2017 4:00,11,31,333
36294,2/22/2017 5:00,11,31,334
36295,2/22/2017 6:00,12,31,335
36296,2/22/2017 7:00,11,31,333
36297,2/22/2017 8:00,9,31,333
36298,2/22/2017 9:00,11,31,333
36299,2/22/2017 10:00,11,31,333
36300,2/22/2017 11:00,11,31,333
36301,2/22/2017 12:00,11,31,333
36302,2/22/2017 13:00,11,31,332
36303,2/22/2017 14:00,11,31,332
36304,2/22/2017 15:00,10,31,331
36305,2/22/2017 16:00,11,30,331
36306,2/22/2017 17:00,11,30,331
36307,2/22/2017 18:00,11,31,331
36308,2/22/2017 19:00,13,31,330
36309,2/22/2017 20:00,12,31,330
36310,2/22/2017 21:00,11,31,330
36311,2/22/2017 22:00,12,31,330
36312,2/22/2017 23:00,10,30,330
36313,2/23/2017 0:00,11,30,330
36314,2/23/2017 1:00,11,31,329
36315,2/23/2017 2:00,11,31,329
36316,2/23/2017 3:00,11,31,329
36317,2/23/2017 4:00,11,31,328
36318,2/23/2017 5:00,11,31,328
36319,2/23/2017 6:00,11,31,328
36320,2/23/2017 7:00,10,31,328
36321,2/23/2017 8:00,11,31,328
36322,2/23/2017 9:00,11,31,328
36323,2/23/2017 10:00,11,30,328
36324,2/23/2017 11:00,11,31,328
36325,2/23/2017 12:00,10,31,327
36326,2/23/2017 13:00,12,31,327
36327,2/23/2017 14:00,10,31,327
36328,2/23/2017 15:00,11,31,327
36329,2/23/2017 16:00,12,31,327
36330,2/23/2017 17:00,11,30,327
36331,2/23/2017 18:00,11,31,327
36332,2/23/2017 19:00,11,31,327
36333,2/23/2017 20:00,11,31,327
36334,2/23/2017 21:00,11,31,327
36335,2/23/2017 22:00,11,30,326
36336,2/23/2017 23:00,11,30,326
36337,2/24/2017 0:00,12,31,326
36338,2/24/2017 1:00,11,31,326
36339,2/24/2017 2:00,10,31,326
36340,2/24/2017 3:00,11,30,326
36341,2/24/2017 4:00,11,31,326
36342,2/24/2017 5:00,11,31,326
36343,2/24/2017 6:00,11,31,326
36344,2/24/2017 7:00,11,31,326
36345,2/24/2017 8:00,10,31,326
36346,2/24/2017 9:00,11,31,325
36347,2/24/2017 10:00,11,31,325
36348,2/24/2017 11:00,11,31,325
36349,2/24/2017 12:00,10,31,325
36350,2/24/2017 13:00,11,31,325
36351,2/24/2017 14:00,11,31,325
36352,2/24/2017 15:00,10,31,325
36353,2/24/2017 16:00,11,31,325
36354,2/24/2017 17:00,11,31,325
36355,2/24/2017 18:00,11,31,325
36356,2/24/2017 19:00,9,31,325
36357,2/24/2017 20:00,11,31,325
36358,2/24/2017 21:00,11,31,325
36359,2/24/2017 22:00,11,31,324
36360,2/24/2017 23:00,10,31,324
36361,2/25/2017 0:00,10,31,324
36362,2/25/2017 1:00,11,31,324
36363,2/25/2017 2:00,11,31,324
36364,2/25/2017 3:00,11,31,324
36365,2/25/2017 4:00,11,30,324
36366,2/25/2017 5:00,11,31,324
36367,2/25/2017 6:00,9,31,324
36368,2/25/2017 7:00,11,30,324
36369,2/25/2017 8:00,10,31,324
36370,2/25/2017 9:00,11,31,323
36371,2/25/2017 10:00,11,30,322
36372,2/25/2017 11:00,11,31,322
36373,2/25/2017 12:00,11,31,322
36374,2/25/2017 13:00,11,31,322
36375,2/25/2017 14:00,9,30,322
36376,2/25/2017 15:00,10,31,322
36377,2/25/2017 16:00,11,31,322
36378,2/25/2017 17:00,10,31,322
36379,2/25/2017 18:00,11,31,322
36380,2/25/2017 19:00,11,31,322
36381,2/25/2017 20:00,11,31,321
36382,2/25/2017 21:00,11,31,322
36383,2/25/2017 22:00,10,30,322
36384,2/25/2017 23:00,10,31,321
36385,2/26/2017 0:00,11,31,321
36386,2/26/2017 1:00,11,31,321
36387,2/26/2017 2:00,11,31,321
36388,2/26/2017 3:00,11,31,350
36389,2/26/2017 4:00,11,31,350
36390,2/26/2017 5:00,11,31,354
36391,2/26/2017 6:00,11,31,333
36392,2/26/2017 7:00,11,31,333
36393,2/26/2017 8:00,11,31,334
36394,2/26/2017 9:00,11,31,335
36395,2/26/2017 10:00,11,31,335
36396,2/26/2017 11:00,11,31,335
36397,2/26/2017 12:00,11,31,335
36398,2/26/2017 13:00,11,31,335
36399,2/26/2017 14:00,11,30,336
36400,2/26/2017 15:00,12,30,336
36401,2/26/2017 16:00,11,31,336
36402,2/26/2017 17:00,10,31,336
36403,2/26/2017 18:00,10,31,336
36404,2/26/2017 19:00,11,30,336
36405,2/26/2017 20:00,11,30,336
36406,2/26/2017 21:00,11,31,336
36407,2/26/2017 22:00,11,31,336
36408,2/26/2017 23:00,11,31,336
36409,2/27/2017 0:00,9,31,336
36410,2/27/2017 1:00,11,31,336
36411,2/27/2017 2:00,11,31,336
36412,2/27/2017 3:00,11,31,336
36413,2/27/2017 4:00,11,31,336
36414,2/27/2017 5:00,11,31,336
36415,2/27/2017 6:00,11,31,336
36416,2/27/2017 7:00,11,31,336
36417,2/27/2017 8:00,11,31,336
36418,2/27/2017 9:00,11,31,336
36419,2/27/2017 10:00,11,31,336
36420,2/27/2017 11:00,12,31,335
36421,2/27/2017 12:00,10,31,335
36422,2/27/2017 13:00,11,31,335
36423,2/27/2017 14:00,11,31,335
36424,2/27/2017 15:00,11,31,334
36425,2/27/2017 16:00,11,31,334
36426,2/27/2017 17:00,11,31,334
36427,2/27/2017 18:00,11,31,334
36428,2/27/2017 19:00,11,31,334
36429,2/27/2017 20:00,11,31,333
36430,2/27/2017 21:00,11,31,334
36431,2/27/2017 22:00,11,31,334
36432,2/27/2017 23:00,11,31,334
36433,2/28/2017 0:00,11,31,334
36434,2/28/2017 1:00,11,31,334
36435,2/28/2017 2:00,11,31,333
36436,2/28/2017 3:00,11,31,333
36437,2/28/2017 4:00,11,31,333
36438,2/28/2017 5:00,10,31,331
36439,2/28/2017 6:00,10,31,331
36440,2/28/2017 7:00,11,30,331
36441,2/28/2017 8:00,11,30,331
36442,2/28/2017 9:00,10,30,330
36443,2/28/2017 10:00,11,31,331
36444,2/28/2017 11:00,11,31,331
36445,2/28/2017 12:00,11,31,330
36446,2/28/2017 13:00,11,31,331
36447,2/28/2017 14:00,11,31,331
36448,2/28/2017 15:00,11,31,330
36449,2/28/2017 16:00,11,31,330
36450,2/28/2017 17:00,11,31,330
36451,2/28/2017 18:00,11,31,330
36452,2/28/2017 19:00,11,30,331
36453,2/28/2017 20:00,12,31,330
36454,2/28/2017 21:00,12,31,330
36455,2/28/2017 22:00,9,31,330
36456,2/28/2017 23:00,11,31,330
36457,3/1/2017 0:00,10,30,330
36458,3/1/2017 1:00,11,31,330
36459,3/1/2017 2:00,11,31,330
36460,3/1/2017 3:00,11,31,330
36461,3/1/2017 4:00,11,31,330
36462,3/1/2017 5:00,11,31,330
36463,3/1/2017 6:00,11,31,330
36464,3/1/2017 7:00,11,31,330
36465,3/1/2017 8:00,11,31,330
36466,3/1/2017 9:00,11,31,330
36467,3/1/2017 10:00,11,31,330
36468,3/1/2017 11:00,11,31,330
36469,3/1/2017 12:00,11,31,330
36470,3/1/2017 13:00,11,31,330
36471,3/1/2017 14:00,11,30,330
36472,3/1/2017 15:00,11,31,330
36473,3/1/2017 16:00,11,31,330
36474,3/1/2017 17:00,11,30,330
36475,3/1/2017 18:00,11,30,330
36476,3/1/2017 19:00,9,31,330
36477,3/1/2017 20:00,11,30,330
36478,3/1/2017 21:00,11,31,330
36479,3/1/2017 22:00,11,30,329
36480,3/1/2017 23:00,11,30,330
36481,3/2/2017 0:00,11,31,330
36482,3/2/2017 1:00,11,30,330
36483,3/2/2017 2:00,11,31,330
36484,3/2/2017 3:00,11,31,329
36485,3/2/2017 4:00,11,31,330
36486,3/2/2017 5:00,11,31,329
36487,3/2/2017 6:00,11,32,329
36488,3/2/2017 7:00,11,31,329
36489,3/2/2017 8:00,10,31,329
36490,3/2/2017 9:00,11,31,329
36491,3/2/2017 10:00,11,31,329
36492,3/2/2017 11:00,11,31,329
36493,3/2/2017 12:00,11,31,329
36494,3/2/2017 13:00,12,32,329
36495,3/2/2017 14:00,11,32,329
36496,3/2/2017 15:00,11,31,329
36497,3/2/2017 16:00,11,31,329
36498,3/2/2017 17:00,11,32,328
36499,3/2/2017 18:00,11,31,329
36500,3/2/2017 19:00,11,31,329
36501,3/2/2017 20:00,11,31,329
36502,3/2/2017 21:00,12,31,329
36503,3/2/2017 22:00,11,32,329
36504,3/2/2017 23:00,11,31,329
36505,3/3/2017 0:00,11,31,329
36506,3/3/2017 1:00,11,31,329
36507,3/3/2017 2:00,11,30,330
36508,3/3/2017 3:00,13,31,330
36509,3/3/2017 4:00,10,31,330
36510,3/3/2017 5:00,11,32,329
36511,3/3/2017 6:00,11,31,330
36512,3/3/2017 7:00,11,32,329
36513,3/3/2017 8:00,11,32,329
36514,3/3/2017 9:00,11,32,329
36515,3/3/2017 10:00,11,32,330
36516,3/3/2017 11:00,11,32,330
36517,3/3/2017 12:00,11,32,329
36518,3/3/2017 13:00,11,32,330
36519,3/3/2017 14:00,11,32,330
36520,3/3/2017 15:00,10,32,330
36521,3/3/2017 16:00,11,32,330
36522,3/3/2017 17:00,11,32,330
36523,3/3/2017 18:00,11,32,330
36524,3/3/2017 19:00,12,32,330
36525,3/3/2017 20:00,11,32,330
36526,3/3/2017 21:00,11,32,330
36527,3/3/2017 22:00,11,32,330
36528,3/3/2017 23:00,11,32,330
36529,3/4/2017 0:00,11,30,330
36530,3/4/2017 1:00,11,32,330
36531,3/4/2017 2:00,11,30,330
36532,3/4/2017 3:00,11,32,329
36533,3/4/2017 4:00,9,32,330
36534,3/4/2017 5:00,10,32,330
36535,3/4/2017 6:00,11,32,330
36536,3/4/2017 7:00,11,32,330
36537,3/4/2017 8:00,11,32,329
36538,3/4/2017 9:00,11,32,330
36539,3/4/2017 10:00,11,32,330
36540,3/4/2017 11:00,11,32,330
36541,3/4/2017 12:00,11,32,330
36542,3/4/2017 13:00,10,32,330
36543,3/4/2017 14:00,11,32,330
36544,3/4/2017 15:00,10,32,330
36545,3/4/2017 16:00,11,32,329
36546,3/4/2017 17:00,11,32,328
36547,3/4/2017 18:00,12,32,328
36548,3/4/2017 19:00,11,32,328
36549,3/4/2017 20:00,11,32,328
36550,3/4/2017 21:00,11,31,328
36551,3/4/2017 22:00,11,32,328
36552,3/4/2017 23:00,11,32,328
36553,3/5/2017 0:00,9,32,328
36554,3/5/2017 1:00,10,30,328
36555,3/5/2017 2:00,9,32,328
36556,3/5/2017 3:00,11,32,328
36557,3/5/2017 4:00,9,30,328
36558,3/5/2017 5:00,9,32,328
36559,3/5/2017 6:00,9,32,328
36560,3/5/2017 7:00,11,32,328
36561,3/5/2017 8:00,11,30,328
36562,3/5/2017 9:00,11,32,328
36563,3/5/2017 10:00,11,32,328
36564,3/5/2017 11:00,11,32,328
36565,3/5/2017 12:00,11,32,328
36566,3/5/2017 13:00,9,32,328
36567,3/5/2017 14:00,12,32,328
36568,3/5/2017 15:00,11,32,328
36569,3/5/2017 16:00,11,32,328
36570,3/5/2017 17:00,13,32,328
36571,3/5/2017 18:00,11,32,328
36572,3/5/2017 19:00,11,32,328
36573,3/5/2017 20:00,11,32,328
36574,3/5/2017 21:00,11,30,328
36575,3/5/2017 22:00,11,32,328
36576,3/5/2017 23:00,11,32,328
36577,3/6/2017 0:00,11,32,328
36578,3/6/2017 1:00,11,32,328
36579,3/6/2017 2:00,11,32,328
36580,3/6/2017 3:00,11,32,328
36581,3/6/2017 4:00,11,32,328
36582,3/6/2017 5:00,11,32,328
36583,3/6/2017 6:00,11,32,328
36584,3/6/2017 7:00,11,32,328
36585,3/6/2017 8:00,11,32,328
36586,3/6/2017 9:00,11,32,328
36587,3/6/2017 10:00,12,32,351
36588,3/6/2017 11:00,11,32,356
36589,3/6/2017 12:00,11,32,352
36590,3/6/2017 13:00,11,32,353
36591,3/6/2017 14:00,11,32,351
36592,3/6/2017 15:00,11,32,351
36593,3/6/2017 16:00,11,32,352
36594,3/6/2017 17:00,11,32,350
36595,3/6/2017 18:00,11,32,352
36596,3/6/2017 19:00,11,32,355
36597,3/6/2017 20:00,9,32,361
36598,3/6/2017 21:00,11,32,372
36599,3/6/2017 22:00,11,32,391
36600,3/6/2017 23:00,11,32,393
36601,3/7/2017 0:00,11,32,383
36602,3/7/2017 1:00,11,32,382
36603,3/7/2017 2:00,11,32,381
36604,3/7/2017 3:00,11,32,379
36605,3/7/2017 4:00,11,32,381
36606,3/7/2017 5:00,11,32,378
36607,3/7/2017 6:00,11,32,380
36608,3/7/2017 7:00,11,32,370
36609,3/7/2017 8:00,11,32,362
36610,3/7/2017 9:00,11,32,361
36611,3/7/2017 10:00,11,32,362
36612,3/7/2017 11:00,10,32,361
36613,3/7/2017 12:00,11,32,361
36614,3/7/2017 13:00,12,32,361
36615,3/7/2017 14:00,11,32,361
36616,3/7/2017 15:00,11,32,361
36617,3/7/2017 16:00,11,32,361
36618,3/7/2017 17:00,11,32,361
36619,3/7/2017 18:00,11,30,361
36620,3/7/2017 19:00,11,32,361
36621,3/7/2017 20:00,11,32,361
36622,3/7/2017 21:00,11,32,361
36623,3/7/2017 22:00,11,32,361
36624,3/7/2017 23:00,11,30,361
36625,3/8/2017 0:00,11,32,361
36626,3/8/2017 1:00,12,32,361
36627,3/8/2017 2:00,9,32,361
36628,3/8/2017 3:00,11,32,361
36629,3/8/2017 4:00,11,32,361
36630,3/8/2017 5:00,11,32,361
36631,3/8/2017 6:00,11,32,361
36632,3/8/2017 7:00,11,32,360
36633,3/8/2017 8:00,11,32,360
36634,3/8/2017 9:00,11,32,360
36635,3/8/2017 10:00,11,32,360
36636,3/8/2017 11:00,11,32,360
36637,3/8/2017 12:00,11,32,360
36638,3/8/2017 13:00,11,32,360
36639,3/8/2017 14:00,9,32,360
36640,3/8/2017 15:00,11,32,360
36641,3/8/2017 16:00,11,32,360
36642,3/8/2017 17:00,11,32,360
36643,3/8/2017 18:00,11,32,360
36644,3/8/2017 19:00,10,32,360
36645,3/8/2017 20:00,11,32,360
36646,3/8/2017 21:00,11,32,360
36647,3/8/2017 22:00,11,32,360
36648,3/8/2017 23:00,11,32,360
36649,3/9/2017 0:00,11,32,360
36650,3/9/2017 1:00,11,32,361
36651,3/9/2017 2:00,11,32,362
36652,3/9/2017 3:00,11,32,362
36653,3/9/2017 4:00,11,32,362
36654,3/9/2017 5:00,11,30,361
36655,3/9/2017 6:00,11,32,361
36656,3/9/2017 7:00,11,32,361
36657,3/9/2017 8:00,11,31,361
36658,3/9/2017 9:00,11,31,361
36659,3/9/2017 10:00,11,32,361
36660,3/9/2017 11:00,11,32,361
36661,3/9/2017 12:00,11,31,361
36662,3/9/2017 13:00,11,32,361
36663,3/9/2017 14:00,11,32,361
36664,3/9/2017 15:00,11,31,361
36665,3/9/2017 16:00,11,32,361
36666,3/9/2017 17:00,11,30,361
36667,3/9/2017 18:00,9,31,361
36668,3/9/2017 19:00,11,31,361
36669,3/9/2017 20:00,12,31,361
36670,3/9/2017 21:00,11,32,361
36671,3/9/2017 22:00,11,32,361
36672,3/9/2017 23:00,11,30,361
36673,3/10/2017 0:00,11,32,361
36674,3/10/2017 1:00,10,32,361
36675,3/10/2017 2:00,11,32,361
36676,3/10/2017 3:00,11,30,361
36677,3/10/2017 4:00,11,32,361
36678,3/10/2017 5:00,11,32,361
36679,3/10/2017 6:00,11,32,361
36680,3/10/2017 7:00,11,32,361
36681,3/10/2017 8:00,11,32,361
36682,3/10/2017 9:00,11,32,361
36683,3/10/2017 10:00,11,31,360
36684,3/10/2017 11:00,11,31,360
36685,3/10/2017 12:00,10,32,361
36686,3/10/2017 13:00,11,32,360
36687,3/10/2017 14:00,11,32,360
36688,3/10/2017 15:00,11,31,360
36689,3/10/2017 16:00,9,30,360
36690,3/10/2017 17:00,11,32,360
36691,3/10/2017 18:00,11,32,360
36692,3/10/2017 19:00,11,31,360
36693,3/10/2017 20:00,11,30,360
36694,3/10/2017 21:00,11,32,360
36695,3/10/2017 22:00,11,32,360
36696,3/10/2017 23:00,11,32,360
36697,3/11/2017 0:00,11,31,360
36698,3/11/2017 1:00,10,31,360
36699,3/11/2017 2:00,11,31,360
36700,3/11/2017 3:00,11,32,360
36701,3/11/2017 4:00,11,31,360
36702,3/11/2017 5:00,11,31,360
36703,3/11/2017 6:00,11,32,360
36704,3/11/2017 7:00,11,31,360
36705,3/11/2017 8:00,11,30,360
36706,3/11/2017 9:00,11,32,360
36707,3/11/2017 10:00,11,32,360
36708,3/11/2017 11:00,12,31,360
36709,3/11/2017 12:00,11,31,360
36710,3/11/2017 13:00,11,32,360
36711,3/11/2017 14:00,11,30,360
36712,3/11/2017 15:00,11,32,360
36713,3/11/2017 16:00,11,32,360
36714,3/11/2017 17:00,11,32,360
36715,3/11/2017 18:00,11,32,360
36716,3/11/2017 19:00,11,32,360
36717,3/11/2017 20:00,12,31,360
36718,3/11/2017 21:00,11,32,360
36719,3/11/2017 22:00,11,32,360
36720,3/11/2017 23:00,11,32,360
36721,3/12/2017 0:00,11,31,360
36722,3/12/2017 1:00,11,32,360
36723,3/12/2017 2:00,11,32,360
36724,3/12/2017 3:00,11,32,360
36725,3/12/2017 4:00,11,32,360
36726,3/12/2017 5:00,10,32,360
36727,3/12/2017 6:00,11,32,360
36728,3/12/2017 7:00,11,32,360
36729,3/12/2017 8:00,11,32,360
36730,3/12/2017 9:00,11,31,360
36731,3/12/2017 10:00,11,31,360
36732,3/12/2017 11:00,11,32,360
36733,3/12/2017 12:00,11,31,360
36734,3/12/2017 13:00,11,32,360
36735,3/12/2017 14:00,9,31,360
36736,3/12/2017 15:00,10,31,360
36737,3/12/2017 16:00,10,32,360
36738,3/12/2017 17:00,11,32,360
36739,3/12/2017 18:00,12,31,360
36740,3/12/2017 19:00,11,32,360
36741,3/12/2017 20:00,11,31,360
36742,3/12/2017 21:00,11,31,360
36743,3/12/2017 22:00,11,32,360
36744,3/12/2017 23:00,11,31,360
36745,3/13/2017 0:00,11,31,360
36746,3/13/2017 1:00,11,31,360
36747,3/13/2017 2:00,9,32,360
36748,3/13/2017 3:00,11,31,360
36749,3/13/2017 4:00,11,32,360
36750,3/13/2017 5:00,11,31,360
36751,3/13/2017 6:00,11,31,360
36752,3/13/2017 7:00,11,32,360
36753,3/13/2017 8:00,11,32,360
36754,3/13/2017 9:00,11,31,360
36755,3/13/2017 10:00,11,31,360
36756,3/13/2017 11:00,11,31,360
36757,3/13/2017 12:00,11,31,360
36758,3/13/2017 13:00,11,32,360
36759,3/13/2017 14:00,11,31,360
36760,3/13/2017 15:00,11,31,360
36761,3/13/2017 16:00,11,31,360
36762,3/13/2017 17:00,11,31,360
36763,3/13/2017 18:00,9,31,360
36764,3/13/2017 19:00,11,31,360
36765,3/13/2017 20:00,11,31,360
36766,3/13/2017 21:00,11,31,360
36767,3/13/2017 22:00,11,31,360
36768,3/13/2017 23:00,11,31,360
36769,3/14/2017 0:00,9,30,360
36770,3/14/2017 1:00,11,31,360
36771,3/14/2017 2:00,11,31,360
36772,3/14/2017 3:00,11,31,360
36773,3/14/2017 4:00,11,31,360
36774,3/14/2017 5:00,11,31,360
36775,3/14/2017 6:00,11,31,360
36776,3/14/2017 7:00,11,31,360
36777,3/14/2017 8:00,11,31,360
36778,3/14/2017 9:00,11,31,360
36779,3/14/2017 10:00,11,31,360
36780,3/14/2017 11:00,11,31,360
36781,3/14/2017 12:00,11,31,360
36782,3/14/2017 13:00,11,31,360
36783,3/14/2017 14:00,11,31,360
36784,3/14/2017 15:00,11,31,360
36785,3/14/2017 16:00,11,31,360
36786,3/14/2017 17:00,11,31,360
36787,3/14/2017 18:00,11,31,360
36788,3/14/2017 19:00,11,31,360
36789,3/14/2017 20:00,11,30,360
36790,3/14/2017 21:00,11,31,360
36791,3/14/2017 22:00,11,31,360
36792,3/14/2017 23:00,11,31,360
36793,3/15/2017 0:00,11,31,360
36794,3/15/2017 1:00,11,31,360
36795,3/15/2017 2:00,11,31,360
36796,3/15/2017 3:00,11,31,360
36797,3/15/2017 4:00,11,31,360
36798,3/15/2017 5:00,11,31,359
36799,3/15/2017 6:00,11,31,360
36800,3/15/2017 7:00,11,31,360
36801,3/15/2017 8:00,11,31,360
36802,3/15/2017 9:00,11,31,360
36803,3/15/2017 10:00,11,31,360
36804,3/15/2017 11:00,11,31,360
36805,3/15/2017 12:00,11,31,360
36806,3/15/2017 13:00,11,31,360
36807,3/15/2017 14:00,11,31,360
36808,3/15/2017 15:00,11,31,360
36809,3/15/2017 16:00,12,31,360
36810,3/15/2017 17:00,11,31,360
36811,3/15/2017 18:00,11,31,359
36812,3/15/2017 19:00,12,31,359
36813,3/15/2017 20:00,11,31,360
36814,3/15/2017 21:00,11,31,359
36815,3/15/2017 22:00,12,31,360
36816,3/15/2017 23:00,11,31,360
36817,3/16/2017 0:00,11,31,360
36818,3/16/2017 1:00,11,31,360
36819,3/16/2017 2:00,11,31,360
36820,3/16/2017 3:00,11,31,360
36821,3/16/2017 4:00,11,31,360
36822,3/16/2017 5:00,11,31,360
36823,3/16/2017 6:00,11,31,360
36824,3/16/2017 7:00,11,31,360
36825,3/16/2017 8:00,11,31,360
36826,3/16/2017 9:00,11,31,360
36827,3/16/2017 10:00,11,31,360
36828,3/16/2017 11:00,9,31,360
36829,3/16/2017 12:00,11,31,360
36830,3/16/2017 13:00,11,31,360
36831,3/16/2017 14:00,11,31,360
36832,3/16/2017 15:00,11,31,360
36833,3/16/2017 16:00,11,30,360
36834,3/16/2017 17:00,11,31,360
36835,3/16/2017 18:00,10,31,360
36836,3/16/2017 19:00,11,31,360
36837,3/16/2017 20:00,11,31,360
36838,3/16/2017 21:00,11,31,360
36839,3/16/2017 22:00,11,31,360
36840,3/16/2017 23:00,11,31,360
36841,3/17/2017 0:00,11,31,360
36842,3/17/2017 1:00,9,31,360
36843,3/17/2017 2:00,11,31,360
36844,3/17/2017 3:00,11,31,360
36845,3/17/2017 4:00,11,31,360
36846,3/17/2017 5:00,11,31,360
36847,3/17/2017 6:00,11,31,360
36848,3/17/2017 7:00,9,31,360
36849,3/17/2017 8:00,11,31,360
36850,3/17/2017 9:00,11,31,360
36851,3/17/2017 10:00,11,31,360
36852,3/17/2017 11:00,9,31,360
36853,3/17/2017 12:00,11,31,360
36854,3/17/2017 13:00,12,31,359
36855,3/17/2017 14:00,11,31,360
36856,3/17/2017 15:00,11,31,360
36857,3/17/2017 16:00,11,31,360
36858,3/17/2017 17:00,11,31,359
36859,3/17/2017 18:00,11,31,359
36860,3/17/2017 19:00,11,31,359
36861,3/17/2017 20:00,11,31,359
36862,3/17/2017 21:00,11,31,359
36863,3/17/2017 22:00,11,31,359
36864,3/17/2017 23:00,11,31,359
36865,3/18/2017 0:00,11,31,359
36866,3/18/2017 1:00,11,32,360
36867,3/18/2017 2:00,11,31,359
36868,3/18/2017 3:00,11,31,360
36869,3/18/2017 4:00,11,30,360
36870,3/18/2017 5:00,11,31,359
36871,3/18/2017 6:00,11,31,359
36872,3/18/2017 7:00,11,31,360
36873,3/18/2017 8:00,11,31,360
36874,3/18/2017 9:00,11,32,360
36875,3/18/2017 10:00,9,31,359
36876,3/18/2017 11:00,11,31,359
36877,3/18/2017 12:00,10,31,359
36878,3/18/2017 13:00,12,31,359
36879,3/18/2017 14:00,11,31,359
36880,3/18/2017 15:00,11,31,360
36881,3/18/2017 16:00,11,32,359
36882,3/18/2017 17:00,11,31,359
36883,3/18/2017 18:00,11,32,359
36884,3/18/2017 19:00,11,32,359
36885,3/18/2017 20:00,11,32,359
36886,3/18/2017 21:00,11,31,359
36887,3/18/2017 22:00,11,31,360
36888,3/18/2017 23:00,11,31,359
36889,3/19/2017 0:00,10,32,359
36890,3/19/2017 1:00,11,31,359
36891,3/19/2017 2:00,11,31,359
36892,3/19/2017 3:00,11,31,359
36893,3/19/2017 4:00,11,32,359
36894,3/19/2017 5:00,11,32,359
36895,3/19/2017 6:00,11,32,359
36896,3/19/2017 7:00,10,31,359
36897,3/19/2017 8:00,11,32,359
36898,3/19/2017 9:00,11,31,359
36899,3/19/2017 10:00,11,31,359
36900,3/19/2017 11:00,11,32,359
36901,3/19/2017 12:00,11,31,359
36902,3/19/2017 13:00,11,31,359
36903,3/19/2017 14:00,11,32,359
36904,3/19/2017 15:00,11,31,359
36905,3/19/2017 16:00,11,32,359
36906,3/19/2017 17:00,11,32,359
36907,3/19/2017 18:00,11,32,359
36908,3/19/2017 19:00,11,31,359
36909,3/19/2017 20:00,11,31,359
36910,3/19/2017 21:00,11,31,359
36911,3/19/2017 22:00,11,31,359
36912,3/19/2017 23:00,11,32,359
36913,3/20/2017 0:00,11,32,359
36914,3/20/2017 1:00,11,32,359
36915,3/20/2017 2:00,11,32,359
36916,3/20/2017 3:00,11,31,359
36917,3/20/2017 4:00,11,31,359
36918,3/20/2017 5:00,11,32,359
36919,3/20/2017 6:00,11,32,359
36920,3/20/2017 7:00,11,32,359
36921,3/20/2017 8:00,11,32,359
36922,3/20/2017 9:00,11,32,359
36923,3/20/2017 10:00,11,31,359
36924,3/20/2017 11:00,9,31,359
36925,3/20/2017 12:00,11,32,359
36926,3/20/2017 13:00,9,31,359
36927,3/20/2017 14:00,11,32,359
36928,3/20/2017 15:00,11,32,359
36929,3/20/2017 16:00,11,32,359
36930,3/20/2017 17:00,11,32,359
36931,3/20/2017 18:00,11,32,359
36932,3/20/2017 19:00,11,32,359
36933,3/20/2017 20:00,11,32,359
36934,3/20/2017 21:00,11,32,359
36935,3/20/2017 22:00,11,32,359
36936,3/20/2017 23:00,11,32,359
36937,3/21/2017 0:00,11,32,359
36938,3/21/2017 1:00,11,31,359
36939,3/21/2017 2:00,11,31,359
36940,3/21/2017 3:00,11,31,359
36941,3/21/2017 4:00,11,32,359
36942,3/21/2017 5:00,11,32,359
36943,3/21/2017 6:00,11,32,359
36944,3/21/2017 7:00,12,31,359
36945,3/21/2017 8:00,11,32,359
36946,3/21/2017 9:00,11,32,359
36947,3/21/2017 10:00,11,31,359
36948,3/21/2017 11:00,11,32,359
36949,3/21/2017 12:00,11,32,359
36950,3/21/2017 13:00,11,31,359
36951,3/21/2017 14:00,11,32,359
36952,3/21/2017 15:00,10,32,359
36953,3/21/2017 16:00,11,31,359
36954,3/21/2017 17:00,11,31,359
36955,3/21/2017 18:00,10,31,359
36956,3/21/2017 19:00,11,32,359
36957,3/21/2017 20:00,10,31,359
36958,3/21/2017 21:00,11,32,359
36959,3/21/2017 22:00,10,31,359
36960,3/21/2017 23:00,11,32,360
36961,3/22/2017 0:00,11,32,359
36962,3/22/2017 1:00,12,31,359
36963,3/22/2017 2:00,11,31,359
36964,3/22/2017 3:00,11,32,359
36965,3/22/2017 4:00,11,31,359
36966,3/22/2017 5:00,11,32,359
36967,3/22/2017 6:00,11,32,359
36968,3/22/2017 7:00,11,32,359
36969,3/22/2017 8:00,11,31,359
36970,3/22/2017 9:00,11,32,359
36971,3/22/2017 10:00,11,32,359
36972,3/22/2017 11:00,11,32,359
36973,3/22/2017 12:00,11,32,359
36974,3/22/2017 13:00,11,32,359
36975,3/22/2017 14:00,11,32,359
36976,3/22/2017 15:00,11,32,359
36977,3/22/2017 16:00,12,31,359
36978,3/22/2017 17:00,11,31,359
36979,3/22/2017 18:00,11,31,359
36980,3/22/2017 19:00,11,32,359
36981,3/22/2017 20:00,11,32,359
36982,3/22/2017 21:00,11,32,359
36983,3/22/2017 22:00,11,31,359
36984,3/22/2017 23:00,11,32,359
36985,3/23/2017 0:00,11,31,359
36986,3/23/2017 1:00,11,32,359
36987,3/23/2017 2:00,11,31,359
36988,3/23/2017 3:00,11,32,359
36989,3/23/2017 4:00,9,32,359
36990,3/23/2017 5:00,11,32,359
36991,3/23/2017 6:00,11,32,359
36992,3/23/2017 7:00,11,32,359
36993,3/23/2017 8:00,11,32,358
36994,3/23/2017 9:00,11,32,357
36995,3/23/2017 10:00,9,32,357
36996,3/23/2017 11:00,11,32,358
36997,3/23/2017 12:00,11,32,358
36998,3/23/2017 13:00,11,32,358
36999,3/23/2017 14:00,11,32,358
37000,3/23/2017 15:00,11,32,359
37001,3/23/2017 16:00,11,32,359
37002,3/23/2017 17:00,11,32,359
37003,3/23/2017 18:00,11,32,359
37004,3/23/2017 19:00,11,32,359
37005,3/23/2017 20:00,11,32,359
37006,3/23/2017 21:00,11,32,359
37007,3/23/2017 22:00,11,32,358
37008,3/23/2017 23:00,11,32,358
37009,3/24/2017 0:00,9,31,359
37010,3/24/2017 1:00,10,32,358
37011,3/24/2017 2:00,12,32,358
37012,3/24/2017 3:00,11,32,359
37013,3/24/2017 4:00,11,32,359
37014,3/24/2017 5:00,13,32,358
37015,3/24/2017 6:00,11,32,359
37016,3/24/2017 7:00,11,32,359
37017,3/24/2017 8:00,11,32,359
37018,3/24/2017 9:00,11,32,359
37019,3/24/2017 10:00,11,32,359
37020,3/24/2017 11:00,10,32,359
37021,3/24/2017 12:00,11,32,359
37022,3/24/2017 13:00,10,32,359
37023,3/24/2017 14:00,11,32,359
37024,3/24/2017 15:00,12,32,359
37025,3/24/2017 16:00,11,32,359
37026,3/24/2017 17:00,11,32,359
37027,3/24/2017 18:00,11,32,359
37028,3/24/2017 19:00,11,32,359
37029,3/24/2017 20:00,11,32,359
37030,3/24/2017 21:00,11,32,359
37031,3/24/2017 22:00,11,32,359
37032,3/24/2017 23:00,11,32,359
37033,3/25/2017 0:00,12,32,359
37034,3/25/2017 1:00,11,32,359
37035,3/25/2017 2:00,11,32,359
37036,3/25/2017 3:00,11,32,359
37037,3/25/2017 4:00,11,32,359
37038,3/25/2017 5:00,11,32,359
37039,3/25/2017 6:00,10,32,359
37040,3/25/2017 7:00,11,32,359
37041,3/25/2017 8:00,11,32,359
37042,3/25/2017 9:00,11,32,359
37043,3/25/2017 10:00,11,32,359
37044,3/25/2017 11:00,11,32,359
37045,3/25/2017 12:00,11,32,359
37046,3/25/2017 13:00,11,32,359
37047,3/25/2017 14:00,11,32,359
37048,3/25/2017 15:00,11,32,359
37049,3/25/2017 16:00,11,32,359
37050,3/25/2017 17:00,10,32,359
37051,3/25/2017 18:00,11,32,359
37052,3/25/2017 19:00,11,32,359
37053,3/25/2017 20:00,12,32,359
37054,3/25/2017 21:00,11,32,359
37055,3/25/2017 22:00,11,32,359
37056,3/25/2017 23:00,11,32,359
37057,3/26/2017 0:00,10,32,359
37058,3/26/2017 1:00,11,32,359
37059,3/26/2017 2:00,11,32,359
37060,3/26/2017 3:00,11,32,359
37061,3/26/2017 4:00,11,32,359
37062,3/26/2017 5:00,11,32,359
37063,3/26/2017 6:00,11,32,359
37064,3/26/2017 7:00,11,32,359
37065,3/26/2017 8:00,11,32,359
37066,3/26/2017 9:00,12,32,359
37067,3/26/2017 10:00,11,32,359
37068,3/26/2017 11:00,11,32,359
37069,3/26/2017 12:00,9,32,359
37070,3/26/2017 13:00,11,32,359
37071,3/26/2017 14:00,11,32,359
37072,3/26/2017 15:00,11,32,359
37073,3/26/2017 16:00,11,32,359
37074,3/26/2017 17:00,11,32,359
37075,3/26/2017 18:00,11,32,359
37076,3/26/2017 19:00,11,32,359
37077,3/26/2017 20:00,11,32,359
37078,3/26/2017 21:00,11,32,359
37079,3/26/2017 22:00,11,32,358
37080,3/26/2017 23:00,11,32,358
37081,3/27/2017 0:00,11,32,358
37082,3/27/2017 1:00,11,32,357
37083,3/27/2017 2:00,11,32,357
37084,3/27/2017 3:00,11,32,357
37085,3/27/2017 4:00,11,32,358
37086,3/27/2017 5:00,11,32,358
37087,3/27/2017 6:00,12,32,357
37088,3/27/2017 7:00,11,32,357
37089,3/27/2017 8:00,11,32,357
37090,3/27/2017 9:00,11,32,358
37091,3/27/2017 10:00,11,32,357
37092,3/27/2017 11:00,11,32,358
37093,3/27/2017 12:00,11,32,357
37094,3/27/2017 13:00,11,32,357
37095,3/27/2017 14:00,11,30,357
37096,3/27/2017 15:00,11,32,358
37097,3/27/2017 16:00,12,32,358
37098,3/27/2017 17:00,11,32,359
37099,3/27/2017 18:00,11,32,359
37100,3/27/2017 19:00,9,32,359
37101,3/27/2017 20:00,10,32,357
37102,3/27/2017 21:00,11,32,357
37103,3/27/2017 22:00,11,32,357
37104,3/27/2017 23:00,11,32,357
37105,3/28/2017 0:00,11,32,357
37106,3/28/2017 1:00,11,32,357
37107,3/28/2017 2:00,11,32,358
37108,3/28/2017 3:00,11,32,357
37109,3/28/2017 4:00,11,32,358
37110,3/28/2017 5:00,11,32,358
37111,3/28/2017 6:00,11,32,357
37112,3/28/2017 7:00,11,32,358
37113,3/28/2017 8:00,11,32,358
37114,3/28/2017 9:00,11,32,358
37115,3/28/2017 10:00,11,32,358
37116,3/28/2017 11:00,11,32,358
37117,3/28/2017 12:00,11,32,358
37118,3/28/2017 13:00,11,32,358
37119,3/28/2017 14:00,11,32,359
37120,3/28/2017 15:00,11,32,358
37121,3/28/2017 16:00,11,32,358
37122,3/28/2017 17:00,11,32,358
37123,3/28/2017 18:00,11,32,359
37124,3/28/2017 19:00,11,32,358
37125,3/28/2017 20:00,11,32,358
37126,3/28/2017 21:00,11,32,358
37127,3/28/2017 22:00,11,32,358
37128,3/28/2017 23:00,11,32,358
37129,3/29/2017 0:00,12,32,358
37130,3/29/2017 1:00,11,32,358
37131,3/29/2017 2:00,11,32,358
37132,3/29/2017 3:00,11,32,358
37133,3/29/2017 4:00,11,32,358
37134,3/29/2017 5:00,11,32,358
37135,3/29/2017 6:00,11,32,358
37136,3/29/2017 7:00,11,32,358
37137,3/29/2017 8:00,11,32,358
37138,3/29/2017 9:00,11,32,358
37139,3/29/2017 10:00,11,32,358
37140,3/29/2017 11:00,11,32,358
37141,3/29/2017 12:00,11,32,358
37142,3/29/2017 13:00,11,32,358
37143,3/29/2017 14:00,11,32,358
37144,3/29/2017 15:00,11,32,358
37145,3/29/2017 16:00,11,32,358
37146,3/29/2017 17:00,10,32,357
37147,3/29/2017 18:00,11,32,358
37148,3/29/2017 19:00,11,32,357
37149,3/29/2017 20:00,11,32,358
37150,3/29/2017 21:00,12,32,358
37151,3/29/2017 22:00,11,32,357
37152,3/29/2017 23:00,11,32,357
37153,3/30/2017 0:00,11,32,357
37154,3/30/2017 1:00,11,32,357
37155,3/30/2017 2:00,11,32,358
37156,3/30/2017 3:00,11,32,357
37157,3/30/2017 4:00,11,32,357
37158,3/30/2017 5:00,11,32,357
37159,3/30/2017 6:00,12,32,358
37160,3/30/2017 7:00,11,32,357
37161,3/30/2017 8:00,11,30,357
37162,3/30/2017 9:00,11,32,357
37163,3/30/2017 10:00,11,32,358
37164,3/30/2017 11:00,11,32,357
37165,3/30/2017 12:00,13,32,357
37166,3/30/2017 13:00,11,32,357
37167,3/30/2017 14:00,11,32,357
37168,3/30/2017 15:00,11,32,357
37169,3/30/2017 16:00,11,32,357
37170,3/30/2017 17:00,11,32,357
37171,3/30/2017 18:00,11,32,357
37172,3/30/2017 19:00,11,32,357
37173,3/30/2017 20:00,11,32,357
37174,3/30/2017 21:00,11,32,357
37175,3/30/2017 22:00,11,32,357
37176,3/30/2017 23:00,11,32,357
37177,3/31/2017 0:00,11,32,357
37178,3/31/2017 1:00,11,32,357
37179,3/31/2017 2:00,11,32,357
37180,3/31/2017 3:00,11,32,357
37181,3/31/2017 4:00,11,32,357
37182,3/31/2017 5:00,11,32,358
37183,3/31/2017 6:00,11,32,358
37184,3/31/2017 7:00,11,32,358
37185,3/31/2017 8:00,11,32,358
37186,3/31/2017 9:00,10,32,358
37187,3/31/2017 10:00,10,32,358
37188,3/31/2017 11:00,11,32,358
37189,3/31/2017 12:00,11,32,358
37190,3/31/2017 13:00,11,32,358
37191,3/31/2017 14:00,11,32,358
37192,3/31/2017 15:00,11,32,359
37193,3/31/2017 16:00,11,32,358
37194,3/31/2017 17:00,11,32,357
37195,3/31/2017 18:00,11,32,357
37196,3/31/2017 19:00,11,32,358
37197,3/31/2017 20:00,11,32,359
37198,3/31/2017 21:00,11,32,358
37199,3/31/2017 22:00,10,32,358
37200,3/31/2017 23:00,11,32,358
37201,4/1/2017 0:00,11,32,358
37202,4/1/2017 1:00,11,32,358
37203,4/1/2017 2:00,11,32,358
37204,4/1/2017 3:00,11,32,358
37205,4/1/2017 4:00,11,32,359
37206,4/1/2017 5:00,11,32,358
37207,4/1/2017 6:00,12,32,358
37208,4/1/2017 7:00,11,32,358
37209,4/1/2017 8:00,11,32,359
37210,4/1/2017 9:00,11,32,358
37211,4/1/2017 10:00,11,32,359
37212,4/1/2017 11:00,11,32,358
37213,4/1/2017 12:00,11,32,358
37214,4/1/2017 13:00,10,32,359
37215,4/1/2017 14:00,10,32,358
37216,4/1/2017 15:00,11,32,358
37217,4/1/2017 16:00,11,32,358
37218,4/1/2017 17:00,11,32,358
37219,4/1/2017 18:00,10,32,358
37220,4/1/2017 19:00,11,32,358
37221,4/1/2017 20:00,11,32,359
37222,4/1/2017 21:00,11,32,359
37223,4/1/2017 22:00,11,32,359
37224,4/1/2017 23:00,11,32,359
37225,4/2/2017 0:00,11,32,359
37226,4/2/2017 1:00,11,32,359
37227,4/2/2017 2:00,11,32,359
37228,4/2/2017 3:00,11,32,358
37229,4/2/2017 4:00,11,32,358
37230,4/2/2017 5:00,11,32,358
37231,4/2/2017 6:00,11,32,358
37232,4/2/2017 7:00,11,32,358
37233,4/2/2017 8:00,11,32,358
37234,4/2/2017 9:00,11,32,358
37235,4/2/2017 10:00,11,32,358
37236,4/2/2017 11:00,11,32,358
37237,4/2/2017 12:00,11,32,359
37238,4/2/2017 13:00,11,32,359
37239,4/2/2017 14:00,11,32,358
37240,4/2/2017 15:00,10,32,358
37241,4/2/2017 16:00,11,32,358
37242,4/2/2017 17:00,12,32,358
37243,4/2/2017 18:00,11,32,358
37244,4/2/2017 19:00,11,32,358
37245,4/2/2017 20:00,11,32,359
37246,4/2/2017 21:00,11,32,358
37247,4/2/2017 22:00,11,32,358
37248,4/2/2017 23:00,11,32,357
37249,4/3/2017 0:00,10,32,356
37250,4/3/2017 1:00,10,32,356
37251,4/3/2017 2:00,11,32,356
37252,4/3/2017 3:00,11,32,357
37253,4/3/2017 4:00,11,32,357
37254,4/3/2017 5:00,11,32,358
37255,4/3/2017 6:00,11,34,358
37256,4/3/2017 7:00,13,32,358
37257,4/3/2017 8:00,11,32,358
37258,4/3/2017 9:00,11,30,358
37259,4/3/2017 10:00,12,32,357
37260,4/3/2017 11:00,10,32,358
37261,4/3/2017 12:00,11,32,358
37262,4/3/2017 13:00,11,32,358
37263,4/3/2017 14:00,10,30,357
37264,4/3/2017 15:00,11,32,358
37265,4/3/2017 16:00,11,32,358
37266,4/3/2017 17:00,11,32,357
37267,4/3/2017 18:00,11,32,357
37268,4/3/2017 19:00,11,32,357
37269,4/3/2017 20:00,11,32,357
37270,4/3/2017 21:00,11,32,357
37271,4/3/2017 22:00,11,32,358
37272,4/3/2017 23:00,11,30,357
37273,4/4/2017 0:00,11,32,357
37274,4/4/2017 1:00,11,32,358
37275,4/4/2017 2:00,11,32,358
37276,4/4/2017 3:00,10,32,358
37277,4/4/2017 4:00,11,32,358
37278,4/4/2017 5:00,11,32,358
37279,4/4/2017 6:00,11,32,358
37280,4/4/2017 7:00,11,32,357
37281,4/4/2017 8:00,11,32,358
37282,4/4/2017 9:00,10,32,358
37283,4/4/2017 10:00,11,32,358
37284,4/4/2017 11:00,11,32,358
37285,4/4/2017 12:00,11,32,358
37286,4/4/2017 13:00,11,32,357
37287,4/4/2017 14:00,11,32,357
37288,4/4/2017 15:00,11,32,356
37289,4/4/2017 16:00,11,32,356
37290,4/4/2017 17:00,11,32,356
37291,4/4/2017 18:00,11,32,356
37292,4/4/2017 19:00,11,32,356
37293,4/4/2017 20:00,11,32,356
37294,4/4/2017 21:00,12,32,356
37295,4/4/2017 22:00,11,32,356
37296,4/4/2017 23:00,11,32,357
37297,4/5/2017 0:00,11,32,357
37298,4/5/2017 1:00,11,32,357
37299,4/5/2017 2:00,10,32,357
37300,4/5/2017 3:00,11,32,357
37301,4/5/2017 4:00,11,32,357
37302,4/5/2017 5:00,11,32,357
37303,4/5/2017 6:00,11,32,356
37304,4/5/2017 7:00,11,32,356
37305,4/5/2017 8:00,11,32,356
37306,4/5/2017 9:00,12,32,357
37307,4/5/2017 10:00,11,32,357
37308,4/5/2017 11:00,11,32,357
37309,4/5/2017 12:00,11,32,357
37310,4/5/2017 13:00,11,32,357
37311,4/5/2017 14:00,11,32,357
37312,4/5/2017 15:00,11,32,357
37313,4/5/2017 16:00,11,32,357
37314,4/5/2017 17:00,11,32,357
37315,4/5/2017 18:00,11,32,357
37316,4/5/2017 19:00,11,32,357
37317,4/5/2017 20:00,11,32,357
37318,4/5/2017 21:00,11,32,357
37319,4/5/2017 22:00,11,32,357
37320,4/5/2017 23:00,11,30,357
37321,4/6/2017 0:00,13,32,357
37322,4/6/2017 1:00,10,32,357
37323,4/6/2017 2:00,11,32,357
37324,4/6/2017 3:00,12,30,357
37325,4/6/2017 4:00,11,32,357
37326,4/6/2017 5:00,11,32,356
37327,4/6/2017 6:00,11,32,357
37328,4/6/2017 7:00,11,32,356
37329,4/6/2017 8:00,11,32,357
37330,4/6/2017 9:00,11,32,357
37331,4/6/2017 10:00,11,32,357
37332,4/6/2017 11:00,11,30,357
37333,4/6/2017 12:00,11,32,357
37334,4/6/2017 13:00,11,32,357
37335,4/6/2017 14:00,11,32,357
37336,4/6/2017 15:00,10,32,357
37337,4/6/2017 16:00,11,32,357
37338,4/6/2017 17:00,11,32,357
37339,4/6/2017 18:00,11,32,357
37340,4/6/2017 19:00,11,32,357
37341,4/6/2017 20:00,11,32,357
37342,4/6/2017 21:00,11,32,357
37343,4/6/2017 22:00,11,30,357
37344,4/6/2017 23:00,11,32,357
37345,4/7/2017 0:00,10,32,357
37346,4/7/2017 1:00,10,32,357
37347,4/7/2017 2:00,11,32,357
37348,4/7/2017 3:00,11,32,357
37349,4/7/2017 4:00,11,32,357
37350,4/7/2017 5:00,10,30,357
37351,4/7/2017 6:00,11,32,357
37352,4/7/2017 7:00,10,32,357
37353,4/7/2017 8:00,10,32,357
37354,4/7/2017 9:00,11,32,357
37355,4/7/2017 10:00,11,32,357
37356,4/7/2017 11:00,11,32,358
37357,4/7/2017 12:00,11,32,358
37358,4/7/2017 13:00,10,32,358
37359,4/7/2017 14:00,11,32,357
37360,4/7/2017 15:00,11,32,357
37361,4/7/2017 16:00,11,32,357
37362,4/7/2017 17:00,11,30,357
37363,4/7/2017 18:00,10,32,357
37364,4/7/2017 19:00,11,34,357
37365,4/7/2017 20:00,10,32,357
37366,4/7/2017 21:00,11,32,357
37367,4/7/2017 22:00,11,32,357
37368,4/7/2017 23:00,11,32,357
37369,4/8/2017 0:00,10,32,357
37370,4/8/2017 1:00,10,32,357
37371,4/8/2017 2:00,11,30,357
37372,4/8/2017 3:00,11,32,357
37373,4/8/2017 4:00,11,32,357
37374,4/8/2017 5:00,11,30,357
37375,4/8/2017 6:00,11,32,357
37376,4/8/2017 7:00,11,32,357
37377,4/8/2017 8:00,11,32,357
37378,4/8/2017 9:00,11,32,357
37379,4/8/2017 10:00,11,32,357
37380,4/8/2017 11:00,11,32,357
37381,4/8/2017 12:00,11,32,357
37382,4/8/2017 13:00,10,32,357
37383,4/8/2017 14:00,11,32,357
37384,4/8/2017 15:00,11,32,357
37385,4/8/2017 16:00,11,32,357
37386,4/8/2017 17:00,11,32,357
37387,4/8/2017 18:00,12,32,357
37388,4/8/2017 19:00,11,32,357
37389,4/8/2017 20:00,11,32,357
37390,4/8/2017 21:00,11,32,357
37391,4/8/2017 22:00,11,32,357
37392,4/8/2017 23:00,11,32,357
37393,4/9/2017 0:00,11,32,357
37394,4/9/2017 1:00,12,32,357
37395,4/9/2017 2:00,11,32,357
37396,4/9/2017 3:00,11,32,358
37397,4/9/2017 4:00,11,30,357
37398,4/9/2017 5:00,11,32,357
37399,4/9/2017 6:00,11,32,357
37400,4/9/2017 7:00,10,30,357
37401,4/9/2017 8:00,11,32,357
37402,4/9/2017 9:00,11,32,357
37403,4/9/2017 10:00,11,32,357
37404,4/9/2017 11:00,10,32,357
37405,4/9/2017 12:00,12,32,357
37406,4/9/2017 13:00,10,32,357
37407,4/9/2017 14:00,11,30,357
37408,4/9/2017 15:00,11,32,357
37409,4/9/2017 16:00,11,32,358
37410,4/9/2017 17:00,11,32,357
37411,4/9/2017 18:00,9,30,357
37412,4/9/2017 19:00,11,32,357
37413,4/9/2017 20:00,11,32,357
37414,4/9/2017 21:00,11,32,357
37415,4/9/2017 22:00,10,32,357
37416,4/9/2017 23:00,11,32,357
37417,4/10/2017 0:00,11,32,357
37418,4/10/2017 1:00,11,30,357
37419,4/10/2017 2:00,12,32,357
37420,4/10/2017 3:00,11,32,357
37421,4/10/2017 4:00,11,32,356
37422,4/10/2017 5:00,11,32,356
37423,4/10/2017 6:00,11,32,356
37424,4/10/2017 7:00,11,32,356
37425,4/10/2017 8:00,11,32,356
37426,4/10/2017 9:00,9,30,357
37427,4/10/2017 10:00,9,32,357
37428,4/10/2017 11:00,9,32,356
37429,4/10/2017 12:00,13,32,357
37430,4/10/2017 13:00,11,32,357
37431,4/10/2017 14:00,11,32,357
37432,4/10/2017 15:00,10,32,357
37433,4/10/2017 16:00,11,32,357
37434,4/10/2017 17:00,10,32,303
37435,4/10/2017 18:00,11,32,302
37436,4/10/2017 19:00,11,32,297
37437,4/10/2017 20:00,11,30,296
37438,4/10/2017 21:00,11,32,299
37439,4/10/2017 22:00,11,30,302
37440,4/10/2017 23:00,11,32,307
37441,4/11/2017 0:00,11,32,308
37442,4/11/2017 1:00,9,32,309
37443,4/11/2017 2:00,10,32,310
37444,4/11/2017 3:00,11,32,310
37445,4/11/2017 4:00,11,32,311
37446,4/11/2017 5:00,11,30,311
37447,4/11/2017 6:00,11,32,311
37448,4/11/2017 7:00,10,32,312
37449,4/11/2017 8:00,12,30,312
37450,4/11/2017 9:00,11,32,312
37451,4/11/2017 10:00,11,32,312
37452,4/11/2017 11:00,10,32,312
37453,4/11/2017 12:00,11,30,312
37454,4/11/2017 13:00,11,32,312
37455,4/11/2017 14:00,11,32,312
37456,4/11/2017 15:00,11,32,312
37457,4/11/2017 16:00,11,32,312
37458,4/11/2017 17:00,11,33,312
37459,4/11/2017 18:00,11,32,312
37460,4/11/2017 19:00,11,32,312
37461,4/11/2017 20:00,12,32,312
37462,4/11/2017 21:00,12,32,312
37463,4/11/2017 22:00,11,32,311
37464,4/11/2017 23:00,11,32,311
37465,4/12/2017 0:00,11,32,312
37466,4/12/2017 1:00,11,32,312
37467,4/12/2017 2:00,36,32,312
37468,4/12/2017 3:00,10,32,312
37469,4/12/2017 4:00,11,32,312
37470,4/12/2017 5:00,12,32,312
37471,4/12/2017 6:00,61,32,311
37472,4/12/2017 7:00,59,32,311
37473,4/12/2017 8:00,63,32,311
37474,4/12/2017 9:00,63,32,311
37475,4/12/2017 10:00,58,32,311
37476,4/12/2017 11:00,69,32,311
37477,4/12/2017 12:00,63,30,311
37478,4/12/2017 13:00,59,32,311
37479,4/12/2017 14:00,56,30,311
37480,4/12/2017 15:00,46,32,311
37481,4/12/2017 16:00,41,32,310
37482,4/12/2017 17:00,39,32,311
37483,4/12/2017 18:00,36,30,311
37484,4/12/2017 19:00,33,30,309
37485,4/12/2017 20:00,28,32,309
37486,4/12/2017 21:00,25,32,309
37487,4/12/2017 22:00,20,32,309
37488,4/12/2017 23:00,14,32,309
37489,4/13/2017 0:00,14,30,309
37490,4/13/2017 1:00,14,32,309
37491,4/13/2017 2:00,14,32,309
37492,4/13/2017 3:00,14,32,309
37493,4/13/2017 4:00,14,32,309
37494,4/13/2017 5:00,14,32,309
37495,4/13/2017 6:00,13,32,309
37496,4/13/2017 7:00,13,32,309
37497,4/13/2017 8:00,13,32,308
37498,4/13/2017 9:00,13,32,308
37499,4/13/2017 10:00,13,32,307
37500,4/13/2017 11:00,13,32,305
37501,4/13/2017 12:00,12,32,304
37502,4/13/2017 13:00,12,30,303
37503,4/13/2017 14:00,12,32,300
37504,4/13/2017 15:00,25,32,283
37505,4/13/2017 16:00,12,32,302
37506,4/13/2017 17:00,14,32,303
37507,4/13/2017 18:00,12,32,304
37508,4/13/2017 19:00,12,32,306
37509,4/13/2017 20:00,12,32,307
37510,4/13/2017 21:00,12,32,308
37511,4/13/2017 22:00,12,32,308
37512,4/13/2017 23:00,14,32,308
37513,4/14/2017 0:00,12,31,308
37514,4/14/2017 1:00,13,31,309
37515,4/14/2017 2:00,12,32,309
37516,4/14/2017 3:00,12,32,309
37517,4/14/2017 4:00,12,32,309
37518,4/14/2017 5:00,12,32,309
37519,4/14/2017 6:00,14,32,309
37520,4/14/2017 7:00,12,32,310
37521,4/14/2017 8:00,13,32,309
37522,4/14/2017 9:00,13,32,310
37523,4/14/2017 10:00,13,32,310
37524,4/14/2017 11:00,13,32,310
37525,4/14/2017 12:00,12,32,310
37526,4/14/2017 13:00,13,32,310
37527,4/14/2017 14:00,13,31,310
37528,4/14/2017 15:00,13,32,310
37529,4/14/2017 16:00,13,32,310
37530,4/14/2017 17:00,13,32,310
37531,4/14/2017 18:00,13,32,311
37532,4/14/2017 19:00,13,32,310
37533,4/14/2017 20:00,13,32,311
37534,4/14/2017 21:00,13,34,311
37535,4/14/2017 22:00,13,32,311
37536,4/14/2017 23:00,13,32,311
37537,4/15/2017 0:00,13,32,311
37538,4/15/2017 1:00,13,32,311
37539,4/15/2017 2:00,13,32,311
37540,4/15/2017 3:00,13,32,311
37541,4/15/2017 4:00,13,32,311
37542,4/15/2017 5:00,13,32,311
37543,4/15/2017 6:00,15,34,311
37544,4/15/2017 7:00,13,32,311
37545,4/15/2017 8:00,13,32,311
37546,4/15/2017 9:00,13,32,311
37547,4/15/2017 10:00,13,32,311
37548,4/15/2017 11:00,13,32,311
37549,4/15/2017 12:00,13,32,311
37550,4/15/2017 13:00,13,30,311
37551,4/15/2017 14:00,13,32,311
37552,4/15/2017 15:00,13,32,311
37553,4/15/2017 16:00,13,32,311
37554,4/15/2017 17:00,13,32,311
37555,4/15/2017 18:00,13,32,311
37556,4/15/2017 19:00,13,33,311
37557,4/15/2017 20:00,13,32,311
37558,4/15/2017 21:00,13,32,311
37559,4/15/2017 22:00,13,32,310
37560,4/15/2017 23:00,13,32,311
37561,4/16/2017 0:00,13,32,310
37562,4/16/2017 1:00,13,32,310
37563,4/16/2017 2:00,13,32,310
37564,4/16/2017 3:00,13,30,310
37565,4/16/2017 4:00,13,32,310
37566,4/16/2017 5:00,13,32,310
37567,4/16/2017 6:00,13,30,310
37568,4/16/2017 7:00,13,32,310
37569,4/16/2017 8:00,13,32,310
37570,4/16/2017 9:00,13,32,309
37571,4/16/2017 10:00,13,32,310
37572,4/16/2017 11:00,13,32,310
37573,4/16/2017 12:00,13,32,310
37574,4/16/2017 13:00,13,32,309
37575,4/16/2017 14:00,13,30,309
37576,4/16/2017 15:00,13,32,309
37577,4/16/2017 16:00,13,32,309
37578,4/16/2017 17:00,13,32,309
37579,4/16/2017 18:00,13,32,309
37580,4/16/2017 19:00,13,32,309
37581,4/16/2017 20:00,13,32,309
37582,4/16/2017 21:00,13,32,309
37583,4/16/2017 22:00,13,32,309
37584,4/16/2017 23:00,14,32,309
37585,4/17/2017 0:00,13,32,309
37586,4/17/2017 1:00,13,32,309
37587,4/17/2017 2:00,13,32,309
37588,4/17/2017 3:00,13,32,309
37589,4/17/2017 4:00,13,32,309
37590,4/17/2017 5:00,13,32,309
37591,4/17/2017 6:00,13,32,309
37592,4/17/2017 7:00,13,32,308
37593,4/17/2017 8:00,13,32,309
37594,4/17/2017 9:00,13,32,309
37595,4/17/2017 10:00,15,32,309
37596,4/17/2017 11:00,13,32,308
37597,4/17/2017 12:00,13,32,308
37598,4/17/2017 13:00,15,32,309
37599,4/17/2017 14:00,13,32,308
37600,4/17/2017 15:00,13,31,308
37601,4/17/2017 16:00,13,32,308
37602,4/17/2017 17:00,13,32,308
37603,4/17/2017 18:00,13,32,308
37604,4/17/2017 19:00,13,34,308
37605,4/17/2017 20:00,13,32,308
37606,4/17/2017 21:00,13,32,308
37607,4/17/2017 22:00,13,32,308
37608,4/17/2017 23:00,13,32,308
37609,4/18/2017 0:00,13,32,308
37610,4/18/2017 1:00,13,32,308
37611,4/18/2017 2:00,15,32,308
37612,4/18/2017 3:00,12,32,308
37613,4/18/2017 4:00,13,32,308
37614,4/18/2017 5:00,13,32,308
37615,4/18/2017 6:00,13,32,308
37616,4/18/2017 7:00,13,32,308
37617,4/18/2017 8:00,13,32,308
37618,4/18/2017 9:00,13,32,308
37619,4/18/2017 10:00,13,32,308
37620,4/18/2017 11:00,15,32,308
37621,4/18/2017 12:00,13,32,308
37622,4/18/2017 13:00,13,32,307
37623,4/18/2017 14:00,13,32,308
37624,4/18/2017 15:00,15,32,307
37625,4/18/2017 16:00,13,33,307
37626,4/18/2017 17:00,13,32,307
37627,4/18/2017 18:00,13,32,308
37628,4/18/2017 19:00,13,32,307
37629,4/18/2017 20:00,13,32,307
37630,4/18/2017 21:00,13,32,307
37631,4/18/2017 22:00,13,32,307
37632,4/18/2017 23:00,13,32,307
37633,4/19/2017 0:00,13,32,307
37634,4/19/2017 1:00,13,32,307
37635,4/19/2017 2:00,13,31,307
37636,4/19/2017 3:00,13,32,307
37637,4/19/2017 4:00,13,32,307
37638,4/19/2017 5:00,13,32,307
37639,4/19/2017 6:00,13,32,307
37640,4/19/2017 7:00,13,32,307
37641,4/19/2017 8:00,13,32,307
37642,4/19/2017 9:00,13,32,307
37643,4/19/2017 10:00,13,32,307
37644,4/19/2017 11:00,13,32,307
37645,4/19/2017 12:00,13,32,307
37646,4/19/2017 13:00,13,33,307
37647,4/19/2017 14:00,13,32,307
37648,4/19/2017 15:00,13,32,307
37649,4/19/2017 16:00,13,32,306
37650,4/19/2017 17:00,13,32,306
37651,4/19/2017 18:00,13,32,306
37652,4/19/2017 19:00,12,32,306
37653,4/19/2017 20:00,12,32,306
37654,4/19/2017 21:00,13,32,304
37655,4/19/2017 22:00,13,32,305
37656,4/19/2017 23:00,13,33,306
37657,4/20/2017 0:00,13,33,306
37658,4/20/2017 1:00,12,32,304
37659,4/20/2017 2:00,12,32,304
37660,4/20/2017 3:00,12,32,304
37661,4/20/2017 4:00,12,33,304
37662,4/20/2017 5:00,12,33,305
37663,4/20/2017 6:00,12,32,304
37664,4/20/2017 7:00,12,33,304
37665,4/20/2017 8:00,12,32,304
37666,4/20/2017 9:00,12,32,304
37667,4/20/2017 10:00,12,32,304
37668,4/20/2017 11:00,12,33,304
37669,4/20/2017 12:00,12,33,304
37670,4/20/2017 13:00,12,33,304
37671,4/20/2017 14:00,12,33,304
37672,4/20/2017 15:00,12,32,304
37673,4/20/2017 16:00,12,33,304
37674,4/20/2017 17:00,12,34,304
37675,4/20/2017 18:00,12,32,304
37676,4/20/2017 19:00,12,33,304
37677,4/20/2017 20:00,12,32,304
37678,4/20/2017 21:00,12,32,304
37679,4/20/2017 22:00,12,33,304
37680,4/20/2017 23:00,12,32,304
37681,4/21/2017 0:00,12,32,304
37682,4/21/2017 1:00,10,33,304
37683,4/21/2017 2:00,12,32,304
37684,4/21/2017 3:00,15,32,304
37685,4/21/2017 4:00,12,33,304
37686,4/21/2017 5:00,11,32,304
37687,4/21/2017 6:00,12,33,304
37688,4/21/2017 7:00,12,33,304
37689,4/21/2017 8:00,12,32,304
37690,4/21/2017 9:00,12,32,304
37691,4/21/2017 10:00,12,32,304
37692,4/21/2017 11:00,15,32,304
37693,4/21/2017 12:00,12,33,304
37694,4/21/2017 13:00,12,32,304
37695,4/21/2017 14:00,12,32,304
37696,4/21/2017 15:00,12,32,304
37697,4/21/2017 16:00,14,32,304
37698,4/21/2017 17:00,15,35,303
37699,4/21/2017 18:00,12,33,303
37700,4/21/2017 19:00,12,32,303
37701,4/21/2017 20:00,15,32,303
37702,4/21/2017 21:00,12,32,303
37703,4/21/2017 22:00,12,32,303
37704,4/21/2017 23:00,11,32,303
37705,4/22/2017 0:00,15,33,303
37706,4/22/2017 1:00,12,33,303
37707,4/22/2017 2:00,12,32,303
37708,4/22/2017 3:00,12,32,303
37709,4/22/2017 4:00,10,32,303
37710,4/22/2017 5:00,12,32,303
37711,4/22/2017 6:00,12,32,303
37712,4/22/2017 7:00,12,32,303
37713,4/22/2017 8:00,12,31,303
37714,4/22/2017 9:00,12,32,303
37715,4/22/2017 10:00,12,32,303
37716,4/22/2017 11:00,12,32,303
37717,4/22/2017 12:00,12,32,303
37718,4/22/2017 13:00,13,32,303
37719,4/22/2017 14:00,12,32,303
37720,4/22/2017 15:00,12,32,303
37721,4/22/2017 16:00,12,32,303
37722,4/22/2017 17:00,12,32,303
37723,4/22/2017 18:00,12,32,303
37724,4/22/2017 19:00,12,32,303
37725,4/22/2017 20:00,12,32,303
37726,4/22/2017 21:00,12,32,303
37727,4/22/2017 22:00,12,32,303
37728,4/22/2017 23:00,12,32,303
37729,4/23/2017 0:00,12,32,303
37730,4/23/2017 1:00,12,32,303
37731,4/23/2017 2:00,12,32,303
37732,4/23/2017 3:00,12,33,303
37733,4/23/2017 4:00,12,32,303
37734,4/23/2017 5:00,12,32,303
37735,4/23/2017 6:00,15,32,302
37736,4/23/2017 7:00,10,32,302
37737,4/23/2017 8:00,12,32,302
37738,4/23/2017 9:00,14,32,302
37739,4/23/2017 10:00,12,32,302
37740,4/23/2017 11:00,12,32,302
37741,4/23/2017 12:00,12,32,302
37742,4/23/2017 13:00,12,32,302
37743,4/23/2017 14:00,12,32,302
37744,4/23/2017 15:00,12,32,302
37745,4/23/2017 16:00,12,32,302
37746,4/23/2017 17:00,12,32,302
37747,4/23/2017 18:00,12,32,302
37748,4/23/2017 19:00,12,33,302
37749,4/23/2017 20:00,15,33,302
37750,4/23/2017 21:00,12,33,302
37751,4/23/2017 22:00,12,32,302
37752,4/23/2017 23:00,12,33,302
37753,4/24/2017 0:00,12,33,302
37754,4/24/2017 1:00,12,32,302
37755,4/24/2017 2:00,12,32,302
37756,4/24/2017 3:00,12,32,302
37757,4/24/2017 4:00,12,32,302
37758,4/24/2017 5:00,12,32,302
37759,4/24/2017 6:00,12,32,302
37760,4/24/2017 7:00,12,32,302
37761,4/24/2017 8:00,12,32,302
37762,4/24/2017 9:00,12,32,302
37763,4/24/2017 10:00,12,31,302
37764,4/24/2017 11:00,12,32,302
37765,4/24/2017 12:00,12,32,302
37766,4/24/2017 13:00,12,32,302
37767,4/24/2017 14:00,12,32,302
37768,4/24/2017 15:00,12,32,302
37769,4/24/2017 16:00,14,32,302
37770,4/24/2017 17:00,12,33,302
37771,4/24/2017 18:00,12,32,302
37772,4/24/2017 19:00,12,32,302
37773,4/24/2017 20:00,12,32,302
37774,4/24/2017 21:00,12,32,302
37775,4/24/2017 22:00,15,32,302
37776,4/24/2017 23:00,12,32,302
37777,4/25/2017 0:00,12,32,302
37778,4/25/2017 1:00,12,35,302
37779,4/25/2017 2:00,12,32,302
37780,4/25/2017 3:00,12,32,302
37781,4/25/2017 4:00,12,32,302
37782,4/25/2017 5:00,12,32,302
37783,4/25/2017 6:00,12,32,302
37784,4/25/2017 7:00,12,32,302
37785,4/25/2017 8:00,12,32,302
37786,4/25/2017 9:00,12,32,302
37787,4/25/2017 10:00,12,32,302
37788,4/25/2017 11:00,12,32,302
37789,4/25/2017 12:00,12,32,302
37790,4/25/2017 13:00,12,32,302
37791,4/25/2017 14:00,15,32,302
37792,4/25/2017 15:00,12,32,302
37793,4/25/2017 16:00,12,32,302
37794,4/25/2017 17:00,12,32,302
37795,4/25/2017 18:00,12,32,302
37796,4/25/2017 19:00,12,32,302
37797,4/25/2017 20:00,12,32,301
37798,4/25/2017 21:00,12,32,301
37799,4/25/2017 22:00,12,32,302
37800,4/25/2017 23:00,12,32,301
37801,4/26/2017 0:00,12,32,301
37802,4/26/2017 1:00,12,32,301
37803,4/26/2017 2:00,12,32,302
37804,4/26/2017 3:00,12,32,301
37805,4/26/2017 4:00,12,32,301
37806,4/26/2017 5:00,12,32,301
37807,4/26/2017 6:00,12,32,301
37808,4/26/2017 7:00,13,32,301
37809,4/26/2017 8:00,12,32,301
37810,4/26/2017 9:00,12,32,301
37811,4/26/2017 10:00,12,32,301
37812,4/26/2017 11:00,12,32,301
37813,4/26/2017 12:00,12,35,301
37814,4/26/2017 13:00,10,32,301
37815,4/26/2017 14:00,12,32,301
37816,4/26/2017 15:00,12,32,301
37817,4/26/2017 16:00,12,32,301
37818,4/26/2017 17:00,12,32,301
37819,4/26/2017 18:00,12,32,301
37820,4/26/2017 19:00,12,32,301
37821,4/26/2017 20:00,12,32,301
37822,4/26/2017 21:00,12,32,301
37823,4/26/2017 22:00,12,32,301
37824,4/26/2017 23:00,12,32,301
37825,4/27/2017 0:00,12,32,301
37826,4/27/2017 1:00,12,32,301
37827,4/27/2017 2:00,12,32,301
37828,4/27/2017 3:00,12,32,301
37829,4/27/2017 4:00,12,32,301
37830,4/27/2017 5:00,12,32,301
37831,4/27/2017 6:00,12,32,301
37832,4/27/2017 7:00,12,36,301
37833,4/27/2017 8:00,12,34,301
37834,4/27/2017 9:00,12,31,301
37835,4/27/2017 10:00,12,35,301
37836,4/27/2017 11:00,12,32,301
37837,4/27/2017 12:00,12,32,301
37838,4/27/2017 13:00,12,32,301
37839,4/27/2017 14:00,12,32,301
37840,4/27/2017 15:00,12,32,301
37841,4/27/2017 16:00,11,32,301
37842,4/27/2017 17:00,15,32,301
37843,4/27/2017 18:00,12,32,301
37844,4/27/2017 19:00,12,32,301
37845,4/27/2017 20:00,12,32,301
37846,4/27/2017 21:00,12,32,301
37847,4/27/2017 22:00,12,33,301
37848,4/27/2017 23:00,12,32,301
37849,4/28/2017 0:00,12,32,301
37850,4/28/2017 1:00,12,32,301
37851,4/28/2017 2:00,12,32,301
37852,4/28/2017 3:00,12,32,301
37853,4/28/2017 4:00,12,32,301
37854,4/28/2017 5:00,12,32,301
37855,4/28/2017 6:00,12,32,301
37856,4/28/2017 7:00,12,32,300
37857,4/28/2017 8:00,12,32,301
37858,4/28/2017 9:00,12,32,301
37859,4/28/2017 10:00,12,32,301
37860,4/28/2017 11:00,12,32,301
37861,4/28/2017 12:00,12,34,301
37862,4/28/2017 13:00,13,32,301
37863,4/28/2017 14:00,12,32,301
37864,4/28/2017 15:00,12,32,300
37865,4/28/2017 16:00,12,32,301
37866,4/28/2017 17:00,12,32,300
37867,4/28/2017 18:00,12,32,300
37868,4/28/2017 19:00,12,32,301
37869,4/28/2017 20:00,12,32,300
37870,4/28/2017 21:00,12,32,301
37871,4/28/2017 22:00,12,32,300
37872,4/28/2017 23:00,12,32,300
37873,4/29/2017 0:00,12,32,300
37874,4/29/2017 1:00,12,32,300
37875,4/29/2017 2:00,12,32,300
37876,4/29/2017 3:00,12,32,300
37877,4/29/2017 4:00,12,32,300
37878,4/29/2017 5:00,12,32,300
37879,4/29/2017 6:00,12,32,300
37880,4/29/2017 7:00,12,32,300
37881,4/29/2017 8:00,12,32,300
37882,4/29/2017 9:00,13,32,300
37883,4/29/2017 10:00,12,32,300
37884,4/29/2017 11:00,12,32,300
37885,4/29/2017 12:00,12,32,300
37886,4/29/2017 13:00,15,32,300
37887,4/29/2017 14:00,12,33,300
37888,4/29/2017 15:00,12,32,300
37889,4/29/2017 16:00,12,32,300
37890,4/29/2017 17:00,12,32,300
37891,4/29/2017 18:00,12,32,300
37892,4/29/2017 19:00,12,32,300
37893,4/29/2017 20:00,12,32,300
37894,4/29/2017 21:00,12,32,300
37895,4/29/2017 22:00,12,32,300
37896,4/29/2017 23:00,12,32,300
37897,4/30/2017 0:00,12,32,300
37898,4/30/2017 1:00,12,32,300
37899,4/30/2017 2:00,12,32,300
37900,4/30/2017 3:00,12,32,300
37901,4/30/2017 4:00,12,32,300
37902,4/30/2017 5:00,12,32,300
37903,4/30/2017 6:00,12,32,300
37904,4/30/2017 7:00,10,32,300
37905,4/30/2017 8:00,12,32,300
37906,4/30/2017 9:00,12,32,300
37907,4/30/2017 10:00,12,32,300
37908,4/30/2017 11:00,12,32,300
37909,4/30/2017 12:00,12,32,300
37910,4/30/2017 13:00,13,32,300
37911,4/30/2017 14:00,12,32,300
37912,4/30/2017 15:00,12,32,300
37913,4/30/2017 16:00,12,32,300
37914,4/30/2017 17:00,12,37,300
37915,4/30/2017 18:00,12,32,300
37916,4/30/2017 19:00,12,31,300
37917,4/30/2017 20:00,12,32,300
37918,4/30/2017 21:00,12,32,300
37919,4/30/2017 22:00,12,32,300
37920,4/30/2017 23:00,12,32,300
37921,5/1/2017 0:00,12,31,300
37922,5/1/2017 1:00,12,32,300
37923,5/1/2017 2:00,12,32,300
37924,5/1/2017 3:00,12,31,300
37925,5/1/2017 4:00,12,32,300
37926,5/1/2017 5:00,12,32,300
37927,5/1/2017 6:00,12,32,300
37928,5/1/2017 7:00,12,32,300
37929,5/1/2017 8:00,12,32,300
37930,5/1/2017 9:00,12,32,300
37931,5/1/2017 10:00,12,31,300
37932,5/1/2017 11:00,12,32,300
37933,5/1/2017 12:00,12,32,300
37934,5/1/2017 13:00,12,32,300
37935,5/1/2017 14:00,12,32,300
37936,5/1/2017 15:00,12,32,300
37937,5/1/2017 16:00,12,32,300
37938,5/1/2017 17:00,12,32,300
37939,5/1/2017 18:00,12,32,300
37940,5/1/2017 19:00,12,32,299
37941,5/1/2017 20:00,12,32,299
37942,5/1/2017 21:00,12,31,299
37943,5/1/2017 22:00,12,32,300
37944,5/1/2017 23:00,12,31,299
37945,5/2/2017 0:00,12,32,299
37946,5/2/2017 1:00,12,36,299
37947,5/2/2017 2:00,12,32,299
37948,5/2/2017 3:00,12,32,299
37949,5/2/2017 4:00,12,32,299
37950,5/2/2017 5:00,12,31,299
37951,5/2/2017 6:00,12,32,299
37952,5/2/2017 7:00,12,32,299
37953,5/2/2017 8:00,12,32,299
37954,5/2/2017 9:00,12,32,299
37955,5/2/2017 10:00,12,32,299
37956,5/2/2017 11:00,12,32,299
37957,5/2/2017 12:00,12,32,299
37958,5/2/2017 13:00,12,32,299
37959,5/2/2017 14:00,14,31,299
37960,5/2/2017 15:00,12,34,299
37961,5/2/2017 16:00,12,32,299
37962,5/2/2017 17:00,12,32,299
37963,5/2/2017 18:00,12,32,299
37964,5/2/2017 19:00,12,32,315
37965,5/2/2017 20:00,12,32,303
37966,5/2/2017 21:00,12,32,300
37967,5/2/2017 22:00,12,32,305
37968,5/2/2017 23:00,12,32,304
37969,5/3/2017 0:00,12,32,310
37970,5/3/2017 1:00,12,32,309
37971,5/3/2017 2:00,12,32,310
37972,5/3/2017 3:00,12,32,309
37973,5/3/2017 4:00,12,32,309
37974,5/3/2017 5:00,12,32,308
37975,5/3/2017 6:00,12,32,308
37976,5/3/2017 7:00,12,32,307
37977,5/3/2017 8:00,12,32,304
37978,5/3/2017 9:00,12,32,307
37979,5/3/2017 10:00,12,32,307
37980,5/3/2017 11:00,12,32,304
37981,5/3/2017 12:00,12,31,301
37982,5/3/2017 13:00,12,32,300
37983,5/3/2017 14:00,12,32,298
37984,5/3/2017 15:00,12,32,299
37985,5/3/2017 16:00,12,32,302
37986,5/3/2017 17:00,12,32,302
37987,5/3/2017 18:00,12,32,301
37988,5/3/2017 19:00,12,32,300
37989,5/3/2017 20:00,12,32,301
37990,5/3/2017 21:00,12,32,302
37991,5/3/2017 22:00,12,32,303
37992,5/3/2017 23:00,12,32,303
37993,5/4/2017 0:00,12,32,303
37994,5/4/2017 1:00,12,32,303
37995,5/4/2017 2:00,12,32,303
37996,5/4/2017 3:00,12,32,303
37997,5/4/2017 4:00,12,32,304
37998,5/4/2017 5:00,12,32,304
37999,5/4/2017 6:00,12,32,303
38000,5/4/2017 7:00,12,32,301
38001,5/4/2017 8:00,12,32,300
38002,5/4/2017 9:00,12,32,300
38003,5/4/2017 10:00,12,32,300
38004,5/4/2017 11:00,12,32,296
38005,5/4/2017 12:00,12,33,298
38006,5/4/2017 13:00,12,32,282
38007,5/4/2017 14:00,12,32,280
38008,5/4/2017 15:00,12,32,280
38009,5/4/2017 16:00,12,31,281
38010,5/4/2017 17:00,12,32,281
38011,5/4/2017 18:00,12,32,273
38012,5/4/2017 19:00,12,32,288
38013,5/4/2017 20:00,12,32,273
38014,5/4/2017 21:00,12,32,270
38015,5/4/2017 22:00,12,32,278
38016,5/4/2017 23:00,12,32,265
38017,5/5/2017 0:00,12,32,266
38018,5/5/2017 1:00,12,32,266
38019,5/5/2017 2:00,12,32,276
38020,5/5/2017 3:00,12,32,266
38021,5/5/2017 4:00,12,32,264
38022,5/5/2017 5:00,12,32,265
38023,5/5/2017 6:00,12,32,262
38024,5/5/2017 7:00,12,32,260
38025,5/5/2017 8:00,12,32,260
38026,5/5/2017 9:00,12,32,261
38027,5/5/2017 10:00,12,32,260
38028,5/5/2017 11:00,12,32,260
38029,5/5/2017 12:00,12,32,259
38030,5/5/2017 13:00,12,32,260
38031,5/5/2017 14:00,12,33,259
38032,5/5/2017 15:00,12,32,260
38033,5/5/2017 16:00,12,32,258
38034,5/5/2017 17:00,12,32,258
38035,5/5/2017 18:00,12,32,258
38036,5/5/2017 19:00,12,32,257
38037,5/5/2017 20:00,12,32,257
38038,5/5/2017 21:00,12,32,255
38039,5/5/2017 22:00,12,32,254
38040,5/5/2017 23:00,12,32,255
38041,5/6/2017 0:00,14,32,257
38042,5/6/2017 1:00,12,32,257
38043,5/6/2017 2:00,12,32,257
38044,5/6/2017 3:00,12,32,257
38045,5/6/2017 4:00,11,33,258
38046,5/6/2017 5:00,12,34,260
38047,5/6/2017 6:00,12,32,260
38048,5/6/2017 7:00,12,32,260
38049,5/6/2017 8:00,12,31,262
38050,5/6/2017 9:00,12,32,263
38051,5/6/2017 10:00,12,32,263
38052,5/6/2017 11:00,12,33,264
38053,5/6/2017 12:00,12,33,264
38054,5/6/2017 13:00,12,32,264
38055,5/6/2017 14:00,12,32,264
38056,5/6/2017 15:00,12,32,265
38057,5/6/2017 16:00,15,33,265
38058,5/6/2017 17:00,12,32,265
38059,5/6/2017 18:00,12,32,265
38060,5/6/2017 19:00,12,32,265
38061,5/6/2017 20:00,12,33,265
38062,5/6/2017 21:00,12,32,265
38063,5/6/2017 22:00,12,32,265
38064,5/6/2017 23:00,12,33,265
38065,5/7/2017 0:00,12,32,264
38066,5/7/2017 1:00,12,32,264
38067,5/7/2017 2:00,12,32,264
38068,5/7/2017 3:00,12,32,264
38069,5/7/2017 4:00,12,32,264
38070,5/7/2017 5:00,12,31,263
38071,5/7/2017 6:00,12,32,263
38072,5/7/2017 7:00,12,32,263
38073,5/7/2017 8:00,12,32,260
38074,5/7/2017 9:00,12,33,259
38075,5/7/2017 10:00,12,32,259
38076,5/7/2017 11:00,12,32,259
38077,5/7/2017 12:00,12,32,257
38078,5/7/2017 13:00,12,33,259
38079,5/7/2017 14:00,12,32,258
38080,5/7/2017 15:00,12,32,257
38081,5/7/2017 16:00,12,33,258
38082,5/7/2017 17:00,12,33,258
38083,5/7/2017 18:00,12,32,255
38084,5/7/2017 19:00,12,33,254
38085,5/7/2017 20:00,12,32,257
38086,5/7/2017 21:00,12,31,258
38087,5/7/2017 22:00,11,33,255
38088,5/7/2017 23:00,12,33,253
38089,5/8/2017 0:00,12,32,253
38090,5/8/2017 1:00,12,34,252
38091,5/8/2017 2:00,12,32,253
38092,5/8/2017 3:00,12,32,252
38093,5/8/2017 4:00,12,33,251
38094,5/8/2017 5:00,12,32,251
38095,5/8/2017 6:00,12,33,252
38096,5/8/2017 7:00,12,32,253
38097,5/8/2017 8:00,12,32,253
38098,5/8/2017 9:00,12,32,252
38099,5/8/2017 10:00,12,33,253
38100,5/8/2017 11:00,12,32,252
38101,5/8/2017 12:00,12,33,251
38102,5/8/2017 13:00,12,32,250
38103,5/8/2017 14:00,12,32,248
38104,5/8/2017 15:00,12,33,250
38105,5/8/2017 16:00,13,33,246
38106,5/8/2017 17:00,12,32,250
38107,5/8/2017 18:00,12,32,245
38108,5/8/2017 19:00,12,33,248
38109,5/8/2017 20:00,12,32,248
38110,5/8/2017 21:00,12,32,246
38111,5/8/2017 22:00,14,32,248
38112,5/8/2017 23:00,12,32,248
38113,5/9/2017 0:00,12,32,248
38114,5/9/2017 1:00,12,32,248
38115,5/9/2017 2:00,12,32,250
38116,5/9/2017 3:00,13,34,251
38117,5/9/2017 4:00,12,32,251
38118,5/9/2017 5:00,12,32,250
38119,5/9/2017 6:00,12,32,252
38120,5/9/2017 7:00,12,32,254
38121,5/9/2017 8:00,15,32,252
38122,5/9/2017 9:00,12,32,251
38123,5/9/2017 10:00,12,34,254
38124,5/9/2017 11:00,15,32,254
38125,5/9/2017 12:00,12,34,254
38126,5/9/2017 13:00,12,33,253
38127,5/9/2017 14:00,12,34,253
38128,5/9/2017 15:00,12,33,255
38129,5/9/2017 16:00,12,32,253
38130,5/9/2017 17:00,12,32,253
38131,5/9/2017 18:00,12,32,253
38132,5/9/2017 19:00,12,32,253
38133,5/9/2017 20:00,12,32,253
38134,5/9/2017 21:00,12,34,268
38135,5/9/2017 22:00,15,32,270
38136,5/9/2017 23:00,12,32,273
38137,5/10/2017 0:00,13,32,274
38138,5/10/2017 1:00,12,32,274
38139,5/10/2017 2:00,12,34,274
38140,5/10/2017 3:00,12,32,259
38141,5/10/2017 4:00,11,34,259
38142,5/10/2017 5:00,12,33,258
38143,5/10/2017 6:00,12,32,257
38144,5/10/2017 7:00,12,33,255
38145,5/10/2017 8:00,12,33,256
38146,5/10/2017 9:00,12,31,256
38147,5/10/2017 10:00,12,31,270
38148,5/10/2017 11:00,12,32,258
38149,5/10/2017 12:00,12,32,257
38150,5/10/2017 13:00,12,32,255
38151,5/10/2017 14:00,12,32,253
38152,5/10/2017 15:00,11,32,261
38153,5/10/2017 16:00,12,32,260
38154,5/10/2017 17:00,12,31,259
38155,5/10/2017 18:00,12,32,261
38156,5/10/2017 19:00,12,34,265
38157,5/10/2017 20:00,12,33,261
38158,5/10/2017 21:00,13,32,263
38159,5/10/2017 22:00,12,32,264
38160,5/10/2017 23:00,12,32,260
38161,5/11/2017 0:00,12,32,261
38162,5/11/2017 1:00,12,32,260
38163,5/11/2017 2:00,12,33,259
38164,5/11/2017 3:00,12,34,260
38165,5/11/2017 4:00,15,32,259
38166,5/11/2017 5:00,12,32,259
38167,5/11/2017 6:00,12,33,259
38168,5/11/2017 7:00,12,33,259
38169,5/11/2017 8:00,11,32,259
38170,5/11/2017 9:00,12,34,259
38171,5/11/2017 10:00,12,33,260
38172,5/11/2017 11:00,12,32,260
38173,5/11/2017 12:00,12,34,260
38174,5/11/2017 13:00,12,32,260
38175,5/11/2017 14:00,12,34,259
38176,5/11/2017 15:00,12,34,259
38177,5/11/2017 16:00,12,32,258
38178,5/11/2017 17:00,12,32,258
38179,5/11/2017 18:00,12,34,257
38180,5/11/2017 19:00,12,32,255
38181,5/11/2017 20:00,12,33,255
38182,5/11/2017 21:00,12,32,255
38183,5/11/2017 22:00,13,32,254
38184,5/11/2017 23:00,12,34,255
38185,5/12/2017 0:00,12,34,255
38186,5/12/2017 1:00,12,32,255
38187,5/12/2017 2:00,12,33,254
38188,5/12/2017 3:00,12,32,254
38189,5/12/2017 4:00,12,32,254
38190,5/12/2017 5:00,12,33,252
38191,5/12/2017 6:00,12,32,252
38192,5/12/2017 7:00,12,32,252
38193,5/12/2017 8:00,12,34,251
38194,5/12/2017 9:00,12,34,252
38195,5/12/2017 10:00,12,32,252
38196,5/12/2017 11:00,13,34,254
38197,5/12/2017 12:00,12,32,253
38198,5/12/2017 13:00,12,32,251
38199,5/12/2017 14:00,12,33,252
38200,5/12/2017 15:00,12,32,250
38201,5/12/2017 16:00,12,32,250
38202,5/12/2017 17:00,12,34,250
38203,5/12/2017 18:00,12,32,248
38204,5/12/2017 19:00,12,32,252
38205,5/12/2017 20:00,12,34,250
38206,5/12/2017 21:00,12,32,253
38207,5/12/2017 22:00,12,32,248
38208,5/12/2017 23:00,12,33,250
38209,5/13/2017 0:00,12,32,248
38210,5/13/2017 1:00,12,34,248
38211,5/13/2017 2:00,12,32,248
38212,5/13/2017 3:00,12,34,251
38213,5/13/2017 4:00,10,32,250
38214,5/13/2017 5:00,12,34,250
38215,5/13/2017 6:00,12,31,247
38216,5/13/2017 7:00,12,32,250
38217,5/13/2017 8:00,12,31,245
38218,5/13/2017 9:00,12,32,250
38219,5/13/2017 10:00,12,32,249
38220,5/13/2017 11:00,12,32,253
38221,5/13/2017 12:00,12,34,250
38222,5/13/2017 13:00,12,34,252
38223,5/13/2017 14:00,12,33,250
38224,5/13/2017 15:00,12,32,254
38225,5/13/2017 16:00,12,33,253
38226,5/13/2017 17:00,13,32,251
38227,5/13/2017 18:00,12,32,252
38228,5/13/2017 19:00,12,31,251
38229,5/13/2017 20:00,12,32,251
38230,5/13/2017 21:00,12,32,252
38231,5/13/2017 22:00,12,33,251
38232,5/13/2017 23:00,12,32,251
38233,5/14/2017 0:00,12,32,252
38234,5/14/2017 1:00,12,30,252
38235,5/14/2017 2:00,12,32,249
38236,5/14/2017 3:00,12,34,252
38237,5/14/2017 4:00,12,32,250
38238,5/14/2017 5:00,12,32,251
38239,5/14/2017 6:00,12,33,263
38240,5/14/2017 7:00,12,32,251
38241,5/14/2017 8:00,15,32,251
38242,5/14/2017 9:00,12,32,251
38243,5/14/2017 10:00,12,30,252
38244,5/14/2017 11:00,12,32,251
38245,5/14/2017 12:00,12,32,250
38246,5/14/2017 13:00,12,32,252
38247,5/14/2017 14:00,12,32,251
38248,5/14/2017 15:00,12,32,251
38249,5/14/2017 16:00,12,32,251
38250,5/14/2017 17:00,12,32,251
38251,5/14/2017 18:00,12,32,251
38252,5/14/2017 19:00,12,34,251
38253,5/14/2017 20:00,12,32,251
38254,5/14/2017 21:00,12,32,251
38255,5/14/2017 22:00,12,34,251
38256,5/14/2017 23:00,12,32,251
38257,5/15/2017 0:00,12,32,252
38258,5/15/2017 1:00,13,33,251
38259,5/15/2017 2:00,12,32,248
38260,5/15/2017 3:00,12,32,250
38261,5/15/2017 4:00,12,32,250
38262,5/15/2017 5:00,12,33,251
38263,5/15/2017 6:00,12,32,252
38264,5/15/2017 7:00,12,32,251
38265,5/15/2017 8:00,12,32,252
38266,5/15/2017 9:00,12,33,251
38267,5/15/2017 10:00,12,32,251
38268,5/15/2017 11:00,12,32,251
38269,5/15/2017 12:00,13,33,251
38270,5/15/2017 13:00,11,32,252
38271,5/15/2017 14:00,12,32,250
38272,5/15/2017 15:00,12,32,250
38273,5/15/2017 16:00,12,32,249
38274,5/15/2017 17:00,12,32,250
38275,5/15/2017 18:00,12,32,250
38276,5/15/2017 19:00,12,31,248
38277,5/15/2017 20:00,12,32,250
38278,5/15/2017 21:00,12,32,250
38279,5/15/2017 22:00,12,32,249
38280,5/15/2017 23:00,12,32,248
38281,5/16/2017 0:00,15,32,248
38282,5/16/2017 1:00,12,34,248
38283,5/16/2017 2:00,12,34,249
38284,5/16/2017 3:00,13,33,248
38285,5/16/2017 4:00,12,34,250
38286,5/16/2017 5:00,12,32,250
38287,5/16/2017 6:00,12,32,250
38288,5/16/2017 7:00,12,32,250
38289,5/16/2017 8:00,12,32,250
38290,5/16/2017 9:00,12,32,250
38291,5/16/2017 10:00,13,32,250
38292,5/16/2017 11:00,12,32,249
38293,5/16/2017 12:00,12,32,250
38294,5/16/2017 13:00,12,34,248
38295,5/16/2017 14:00,12,32,248
38296,5/16/2017 15:00,12,32,246
38297,5/16/2017 16:00,12,32,246
38298,5/16/2017 17:00,13,32,246
38299,5/16/2017 18:00,12,32,246
38300,5/16/2017 19:00,12,32,245
38301,5/16/2017 20:00,12,32,246
38302,5/16/2017 21:00,15,32,246
38303,5/16/2017 22:00,12,32,250
38304,5/16/2017 23:00,12,32,251
38305,5/17/2017 0:00,12,32,253
38306,5/17/2017 1:00,15,34,252
38307,5/17/2017 2:00,12,32,253
38308,5/17/2017 3:00,12,32,253
38309,5/17/2017 4:00,12,32,253
38310,5/17/2017 5:00,12,32,253
38311,5/17/2017 6:00,12,32,253
38312,5/17/2017 7:00,12,32,252
38313,5/17/2017 8:00,12,32,251
38314,5/17/2017 9:00,12,32,251
38315,5/17/2017 10:00,12,32,252
38316,5/17/2017 11:00,12,32,251
38317,5/17/2017 12:00,12,32,253
38318,5/17/2017 13:00,12,32,253
38319,5/17/2017 14:00,12,32,252
38320,5/17/2017 15:00,12,32,252
38321,5/17/2017 16:00,12,32,253
38322,5/17/2017 17:00,12,32,253
38323,5/17/2017 18:00,12,32,254
38324,5/17/2017 19:00,12,32,253
38325,5/17/2017 20:00,12,32,253
38326,5/17/2017 21:00,12,33,252
38327,5/17/2017 22:00,12,33,251
38328,5/17/2017 23:00,12,33,251
38329,5/18/2017 0:00,12,31,251
38330,5/18/2017 1:00,12,33,251
38331,5/18/2017 2:00,12,33,252
38332,5/18/2017 3:00,12,32,251
38333,5/18/2017 4:00,13,33,251
38334,5/18/2017 5:00,12,33,251
38335,5/18/2017 6:00,12,32,251
38336,5/18/2017 7:00,12,33,251
38337,5/18/2017 8:00,12,32,250
38338,5/18/2017 9:00,12,32,250
38339,5/18/2017 10:00,12,32,250
38340,5/18/2017 11:00,12,32,246
38341,5/18/2017 12:00,12,32,248
38342,5/18/2017 13:00,12,34,249
38343,5/18/2017 14:00,13,33,250
38344,5/18/2017 15:00,12,33,250
38345,5/18/2017 16:00,12,32,251
38346,5/18/2017 17:00,12,33,251
38347,5/18/2017 18:00,12,32,253
38348,5/18/2017 19:00,12,34,252
38349,5/18/2017 20:00,12,32,253
38350,5/18/2017 21:00,12,33,254
38351,5/18/2017 22:00,12,32,253
38352,5/18/2017 23:00,13,34,253
38353,5/19/2017 0:00,12,32,253
38354,5/19/2017 1:00,12,33,253
38355,5/19/2017 2:00,12,32,253
38356,5/19/2017 3:00,13,32,253
38357,5/19/2017 4:00,12,34,254
38358,5/19/2017 5:00,12,32,254
38359,5/19/2017 6:00,12,31,254
38360,5/19/2017 7:00,12,31,254
38361,5/19/2017 8:00,12,32,253
38362,5/19/2017 9:00,12,33,253
38363,5/19/2017 10:00,12,32,253
38364,5/19/2017 11:00,12,32,252
38365,5/19/2017 12:00,13,32,252
38366,5/19/2017 13:00,12,32,252
38367,5/19/2017 14:00,12,34,251
38368,5/19/2017 15:00,12,32,252
38369,5/19/2017 16:00,13,34,252
38370,5/19/2017 17:00,12,32,251
38371,5/19/2017 18:00,12,34,252
38372,5/19/2017 19:00,12,33,252
38373,5/19/2017 20:00,12,33,252
38374,5/19/2017 21:00,12,32,251
38375,5/19/2017 22:00,12,33,251
38376,5/19/2017 23:00,12,32,251
38377,5/20/2017 0:00,12,32,252
38378,5/20/2017 1:00,13,32,246
38379,5/20/2017 2:00,12,32,253
38380,5/20/2017 3:00,12,33,254
38381,5/20/2017 4:00,15,33,254
38382,5/20/2017 5:00,12,32,253
38383,5/20/2017 6:00,12,32,252
38384,5/20/2017 7:00,13,32,252
38385,5/20/2017 8:00,10,32,253
38386,5/20/2017 9:00,12,32,253
38387,5/20/2017 10:00,12,32,253
38388,5/20/2017 11:00,12,32,253
38389,5/20/2017 12:00,13,32,253
38390,5/20/2017 13:00,12,33,253
38391,5/20/2017 14:00,12,32,253
38392,5/20/2017 15:00,12,32,253
38393,5/20/2017 16:00,12,32,253
38394,5/20/2017 17:00,12,33,253
38395,5/20/2017 18:00,13,32,254
38396,5/20/2017 19:00,12,33,253
38397,5/20/2017 20:00,12,32,253
38398,5/20/2017 21:00,12,33,253
38399,5/20/2017 22:00,12,32,253
38400,5/20/2017 23:00,13,34,253
38401,5/21/2017 0:00,12,33,254
38402,5/21/2017 1:00,12,32,253
38403,5/21/2017 2:00,12,32,253
38404,5/21/2017 3:00,12,33,253
38405,5/21/2017 4:00,12,32,253
38406,5/21/2017 5:00,12,33,252
38407,5/21/2017 6:00,12,32,253
38408,5/21/2017 7:00,12,33,253
38409,5/21/2017 8:00,12,32,253
38410,5/21/2017 9:00,13,33,253
38411,5/21/2017 10:00,12,34,253
38412,5/21/2017 11:00,13,34,252
38413,5/21/2017 12:00,12,32,252
38414,5/21/2017 13:00,12,33,251
38415,5/21/2017 14:00,13,32,251
38416,5/21/2017 15:00,12,32,253
38417,5/21/2017 16:00,12,33,253
38418,5/21/2017 17:00,12,33,254
38419,5/21/2017 18:00,12,32,254
38420,5/21/2017 19:00,12,32,254
38421,5/21/2017 20:00,12,32,254
38422,5/21/2017 21:00,12,32,253
38423,5/21/2017 22:00,12,32,253
38424,5/21/2017 23:00,12,33,254
38425,5/22/2017 0:00,12,32,253
38426,5/22/2017 1:00,12,32,253
38427,5/22/2017 2:00,12,32,251
38428,5/22/2017 3:00,12,32,251
38429,5/22/2017 4:00,12,32,250
38430,5/22/2017 5:00,12,33,250
38431,5/22/2017 6:00,12,32,251
38432,5/22/2017 7:00,13,32,250
38433,5/22/2017 8:00,12,32,250
38434,5/22/2017 9:00,12,32,250
38435,5/22/2017 10:00,12,32,251
38436,5/22/2017 11:00,12,32,252
38437,5/22/2017 12:00,12,34,253
38438,5/22/2017 13:00,12,32,252
38439,5/22/2017 14:00,12,32,253
38440,5/22/2017 15:00,12,32,251
38441,5/22/2017 16:00,12,32,248
38442,5/22/2017 17:00,12,32,248
38443,5/22/2017 18:00,11,33,248
38444,5/22/2017 19:00,12,32,250
38445,5/22/2017 20:00,12,32,248
38446,5/22/2017 21:00,12,34,248
38447,5/22/2017 22:00,12,32,246
38448,5/22/2017 23:00,12,32,246
38449,5/23/2017 0:00,12,33,244
38450,5/23/2017 1:00,12,32,250
38451,5/23/2017 2:00,12,33,252
38452,5/23/2017 3:00,13,32,250
38453,5/23/2017 4:00,12,32,252
38454,5/23/2017 5:00,12,32,252
38455,5/23/2017 6:00,11,33,253
38456,5/23/2017 7:00,12,32,252
38457,5/23/2017 8:00,12,34,251
38458,5/23/2017 9:00,12,32,253
38459,5/23/2017 10:00,12,33,252
38460,5/23/2017 11:00,12,34,252
38461,5/23/2017 12:00,12,34,252
38462,5/23/2017 13:00,12,32,252
38463,5/23/2017 14:00,12,32,253
38464,5/23/2017 15:00,13,32,254
38465,5/23/2017 16:00,12,32,255
38466,5/23/2017 17:00,12,32,255
38467,5/23/2017 18:00,12,32,255
38468,5/23/2017 19:00,12,32,257
38469,5/23/2017 20:00,13,32,257
38470,5/23/2017 21:00,12,32,257
38471,5/23/2017 22:00,12,32,258
38472,5/23/2017 23:00,12,32,258
38473,5/24/2017 0:00,12,32,258
38474,5/24/2017 1:00,12,32,258
38475,5/24/2017 2:00,12,33,258
38476,5/24/2017 3:00,11,32,258
38477,5/24/2017 4:00,12,32,258
38478,5/24/2017 5:00,12,32,259
38479,5/24/2017 6:00,13,32,258
38480,5/24/2017 7:00,12,34,258
38481,5/24/2017 8:00,14,33,257
38482,5/24/2017 9:00,12,32,257
38483,5/24/2017 10:00,12,32,257
38484,5/24/2017 11:00,12,32,258
38485,5/24/2017 12:00,13,33,257
38486,5/24/2017 13:00,12,32,257
38487,5/24/2017 14:00,12,32,258
38488,5/24/2017 15:00,12,32,258
38489,5/24/2017 16:00,12,34,259
38490,5/24/2017 17:00,12,32,259
38491,5/24/2017 18:00,12,32,259
38492,5/24/2017 19:00,12,32,259
38493,5/24/2017 20:00,12,32,259
38494,5/24/2017 21:00,12,32,259
38495,5/24/2017 22:00,12,32,260
38496,5/24/2017 23:00,12,32,260
38497,5/25/2017 0:00,12,32,260
38498,5/25/2017 1:00,12,31,260
38499,5/25/2017 2:00,12,32,260
38500,5/25/2017 3:00,12,32,260
38501,5/25/2017 4:00,12,32,260
38502,5/25/2017 5:00,12,32,260
38503,5/25/2017 6:00,12,32,260
38504,5/25/2017 7:00,12,32,260
38505,5/25/2017 8:00,12,32,261
38506,5/25/2017 9:00,12,32,260
38507,5/25/2017 10:00,12,34,260
38508,5/25/2017 11:00,13,32,260
38509,5/25/2017 12:00,12,34,260
38510,5/25/2017 13:00,12,32,260
38511,5/25/2017 14:00,12,32,260
38512,5/25/2017 15:00,12,32,260
38513,5/25/2017 16:00,12,32,260
38514,5/25/2017 17:00,12,32,260
38515,5/25/2017 18:00,12,34,260
38516,5/25/2017 19:00,12,32,260
38517,5/25/2017 20:00,12,32,260
38518,5/25/2017 21:00,12,32,260
38519,5/25/2017 22:00,13,32,259
38520,5/25/2017 23:00,12,34,259
38521,5/26/2017 0:00,12,32,259
38522,5/26/2017 1:00,12,32,259
38523,5/26/2017 2:00,12,32,259
38524,5/26/2017 3:00,12,32,259
38525,5/26/2017 4:00,12,34,259
38526,5/26/2017 5:00,12,32,258
38527,5/26/2017 6:00,12,32,258
38528,5/26/2017 7:00,12,32,257
38529,5/26/2017 8:00,12,32,255
38530,5/26/2017 9:00,12,34,254
38531,5/26/2017 10:00,12,32,254
38532,5/26/2017 11:00,12,32,253
38533,5/26/2017 12:00,12,32,254
38534,5/26/2017 13:00,12,32,254
38535,5/26/2017 14:00,12,33,254
38536,5/26/2017 15:00,12,32,255
38537,5/26/2017 16:00,12,34,255
38538,5/26/2017 17:00,12,32,256
38539,5/26/2017 18:00,12,33,256
38540,5/26/2017 19:00,13,32,254
38541,5/26/2017 20:00,12,32,254
38542,5/26/2017 21:00,13,32,255
38543,5/26/2017 22:00,15,32,255
38544,5/26/2017 23:00,12,32,256
38545,5/27/2017 0:00,12,32,255
38546,5/27/2017 1:00,15,32,255
38547,5/27/2017 2:00,12,32,254
38548,5/27/2017 3:00,12,32,255
38549,5/27/2017 4:00,12,33,256
38550,5/27/2017 5:00,12,32,254
38551,5/27/2017 6:00,12,32,255
38552,5/27/2017 7:00,12,32,253
38553,5/27/2017 8:00,11,32,254
38554,5/27/2017 9:00,12,33,255
38555,5/27/2017 10:00,12,34,256
38556,5/27/2017 11:00,12,32,256
38557,5/27/2017 12:00,12,32,257
38558,5/27/2017 13:00,12,34,257
38559,5/27/2017 14:00,12,32,257
38560,5/27/2017 15:00,13,32,260
38561,5/27/2017 16:00,12,32,260
38562,5/27/2017 17:00,12,32,261
38563,5/27/2017 18:00,12,32,261
38564,5/27/2017 19:00,13,32,261
38565,5/27/2017 20:00,12,32,263
38566,5/27/2017 21:00,12,32,263
38567,5/27/2017 22:00,13,32,264
38568,5/27/2017 23:00,12,32,264
38569,5/28/2017 0:00,11,32,265
38570,5/28/2017 1:00,12,32,265
38571,5/28/2017 2:00,12,32,265
38572,5/28/2017 3:00,12,32,265
38573,5/28/2017 4:00,12,32,265
38574,5/28/2017 5:00,14,32,265
38575,5/28/2017 6:00,12,32,265
38576,5/28/2017 7:00,12,32,265
38577,5/28/2017 8:00,12,32,265
38578,5/28/2017 9:00,12,34,265
38579,5/28/2017 10:00,13,32,265
38580,5/28/2017 11:00,12,32,265
38581,5/28/2017 12:00,12,32,265
38582,5/28/2017 13:00,11,32,265
38583,5/28/2017 14:00,12,32,264
38584,5/28/2017 15:00,12,32,265
38585,5/28/2017 16:00,13,32,265
38586,5/28/2017 17:00,12,32,265
38587,5/28/2017 18:00,12,32,265
38588,5/28/2017 19:00,12,32,266
38589,5/28/2017 20:00,12,32,265
38590,5/28/2017 21:00,12,32,265
38591,5/28/2017 22:00,12,32,265
38592,5/28/2017 23:00,12,34,265
38593,5/29/2017 0:00,12,34,265
38594,5/29/2017 1:00,12,32,266
38595,5/29/2017 2:00,15,32,265
38596,5/29/2017 3:00,12,32,265
38597,5/29/2017 4:00,12,32,266
38598,5/29/2017 5:00,12,32,266
38599,5/29/2017 6:00,12,32,266
38600,5/29/2017 7:00,13,32,266
38601,5/29/2017 8:00,12,33,267
38602,5/29/2017 9:00,13,32,267
38603,5/29/2017 10:00,12,32,267
38604,5/29/2017 11:00,12,32,268
38605,5/29/2017 12:00,12,32,269
38606,5/29/2017 13:00,11,32,267
38607,5/29/2017 14:00,12,32,267
38608,5/29/2017 15:00,12,32,267
38609,5/29/2017 16:00,12,32,267
38610,5/29/2017 17:00,12,32,266
38611,5/29/2017 18:00,12,32,266
38612,5/29/2017 19:00,12,32,265
38613,5/29/2017 20:00,12,33,266
38614,5/29/2017 21:00,12,32,266
38615,5/29/2017 22:00,13,33,263
38616,5/29/2017 23:00,12,34,265
38617,5/30/2017 0:00,12,32,265
38618,5/30/2017 1:00,13,32,265
38619,5/30/2017 2:00,13,32,267
38620,5/30/2017 3:00,12,32,269
38621,5/30/2017 4:00,12,32,269
38622,5/30/2017 5:00,12,33,269
38623,5/30/2017 6:00,12,32,269
38624,5/30/2017 7:00,12,32,270
38625,5/30/2017 8:00,12,32,269
38626,5/30/2017 9:00,12,32,269
38627,5/30/2017 10:00,12,33,267
38628,5/30/2017 11:00,12,32,268
38629,5/30/2017 12:00,12,33,269
38630,5/30/2017 13:00,12,32,269
38631,5/30/2017 14:00,12,32,269
38632,5/30/2017 15:00,12,32,269
38633,5/30/2017 16:00,12,32,269
38634,5/30/2017 17:00,11,33,269
38635,5/30/2017 18:00,12,33,269
38636,5/30/2017 19:00,12,33,270
38637,5/30/2017 20:00,12,32,269
38638,5/30/2017 21:00,13,33,269
38639,5/30/2017 22:00,12,32,269
38640,5/30/2017 23:00,12,33,269
38641,5/31/2017 0:00,12,33,269
38642,5/31/2017 1:00,12,33,268
38643,5/31/2017 2:00,12,33,267
38644,5/31/2017 3:00,12,33,268
38645,5/31/2017 4:00,12,33,267
38646,5/31/2017 5:00,12,33,267
38647,5/31/2017 6:00,12,33,267
38648,5/31/2017 7:00,11,33,267
38649,5/31/2017 8:00,13,34,267
38650,5/31/2017 9:00,12,33,267
38651,5/31/2017 10:00,12,33,266
38652,5/31/2017 11:00,12,33,269
38653,5/31/2017 12:00,12,33,269
38654,5/31/2017 13:00,12,31,268
38655,5/31/2017 14:00,12,33,267
38656,5/31/2017 15:00,12,32,267
38657,5/31/2017 16:00,11,33,266
38658,5/31/2017 17:00,12,33,267
38659,5/31/2017 18:00,12,31,267
38660,5/31/2017 19:00,11,33,267
38661,5/31/2017 20:00,11,33,267
38662,5/31/2017 21:00,11,33,266
38663,5/31/2017 22:00,11,33,267
38664,5/31/2017 23:00,11,34,267
38665,6/1/2017 0:00,11,33,266
38666,6/1/2017 1:00,11,33,266
38667,6/1/2017 2:00,11,33,266
38668,6/1/2017 3:00,11,34,267
38669,6/1/2017 4:00,11,33,267
38670,6/1/2017 5:00,11,33,266
38671,6/1/2017 6:00,11,33,267
38672,6/1/2017 7:00,11,33,266
38673,6/1/2017 8:00,11,33,267
38674,6/1/2017 9:00,11,33,267
38675,6/1/2017 10:00,11,33,267
38676,6/1/2017 11:00,11,33,267
38677,6/1/2017 12:00,11,33,268
38678,6/1/2017 13:00,11,33,269
38679,6/1/2017 14:00,11,33,268
38680,6/1/2017 15:00,11,33,268
38681,6/1/2017 16:00,11,33,267
38682,6/1/2017 17:00,11,34,267
38683,6/1/2017 18:00,11,33,267
38684,6/1/2017 19:00,11,33,267
38685,6/1/2017 20:00,11,33,267
38686,6/1/2017 21:00,11,33,267
38687,6/1/2017 22:00,11,31,267
38688,6/1/2017 23:00,11,32,267
38689,6/2/2017 0:00,11,33,267
38690,6/2/2017 1:00,11,33,267
38691,6/2/2017 2:00,11,33,268
38692,6/2/2017 3:00,11,33,268
38693,6/2/2017 4:00,11,34,268
38694,6/2/2017 5:00,11,33,269
38695,6/2/2017 6:00,11,33,268
38696,6/2/2017 7:00,11,33,269
38697,6/2/2017 8:00,11,33,269
38698,6/2/2017 9:00,11,33,269
38699,6/2/2017 10:00,11,34,269
38700,6/2/2017 11:00,11,33,269
38701,6/2/2017 12:00,11,33,269
38702,6/2/2017 13:00,11,33,268
38703,6/2/2017 14:00,11,33,267
38704,6/2/2017 15:00,11,33,267
38705,6/2/2017 16:00,11,33,267
38706,6/2/2017 17:00,11,33,268
38707,6/2/2017 18:00,11,34,269
38708,6/2/2017 19:00,11,33,270
38709,6/2/2017 20:00,11,33,270
38710,6/2/2017 21:00,11,33,270
38711,6/2/2017 22:00,11,33,269
38712,6/2/2017 23:00,11,33,269
38713,6/3/2017 0:00,11,33,270
38714,6/3/2017 1:00,11,33,270
38715,6/3/2017 2:00,11,33,270
38716,6/3/2017 3:00,11,33,269
38717,6/3/2017 4:00,11,33,269
38718,6/3/2017 5:00,11,34,269
38719,6/3/2017 6:00,11,33,269
38720,6/3/2017 7:00,11,33,268
38721,6/3/2017 8:00,11,33,268
38722,6/3/2017 9:00,11,33,268
38723,6/3/2017 10:00,11,33,267
38724,6/3/2017 11:00,11,33,267
38725,6/3/2017 12:00,11,33,267
38726,6/3/2017 13:00,11,33,267
38727,6/3/2017 14:00,11,33,267
38728,6/3/2017 15:00,11,33,268
38729,6/3/2017 16:00,11,33,268
38730,6/3/2017 17:00,11,33,267
38731,6/3/2017 18:00,11,33,267
38732,6/3/2017 19:00,11,33,267
38733,6/3/2017 20:00,11,33,267
38734,6/3/2017 21:00,11,33,266
38735,6/3/2017 22:00,11,33,266
38736,6/3/2017 23:00,11,33,266
38737,6/4/2017 0:00,11,33,266
38738,6/4/2017 1:00,11,33,266
38739,6/4/2017 2:00,11,33,266
38740,6/4/2017 3:00,11,33,267
38741,6/4/2017 4:00,11,33,266
38742,6/4/2017 5:00,11,33,267
38743,6/4/2017 6:00,11,33,267
38744,6/4/2017 7:00,11,33,267
38745,6/4/2017 8:00,12,33,266
38746,6/4/2017 9:00,11,33,267
38747,6/4/2017 10:00,11,33,267
38748,6/4/2017 11:00,11,33,267
38749,6/4/2017 12:00,11,33,267
38750,6/4/2017 13:00,11,33,267
38751,6/4/2017 14:00,11,33,267
38752,6/4/2017 15:00,11,33,268
38753,6/4/2017 16:00,11,33,270
38754,6/4/2017 17:00,11,33,270
38755,6/4/2017 18:00,11,34,270
38756,6/4/2017 19:00,11,33,270
38757,6/4/2017 20:00,11,33,272
38758,6/4/2017 21:00,11,33,273
38759,6/4/2017 22:00,11,33,273
38760,6/4/2017 23:00,11,33,273
38761,6/5/2017 0:00,11,34,272
38762,6/5/2017 1:00,11,33,272
38763,6/5/2017 2:00,11,33,272
38764,6/5/2017 3:00,11,33,272
38765,6/5/2017 4:00,11,33,270
38766,6/5/2017 5:00,11,33,272
38767,6/5/2017 6:00,11,33,270
38768,6/5/2017 7:00,11,33,270
38769,6/5/2017 8:00,11,33,270
38770,6/5/2017 9:00,11,33,270
38771,6/5/2017 10:00,11,33,269
38772,6/5/2017 11:00,11,33,269
38773,6/5/2017 12:00,11,33,269
38774,6/5/2017 13:00,11,31,269
38775,6/5/2017 14:00,11,33,269
38776,6/5/2017 15:00,11,34,269
38777,6/5/2017 16:00,11,33,269
38778,6/5/2017 17:00,11,33,269
38779,6/5/2017 18:00,11,33,268
38780,6/5/2017 19:00,11,33,269
38781,6/5/2017 20:00,11,33,268
38782,6/5/2017 21:00,11,33,268
38783,6/5/2017 22:00,11,33,269
38784,6/5/2017 23:00,11,33,269
38785,6/6/2017 0:00,11,33,267
38786,6/6/2017 1:00,12,33,267
38787,6/6/2017 2:00,11,33,267
38788,6/6/2017 3:00,11,33,267
38789,6/6/2017 4:00,11,33,267
38790,6/6/2017 5:00,11,33,267
38791,6/6/2017 6:00,11,33,267
38792,6/6/2017 7:00,11,33,267
38793,6/6/2017 8:00,11,33,266
38794,6/6/2017 9:00,11,33,267
38795,6/6/2017 10:00,11,33,267
38796,6/6/2017 11:00,11,33,267
38797,6/6/2017 12:00,11,33,268
38798,6/6/2017 13:00,11,34,269
38799,6/6/2017 14:00,11,33,269
38800,6/6/2017 15:00,11,33,269
38801,6/6/2017 16:00,11,33,269
38802,6/6/2017 17:00,11,33,269
38803,6/6/2017 18:00,11,33,269
38804,6/6/2017 19:00,11,33,269
38805,6/6/2017 20:00,12,33,269
38806,6/6/2017 21:00,11,33,269
38807,6/6/2017 22:00,11,33,269
38808,6/6/2017 23:00,11,33,269
38809,6/7/2017 0:00,11,33,269
38810,6/7/2017 1:00,11,33,269
38811,6/7/2017 2:00,11,33,269
38812,6/7/2017 3:00,11,33,269
38813,6/7/2017 4:00,11,33,269
38814,6/7/2017 5:00,11,33,269
38815,6/7/2017 6:00,11,33,268
38816,6/7/2017 7:00,11,33,269
38817,6/7/2017 8:00,11,33,269
38818,6/7/2017 9:00,11,33,268
38819,6/7/2017 10:00,11,33,268
38820,6/7/2017 11:00,11,33,269
38821,6/7/2017 12:00,11,33,268
38822,6/7/2017 13:00,11,33,269
38823,6/7/2017 14:00,11,33,269
38824,6/7/2017 15:00,11,33,269
38825,6/7/2017 16:00,11,33,269
38826,6/7/2017 17:00,11,33,269
38827,6/7/2017 18:00,11,33,269
38828,6/7/2017 19:00,11,33,269
38829,6/7/2017 20:00,12,33,269
38830,6/7/2017 21:00,11,33,269
38831,6/7/2017 22:00,11,33,269
38832,6/7/2017 23:00,11,33,269
38833,6/8/2017 0:00,11,33,269
38834,6/8/2017 1:00,11,33,269
38835,6/8/2017 2:00,12,33,269
38836,6/8/2017 3:00,11,33,269
38837,6/8/2017 4:00,11,33,269
38838,6/8/2017 5:00,11,33,269
38839,6/8/2017 6:00,11,33,269
38840,6/8/2017 7:00,11,33,268
38841,6/8/2017 8:00,11,33,268
38842,6/8/2017 9:00,11,33,267
38843,6/8/2017 10:00,11,33,267
38844,6/8/2017 11:00,11,33,267
38845,6/8/2017 12:00,11,33,268
38846,6/8/2017 13:00,11,33,268
38847,6/8/2017 14:00,11,33,268
38848,6/8/2017 15:00,11,33,268
38849,6/8/2017 16:00,11,33,268
38850,6/8/2017 17:00,11,33,269
38851,6/8/2017 18:00,11,33,268
38852,6/8/2017 19:00,11,33,268
38853,6/8/2017 20:00,11,33,268
38854,6/8/2017 21:00,11,33,268
38855,6/8/2017 22:00,11,33,269
38856,6/8/2017 23:00,11,33,268
38857,6/9/2017 0:00,11,33,267
38858,6/9/2017 1:00,11,33,268
38859,6/9/2017 2:00,11,33,268
38860,6/9/2017 3:00,11,33,267
38861,6/9/2017 4:00,11,33,268
38862,6/9/2017 5:00,11,33,268
38863,6/9/2017 6:00,11,33,268
38864,6/9/2017 7:00,11,33,268
38865,6/9/2017 8:00,11,33,267
38866,6/9/2017 9:00,14,33,267
38867,6/9/2017 10:00,16,33,267
38868,6/9/2017 11:00,16,33,267
38869,6/9/2017 12:00,15,33,267
38870,6/9/2017 13:00,15,33,267
38871,6/9/2017 14:00,15,33,267
38872,6/9/2017 15:00,15,33,266
38873,6/9/2017 16:00,15,33,266
38874,6/9/2017 17:00,15,33,266
38875,6/9/2017 18:00,15,33,266
38876,6/9/2017 19:00,15,33,266
38877,6/9/2017 20:00,15,33,266
38878,6/9/2017 21:00,15,33,266
38879,6/9/2017 22:00,15,33,266
38880,6/9/2017 23:00,15,33,266
38881,6/10/2017 0:00,15,33,266
38882,6/10/2017 1:00,15,33,266
38883,6/10/2017 2:00,15,33,266
38884,6/10/2017 3:00,15,33,266
38885,6/10/2017 4:00,15,33,266
38886,6/10/2017 5:00,15,33,266
38887,6/10/2017 6:00,15,33,266
38888,6/10/2017 7:00,15,33,266
38889,6/10/2017 8:00,15,33,266
38890,6/10/2017 9:00,15,33,266
38891,6/10/2017 10:00,15,33,266
38892,6/10/2017 11:00,15,33,266
38893,6/10/2017 12:00,15,33,266
38894,6/10/2017 13:00,15,33,266
38895,6/10/2017 14:00,15,34,267
38896,6/10/2017 15:00,15,33,266
38897,6/10/2017 16:00,15,33,267
38898,6/10/2017 17:00,15,33,266
38899,6/10/2017 18:00,14,33,266
38900,6/10/2017 19:00,15,33,267
38901,6/10/2017 20:00,14,33,267
38902,6/10/2017 21:00,14,33,267
38903,6/10/2017 22:00,14,33,267
38904,6/10/2017 23:00,15,33,267
38905,6/11/2017 0:00,14,33,267
38906,6/11/2017 1:00,14,33,267
38907,6/11/2017 2:00,13,33,267
38908,6/11/2017 3:00,13,33,267
38909,6/11/2017 4:00,13,33,267
38910,6/11/2017 5:00,13,34,267
38911,6/11/2017 6:00,13,33,267
38912,6/11/2017 7:00,15,33,267
38913,6/11/2017 8:00,14,33,267
38914,6/11/2017 9:00,14,34,267
38915,6/11/2017 10:00,13,33,267
38916,6/11/2017 11:00,13,33,267
38917,6/11/2017 12:00,15,33,267
38918,6/11/2017 13:00,13,34,267
38919,6/11/2017 14:00,13,33,267
38920,6/11/2017 15:00,13,33,267
38921,6/11/2017 16:00,13,33,267
38922,6/11/2017 17:00,13,33,267
38923,6/11/2017 18:00,13,33,266
38924,6/11/2017 19:00,13,33,267
38925,6/11/2017 20:00,13,33,267
38926,6/11/2017 21:00,13,33,267
38927,6/11/2017 22:00,13,33,267
38928,6/11/2017 23:00,13,33,267
38929,6/12/2017 0:00,13,33,267
38930,6/12/2017 1:00,13,33,267
38931,6/12/2017 2:00,15,33,267
38932,6/12/2017 3:00,13,33,267
38933,6/12/2017 4:00,13,34,267
38934,6/12/2017 5:00,13,33,267
38935,6/12/2017 6:00,13,33,267
38936,6/12/2017 7:00,13,33,267
38937,6/12/2017 8:00,14,33,267
38938,6/12/2017 9:00,13,33,267
38939,6/12/2017 10:00,13,33,267
38940,6/12/2017 11:00,13,33,267
38941,6/12/2017 12:00,13,34,267
38942,6/12/2017 13:00,13,33,267
38943,6/12/2017 14:00,13,33,267
38944,6/12/2017 15:00,13,33,267
38945,6/12/2017 16:00,15,33,267
38946,6/12/2017 17:00,13,33,267
38947,6/12/2017 18:00,13,33,267
38948,6/12/2017 19:00,13,33,267
38949,6/12/2017 20:00,13,33,267
38950,6/12/2017 21:00,13,33,267
38951,6/12/2017 22:00,14,33,267
38952,6/12/2017 23:00,13,33,267
38953,6/13/2017 0:00,13,33,267
38954,6/13/2017 1:00,13,33,267
38955,6/13/2017 2:00,13,33,266
38956,6/13/2017 3:00,13,33,266
38957,6/13/2017 4:00,13,33,266
38958,6/13/2017 5:00,13,33,266
38959,6/13/2017 6:00,13,33,266
38960,6/13/2017 7:00,13,33,266
38961,6/13/2017 8:00,13,34,266
38962,6/13/2017 9:00,13,33,266
38963,6/13/2017 10:00,13,33,266
38964,6/13/2017 11:00,13,34,266
38965,6/13/2017 12:00,13,33,266
38966,6/13/2017 13:00,13,33,266
38967,6/13/2017 14:00,13,33,266
38968,6/13/2017 15:00,13,34,266
38969,6/13/2017 16:00,13,34,266
38970,6/13/2017 17:00,13,33,266
38971,6/13/2017 18:00,13,33,266
38972,6/13/2017 19:00,13,33,266
38973,6/13/2017 20:00,13,33,266
38974,6/13/2017 21:00,13,34,266
38975,6/13/2017 22:00,13,33,265
38976,6/13/2017 23:00,13,33,265
38977,6/14/2017 0:00,13,33,266
38978,6/14/2017 1:00,13,33,266
38979,6/14/2017 2:00,13,33,266
38980,6/14/2017 3:00,14,33,265
38981,6/14/2017 4:00,13,33,265
38982,6/14/2017 5:00,13,33,265
38983,6/14/2017 6:00,13,33,265
38984,6/14/2017 7:00,13,33,265
38985,6/14/2017 8:00,13,33,265
38986,6/14/2017 9:00,13,33,265
38987,6/14/2017 10:00,13,33,265
38988,6/14/2017 11:00,13,33,265
38989,6/14/2017 12:00,13,33,265
38990,6/14/2017 13:00,13,33,265
38991,6/14/2017 14:00,13,33,265
38992,6/14/2017 15:00,13,33,265
38993,6/14/2017 16:00,13,33,265
38994,6/14/2017 17:00,13,33,265
38995,6/14/2017 18:00,13,33,265
38996,6/14/2017 19:00,13,33,265
38997,6/14/2017 20:00,13,33,265
38998,6/14/2017 21:00,13,33,265
38999,6/14/2017 22:00,13,33,265
39000,6/14/2017 23:00,13,33,264
39001,6/15/2017 0:00,13,33,264
39002,6/15/2017 1:00,13,33,265
39003,6/15/2017 2:00,13,33,265
39004,6/15/2017 3:00,13,33,265
39005,6/15/2017 4:00,13,33,265
39006,6/15/2017 5:00,13,33,265
39007,6/15/2017 6:00,13,33,264
39008,6/15/2017 7:00,13,33,264
39009,6/15/2017 8:00,13,33,264
39010,6/15/2017 9:00,13,33,264
39011,6/15/2017 10:00,13,33,264
39012,6/15/2017 11:00,14,33,264
39013,6/15/2017 12:00,13,33,264
39014,6/15/2017 13:00,13,33,264
39015,6/15/2017 14:00,13,33,265
39016,6/15/2017 15:00,13,33,265
39017,6/15/2017 16:00,13,33,265
39018,6/15/2017 17:00,13,33,265
39019,6/15/2017 18:00,13,33,265
39020,6/15/2017 19:00,13,33,265
39021,6/15/2017 20:00,13,33,265
39022,6/15/2017 21:00,14,33,265
39023,6/15/2017 22:00,13,33,265
39024,6/15/2017 23:00,13,33,265
39025,6/16/2017 0:00,13,33,265
39026,6/16/2017 1:00,13,33,265
39027,6/16/2017 2:00,13,33,264
39028,6/16/2017 3:00,13,33,264
39029,6/16/2017 4:00,13,33,264
39030,6/16/2017 5:00,13,33,264
39031,6/16/2017 6:00,13,33,263
39032,6/16/2017 7:00,13,33,263
39033,6/16/2017 8:00,13,33,262
39034,6/16/2017 9:00,13,33,262
39035,6/16/2017 10:00,13,33,262
39036,6/16/2017 11:00,14,33,262
39037,6/16/2017 12:00,13,33,261
39038,6/16/2017 13:00,13,33,261
39039,6/16/2017 14:00,13,33,261
39040,6/16/2017 15:00,13,33,261
39041,6/16/2017 16:00,13,33,261
39042,6/16/2017 17:00,13,33,261
39043,6/16/2017 18:00,13,33,261
39044,6/16/2017 19:00,13,33,261
39045,6/16/2017 20:00,13,33,261
39046,6/16/2017 21:00,13,33,261
39047,6/16/2017 22:00,13,33,263
39048,6/16/2017 23:00,13,34,263
39049,6/17/2017 0:00,13,33,261
39050,6/17/2017 1:00,13,33,261
39051,6/17/2017 2:00,13,33,261
39052,6/17/2017 3:00,13,33,261
39053,6/17/2017 4:00,13,33,261
39054,6/17/2017 5:00,13,33,261
39055,6/17/2017 6:00,13,33,261
39056,6/17/2017 7:00,13,33,261
39057,6/17/2017 8:00,13,33,261
39058,6/17/2017 9:00,13,33,260
39059,6/17/2017 10:00,13,33,261
39060,6/17/2017 11:00,13,33,260
39061,6/17/2017 12:00,13,33,260
39062,6/17/2017 13:00,13,33,260
39063,6/17/2017 14:00,13,33,260
39064,6/17/2017 15:00,14,33,260
39065,6/17/2017 16:00,13,33,260
39066,6/17/2017 17:00,13,33,260
39067,6/17/2017 18:00,13,33,260
39068,6/17/2017 19:00,13,33,259
39069,6/17/2017 20:00,13,33,259
39070,6/17/2017 21:00,13,33,260
39071,6/17/2017 22:00,13,34,260
39072,6/17/2017 23:00,13,33,260
39073,6/18/2017 0:00,13,33,259
39074,6/18/2017 1:00,13,33,260
39075,6/18/2017 2:00,13,33,259
39076,6/18/2017 3:00,13,33,259
39077,6/18/2017 4:00,13,33,259
39078,6/18/2017 5:00,13,33,259
39079,6/18/2017 6:00,13,33,260
39080,6/18/2017 7:00,13,33,259
39081,6/18/2017 8:00,13,33,259
39082,6/18/2017 9:00,13,33,259
39083,6/18/2017 10:00,13,33,259
39084,6/18/2017 11:00,13,33,259
39085,6/18/2017 12:00,13,33,259
39086,6/18/2017 13:00,13,33,259
39087,6/18/2017 14:00,13,33,259
39088,6/18/2017 15:00,13,33,258
39089,6/18/2017 16:00,13,33,259
39090,6/18/2017 17:00,13,33,259
39091,6/18/2017 18:00,13,33,259
39092,6/18/2017 19:00,13,33,260
39093,6/18/2017 20:00,13,33,259
39094,6/18/2017 21:00,13,33,259
39095,6/18/2017 22:00,13,33,259
39096,6/18/2017 23:00,13,33,260
39097,6/19/2017 0:00,13,33,259
39098,6/19/2017 1:00,13,33,259
39099,6/19/2017 2:00,13,33,259
39100,6/19/2017 3:00,13,33,258
39101,6/19/2017 4:00,13,33,258
39102,6/19/2017 5:00,13,33,257
39103,6/19/2017 6:00,13,33,257
39104,6/19/2017 7:00,13,33,257
39105,6/19/2017 8:00,13,34,258
39106,6/19/2017 9:00,13,33,258
39107,6/19/2017 10:00,13,33,257
39108,6/19/2017 11:00,13,33,258
39109,6/19/2017 12:00,13,33,257
39110,6/19/2017 13:00,13,33,258
39111,6/19/2017 14:00,13,33,258
39112,6/19/2017 15:00,13,33,258
39113,6/19/2017 16:00,13,33,258
39114,6/19/2017 17:00,13,33,257
39115,6/19/2017 18:00,13,33,257
39116,6/19/2017 19:00,13,33,257
39117,6/19/2017 20:00,13,33,258
39118,6/19/2017 21:00,13,33,258
39119,6/19/2017 22:00,13,33,258
39120,6/19/2017 23:00,13,33,258
39121,6/20/2017 0:00,13,33,258
39122,6/20/2017 1:00,13,33,259
39123,6/20/2017 2:00,13,33,259
39124,6/20/2017 3:00,13,33,259
39125,6/20/2017 4:00,13,33,259
39126,6/20/2017 5:00,13,33,259
39127,6/20/2017 6:00,13,33,259
39128,6/20/2017 7:00,13,33,259
39129,6/20/2017 8:00,13,33,259
39130,6/20/2017 9:00,13,33,259
39131,6/20/2017 10:00,13,33,259
39132,6/20/2017 11:00,13,33,259
39133,6/20/2017 12:00,13,33,259
39134,6/20/2017 13:00,13,33,259
39135,6/20/2017 14:00,13,33,259
39136,6/20/2017 15:00,13,33,259
39137,6/20/2017 16:00,13,33,259
39138,6/20/2017 17:00,13,33,259
39139,6/20/2017 18:00,13,33,259
39140,6/20/2017 19:00,13,34,259
39141,6/20/2017 20:00,13,33,259
39142,6/20/2017 21:00,13,33,258
39143,6/20/2017 22:00,13,33,258
39144,6/20/2017 23:00,13,33,259
39145,6/21/2017 0:00,13,33,258
39146,6/21/2017 1:00,13,33,258
39147,6/21/2017 2:00,13,33,258
39148,6/21/2017 3:00,13,33,258
39149,6/21/2017 4:00,13,33,257
39150,6/21/2017 5:00,13,33,258
39151,6/21/2017 6:00,13,33,258
39152,6/21/2017 7:00,13,33,258
39153,6/21/2017 8:00,13,33,258
39154,6/21/2017 9:00,13,33,258
39155,6/21/2017 10:00,13,33,257
39156,6/21/2017 11:00,13,33,258
39157,6/21/2017 12:00,13,33,258
39158,6/21/2017 13:00,13,33,259
39159,6/21/2017 14:00,13,33,259
39160,6/21/2017 15:00,13,33,258
39161,6/21/2017 16:00,13,34,258
39162,6/21/2017 17:00,13,34,259
39163,6/21/2017 18:00,13,33,259
39164,6/21/2017 19:00,13,33,256
39165,6/21/2017 20:00,13,33,254
39166,6/21/2017 21:00,13,33,312
39167,6/21/2017 22:00,13,33,269
39168,6/21/2017 23:00,13,33,276
39169,6/22/2017 0:00,13,33,291
39170,6/22/2017 1:00,13,33,287
39171,6/22/2017 2:00,13,33,298
39172,6/22/2017 3:00,13,33,315
39173,6/22/2017 4:00,13,33,320
39174,6/22/2017 5:00,13,33,324
39175,6/22/2017 6:00,13,33,330
39176,6/22/2017 7:00,13,33,351
39177,6/22/2017 8:00,13,33,326
39178,6/22/2017 9:00,13,33,336
39179,6/22/2017 10:00,13,33,335
39180,6/22/2017 11:00,13,33,364
39181,6/22/2017 12:00,13,33,327
39182,6/22/2017 13:00,13,33,337
39183,6/22/2017 14:00,14,33,356
39184,6/22/2017 15:00,13,33,339
39185,6/22/2017 16:00,13,33,336
39186,6/22/2017 17:00,13,33,338
39187,6/22/2017 18:00,13,33,338
39188,6/22/2017 19:00,13,33,339
39189,6/22/2017 20:00,13,33,339
39190,6/22/2017 21:00,13,34,339
39191,6/22/2017 22:00,13,33,335
39192,6/22/2017 23:00,13,33,336
39193,6/23/2017 0:00,13,33,348
39194,6/23/2017 1:00,13,33,321
39195,6/23/2017 2:00,13,33,319
39196,6/23/2017 3:00,13,34,285
39197,6/23/2017 4:00,13,33,301
39198,6/23/2017 5:00,14,33,315
39199,6/23/2017 6:00,13,33,315
39200,6/23/2017 7:00,13,33,307
39201,6/23/2017 8:00,13,32,300
39202,6/23/2017 9:00,13,33,301
39203,6/23/2017 10:00,13,33,304
39204,6/23/2017 11:00,12,34,307
39205,6/23/2017 12:00,13,33,311
39206,6/23/2017 13:00,13,33,304
39207,6/23/2017 14:00,12,33,313
39208,6/23/2017 15:00,12,33,328
39209,6/23/2017 16:00,12,33,330
39210,6/23/2017 17:00,12,33,333
39211,6/23/2017 18:00,12,33,333
39212,6/23/2017 19:00,12,34,334
39213,6/23/2017 20:00,12,33,334
39214,6/23/2017 21:00,12,34,334
39215,6/23/2017 22:00,12,33,334
39216,6/23/2017 23:00,12,33,334
39217,6/24/2017 0:00,12,33,334
39218,6/24/2017 1:00,12,33,335
39219,6/24/2017 2:00,12,35,335
39220,6/24/2017 3:00,12,33,334
39221,6/24/2017 4:00,12,33,334
39222,6/24/2017 5:00,12,33,334
39223,6/24/2017 6:00,11,33,334
39224,6/24/2017 7:00,12,34,334
39225,6/24/2017 8:00,12,37,334
39226,6/24/2017 9:00,12,35,333
39227,6/24/2017 10:00,12,34,333
39228,6/24/2017 11:00,12,33,333
39229,6/24/2017 12:00,12,33,333
39230,6/24/2017 13:00,12,36,333
39231,6/24/2017 14:00,12,33,334
39232,6/24/2017 15:00,12,37,335
39233,6/24/2017 16:00,12,36,333
39234,6/24/2017 17:00,12,33,333
39235,6/24/2017 18:00,12,33,333
39236,6/24/2017 19:00,12,33,333
39237,6/24/2017 20:00,12,34,333
39238,6/24/2017 21:00,12,36,333
39239,6/24/2017 22:00,12,33,332
39240,6/24/2017 23:00,12,33,332
39241,6/25/2017 0:00,12,33,331
39242,6/25/2017 1:00,12,34,331
39243,6/25/2017 2:00,11,33,331
39244,6/25/2017 3:00,13,33,331
39245,6/25/2017 4:00,13,33,330
39246,6/25/2017 5:00,13,36,330
39247,6/25/2017 6:00,13,37,330
39248,6/25/2017 7:00,12,33,330
39249,6/25/2017 8:00,12,36,330
39250,6/25/2017 9:00,12,35,330
39251,6/25/2017 10:00,12,33,329
39252,6/25/2017 11:00,12,33,329
39253,6/25/2017 12:00,12,33,329
39254,6/25/2017 13:00,13,33,328
39255,6/25/2017 14:00,13,35,328
39256,6/25/2017 15:00,12,33,328
39257,6/25/2017 16:00,13,36,328
39258,6/25/2017 17:00,12,33,328
39259,6/25/2017 18:00,12,33,328
39260,6/25/2017 19:00,13,33,328
39261,6/25/2017 20:00,13,32,328
39262,6/25/2017 21:00,12,33,327
39263,6/25/2017 22:00,13,37,327
39264,6/25/2017 23:00,12,33,327
39265,6/26/2017 0:00,13,34,327
39266,6/26/2017 1:00,13,33,327
39267,6/26/2017 2:00,13,34,327
39268,6/26/2017 3:00,12,34,327
39269,6/26/2017 4:00,12,33,327
39270,6/26/2017 5:00,12,36,327
39271,6/26/2017 6:00,12,34,327
39272,6/26/2017 7:00,13,34,326
39273,6/26/2017 8:00,12,34,326
39274,6/26/2017 9:00,14,34,326
39275,6/26/2017 10:00,13,34,326
39276,6/26/2017 11:00,12,34,326
39277,6/26/2017 12:00,12,34,326
39278,6/26/2017 13:00,13,35,326
39279,6/26/2017 14:00,12,34,326
39280,6/26/2017 15:00,13,34,326
39281,6/26/2017 16:00,12,33,326
39282,6/26/2017 17:00,12,33,326
39283,6/26/2017 18:00,12,34,325
39284,6/26/2017 19:00,12,34,325
39285,6/26/2017 20:00,12,34,325
39286,6/26/2017 21:00,12,36,325
39287,6/26/2017 22:00,12,34,325
39288,6/26/2017 23:00,12,34,325
39289,6/27/2017 0:00,12,34,325
39290,6/27/2017 1:00,13,34,325
39291,6/27/2017 2:00,12,36,325
39292,6/27/2017 3:00,12,34,325
39293,6/27/2017 4:00,13,35,325
39294,6/27/2017 5:00,12,34,325
39295,6/27/2017 6:00,14,32,325
39296,6/27/2017 7:00,13,34,324
39297,6/27/2017 8:00,13,34,324
39298,6/27/2017 9:00,13,34,324
39299,6/27/2017 10:00,13,34,324
39300,6/27/2017 11:00,12,34,324
39301,6/27/2017 12:00,12,34,324
39302,6/27/2017 13:00,12,34,324
39303,6/27/2017 14:00,12,34,324
39304,6/27/2017 15:00,12,34,324
39305,6/27/2017 16:00,12,36,324
39306,6/27/2017 17:00,12,34,324
39307,6/27/2017 18:00,12,34,323
39308,6/27/2017 19:00,12,34,322
39309,6/27/2017 20:00,12,34,322
39310,6/27/2017 21:00,12,34,322
39311,6/27/2017 22:00,13,35,322
39312,6/27/2017 23:00,13,34,322
39313,6/28/2017 0:00,13,34,322
39314,6/28/2017 1:00,13,34,322
39315,6/28/2017 2:00,13,35,322
39316,6/28/2017 3:00,13,34,322
39317,6/28/2017 4:00,13,34,322
39318,6/28/2017 5:00,12,36,321
39319,6/28/2017 6:00,12,34,322
39320,6/28/2017 7:00,12,34,322
39321,6/28/2017 8:00,12,34,321
39322,6/28/2017 9:00,12,37,321
39323,6/28/2017 10:00,12,34,321
39324,6/28/2017 11:00,12,34,321
39325,6/28/2017 12:00,12,34,350
39326,6/28/2017 13:00,11,36,350
39327,6/28/2017 14:00,12,35,354
39328,6/28/2017 15:00,12,34,333
39329,6/28/2017 16:00,12,34,333
39330,6/28/2017 17:00,12,34,334
39331,6/28/2017 18:00,12,34,335
39332,6/28/2017 19:00,12,34,335
39333,6/28/2017 20:00,12,37,335
39334,6/28/2017 21:00,12,34,335
39335,6/28/2017 22:00,12,36,335
39336,6/28/2017 23:00,13,34,336
39337,6/29/2017 0:00,12,34,336
39338,6/29/2017 1:00,12,34,336
39339,6/29/2017 2:00,12,34,336
39340,6/29/2017 3:00,12,34,336
39341,6/29/2017 4:00,12,37,336
39342,6/29/2017 5:00,12,35,336
39343,6/29/2017 6:00,12,34,336
39344,6/29/2017 7:00,12,35,336
39345,6/29/2017 8:00,12,34,336
39346,6/29/2017 9:00,12,34,336
39347,6/29/2017 10:00,12,34,336
39348,6/29/2017 11:00,12,34,336
39349,6/29/2017 12:00,12,36,336
39350,6/29/2017 13:00,12,36,336
39351,6/29/2017 14:00,12,34,336
39352,6/29/2017 15:00,12,34,336
39353,6/29/2017 16:00,12,34,336
39354,6/29/2017 17:00,12,34,336
39355,6/29/2017 18:00,12,34,336
39356,6/29/2017 19:00,12,34,336
39357,6/29/2017 20:00,12,34,335
39358,6/29/2017 21:00,12,34,335
39359,6/29/2017 22:00,12,34,335
39360,6/29/2017 23:00,12,34,335
39361,6/30/2017 0:00,11,34,334
39362,6/30/2017 1:00,12,34,334
39363,6/30/2017 2:00,12,34,334
39364,6/30/2017 3:00,12,34,334
39365,6/30/2017 4:00,12,34,334
39366,6/30/2017 5:00,12,32,333
39367,6/30/2017 6:00,12,34,334
39368,6/30/2017 7:00,12,36,334
39369,6/30/2017 8:00,12,36,334
39370,6/30/2017 9:00,12,34,334
39371,6/30/2017 10:00,12,34,334
39372,6/30/2017 11:00,12,34,333
39373,6/30/2017 12:00,12,34,333
39374,6/30/2017 13:00,12,34,333
39375,6/30/2017 14:00,12,37,331
39376,6/30/2017 15:00,12,34,331
39377,6/30/2017 16:00,12,34,331
39378,6/30/2017 17:00,12,34,331
39379,6/30/2017 18:00,12,34,330
39380,6/30/2017 19:00,12,34,331
39381,6/30/2017 20:00,12,34,331
39382,6/30/2017 21:00,12,34,330
39383,6/30/2017 22:00,12,34,331
39384,6/30/2017 23:00,12,34,331
39385,7/1/2017 0:00,12,34,330
39386,7/1/2017 1:00,12,32,330
39387,7/1/2017 2:00,12,36,330
39388,7/1/2017 3:00,12,34,330
39389,7/1/2017 4:00,12,34,331
39390,7/1/2017 5:00,12,34,330
39391,7/1/2017 6:00,12,34,330
39392,7/1/2017 7:00,11,34,330
39393,7/1/2017 8:00,12,34,330
39394,7/1/2017 9:00,12,34,330
39395,7/1/2017 10:00,12,34,330
39396,7/1/2017 11:00,12,34,330
39397,7/1/2017 12:00,12,34,330
39398,7/1/2017 13:00,12,34,330
39399,7/1/2017 14:00,12,34,330
39400,7/1/2017 15:00,11,34,330
39401,7/1/2017 16:00,12,34,330
39402,7/1/2017 17:00,12,34,330
39403,7/1/2017 18:00,12,34,330
39404,7/1/2017 19:00,12,36,330
39405,7/1/2017 20:00,12,35,330
39406,7/1/2017 21:00,12,34,330
39407,7/1/2017 22:00,13,34,330
39408,7/1/2017 23:00,12,37,330
39409,7/2/2017 0:00,12,34,330
39410,7/2/2017 1:00,12,34,330
39411,7/2/2017 2:00,12,34,330
39412,7/2/2017 3:00,12,34,330
39413,7/2/2017 4:00,12,34,330
39414,7/2/2017 5:00,12,34,330
39415,7/2/2017 6:00,12,34,330
39416,7/2/2017 7:00,12,34,329
39417,7/2/2017 8:00,12,34,330
39418,7/2/2017 9:00,12,34,330
39419,7/2/2017 10:00,12,34,330
39420,7/2/2017 11:00,12,34,330
39421,7/2/2017 12:00,12,37,329
39422,7/2/2017 13:00,12,34,330
39423,7/2/2017 14:00,12,36,329
39424,7/2/2017 15:00,12,34,329
39425,7/2/2017 16:00,12,34,329
39426,7/2/2017 17:00,12,34,329
39427,7/2/2017 18:00,12,34,329
39428,7/2/2017 19:00,12,34,329
39429,7/2/2017 20:00,14,34,329
39430,7/2/2017 21:00,12,34,329
39431,7/2/2017 22:00,12,34,329
39432,7/2/2017 23:00,12,34,329
39433,7/3/2017 0:00,12,34,329
39434,7/3/2017 1:00,12,34,329
39435,7/3/2017 2:00,12,34,328
39436,7/3/2017 3:00,12,34,329
39437,7/3/2017 4:00,12,34,329
39438,7/3/2017 5:00,12,34,329
39439,7/3/2017 6:00,12,34,329
39440,7/3/2017 7:00,12,34,329
39441,7/3/2017 8:00,12,34,329
39442,7/3/2017 9:00,12,37,329
39443,7/3/2017 10:00,12,34,329
39444,7/3/2017 11:00,11,34,330
39445,7/3/2017 12:00,14,34,330
39446,7/3/2017 13:00,12,34,330
39447,7/3/2017 14:00,12,34,329
39448,7/3/2017 15:00,11,34,330
39449,7/3/2017 16:00,12,34,329
39450,7/3/2017 17:00,12,34,329
39451,7/3/2017 18:00,12,34,329
39452,7/3/2017 19:00,12,34,330
39453,7/3/2017 20:00,12,34,330
39454,7/3/2017 21:00,12,34,329
39455,7/3/2017 22:00,12,35,330
39456,7/3/2017 23:00,12,34,330
39457,7/4/2017 0:00,12,34,330
39458,7/4/2017 1:00,12,34,330
39459,7/4/2017 2:00,12,34,330
39460,7/4/2017 3:00,12,34,330
39461,7/4/2017 4:00,12,34,330
39462,7/4/2017 5:00,12,34,330
39463,7/4/2017 6:00,12,34,330
39464,7/4/2017 7:00,12,34,330
39465,7/4/2017 8:00,12,34,330
39466,7/4/2017 9:00,13,34,330
39467,7/4/2017 10:00,11,34,330
39468,7/4/2017 11:00,13,32,330
39469,7/4/2017 12:00,12,34,329
39470,7/4/2017 13:00,13,34,330
39471,7/4/2017 14:00,13,34,330
39472,7/4/2017 15:00,13,34,330
39473,7/4/2017 16:00,13,34,330
39474,7/4/2017 17:00,12,34,329
39475,7/4/2017 18:00,12,36,330
39476,7/4/2017 19:00,12,34,330
39477,7/4/2017 20:00,12,34,330
39478,7/4/2017 21:00,12,34,330
39479,7/4/2017 22:00,12,34,330
39480,7/4/2017 23:00,12,34,330
39481,7/5/2017 0:00,12,34,330
39482,7/5/2017 1:00,12,34,329
39483,7/5/2017 2:00,12,34,328
39484,7/5/2017 3:00,12,34,328
39485,7/5/2017 4:00,12,34,328
39486,7/5/2017 5:00,12,35,328
39487,7/5/2017 6:00,12,34,328
39488,7/5/2017 7:00,12,34,328
39489,7/5/2017 8:00,13,34,328
39490,7/5/2017 9:00,12,34,328
39491,7/5/2017 10:00,12,34,328
39492,7/5/2017 11:00,12,34,328
39493,7/5/2017 12:00,12,34,328
39494,7/5/2017 13:00,12,34,328
39495,7/5/2017 14:00,12,34,328
39496,7/5/2017 15:00,12,34,328
39497,7/5/2017 16:00,12,34,328
39498,7/5/2017 17:00,12,34,328
39499,7/5/2017 18:00,12,37,328
39500,7/5/2017 19:00,12,36,328
39501,7/5/2017 20:00,12,34,328
39502,7/5/2017 21:00,12,34,328
39503,7/5/2017 22:00,12,34,328
39504,7/5/2017 23:00,12,34,328
39505,7/6/2017 0:00,12,34,328
39506,7/6/2017 1:00,12,34,328
39507,7/6/2017 2:00,12,34,328
39508,7/6/2017 3:00,12,36,328
39509,7/6/2017 4:00,12,34,328
39510,7/6/2017 5:00,12,35,328
39511,7/6/2017 6:00,12,34,328
39512,7/6/2017 7:00,12,34,328
39513,7/6/2017 8:00,12,34,328
39514,7/6/2017 9:00,12,34,328
39515,7/6/2017 10:00,12,34,328
39516,7/6/2017 11:00,12,34,328
39517,7/6/2017 12:00,12,34,328
39518,7/6/2017 13:00,12,34,328
39519,7/6/2017 14:00,12,37,328
39520,7/6/2017 15:00,12,35,328
39521,7/6/2017 16:00,12,37,328
39522,7/6/2017 17:00,12,34,328
39523,7/6/2017 18:00,12,37,328
39524,7/6/2017 19:00,12,37,351
39525,7/6/2017 20:00,12,37,356
39526,7/6/2017 21:00,12,34,352
39527,7/6/2017 22:00,12,34,353
39528,7/6/2017 23:00,12,34,351
39529,7/7/2017 0:00,12,34,351
39530,7/7/2017 1:00,12,34,352
39531,7/7/2017 2:00,13,34,350
39532,7/7/2017 3:00,12,37,352
39533,7/7/2017 4:00,12,34,355
39534,7/7/2017 5:00,12,34,361
39535,7/7/2017 6:00,12,34,372
39536,7/7/2017 7:00,12,34,391
39537,7/7/2017 8:00,12,34,393
39538,7/7/2017 9:00,12,34,383
39539,7/7/2017 10:00,12,34,382
39540,7/7/2017 11:00,12,34,381
39541,7/7/2017 12:00,12,34,379
39542,7/7/2017 13:00,12,34,381
39543,7/7/2017 14:00,12,34,378
39544,7/7/2017 15:00,12,34,380
39545,7/7/2017 16:00,12,34,370
39546,7/7/2017 17:00,11,34,362
39547,7/7/2017 18:00,12,34,361
39548,7/7/2017 19:00,12,34,362
39549,7/7/2017 20:00,12,34,361
39550,7/7/2017 21:00,12,34,361
39551,7/7/2017 22:00,12,34,361
39552,7/7/2017 23:00,12,34,361
39553,7/8/2017 0:00,12,34,361
39554,7/8/2017 1:00,12,34,361
39555,7/8/2017 2:00,12,34,361
39556,7/8/2017 3:00,12,34,361
39557,7/8/2017 4:00,12,34,361
39558,7/8/2017 5:00,12,34,361
39559,7/8/2017 6:00,12,34,361
39560,7/8/2017 7:00,12,34,361
39561,7/8/2017 8:00,12,34,361
39562,7/8/2017 9:00,12,34,361
39563,7/8/2017 10:00,12,37,361
39564,7/8/2017 11:00,12,34,361
39565,7/8/2017 12:00,12,34,361
39566,7/8/2017 13:00,12,34,361
39567,7/8/2017 14:00,12,34,361
39568,7/8/2017 15:00,12,34,361
39569,7/8/2017 16:00,12,34,360
39570,7/8/2017 17:00,12,34,360
39571,7/8/2017 18:00,12,34,360
39572,7/8/2017 19:00,12,34,360
39573,7/8/2017 20:00,12,34,360
39574,7/8/2017 21:00,12,34,360
39575,7/8/2017 22:00,12,34,360
39576,7/8/2017 23:00,12,34,360
39577,7/9/2017 0:00,12,34,360
39578,7/9/2017 1:00,12,36,360
39579,7/9/2017 2:00,12,34,360
39580,7/9/2017 3:00,12,34,360
39581,7/9/2017 4:00,12,34,360
39582,7/9/2017 5:00,12,33,360
39583,7/9/2017 6:00,12,34,360
39584,7/9/2017 7:00,12,34,360
39585,7/9/2017 8:00,12,34,360
39586,7/9/2017 9:00,12,34,360
39587,7/9/2017 10:00,12,34,361
39588,7/9/2017 11:00,12,34,362
39589,7/9/2017 12:00,12,34,362
39590,7/9/2017 13:00,12,34,362
39591,7/9/2017 14:00,13,34,361
39592,7/9/2017 15:00,12,34,361
39593,7/9/2017 16:00,12,37,361
39594,7/9/2017 17:00,12,34,361
39595,7/9/2017 18:00,12,34,361
39596,7/9/2017 19:00,12,34,361
39597,7/9/2017 20:00,12,33,361
39598,7/9/2017 21:00,12,34,361
39599,7/9/2017 22:00,13,34,361
39600,7/9/2017 23:00,12,34,361
39601,7/10/2017 0:00,12,34,361
39602,7/10/2017 1:00,12,34,361
39603,7/10/2017 2:00,12,34,361
39604,7/10/2017 3:00,12,34,361
39605,7/10/2017 4:00,12,37,361
39606,7/10/2017 5:00,12,34,361
39607,7/10/2017 6:00,12,34,361
39608,7/10/2017 7:00,12,34,361
39609,7/10/2017 8:00,12,34,361
39610,7/10/2017 9:00,12,36,361
39611,7/10/2017 10:00,12,34,361
39612,7/10/2017 11:00,12,34,361
39613,7/10/2017 12:00,12,34,361
39614,7/10/2017 13:00,12,34,361
39615,7/10/2017 14:00,12,34,361
39616,7/10/2017 15:00,12,34,361
39617,7/10/2017 16:00,12,34,361
39618,7/10/2017 17:00,12,34,361
39619,7/10/2017 18:00,12,34,361
39620,7/10/2017 19:00,12,34,360
39621,7/10/2017 20:00,12,34,360
39622,7/10/2017 21:00,12,34,361
39623,7/10/2017 22:00,12,34,360
39624,7/10/2017 23:00,12,34,360
39625,7/11/2017 0:00,12,34,360
39626,7/11/2017 1:00,12,34,360
39627,7/11/2017 2:00,12,34,360
39628,7/11/2017 3:00,12,34,360
39629,7/11/2017 4:00,12,34,360
39630,7/11/2017 5:00,12,34,360
39631,7/11/2017 6:00,12,34,360
39632,7/11/2017 7:00,12,34,360
39633,7/11/2017 8:00,12,37,360
39634,7/11/2017 9:00,12,34,360
39635,7/11/2017 10:00,12,32,360
39636,7/11/2017 11:00,12,34,360
39637,7/11/2017 12:00,12,34,360
39638,7/11/2017 13:00,12,34,360
39639,7/11/2017 14:00,12,34,360
39640,7/11/2017 15:00,12,36,360
39641,7/11/2017 16:00,12,34,360
39642,7/11/2017 17:00,12,34,360
39643,7/11/2017 18:00,12,34,360
39644,7/11/2017 19:00,12,34,360
39645,7/11/2017 20:00,13,34,360
39646,7/11/2017 21:00,12,34,360
39647,7/11/2017 22:00,12,34,360
39648,7/11/2017 23:00,12,34,360
39649,7/12/2017 0:00,12,34,360
39650,7/12/2017 1:00,12,34,360
39651,7/12/2017 2:00,12,36,360
39652,7/12/2017 3:00,12,34,360
39653,7/12/2017 4:00,12,34,360
39654,7/12/2017 5:00,12,34,360
39655,7/12/2017 6:00,12,37,360
39656,7/12/2017 7:00,12,34,360
39657,7/12/2017 8:00,13,34,360
39658,7/12/2017 9:00,12,34,360
39659,7/12/2017 10:00,12,34,360
39660,7/12/2017 11:00,12,34,360
39661,7/12/2017 12:00,12,34,360
39662,7/12/2017 13:00,12,34,360
39663,7/12/2017 14:00,12,34,360
39664,7/12/2017 15:00,12,36,360
39665,7/12/2017 16:00,12,34,360
39666,7/12/2017 17:00,12,34,360
39667,7/12/2017 18:00,12,34,360
39668,7/12/2017 19:00,12,34,360
39669,7/12/2017 20:00,12,34,360
39670,7/12/2017 21:00,12,34,360
39671,7/12/2017 22:00,12,34,360
39672,7/12/2017 23:00,12,34,360
39673,7/13/2017 0:00,12,34,360
39674,7/13/2017 1:00,12,34,360
39675,7/13/2017 2:00,12,34,360
39676,7/13/2017 3:00,12,34,360
39677,7/13/2017 4:00,12,34,360
39678,7/13/2017 5:00,12,34,360
39679,7/13/2017 6:00,12,34,360
39680,7/13/2017 7:00,12,34,360
39681,7/13/2017 8:00,12,34,360
39682,7/13/2017 9:00,12,34,360
39683,7/13/2017 10:00,12,34,360
39684,7/13/2017 11:00,12,34,360
39685,7/13/2017 12:00,12,34,360
39686,7/13/2017 13:00,12,34,360
39687,7/13/2017 14:00,12,34,360
39688,7/13/2017 15:00,12,34,360
39689,7/13/2017 16:00,12,34,360
39690,7/13/2017 17:00,12,34,360
39691,7/13/2017 18:00,12,34,360
39692,7/13/2017 19:00,12,36,360
39693,7/13/2017 20:00,12,34,360
39694,7/13/2017 21:00,12,34,360
39695,7/13/2017 22:00,12,34,360
39696,7/13/2017 23:00,12,34,360
39697,7/14/2017 0:00,12,34,360
39698,7/14/2017 1:00,12,34,360
39699,7/14/2017 2:00,12,34,360
39700,7/14/2017 3:00,12,34,360
39701,7/14/2017 4:00,12,37,360
39702,7/14/2017 5:00,12,35,360
39703,7/14/2017 6:00,12,36,360
39704,7/14/2017 7:00,12,34,360
39705,7/14/2017 8:00,12,34,360
39706,7/14/2017 9:00,12,34,360
39707,7/14/2017 10:00,12,34,360
39708,7/14/2017 11:00,12,34,360
39709,7/14/2017 12:00,12,34,360
39710,7/14/2017 13:00,12,34,360
39711,7/14/2017 14:00,12,34,360
39712,7/14/2017 15:00,12,34,360
39713,7/14/2017 16:00,12,37,360
39714,7/14/2017 17:00,12,34,360
39715,7/14/2017 18:00,12,34,360
39716,7/14/2017 19:00,12,34,360
39717,7/14/2017 20:00,12,34,360
39718,7/14/2017 21:00,12,34,360
39719,7/14/2017 22:00,12,34,360
39720,7/14/2017 23:00,12,34,360
39721,7/15/2017 0:00,12,34,360
39722,7/15/2017 1:00,12,34,360
39723,7/15/2017 2:00,12,34,360
39724,7/15/2017 3:00,12,34,360
39725,7/15/2017 4:00,12,34,360
39726,7/15/2017 5:00,12,34,360
39727,7/15/2017 6:00,12,34,360
39728,7/15/2017 7:00,13,34,360
39729,7/15/2017 8:00,12,37,360
39730,7/15/2017 9:00,12,34,360
39731,7/15/2017 10:00,12,34,360
39732,7/15/2017 11:00,12,34,360
39733,7/15/2017 12:00,12,34,360
39734,7/15/2017 13:00,12,34,360
39735,7/15/2017 14:00,12,37,359
39736,7/15/2017 15:00,12,34,360
39737,7/15/2017 16:00,12,34,360
39738,7/15/2017 17:00,12,34,360
39739,7/15/2017 18:00,12,34,360
39740,7/15/2017 19:00,12,34,360
39741,7/15/2017 20:00,12,34,360
39742,7/15/2017 21:00,12,34,360
39743,7/15/2017 22:00,12,34,360
39744,7/15/2017 23:00,12,34,360
39745,7/16/2017 0:00,12,34,360
39746,7/16/2017 1:00,12,34,360
39747,7/16/2017 2:00,12,34,360
39748,7/16/2017 3:00,12,34,359
39749,7/16/2017 4:00,12,34,359
39750,7/16/2017 5:00,12,34,360
39751,7/16/2017 6:00,12,34,359
39752,7/16/2017 7:00,12,34,360
39753,7/16/2017 8:00,12,34,360
39754,7/16/2017 9:00,12,34,360
39755,7/16/2017 10:00,12,34,360
39756,7/16/2017 11:00,12,34,360
39757,7/16/2017 12:00,12,34,360
39758,7/16/2017 13:00,12,34,360
39759,7/16/2017 14:00,12,34,360
39760,7/16/2017 15:00,12,34,360
39761,7/16/2017 16:00,12,34,360
39762,7/16/2017 17:00,12,34,360
39763,7/16/2017 18:00,12,34,360
39764,7/16/2017 19:00,12,34,360
39765,7/16/2017 20:00,12,34,360
39766,7/16/2017 21:00,12,34,360
39767,7/16/2017 22:00,12,34,360
39768,7/16/2017 23:00,12,34,360
39769,7/17/2017 0:00,12,34,360
39770,7/17/2017 1:00,12,34,360
39771,7/17/2017 2:00,12,34,360
39772,7/17/2017 3:00,12,34,360
39773,7/17/2017 4:00,12,34,360
39774,7/17/2017 5:00,12,34,360
39775,7/17/2017 6:00,12,34,360
39776,7/17/2017 7:00,12,34,360
39777,7/17/2017 8:00,12,34,360
39778,7/17/2017 9:00,12,34,360
39779,7/17/2017 10:00,12,34,360
39780,7/17/2017 11:00,12,34,360
39781,7/17/2017 12:00,12,34,360
39782,7/17/2017 13:00,12,34,360
39783,7/17/2017 14:00,12,34,360
39784,7/17/2017 15:00,12,34,360
39785,7/17/2017 16:00,12,34,360
39786,7/17/2017 17:00,12,34,360
39787,7/17/2017 18:00,12,34,360
39788,7/17/2017 19:00,12,34,360
39789,7/17/2017 20:00,12,34,360
39790,7/17/2017 21:00,12,34,360
39791,7/17/2017 22:00,12,34,359
39792,7/17/2017 23:00,12,34,360
39793,7/18/2017 0:00,12,34,360
39794,7/18/2017 1:00,12,37,360
39795,7/18/2017 2:00,12,34,359
39796,7/18/2017 3:00,12,34,359
39797,7/18/2017 4:00,12,34,359
39798,7/18/2017 5:00,12,34,359
39799,7/18/2017 6:00,12,34,359
39800,7/18/2017 7:00,12,34,359
39801,7/18/2017 8:00,12,36,359
39802,7/18/2017 9:00,12,34,359
39803,7/18/2017 10:00,12,34,360
39804,7/18/2017 11:00,12,34,359
39805,7/18/2017 12:00,12,34,360
39806,7/18/2017 13:00,12,34,360
39807,7/18/2017 14:00,12,34,359
39808,7/18/2017 15:00,12,37,359
39809,7/18/2017 16:00,12,34,360
39810,7/18/2017 17:00,12,34,360
39811,7/18/2017 18:00,12,34,360
39812,7/18/2017 19:00,12,34,359
39813,7/18/2017 20:00,12,34,359
39814,7/18/2017 21:00,12,37,359
39815,7/18/2017 22:00,12,34,359
39816,7/18/2017 23:00,12,34,359
39817,7/19/2017 0:00,11,34,360
39818,7/19/2017 1:00,12,37,359
39819,7/19/2017 2:00,12,34,359
39820,7/19/2017 3:00,12,34,359
39821,7/19/2017 4:00,12,34,359
39822,7/19/2017 5:00,12,34,359
39823,7/19/2017 6:00,12,34,359
39824,7/19/2017 7:00,12,34,360
39825,7/19/2017 8:00,12,34,359
39826,7/19/2017 9:00,12,34,359
39827,7/19/2017 10:00,12,34,359
39828,7/19/2017 11:00,12,34,359
39829,7/19/2017 12:00,12,34,359
39830,7/19/2017 13:00,12,34,359
39831,7/19/2017 14:00,12,34,359
39832,7/19/2017 15:00,12,34,359
39833,7/19/2017 16:00,12,34,359
39834,7/19/2017 17:00,12,34,359
39835,7/19/2017 18:00,12,34,359
39836,7/19/2017 19:00,12,34,359
39837,7/19/2017 20:00,14,34,359
39838,7/19/2017 21:00,12,34,359
39839,7/19/2017 22:00,12,34,359
39840,7/19/2017 23:00,12,34,359
39841,7/20/2017 0:00,12,37,359
39842,7/20/2017 1:00,12,34,359
39843,7/20/2017 2:00,12,35,359
39844,7/20/2017 3:00,12,34,359
39845,7/20/2017 4:00,12,34,359
39846,7/20/2017 5:00,12,34,359
39847,7/20/2017 6:00,12,34,359
39848,7/20/2017 7:00,12,34,359
39849,7/20/2017 8:00,12,34,359
39850,7/20/2017 9:00,12,34,359
39851,7/20/2017 10:00,12,34,359
39852,7/20/2017 11:00,12,34,359
39853,7/20/2017 12:00,12,34,359
39854,7/20/2017 13:00,12,34,359
39855,7/20/2017 14:00,12,35,359
39856,7/20/2017 15:00,12,34,359
39857,7/20/2017 16:00,12,34,359
39858,7/20/2017 17:00,12,34,359
39859,7/20/2017 18:00,12,34,359
39860,7/20/2017 19:00,12,34,359
39861,7/20/2017 20:00,12,34,359
39862,7/20/2017 21:00,12,36,359
39863,7/20/2017 22:00,12,34,359
39864,7/20/2017 23:00,12,34,359
39865,7/21/2017 0:00,12,34,359
39866,7/21/2017 1:00,12,34,359
39867,7/21/2017 2:00,12,34,359
39868,7/21/2017 3:00,12,34,359
39869,7/21/2017 4:00,12,34,359
39870,7/21/2017 5:00,12,34,359
39871,7/21/2017 6:00,12,34,359
39872,7/21/2017 7:00,12,34,359
39873,7/21/2017 8:00,12,34,359
39874,7/21/2017 9:00,12,34,359
39875,7/21/2017 10:00,12,34,359
39876,7/21/2017 11:00,12,34,359
39877,7/21/2017 12:00,12,34,359
39878,7/21/2017 13:00,12,34,359
39879,7/21/2017 14:00,12,34,359
39880,7/21/2017 15:00,12,34,359
39881,7/21/2017 16:00,12,34,359
39882,7/21/2017 17:00,12,34,359
39883,7/21/2017 18:00,12,34,359
39884,7/21/2017 19:00,12,34,359
39885,7/21/2017 20:00,12,34,359
39886,7/21/2017 21:00,12,34,359
39887,7/21/2017 22:00,12,34,359
39888,7/21/2017 23:00,12,34,359
39889,7/22/2017 0:00,12,34,359
39890,7/22/2017 1:00,12,37,359
39891,7/22/2017 2:00,12,34,359
39892,7/22/2017 3:00,12,37,359
39893,7/22/2017 4:00,12,34,359
39894,7/22/2017 5:00,12,34,359
39895,7/22/2017 6:00,12,34,359
39896,7/22/2017 7:00,12,34,359
39897,7/22/2017 8:00,12,34,360
39898,7/22/2017 9:00,12,34,359
39899,7/22/2017 10:00,12,36,359
39900,7/22/2017 11:00,13,34,359
39901,7/22/2017 12:00,12,34,359
39902,7/22/2017 13:00,12,34,359
39903,7/22/2017 14:00,12,34,359
39904,7/22/2017 15:00,12,34,359
39905,7/22/2017 16:00,12,34,359
39906,7/22/2017 17:00,12,34,359
39907,7/22/2017 18:00,12,34,359
39908,7/22/2017 19:00,12,34,359
39909,7/22/2017 20:00,12,34,359
39910,7/22/2017 21:00,12,34,359
39911,7/22/2017 22:00,12,34,359
39912,7/22/2017 23:00,12,34,359
39913,7/23/2017 0:00,12,34,359
39914,7/23/2017 1:00,12,34,359
39915,7/23/2017 2:00,12,34,359
39916,7/23/2017 3:00,12,34,359
39917,7/23/2017 4:00,12,34,359
39918,7/23/2017 5:00,13,35,359
39919,7/23/2017 6:00,13,34,359
39920,7/23/2017 7:00,12,34,359
39921,7/23/2017 8:00,12,36,359
39922,7/23/2017 9:00,12,34,359
39923,7/23/2017 10:00,12,35,359
39924,7/23/2017 11:00,12,34,359
39925,7/23/2017 12:00,12,36,359
39926,7/23/2017 13:00,12,34,359
39927,7/23/2017 14:00,12,34,359
39928,7/23/2017 15:00,12,34,359
39929,7/23/2017 16:00,12,34,359
39930,7/23/2017 17:00,12,34,358
39931,7/23/2017 18:00,12,34,357
39932,7/23/2017 19:00,12,34,357
39933,7/23/2017 20:00,12,34,358
39934,7/23/2017 21:00,12,34,358
39935,7/23/2017 22:00,12,34,358
39936,7/23/2017 23:00,12,34,358
39937,7/24/2017 0:00,12,34,359
39938,7/24/2017 1:00,12,34,359
39939,7/24/2017 2:00,12,34,359
39940,7/24/2017 3:00,12,34,359
39941,7/24/2017 4:00,12,34,359
39942,7/24/2017 5:00,12,34,359
39943,7/24/2017 6:00,12,34,359
39944,7/24/2017 7:00,12,34,358
39945,7/24/2017 8:00,13,34,358
39946,7/24/2017 9:00,12,34,359
39947,7/24/2017 10:00,12,34,358
39948,7/24/2017 11:00,12,34,358
39949,7/24/2017 12:00,12,34,359
39950,7/24/2017 13:00,12,34,359
39951,7/24/2017 14:00,12,34,358
39952,7/24/2017 15:00,12,34,359
39953,7/24/2017 16:00,12,34,359
39954,7/24/2017 17:00,12,34,359
39955,7/24/2017 18:00,12,37,359
39956,7/24/2017 19:00,12,34,359
39957,7/24/2017 20:00,12,34,359
39958,7/24/2017 21:00,12,34,359
39959,7/24/2017 22:00,12,34,359
39960,7/24/2017 23:00,12,34,359
39961,7/25/2017 0:00,12,37,359
39962,7/25/2017 1:00,12,34,359
39963,7/25/2017 2:00,12,34,359
39964,7/25/2017 3:00,12,34,359
39965,7/25/2017 4:00,12,34,359
39966,7/25/2017 5:00,12,34,359
39967,7/25/2017 6:00,12,34,359
39968,7/25/2017 7:00,12,34,359
39969,7/25/2017 8:00,12,34,359
39970,7/25/2017 9:00,12,34,359
39971,7/25/2017 10:00,12,34,359
39972,7/25/2017 11:00,12,34,359
39973,7/25/2017 12:00,12,34,359
39974,7/25/2017 13:00,12,34,359
39975,7/25/2017 14:00,12,37,359
39976,7/25/2017 15:00,12,36,359
39977,7/25/2017 16:00,12,34,359
39978,7/25/2017 17:00,12,34,359
39979,7/25/2017 18:00,12,34,359
39980,7/25/2017 19:00,12,34,359
39981,7/25/2017 20:00,12,34,359
39982,7/25/2017 21:00,12,34,359
39983,7/25/2017 22:00,12,34,359
39984,7/25/2017 23:00,12,34,359
39985,7/26/2017 0:00,12,34,359
39986,7/26/2017 1:00,12,35,359
39987,7/26/2017 2:00,12,34,359
39988,7/26/2017 3:00,12,36,359
39989,7/26/2017 4:00,12,34,359
39990,7/26/2017 5:00,12,34,359
39991,7/26/2017 6:00,12,34,359
39992,7/26/2017 7:00,12,34,359
39993,7/26/2017 8:00,12,34,359
39994,7/26/2017 9:00,12,34,359
39995,7/26/2017 10:00,12,34,359
39996,7/26/2017 11:00,12,34,359
39997,7/26/2017 12:00,12,34,359
39998,7/26/2017 13:00,12,34,359
39999,7/26/2017 14:00,12,32,359
40000,7/26/2017 15:00,12,34,359
40001,7/26/2017 16:00,12,34,359
40002,7/26/2017 17:00,13,34,359
40003,7/26/2017 18:00,13,34,359
40004,7/26/2017 19:00,12,34,359
40005,7/26/2017 20:00,12,36,359
40006,7/26/2017 21:00,12,34,359
40007,7/26/2017 22:00,12,34,359
40008,7/26/2017 23:00,12,34,359
40009,7/27/2017 0:00,13,34,359
40010,7/27/2017 1:00,13,34,359
40011,7/27/2017 2:00,12,34,359
40012,7/27/2017 3:00,12,34,359
40013,7/27/2017 4:00,12,34,359
40014,7/27/2017 5:00,12,34,359
40015,7/27/2017 6:00,12,34,359
40016,7/27/2017 7:00,12,35,358
40017,7/27/2017 8:00,12,34,358
40018,7/27/2017 9:00,12,34,358
40019,7/27/2017 10:00,12,34,357
40020,7/27/2017 11:00,12,34,357
40021,7/27/2017 12:00,12,34,357
40022,7/27/2017 13:00,12,34,358
40023,7/27/2017 14:00,12,36,358
40024,7/27/2017 15:00,12,34,357
40025,7/27/2017 16:00,12,34,357
40026,7/27/2017 17:00,12,34,357
40027,7/27/2017 18:00,12,34,358
40028,7/27/2017 19:00,12,34,357
40029,7/27/2017 20:00,13,34,358
40030,7/27/2017 21:00,12,34,357
40031,7/27/2017 22:00,12,34,357
40032,7/27/2017 23:00,12,34,357
40033,7/28/2017 0:00,12,34,358
40034,7/28/2017 1:00,12,34,358
40035,7/28/2017 2:00,12,37,359
40036,7/28/2017 3:00,12,34,359
40037,7/28/2017 4:00,12,34,359
40038,7/28/2017 5:00,12,34,357
40039,7/28/2017 6:00,12,34,357
40040,7/28/2017 7:00,11,34,357
40041,7/28/2017 8:00,12,34,357
40042,7/28/2017 9:00,12,34,357
40043,7/28/2017 10:00,12,34,357
40044,7/28/2017 11:00,12,34,358
40045,7/28/2017 12:00,12,34,357
40046,7/28/2017 13:00,12,34,358
40047,7/28/2017 14:00,12,34,358
40048,7/28/2017 15:00,12,34,357
40049,7/28/2017 16:00,12,34,358
40050,7/28/2017 17:00,12,34,358
40051,7/28/2017 18:00,12,34,358
40052,7/28/2017 19:00,11,34,358
40053,7/28/2017 20:00,12,34,358
40054,7/28/2017 21:00,12,34,358
40055,7/28/2017 22:00,12,34,358
40056,7/28/2017 23:00,12,34,359
40057,7/29/2017 0:00,12,34,358
40058,7/29/2017 1:00,12,34,358
40059,7/29/2017 2:00,12,34,358
40060,7/29/2017 3:00,12,34,359
40061,7/29/2017 4:00,13,34,358
40062,7/29/2017 5:00,12,34,358
40063,7/29/2017 6:00,12,34,358
40064,7/29/2017 7:00,12,34,358
40065,7/29/2017 8:00,12,34,358
40066,7/29/2017 9:00,11,37,358
40067,7/29/2017 10:00,12,36,358
40068,7/29/2017 11:00,12,34,358
40069,7/29/2017 12:00,12,34,358
40070,7/29/2017 13:00,12,34,358
40071,7/29/2017 14:00,12,34,358
40072,7/29/2017 15:00,12,34,358
40073,7/29/2017 16:00,12,34,358
40074,7/29/2017 17:00,12,35,358
40075,7/29/2017 18:00,12,34,358
40076,7/29/2017 19:00,12,34,358
40077,7/29/2017 20:00,12,34,358
40078,7/29/2017 21:00,12,34,358
40079,7/29/2017 22:00,12,34,358
40080,7/29/2017 23:00,12,34,358
40081,7/30/2017 0:00,12,34,358
40082,7/30/2017 1:00,12,34,358
40083,7/30/2017 2:00,12,34,357
40084,7/30/2017 3:00,12,34,358
40085,7/30/2017 4:00,12,34,357
40086,7/30/2017 5:00,12,34,358
40087,7/30/2017 6:00,11,34,358
40088,7/30/2017 7:00,12,34,357
40089,7/30/2017 8:00,12,34,357
40090,7/30/2017 9:00,12,34,357
40091,7/30/2017 10:00,12,34,357
40092,7/30/2017 11:00,12,34,358
40093,7/30/2017 12:00,12,34,357
40094,7/30/2017 13:00,12,34,357
40095,7/30/2017 14:00,12,34,357
40096,7/30/2017 15:00,12,34,358
40097,7/30/2017 16:00,12,34,357
40098,7/30/2017 17:00,12,34,357
40099,7/30/2017 18:00,12,34,357
40100,7/30/2017 19:00,13,34,358
40101,7/30/2017 20:00,12,34,357
40102,7/30/2017 21:00,12,34,357
40103,7/30/2017 22:00,12,34,357
40104,7/30/2017 23:00,12,34,357
40105,7/31/2017 0:00,12,34,357
40106,7/31/2017 1:00,12,34,357
40107,7/31/2017 2:00,12,34,357
40108,7/31/2017 3:00,12,34,357
40109,7/31/2017 4:00,12,34,357
40110,7/31/2017 5:00,12,34,357
40111,7/31/2017 6:00,12,34,357
40112,7/31/2017 7:00,12,36,357
40113,7/31/2017 8:00,13,34,357
40114,7/31/2017 9:00,12,34,357
40115,7/31/2017 10:00,12,34,357
40116,7/31/2017 11:00,12,34,357
40117,7/31/2017 12:00,12,33,357
40118,7/31/2017 13:00,12,34,357
40119,7/31/2017 14:00,12,34,358
40120,7/31/2017 15:00,12,34,358
40121,7/31/2017 16:00,12,34,358
40122,7/31/2017 17:00,12,34,358
40123,7/31/2017 18:00,12,34,358
40124,7/31/2017 19:00,12,33,358
40125,7/31/2017 20:00,12,34,358
40126,7/31/2017 21:00,13,34,358
40127,7/31/2017 22:00,12,34,358
40128,7/31/2017 23:00,12,34,358
40129,8/1/2017 0:00,12,34,359
40130,8/1/2017 1:00,12,34,358
40131,8/1/2017 2:00,12,34,357
40132,8/1/2017 3:00,12,34,357
40133,8/1/2017 4:00,12,33,358
40134,8/1/2017 5:00,12,34,359
40135,8/1/2017 6:00,12,34,358
40136,8/1/2017 7:00,12,33,358
40137,8/1/2017 8:00,12,33,358
40138,8/1/2017 9:00,12,34,358
40139,8/1/2017 10:00,12,34,358
40140,8/1/2017 11:00,12,34,358
40141,8/1/2017 12:00,12,34,358
40142,8/1/2017 13:00,12,34,359
40143,8/1/2017 14:00,12,33,358
40144,8/1/2017 15:00,12,34,358
40145,8/1/2017 16:00,12,34,358
40146,8/1/2017 17:00,12,33,359
40147,8/1/2017 18:00,12,34,358
40148,8/1/2017 19:00,12,33,359
40149,8/1/2017 20:00,12,34,358
40150,8/1/2017 21:00,12,34,358
40151,8/1/2017 22:00,12,33,359
40152,8/1/2017 23:00,12,36,358
40153,8/2/2017 0:00,14,36,358
40154,8/2/2017 1:00,12,34,358
40155,8/2/2017 2:00,12,34,358
40156,8/2/2017 3:00,12,33,358
40157,8/2/2017 4:00,12,33,358
40158,8/2/2017 5:00,12,33,359
40159,8/2/2017 6:00,12,33,359
40160,8/2/2017 7:00,12,33,359
40161,8/2/2017 8:00,12,34,359
40162,8/2/2017 9:00,12,33,359
40163,8/2/2017 10:00,12,34,359
40164,8/2/2017 11:00,12,33,359
40165,8/2/2017 12:00,12,35,358
40166,8/2/2017 13:00,12,33,358
40167,8/2/2017 14:00,12,33,358
40168,8/2/2017 15:00,14,33,358
40169,8/2/2017 16:00,12,33,358
40170,8/2/2017 17:00,12,33,358
40171,8/2/2017 18:00,12,33,358
40172,8/2/2017 19:00,12,33,358
40173,8/2/2017 20:00,12,33,358
40174,8/2/2017 21:00,12,33,359
40175,8/2/2017 22:00,12,33,359
40176,8/2/2017 23:00,12,34,358
40177,8/3/2017 0:00,12,33,358
40178,8/3/2017 1:00,12,33,358
40179,8/3/2017 2:00,12,33,358
40180,8/3/2017 3:00,12,35,358
40181,8/3/2017 4:00,12,35,358
40182,8/3/2017 5:00,12,33,359
40183,8/3/2017 6:00,11,33,358
40184,8/3/2017 7:00,12,33,358
40185,8/3/2017 8:00,12,36,357
40186,8/3/2017 9:00,12,33,356
40187,8/3/2017 10:00,12,33,356
40188,8/3/2017 11:00,12,33,356
40189,8/3/2017 12:00,12,33,357
40190,8/3/2017 13:00,12,33,357
40191,8/3/2017 14:00,12,33,358
40192,8/3/2017 15:00,14,33,358
40193,8/3/2017 16:00,12,34,358
40194,8/3/2017 17:00,12,33,358
40195,8/3/2017 18:00,12,33,358
40196,8/3/2017 19:00,12,33,357
40197,8/3/2017 20:00,12,33,358
40198,8/3/2017 21:00,12,33,358
40199,8/3/2017 22:00,12,33,358
40200,8/3/2017 23:00,12,33,357
40201,8/4/2017 0:00,12,33,358
40202,8/4/2017 1:00,12,33,358
40203,8/4/2017 2:00,12,33,357
40204,8/4/2017 3:00,12,33,357
40205,8/4/2017 4:00,12,33,357
40206,8/4/2017 5:00,12,35,357
40207,8/4/2017 6:00,12,33,357
40208,8/4/2017 7:00,12,33,358
40209,8/4/2017 8:00,12,33,357
40210,8/4/2017 9:00,12,33,357
40211,8/4/2017 10:00,13,33,358
40212,8/4/2017 11:00,12,33,358
40213,8/4/2017 12:00,12,33,358
40214,8/4/2017 13:00,12,33,358
40215,8/4/2017 14:00,12,36,358
40216,8/4/2017 15:00,12,35,358
40217,8/4/2017 16:00,12,33,357
40218,8/4/2017 17:00,12,33,358
40219,8/4/2017 18:00,12,33,358
40220,8/4/2017 19:00,13,33,358
40221,8/4/2017 20:00,12,34,358
40222,8/4/2017 21:00,12,33,358
40223,8/4/2017 22:00,12,33,357
40224,8/4/2017 23:00,12,33,357
40225,8/5/2017 0:00,12,33,356
40226,8/5/2017 1:00,12,36,356
40227,8/5/2017 2:00,12,33,356
40228,8/5/2017 3:00,12,33,356
40229,8/5/2017 4:00,12,35,356
40230,8/5/2017 5:00,12,33,356
40231,8/5/2017 6:00,12,33,356
40232,8/5/2017 7:00,12,33,356
40233,8/5/2017 8:00,12,34,357
40234,8/5/2017 9:00,12,33,357
40235,8/5/2017 10:00,12,33,357
40236,8/5/2017 11:00,12,33,357
40237,8/5/2017 12:00,14,33,357
40238,8/5/2017 13:00,12,33,357
40239,8/5/2017 14:00,12,33,357
40240,8/5/2017 15:00,12,33,356
40241,8/5/2017 16:00,12,33,356
40242,8/5/2017 17:00,12,35,356
40243,8/5/2017 18:00,12,33,357
40244,8/5/2017 19:00,12,33,357
40245,8/5/2017 20:00,12,33,357
40246,8/5/2017 21:00,12,33,357
40247,8/5/2017 22:00,12,33,357
40248,8/5/2017 23:00,12,36,357
40249,8/6/2017 0:00,12,34,357
40250,8/6/2017 1:00,12,34,357
40251,8/6/2017 2:00,12,33,357
40252,8/6/2017 3:00,12,33,357
40253,8/6/2017 4:00,12,33,357
40254,8/6/2017 5:00,12,33,357
40255,8/6/2017 6:00,12,33,357
40256,8/6/2017 7:00,12,33,357
40257,8/6/2017 8:00,12,33,357
40258,8/6/2017 9:00,12,34,357
40259,8/6/2017 10:00,12,33,357
40260,8/6/2017 11:00,12,33,357
40261,8/6/2017 12:00,12,33,357
40262,8/6/2017 13:00,13,33,357
40263,8/6/2017 14:00,12,34,356
40264,8/6/2017 15:00,12,33,357
40265,8/6/2017 16:00,12,36,356
40266,8/6/2017 17:00,12,33,357
40267,8/6/2017 18:00,12,33,357
40268,8/6/2017 19:00,12,33,357
40269,8/6/2017 20:00,12,34,357
40270,8/6/2017 21:00,12,33,357
40271,8/6/2017 22:00,12,33,357
40272,8/6/2017 23:00,12,33,357
40273,8/7/2017 0:00,12,34,357
40274,8/7/2017 1:00,12,33,357
40275,8/7/2017 2:00,12,33,357
40276,8/7/2017 3:00,13,33,357
40277,8/7/2017 4:00,12,33,357
40278,8/7/2017 5:00,12,34,357
40279,8/7/2017 6:00,12,33,357
40280,8/7/2017 7:00,12,33,357
40281,8/7/2017 8:00,12,34,357
40282,8/7/2017 9:00,12,33,357
40283,8/7/2017 10:00,13,33,357
40284,8/7/2017 11:00,12,33,357
40285,8/7/2017 12:00,12,33,357
40286,8/7/2017 13:00,12,33,357
40287,8/7/2017 14:00,12,34,357
40288,8/7/2017 15:00,12,35,357
40289,8/7/2017 16:00,12,33,357
40290,8/7/2017 17:00,12,33,357
40291,8/7/2017 18:00,12,34,357
40292,8/7/2017 19:00,12,34,357
40293,8/7/2017 20:00,12,34,358
40294,8/7/2017 21:00,12,33,358
40295,8/7/2017 22:00,12,34,358
40296,8/7/2017 23:00,12,34,357
40297,8/8/2017 0:00,12,34,357
40298,8/8/2017 1:00,12,34,357
40299,8/8/2017 2:00,12,34,357
40300,8/8/2017 3:00,12,34,357
40301,8/8/2017 4:00,13,34,357
40302,8/8/2017 5:00,12,35,357
40303,8/8/2017 6:00,12,34,357
40304,8/8/2017 7:00,12,34,357
40305,8/8/2017 8:00,12,33,357
40306,8/8/2017 9:00,12,33,357
40307,8/8/2017 10:00,12,34,357
40308,8/8/2017 11:00,12,33,357
40309,8/8/2017 12:00,12,33,357
40310,8/8/2017 13:00,12,34,357
40311,8/8/2017 14:00,12,36,357
40312,8/8/2017 15:00,12,36,357
40313,8/8/2017 16:00,12,33,357
40314,8/8/2017 17:00,12,33,357
40315,8/8/2017 18:00,12,34,357
40316,8/8/2017 19:00,12,35,357
40317,8/8/2017 20:00,12,34,357
40318,8/8/2017 21:00,12,36,357
40319,8/8/2017 22:00,12,36,357
40320,8/8/2017 23:00,12,34,357
40321,8/9/2017 0:00,12,33,357
40322,8/9/2017 1:00,12,34,357
40323,8/9/2017 2:00,12,34,357
40324,8/9/2017 3:00,12,35,357
40325,8/9/2017 4:00,12,34,357
40326,8/9/2017 5:00,12,34,357
40327,8/9/2017 6:00,12,34,357
40328,8/9/2017 7:00,12,34,357
40329,8/9/2017 8:00,12,36,357
40330,8/9/2017 9:00,13,34,357
40331,8/9/2017 10:00,12,35,357
40332,8/9/2017 11:00,12,34,357
40333,8/9/2017 12:00,13,34,358
40334,8/9/2017 13:00,12,34,357
40335,8/9/2017 14:00,12,35,357
40336,8/9/2017 15:00,12,35,357
40337,8/9/2017 16:00,12,34,357
40338,8/9/2017 17:00,12,34,357
40339,8/9/2017 18:00,12,34,357
40340,8/9/2017 19:00,12,34,357
40341,8/9/2017 20:00,12,34,357
40342,8/9/2017 21:00,12,34,357
40343,8/9/2017 22:00,12,34,357
40344,8/9/2017 23:00,12,34,357
40345,8/10/2017 0:00,12,34,357
40346,8/10/2017 1:00,12,34,358
40347,8/10/2017 2:00,12,34,357
40348,8/10/2017 3:00,12,36,357
40349,8/10/2017 4:00,12,34,357
40350,8/10/2017 5:00,12,34,357
40351,8/10/2017 6:00,12,34,357
40352,8/10/2017 7:00,12,34,357
40353,8/10/2017 8:00,12,34,357
40354,8/10/2017 9:00,12,34,357
40355,8/10/2017 10:00,12,34,357
40356,8/10/2017 11:00,12,34,357
40357,8/10/2017 12:00,12,34,357
40358,8/10/2017 13:00,13,34,356
40359,8/10/2017 14:00,12,34,356
40360,8/10/2017 15:00,12,34,356
40361,8/10/2017 16:00,12,33,356
40362,8/10/2017 17:00,13,34,356
40363,8/10/2017 18:00,12,34,357
40364,8/10/2017 19:00,12,34,357
40365,8/10/2017 20:00,12,34,356
40366,8/10/2017 21:00,12,36,357
40367,8/10/2017 22:00,12,34,357
40368,8/10/2017 23:00,13,34,357
40369,8/11/2017 0:00,12,34,357
40370,8/11/2017 1:00,12,35,357
40371,8/11/2017 2:00,12,34,303
40372,8/11/2017 3:00,12,35,302
40373,8/11/2017 4:00,12,34,297
40374,8/11/2017 5:00,12,34,296
40375,8/11/2017 6:00,13,34,299
40376,8/11/2017 7:00,12,34,302
40377,8/11/2017 8:00,12,37,307
40378,8/11/2017 9:00,12,34,308
40379,8/11/2017 10:00,12,34,309
40380,8/11/2017 11:00,12,34,310
40381,8/11/2017 12:00,12,36,310
40382,8/11/2017 13:00,12,34,311
40383,8/11/2017 14:00,12,34,311
40384,8/11/2017 15:00,12,34,311
40385,8/11/2017 16:00,12,34,312
40386,8/11/2017 17:00,12,34,312
40387,8/11/2017 18:00,12,34,312
40388,8/11/2017 19:00,12,34,312
40389,8/11/2017 20:00,12,34,312
40390,8/11/2017 21:00,12,34,312
40391,8/11/2017 22:00,12,34,312
40392,8/11/2017 23:00,12,37,312
40393,8/12/2017 0:00,12,37,312
40394,8/12/2017 1:00,12,37,312
40395,8/12/2017 2:00,13,34,312
40396,8/12/2017 3:00,12,34,312
40397,8/12/2017 4:00,12,34,312
40398,8/12/2017 5:00,12,35,312
40399,8/12/2017 6:00,12,34,312
40400,8/12/2017 7:00,12,35,311
40401,8/12/2017 8:00,12,34,311
40402,8/12/2017 9:00,12,34,312
40403,8/12/2017 10:00,12,34,312
40404,8/12/2017 11:00,13,34,312
40405,8/12/2017 12:00,12,33,312
40406,8/12/2017 13:00,12,34,312
40407,8/12/2017 14:00,12,34,312
40408,8/12/2017 15:00,12,37,311
40409,8/12/2017 16:00,12,35,311
40410,8/12/2017 17:00,12,34,311
40411,8/12/2017 18:00,12,34,311
40412,8/12/2017 19:00,12,34,311
40413,8/12/2017 20:00,12,34,311
40414,8/12/2017 21:00,12,36,311
40415,8/12/2017 22:00,12,32,311
40416,8/12/2017 23:00,13,34,311
40417,8/13/2017 0:00,12,34,311
40418,8/13/2017 1:00,12,35,310
40419,8/13/2017 2:00,12,34,311
40420,8/13/2017 3:00,12,34,311
40421,8/13/2017 4:00,12,34,309
40422,8/13/2017 5:00,13,34,309
40423,8/13/2017 6:00,13,34,309
40424,8/13/2017 7:00,13,34,309
40425,8/13/2017 8:00,11,34,309
40426,8/13/2017 9:00,12,34,309
40427,8/13/2017 10:00,12,34,309
40428,8/13/2017 11:00,12,33,309
40429,8/13/2017 12:00,12,34,309
40430,8/13/2017 13:00,12,34,309
40431,8/13/2017 14:00,12,34,309
40432,8/13/2017 15:00,12,34,309
40433,8/13/2017 16:00,12,32,309
40434,8/13/2017 17:00,12,35,308
40435,8/13/2017 18:00,12,34,308
40436,8/13/2017 19:00,12,34,307
40437,8/13/2017 20:00,12,34,305
40438,8/13/2017 21:00,12,33,304
40439,8/13/2017 22:00,12,33,303
40440,8/13/2017 23:00,12,33,300
40441,8/14/2017 0:00,12,33,283
40442,8/14/2017 1:00,12,33,302
40443,8/14/2017 2:00,13,34,303
40444,8/14/2017 3:00,12,34,304
40445,8/14/2017 4:00,12,33,306
40446,8/14/2017 5:00,12,33,307
40447,8/14/2017 6:00,12,33,308
40448,8/14/2017 7:00,12,33,308
40449,8/14/2017 8:00,12,33,308
40450,8/14/2017 9:00,14,33,308
40451,8/14/2017 10:00,12,33,309
40452,8/14/2017 11:00,12,33,309
40453,8/14/2017 12:00,12,33,309
40454,8/14/2017 13:00,12,33,309
40455,8/14/2017 14:00,12,33,309
40456,8/14/2017 15:00,12,33,309
40457,8/14/2017 16:00,13,33,310
40458,8/14/2017 17:00,12,33,309
40459,8/14/2017 18:00,12,33,310
40460,8/14/2017 19:00,12,33,310
40461,8/14/2017 20:00,12,33,310
40462,8/14/2017 21:00,12,33,310
40463,8/14/2017 22:00,12,33,310
40464,8/14/2017 23:00,12,33,310
40465,8/15/2017 0:00,13,33,310
40466,8/15/2017 1:00,13,33,310
40467,8/15/2017 2:00,12,33,310
40468,8/15/2017 3:00,12,33,311
40469,8/15/2017 4:00,12,33,310
40470,8/15/2017 5:00,12,33,311
40471,8/15/2017 6:00,12,33,311
40472,8/15/2017 7:00,12,33,311
40473,8/15/2017 8:00,11,33,311
40474,8/15/2017 9:00,13,33,311
40475,8/15/2017 10:00,13,33,311
40476,8/15/2017 11:00,12,33,311
40477,8/15/2017 12:00,13,33,311
40478,8/15/2017 13:00,13,33,311
40479,8/15/2017 14:00,12,33,311
40480,8/15/2017 15:00,12,32,311
40481,8/15/2017 16:00,12,33,311
40482,8/15/2017 17:00,12,33,311
40483,8/15/2017 18:00,13,33,311
40484,8/15/2017 19:00,12,33,311
40485,8/15/2017 20:00,12,33,311
40486,8/15/2017 21:00,12,33,311
40487,8/15/2017 22:00,12,32,311
40488,8/15/2017 23:00,12,32,311
40489,8/16/2017 0:00,12,32,311
40490,8/16/2017 1:00,13,32,311
40491,8/16/2017 2:00,12,33,311
40492,8/16/2017 3:00,12,32,311
40493,8/16/2017 4:00,12,32,311
40494,8/16/2017 5:00,12,32,311
40495,8/16/2017 6:00,12,32,311
40496,8/16/2017 7:00,12,32,310
40497,8/16/2017 8:00,12,32,311
40498,8/16/2017 9:00,12,32,310
40499,8/16/2017 10:00,12,32,310
40500,8/16/2017 11:00,13,32,310
40501,8/16/2017 12:00,12,32,310
40502,8/16/2017 13:00,13,32,310
40503,8/16/2017 14:00,12,32,310
40504,8/16/2017 15:00,12,32,310
40505,8/16/2017 16:00,12,32,310
40506,8/16/2017 17:00,12,32,310
40507,8/16/2017 18:00,13,32,309
40508,8/16/2017 19:00,12,32,310
40509,8/16/2017 20:00,12,32,310
40510,8/16/2017 21:00,12,32,310
40511,8/16/2017 22:00,13,32,309
40512,8/16/2017 23:00,12,32,309
40513,8/17/2017 0:00,12,32,309
40514,8/17/2017 1:00,12,32,309
40515,8/17/2017 2:00,12,32,309
40516,8/17/2017 3:00,12,32,309
40517,8/17/2017 4:00,12,32,309
40518,8/17/2017 5:00,12,32,309
40519,8/17/2017 6:00,12,32,309
40520,8/17/2017 7:00,13,32,309
40521,8/17/2017 8:00,12,32,309
40522,8/17/2017 9:00,12,32,309
40523,8/17/2017 10:00,12,32,309
40524,8/17/2017 11:00,12,32,309
40525,8/17/2017 12:00,12,32,309
40526,8/17/2017 13:00,12,32,309
40527,8/17/2017 14:00,12,32,309
40528,8/17/2017 15:00,12,32,309
40529,8/17/2017 16:00,12,32,308
40530,8/17/2017 17:00,12,32,309
40531,8/17/2017 18:00,12,32,309
40532,8/17/2017 19:00,13,32,309
40533,8/17/2017 20:00,12,32,308
40534,8/17/2017 21:00,12,32,308
40535,8/17/2017 22:00,12,32,309
40536,8/17/2017 23:00,12,32,308
40537,8/18/2017 0:00,12,32,308
40538,8/18/2017 1:00,12,32,308
40539,8/18/2017 2:00,12,32,308
40540,8/18/2017 3:00,12,32,308
40541,8/18/2017 4:00,12,32,308
40542,8/18/2017 5:00,12,32,308
40543,8/18/2017 6:00,12,32,308
40544,8/18/2017 7:00,12,32,308
40545,8/18/2017 8:00,12,32,308
40546,8/18/2017 9:00,12,32,308
40547,8/18/2017 10:00,12,32,308
40548,8/18/2017 11:00,12,32,308
40549,8/18/2017 12:00,12,32,308
40550,8/18/2017 13:00,12,32,308
40551,8/18/2017 14:00,12,32,308
40552,8/18/2017 15:00,12,32,308
40553,8/18/2017 16:00,12,32,308
40554,8/18/2017 17:00,13,32,308
40555,8/18/2017 18:00,13,32,308
40556,8/18/2017 19:00,12,32,308
40557,8/18/2017 20:00,12,32,308
40558,8/18/2017 21:00,12,32,308
40559,8/18/2017 22:00,12,32,307
40560,8/18/2017 23:00,12,32,308
40561,8/19/2017 0:00,13,32,307
40562,8/19/2017 1:00,13,32,307
40563,8/19/2017 2:00,12,32,307
40564,8/19/2017 3:00,13,32,308
40565,8/19/2017 4:00,12,32,307
40566,8/19/2017 5:00,12,32,307
40567,8/19/2017 6:00,12,32,307
40568,8/19/2017 7:00,12,32,307
40569,8/19/2017 8:00,12,32,307
40570,8/19/2017 9:00,12,32,513
40571,8/19/2017 10:00,12,32,514
40572,8/19/2017 11:00,13,32,513
40573,8/19/2017 12:00,12,32,510
40574,8/19/2017 13:00,12,32,510
40575,8/19/2017 14:00,12,32,510
40576,8/19/2017 15:00,12,32,510
40577,8/19/2017 16:00,12,32,509
40578,8/19/2017 17:00,12,32,509
40579,8/19/2017 18:00,13,32,513
40580,8/19/2017 19:00,12,32,514
40581,8/19/2017 20:00,12,32,513
40582,8/19/2017 21:00,12,32,510
40583,8/19/2017 22:00,12,32,510
40584,8/19/2017 23:00,13,32,510
40585,8/20/2017 0:00,13,32,510
40586,8/20/2017 1:00,12,32,509
40587,8/20/2017 2:00,12,32,509
40588,8/20/2017 3:00,12,32,509
40589,8/20/2017 4:00,13,32,509
40590,8/20/2017 5:00,12,32,509
40591,8/20/2017 6:00,12,32,515
40592,8/20/2017 7:00,12,32,515
40593,8/20/2017 8:00,12,32,515
40594,8/20/2017 9:00,12,32,514
40595,8/20/2017 10:00,12,32,513
40596,8/20/2017 11:00,12,32,512
40597,8/20/2017 12:00,12,32,511
40598,8/20/2017 13:00,12,32,509
40599,8/20/2017 14:00,12,32,508
40600,8/20/2017 15:00,12,32,507
40601,8/20/2017 16:00,12,32,492
40602,8/20/2017 17:00,12,32,413
40603,8/20/2017 18:00,12,32,396
40604,8/20/2017 19:00,12,32,433
40605,8/20/2017 20:00,12,32,444
40606,8/20/2017 21:00,12,32,435
40607,8/20/2017 22:00,12,32,441
40608,8/20/2017 23:00,12,32,418
40609,8/21/2017 0:00,12,32,425
40610,8/21/2017 1:00,12,32,421
40611,8/21/2017 2:00,12,32,421
40612,8/21/2017 3:00,12,32,399
40613,8/21/2017 4:00,12,32,439
40614,8/21/2017 5:00,13,32,462
40615,8/21/2017 6:00,12,32,465
40616,8/21/2017 7:00,12,32,469
40617,8/21/2017 8:00,13,32,473
40618,8/21/2017 9:00,12,33,468
40619,8/21/2017 10:00,12,33,483
40620,8/21/2017 11:00,13,32,476
40621,8/21/2017 12:00,12,32,475
40622,8/21/2017 13:00,12,32,482
40623,8/21/2017 14:00,12,32,477
40624,8/21/2017 15:00,13,32,496
40625,8/21/2017 16:00,12,32,508
40626,8/21/2017 17:00,12,32,508
40627,8/21/2017 18:00,12,32,508
40628,8/21/2017 19:00,12,32,508
40629,8/21/2017 20:00,12,32,508
40630,8/21/2017 21:00,12,32,508
40631,8/21/2017 22:00,12,32,507
40632,8/21/2017 23:00,13,32,507
40633,8/22/2017 0:00,12,32,508
40634,8/22/2017 1:00,12,32,507
40635,8/22/2017 2:00,12,32,507
40636,8/22/2017 3:00,12,32,506
40637,8/22/2017 4:00,12,32,506
40638,8/22/2017 5:00,12,32,506
40639,8/22/2017 6:00,12,32,506
40640,8/22/2017 7:00,12,32,505
40641,8/22/2017 8:00,12,32,504
40642,8/22/2017 9:00,12,32,503
40643,8/22/2017 10:00,12,32,502
40644,8/22/2017 11:00,13,32,504
40645,8/22/2017 12:00,12,32,504
40646,8/22/2017 13:00,12,32,503
40647,8/22/2017 14:00,12,32,502
40648,8/22/2017 15:00,13,35,502
40649,8/22/2017 16:00,13,32,502
40650,8/22/2017 17:00,12,32,502
40651,8/22/2017 18:00,12,31,502
40652,8/22/2017 19:00,12,34,502
40653,8/22/2017 20:00,13,31,501
40654,8/22/2017 21:00,13,32,501
40655,8/22/2017 22:00,12,32,501
40656,8/22/2017 23:00,12,32,501
40657,8/23/2017 0:00,12,32,501
40658,8/23/2017 1:00,12,32,500
40659,8/23/2017 2:00,12,32,500
40660,8/23/2017 3:00,12,32,500
40661,8/23/2017 4:00,12,32,500
40662,8/23/2017 5:00,12,32,500
40663,8/23/2017 6:00,12,32,499
40664,8/23/2017 7:00,12,32,499
40665,8/23/2017 8:00,12,32,498
40666,8/23/2017 9:00,12,32,498
40667,8/23/2017 10:00,12,32,497
40668,8/23/2017 11:00,12,32,497
40669,8/23/2017 12:00,12,32,497
40670,8/23/2017 13:00,12,33,497
40671,8/23/2017 14:00,12,32,496
40672,8/23/2017 15:00,12,32,496
40673,8/23/2017 16:00,12,32,496
40674,8/23/2017 17:00,12,32,496
40675,8/23/2017 18:00,12,35,496
40676,8/23/2017 19:00,12,32,496
40677,8/23/2017 20:00,12,32,495
40678,8/23/2017 21:00,12,32,495
40679,8/23/2017 22:00,12,32,494
40680,8/23/2017 23:00,12,32,494
40681,8/24/2017 0:00,12,32,494
40682,8/24/2017 1:00,12,32,494
40683,8/24/2017 2:00,12,32,493
40684,8/24/2017 3:00,12,32,492
40685,8/24/2017 4:00,12,32,492
40686,8/24/2017 5:00,12,32,492
40687,8/24/2017 6:00,12,32,492
40688,8/24/2017 7:00,12,32,491
40689,8/24/2017 8:00,13,32,491
40690,8/24/2017 9:00,13,32,491
40691,8/24/2017 10:00,13,32,491
40692,8/24/2017 11:00,12,32,490
40693,8/24/2017 12:00,12,32,490
40694,8/24/2017 13:00,12,32,490
40695,8/24/2017 14:00,12,32,490
40696,8/24/2017 15:00,12,32,490
40697,8/24/2017 16:00,12,32,489
40698,8/24/2017 17:00,12,32,489
40699,8/24/2017 18:00,12,32,489
40700,8/24/2017 19:00,12,32,489
40701,8/24/2017 20:00,13,32,489
40702,8/24/2017 21:00,12,35,488
40703,8/24/2017 22:00,12,32,488
40704,8/24/2017 23:00,12,32,488
40705,8/25/2017 0:00,12,32,487
40706,8/25/2017 1:00,13,32,487
40707,8/25/2017 2:00,12,32,485
40708,8/25/2017 3:00,12,32,485
40709,8/25/2017 4:00,12,32,485
40710,8/25/2017 5:00,12,32,485
40711,8/25/2017 6:00,12,32,484
40712,8/25/2017 7:00,12,32,484
40713,8/25/2017 8:00,12,32,484
40714,8/25/2017 9:00,12,32,483
40715,8/25/2017 10:00,12,32,483
40716,8/25/2017 11:00,12,32,483
40717,8/25/2017 12:00,12,32,483
40718,8/25/2017 13:00,12,32,483
40719,8/25/2017 14:00,12,32,483
40720,8/25/2017 15:00,13,32,483
40721,8/25/2017 16:00,14,32,483
40722,8/25/2017 17:00,12,32,482
40723,8/25/2017 18:00,13,32,482
40724,8/25/2017 19:00,13,32,482
40725,8/25/2017 20:00,12,32,482
40726,8/25/2017 21:00,13,32,481
40727,8/25/2017 22:00,12,32,480
40728,8/25/2017 23:00,13,32,480
40729,8/26/2017 0:00,13,32,480
40730,8/26/2017 1:00,12,32,480
40731,8/26/2017 2:00,13,32,480
40732,8/26/2017 3:00,12,32,479
40733,8/26/2017 4:00,12,32,479
40734,8/26/2017 5:00,13,32,479
40735,8/26/2017 6:00,12,32,479
40736,8/26/2017 7:00,12,32,479
40737,8/26/2017 8:00,12,32,479
40738,8/26/2017 9:00,12,32,478
40739,8/26/2017 10:00,12,32,478
40740,8/26/2017 11:00,12,32,478
40741,8/26/2017 12:00,12,32,478
40742,8/26/2017 13:00,12,32,478
40743,8/26/2017 14:00,12,32,478
40744,8/26/2017 15:00,12,32,477
40745,8/26/2017 16:00,12,32,476
40746,8/26/2017 17:00,12,32,476
40747,8/26/2017 18:00,12,32,476
40748,8/26/2017 19:00,12,32,476
40749,8/26/2017 20:00,12,32,476
40750,8/26/2017 21:00,12,32,475
40751,8/26/2017 22:00,12,32,475
40752,8/26/2017 23:00,12,32,475
40753,8/27/2017 0:00,12,32,475
40754,8/27/2017 1:00,12,32,475
40755,8/27/2017 2:00,12,32,474
40756,8/27/2017 3:00,13,32,474
40757,8/27/2017 4:00,12,32,474
40758,8/27/2017 5:00,12,32,473
40759,8/27/2017 6:00,12,32,473
40760,8/27/2017 7:00,12,32,472
40761,8/27/2017 8:00,12,32,470
40762,8/27/2017 9:00,12,32,469
40763,8/27/2017 10:00,12,32,467
40764,8/27/2017 11:00,12,32,463
40765,8/27/2017 12:00,12,32,456
40766,8/27/2017 13:00,12,32,456
40767,8/27/2017 14:00,12,32,405
40768,8/27/2017 15:00,12,32,443
40769,8/27/2017 16:00,12,32,438
40770,8/27/2017 17:00,12,32,459
40771,8/27/2017 18:00,12,32,465
40772,8/27/2017 19:00,12,32,466
40773,8/27/2017 20:00,12,32,466
40774,8/27/2017 21:00,12,32,465
40775,8/27/2017 22:00,12,32,465
40776,8/27/2017 23:00,12,32,466
40777,8/28/2017 0:00,12,32,466
40778,8/28/2017 1:00,13,32,467
40779,8/28/2017 2:00,12,32,465
40780,8/28/2017 3:00,13,35,466
40781,8/28/2017 4:00,12,32,467
40782,8/28/2017 5:00,12,32,467
40783,8/28/2017 6:00,12,32,467
40784,8/28/2017 7:00,12,32,467
40785,8/28/2017 8:00,12,32,467
40786,8/28/2017 9:00,12,32,467
40787,8/28/2017 10:00,12,32,467
40788,8/28/2017 11:00,12,32,467
40789,8/28/2017 12:00,12,32,467
40790,8/28/2017 13:00,12,32,466
40791,8/28/2017 14:00,12,32,466
40792,8/28/2017 15:00,12,32,466
40793,8/28/2017 16:00,12,32,466
40794,8/28/2017 17:00,12,32,466
40795,8/28/2017 18:00,12,32,466
40796,8/28/2017 19:00,12,32,465
40797,8/28/2017 20:00,12,32,465
40798,8/28/2017 21:00,12,32,465
40799,8/28/2017 22:00,12,32,465
40800,8/28/2017 23:00,12,32,465
40801,8/29/2017 0:00,12,32,465
40802,8/29/2017 1:00,12,32,464
40803,8/29/2017 2:00,13,32,464
40804,8/29/2017 3:00,12,32,464
40805,8/29/2017 4:00,12,32,464
40806,8/29/2017 5:00,13,32,464
40807,8/29/2017 6:00,12,34,464
40808,8/29/2017 7:00,12,32,463
40809,8/29/2017 8:00,12,32,463
40810,8/29/2017 9:00,13,32,463
40811,8/29/2017 10:00,12,32,463
40812,8/29/2017 11:00,12,32,462
40813,8/29/2017 12:00,12,32,462
40814,8/29/2017 13:00,12,32,462
40815,8/29/2017 14:00,12,32,461
40816,8/29/2017 15:00,12,32,461
40817,8/29/2017 16:00,12,32,461
40818,8/29/2017 17:00,12,32,461
40819,8/29/2017 18:00,12,32,461
40820,8/29/2017 19:00,12,32,460
40821,8/29/2017 20:00,12,32,459
40822,8/29/2017 21:00,12,32,459
40823,8/29/2017 22:00,13,32,459
40824,8/29/2017 23:00,12,32,459
40825,8/30/2017 0:00,12,32,458
40826,8/30/2017 1:00,12,32,458
40827,8/30/2017 2:00,12,32,458
40828,8/30/2017 3:00,12,32,458
40829,8/30/2017 4:00,12,32,458
40830,8/30/2017 5:00,12,32,458
40831,8/30/2017 6:00,12,32,458
40832,8/30/2017 7:00,12,32,457
40833,8/30/2017 8:00,12,32,457
40834,8/30/2017 9:00,13,32,456
40835,8/30/2017 10:00,12,32,456
40836,8/30/2017 11:00,12,32,456
40837,8/30/2017 12:00,12,32,456
40838,8/30/2017 13:00,12,32,456
40839,8/30/2017 14:00,12,32,455
40840,8/30/2017 15:00,12,32,455
40841,8/30/2017 16:00,12,32,455
40842,8/30/2017 17:00,12,32,455
40843,8/30/2017 18:00,12,32,455
40844,8/30/2017 19:00,12,32,454
40845,8/30/2017 20:00,12,32,454
40846,8/30/2017 21:00,12,32,454
40847,8/30/2017 22:00,12,32,454
40848,8/30/2017 23:00,12,32,454
40849,8/31/2017 0:00,12,32,454
40850,8/31/2017 1:00,12,32,454
40851,8/31/2017 2:00,12,32,453
40852,8/31/2017 3:00,12,32,453
40853,8/31/2017 4:00,12,32,453
40854,8/31/2017 5:00,12,32,453
40855,8/31/2017 6:00,12,32,452
40856,8/31/2017 7:00,12,32,452
40857,8/31/2017 8:00,12,32,452
40858,8/31/2017 9:00,12,32,452
40859,8/31/2017 10:00,12,32,452
40860,8/31/2017 11:00,12,32,452
40861,8/31/2017 12:00,12,32,450
40862,8/31/2017 13:00,12,32,450
40863,8/31/2017 14:00,12,32,450
40864,8/31/2017 15:00,12,32,450
40865,8/31/2017 16:00,12,32,450
40866,8/31/2017 17:00,12,32,449
40867,8/31/2017 18:00,12,32,450
40868,8/31/2017 19:00,13,32,449
40869,8/31/2017 20:00,12,32,449
40870,8/31/2017 21:00,12,35,449
40871,8/31/2017 22:00,12,32,448
40872,8/31/2017 23:00,12,32,448
40873,9/1/2017 0:00,13,32,448
40874,9/1/2017 1:00,12,32,448
40875,9/1/2017 2:00,12,32,447
40876,9/1/2017 3:00,12,30,448
40877,9/1/2017 4:00,12,32,448
40878,9/1/2017 5:00,12,32,447
40879,9/1/2017 6:00,12,32,447
40880,9/1/2017 7:00,12,32,447
40881,9/1/2017 8:00,12,32,446
40882,9/1/2017 9:00,12,32,446
40883,9/1/2017 10:00,12,32,446
40884,9/1/2017 11:00,12,32,446
40885,9/1/2017 12:00,12,32,446
40886,9/1/2017 13:00,12,32,446
40887,9/1/2017 14:00,12,32,445
40888,9/1/2017 15:00,12,32,445
40889,9/1/2017 16:00,12,32,445
40890,9/1/2017 17:00,12,32,444
40891,9/1/2017 18:00,12,32,444
40892,9/1/2017 19:00,12,32,444
40893,9/1/2017 20:00,12,32,444
40894,9/1/2017 21:00,12,32,444
40895,9/1/2017 22:00,12,32,443
40896,9/1/2017 23:00,12,32,443
40897,9/2/2017 0:00,12,32,443
40898,9/2/2017 1:00,12,32,443
40899,9/2/2017 2:00,12,32,443
40900,9/2/2017 3:00,12,32,443
40901,9/2/2017 4:00,12,32,442
40902,9/2/2017 5:00,12,32,442
40903,9/2/2017 6:00,13,32,441
40904,9/2/2017 7:00,12,32,441
40905,9/2/2017 8:00,12,32,441
40906,9/2/2017 9:00,12,32,441
40907,9/2/2017 10:00,12,32,441
40908,9/2/2017 11:00,12,32,441
40909,9/2/2017 12:00,12,32,441
40910,9/2/2017 13:00,12,32,441
40911,9/2/2017 14:00,12,32,441
40912,9/2/2017 15:00,12,32,441
40913,9/2/2017 16:00,12,32,440
40914,9/2/2017 17:00,12,32,440
40915,9/2/2017 18:00,13,32,440
40916,9/2/2017 19:00,12,32,440
40917,9/2/2017 20:00,12,32,440
40918,9/2/2017 21:00,12,32,440
40919,9/2/2017 22:00,12,32,440
40920,9/2/2017 23:00,12,32,440
40921,9/3/2017 0:00,13,32,440
40922,9/3/2017 1:00,12,32,440
40923,9/3/2017 2:00,12,32,439
40924,9/3/2017 3:00,12,32,439
40925,9/3/2017 4:00,13,32,439
40926,9/3/2017 5:00,12,32,439
40927,9/3/2017 6:00,12,32,439
40928,9/3/2017 7:00,12,32,439
40929,9/3/2017 8:00,12,32,439
40930,9/3/2017 9:00,12,32,438
40931,9/3/2017 10:00,12,32,438
40932,9/3/2017 11:00,12,32,438
40933,9/3/2017 12:00,12,32,438
40934,9/3/2017 13:00,12,32,437
40935,9/3/2017 14:00,12,32,437
40936,9/3/2017 15:00,12,32,437
40937,9/3/2017 16:00,12,32,437
40938,9/3/2017 17:00,13,32,437
40939,9/3/2017 18:00,12,32,437
40940,9/3/2017 19:00,12,32,437
40941,9/3/2017 20:00,12,32,437
40942,9/3/2017 21:00,13,32,437
40943,9/3/2017 22:00,12,32,437
40944,9/3/2017 23:00,12,32,437
40945,9/4/2017 0:00,12,32,437
40946,9/4/2017 1:00,12,32,437
40947,9/4/2017 2:00,12,32,437
40948,9/4/2017 3:00,12,32,436
40949,9/4/2017 4:00,12,32,436
40950,9/4/2017 5:00,12,32,436
40951,9/4/2017 6:00,12,32,436
40952,9/4/2017 7:00,12,32,436
40953,9/4/2017 8:00,12,32,435
40954,9/4/2017 9:00,13,32,436
40955,9/4/2017 10:00,13,32,436
40956,9/4/2017 11:00,12,32,435
40957,9/4/2017 12:00,12,32,435
40958,9/4/2017 13:00,12,32,435
40959,9/4/2017 14:00,12,32,435
40960,9/4/2017 15:00,13,32,435
40961,9/4/2017 16:00,12,32,435
40962,9/4/2017 17:00,12,32,434
40963,9/4/2017 18:00,12,32,434
40964,9/4/2017 19:00,12,32,434
40965,9/4/2017 20:00,12,32,433
40966,9/4/2017 21:00,12,32,432
40967,9/4/2017 22:00,12,32,432
40968,9/4/2017 23:00,12,32,432
40969,9/5/2017 0:00,12,32,432
40970,9/5/2017 1:00,12,32,432
40971,9/5/2017 2:00,12,32,432
40972,9/5/2017 3:00,12,32,432
40973,9/5/2017 4:00,12,32,432
40974,9/5/2017 5:00,12,32,431
40975,9/5/2017 6:00,12,32,431
40976,9/5/2017 7:00,12,32,431
40977,9/5/2017 8:00,12,32,431
40978,9/5/2017 9:00,12,32,431
40979,9/5/2017 10:00,13,32,431
40980,9/5/2017 11:00,12,32,431
40981,9/5/2017 12:00,12,32,431
40982,9/5/2017 13:00,12,32,431
40983,9/5/2017 14:00,12,32,431
40984,9/5/2017 15:00,12,32,431
40985,9/5/2017 16:00,12,32,431
40986,9/5/2017 17:00,12,32,430
40987,9/5/2017 18:00,12,32,430
40988,9/5/2017 19:00,12,32,430
40989,9/5/2017 20:00,12,32,430
40990,9/5/2017 21:00,12,32,430
40991,9/5/2017 22:00,12,32,430
40992,9/5/2017 23:00,12,32,430
40993,9/6/2017 0:00,12,32,430
40994,9/6/2017 1:00,12,32,430
40995,9/6/2017 2:00,13,32,429
40996,9/6/2017 3:00,12,32,429
40997,9/6/2017 4:00,12,32,429
40998,9/6/2017 5:00,12,32,429
40999,9/6/2017 6:00,12,32,429
41000,9/6/2017 7:00,12,32,429
41001,9/6/2017 8:00,12,32,429
41002,9/6/2017 9:00,12,32,428
41003,9/6/2017 10:00,12,32,428
41004,9/6/2017 11:00,12,32,428
41005,9/6/2017 12:00,12,32,428
41006,9/6/2017 13:00,12,32,428
41007,9/6/2017 14:00,12,32,428
41008,9/6/2017 15:00,12,32,428
41009,9/6/2017 16:00,12,32,428
41010,9/6/2017 17:00,12,32,428
41011,9/6/2017 18:00,12,33,428
41012,9/6/2017 19:00,12,32,428
41013,9/6/2017 20:00,12,32,427
41014,9/6/2017 21:00,12,32,427
41015,9/6/2017 22:00,12,32,427
41016,9/6/2017 23:00,12,32,427
41017,9/7/2017 0:00,12,32,427
41018,9/7/2017 1:00,13,32,427
41019,9/7/2017 2:00,12,32,427
41020,9/7/2017 3:00,12,32,427
41021,9/7/2017 4:00,12,32,426
41022,9/7/2017 5:00,12,32,427
41023,9/7/2017 6:00,12,32,427
41024,9/7/2017 7:00,12,32,427
41025,9/7/2017 8:00,12,32,427
41026,9/7/2017 9:00,12,32,427
41027,9/7/2017 10:00,12,32,427
41028,9/7/2017 11:00,12,32,427
41029,9/7/2017 12:00,12,32,427
41030,9/7/2017 13:00,12,32,427
41031,9/7/2017 14:00,12,32,427
41032,9/7/2017 15:00,12,32,426
41033,9/7/2017 16:00,12,32,427
41034,9/7/2017 17:00,12,32,426
41035,9/7/2017 18:00,12,32,426
41036,9/7/2017 19:00,12,32,426
41037,9/7/2017 20:00,12,32,426
41038,9/7/2017 21:00,13,32,426
41039,9/7/2017 22:00,12,32,426
41040,9/7/2017 23:00,12,32,426
41041,9/8/2017 0:00,12,32,426
41042,9/8/2017 1:00,12,32,426
41043,9/8/2017 2:00,12,32,426
41044,9/8/2017 3:00,12,32,426
41045,9/8/2017 4:00,12,32,426
41046,9/8/2017 5:00,12,32,426
41047,9/8/2017 6:00,12,32,426
41048,9/8/2017 7:00,12,32,426
41049,9/8/2017 8:00,12,32,426
41050,9/8/2017 9:00,12,32,426
41051,9/8/2017 10:00,12,32,425
41052,9/8/2017 11:00,12,32,425
41053,9/8/2017 12:00,12,34,425
41054,9/8/2017 13:00,12,32,426
41055,9/8/2017 14:00,12,32,426
41056,9/8/2017 15:00,12,32,426
41057,9/8/2017 16:00,12,32,426
41058,9/8/2017 17:00,12,32,426
41059,9/8/2017 18:00,12,32,425
41060,9/8/2017 19:00,12,32,426
41061,9/8/2017 20:00,12,32,426
41062,9/8/2017 21:00,12,32,426
41063,9/8/2017 22:00,12,32,426
41064,9/8/2017 23:00,12,32,425
41065,9/9/2017 0:00,12,32,426
41066,9/9/2017 1:00,12,32,426
41067,9/9/2017 2:00,12,32,426
41068,9/9/2017 3:00,12,32,426
41069,9/9/2017 4:00,12,32,426
41070,9/9/2017 5:00,12,32,426
41071,9/9/2017 6:00,12,32,426
41072,9/9/2017 7:00,12,32,426
41073,9/9/2017 8:00,12,32,426
41074,9/9/2017 9:00,12,32,426
41075,9/9/2017 10:00,12,32,426
41076,9/9/2017 11:00,12,32,426
41077,9/9/2017 12:00,12,32,426
41078,9/9/2017 13:00,12,32,427
41079,9/9/2017 14:00,12,32,427
41080,9/9/2017 15:00,12,32,427
41081,9/9/2017 16:00,12,32,428
41082,9/9/2017 17:00,13,32,428
41083,9/9/2017 18:00,12,32,429
41084,9/9/2017 19:00,12,32,428
41085,9/9/2017 20:00,12,32,428
41086,9/9/2017 21:00,12,32,428
41087,9/9/2017 22:00,12,32,428
41088,9/9/2017 23:00,12,32,428
41089,9/10/2017 0:00,12,32,427
41090,9/10/2017 1:00,12,32,427
41091,9/10/2017 2:00,12,32,427
41092,9/10/2017 3:00,12,32,426
41093,9/10/2017 4:00,12,32,427
41094,9/10/2017 5:00,12,32,428
41095,9/10/2017 6:00,12,32,427
41096,9/10/2017 7:00,12,32,427
41097,9/10/2017 8:00,12,32,427
41098,9/10/2017 9:00,12,32,427
41099,9/10/2017 10:00,12,32,427
41100,9/10/2017 11:00,12,32,427
41101,9/10/2017 12:00,12,32,427
41102,9/10/2017 13:00,12,32,428
41103,9/10/2017 14:00,12,30,428
41104,9/10/2017 15:00,12,32,428
41105,9/10/2017 16:00,12,32,429
41106,9/10/2017 17:00,12,32,428
41107,9/10/2017 18:00,13,33,429
41108,9/10/2017 19:00,12,32,429
41109,9/10/2017 20:00,12,32,429
41110,9/10/2017 21:00,12,32,429
41111,9/10/2017 22:00,12,32,430
41112,9/10/2017 23:00,12,32,430
41113,9/11/2017 0:00,12,32,429
41114,9/11/2017 1:00,12,32,429
41115,9/11/2017 2:00,12,32,430
41116,9/11/2017 3:00,12,32,429
41117,9/11/2017 4:00,12,32,430
41118,9/11/2017 5:00,13,34,428
41119,9/11/2017 6:00,12,32,429
41120,9/11/2017 7:00,12,32,429
41121,9/11/2017 8:00,12,32,429
41122,9/11/2017 9:00,12,32,429
41123,9/11/2017 10:00,12,32,429
41124,9/11/2017 11:00,12,32,429
41125,9/11/2017 12:00,12,32,429
41126,9/11/2017 13:00,12,32,430
41127,9/11/2017 14:00,12,32,430
41128,9/11/2017 15:00,13,32,430
41129,9/11/2017 16:00,12,32,430
41130,9/11/2017 17:00,12,32,430
41131,9/11/2017 18:00,12,32,431
41132,9/11/2017 19:00,12,32,431
41133,9/11/2017 20:00,12,32,430
41134,9/11/2017 21:00,12,32,430
41135,9/11/2017 22:00,12,33,431
41136,9/11/2017 23:00,12,32,430
41137,9/12/2017 0:00,12,32,431
41138,9/12/2017 1:00,12,32,430
41139,9/12/2017 2:00,12,32,431
41140,9/12/2017 3:00,12,32,430
41141,9/12/2017 4:00,12,32,431
41142,9/12/2017 5:00,12,32,431
41143,9/12/2017 6:00,12,32,431
41144,9/12/2017 7:00,12,32,431
41145,9/12/2017 8:00,12,32,431
41146,9/12/2017 9:00,12,32,431
41147,9/12/2017 10:00,12,32,431
41148,9/12/2017 11:00,12,32,431
41149,9/12/2017 12:00,12,30,431
41150,9/12/2017 13:00,12,32,431
41151,9/12/2017 14:00,12,32,431
41152,9/12/2017 15:00,12,32,429
41153,9/12/2017 16:00,12,32,429
41154,9/12/2017 17:00,12,32,429
41155,9/12/2017 18:00,13,32,428
41156,9/12/2017 19:00,12,32,428
41157,9/12/2017 20:00,12,32,429
41158,9/12/2017 21:00,12,32,428
41159,9/12/2017 22:00,12,32,428
41160,9/12/2017 23:00,12,32,428
41161,9/13/2017 0:00,12,32,429
41162,9/13/2017 1:00,12,32,429
41163,9/13/2017 2:00,12,32,429
41164,9/13/2017 3:00,12,32,428
41165,9/13/2017 4:00,12,32,429
41166,9/13/2017 5:00,12,32,429
41167,9/13/2017 6:00,12,32,428
41168,9/13/2017 7:00,12,32,429
41169,9/13/2017 8:00,12,32,428
41170,9/13/2017 9:00,12,32,428
41171,9/13/2017 10:00,12,32,428
41172,9/13/2017 11:00,12,32,430
41173,9/13/2017 12:00,12,32,429
41174,9/13/2017 13:00,12,32,429
41175,9/13/2017 14:00,12,32,429
41176,9/13/2017 15:00,12,32,429
41177,9/13/2017 16:00,12,32,429
41178,9/13/2017 17:00,12,32,429
41179,9/13/2017 18:00,12,35,431
41180,9/13/2017 19:00,12,32,326
41181,9/13/2017 20:00,12,32,410
41182,9/13/2017 21:00,12,32,410
41183,9/13/2017 22:00,12,32,420
41184,9/13/2017 23:00,12,32,397
41185,9/14/2017 0:00,12,32,397
41186,9/14/2017 1:00,12,32,397
41187,9/14/2017 2:00,12,32,395
41188,9/14/2017 3:00,12,32,392
41189,9/14/2017 4:00,12,32,391
41190,9/14/2017 5:00,12,32,383
41191,9/14/2017 6:00,12,32,381
41192,9/14/2017 7:00,12,30,382
41193,9/14/2017 8:00,12,32,381
41194,9/14/2017 9:00,14,32,380
41195,9/14/2017 10:00,14,32,374
41196,9/14/2017 11:00,12,32,368
41197,9/14/2017 12:00,12,32,361
41198,9/14/2017 13:00,12,32,376
41199,9/14/2017 14:00,12,32,388
41200,9/14/2017 15:00,12,32,390
41201,9/14/2017 16:00,12,32,382
41202,9/14/2017 17:00,12,32,363
41203,9/14/2017 18:00,12,32,362
41204,9/14/2017 19:00,12,32,359
41205,9/14/2017 20:00,12,32,359
41206,9/14/2017 21:00,12,32,351
41207,9/14/2017 22:00,12,32,359
41208,9/14/2017 23:00,12,32,359
41209,9/15/2017 0:00,12,32,361
41210,9/15/2017 1:00,12,32,360
41211,9/15/2017 2:00,12,32,357
41212,9/15/2017 3:00,12,32,355
41213,9/15/2017 4:00,12,32,359
41214,9/15/2017 5:00,12,32,360
41215,9/15/2017 6:00,12,32,360
41216,9/15/2017 7:00,12,32,360
41217,9/15/2017 8:00,12,32,360
41218,9/15/2017 9:00,12,32,360
41219,9/15/2017 10:00,12,32,361
41220,9/15/2017 11:00,12,32,360
41221,9/15/2017 12:00,12,32,360
41222,9/15/2017 13:00,12,32,360
41223,9/15/2017 14:00,12,32,359
41224,9/15/2017 15:00,12,30,356
41225,9/15/2017 16:00,12,32,355
41226,9/15/2017 17:00,12,32,355
41227,9/15/2017 18:00,14,32,356
41228,9/15/2017 19:00,12,32,357
41229,9/15/2017 20:00,12,32,356
41230,9/15/2017 21:00,12,32,353
41231,9/15/2017 22:00,12,32,354
41232,9/15/2017 23:00,12,32,355
41233,9/16/2017 0:00,12,32,355
41234,9/16/2017 1:00,12,32,360
41235,9/16/2017 2:00,12,30,359
41236,9/16/2017 3:00,12,34,360
41237,9/16/2017 4:00,12,32,360
41238,9/16/2017 5:00,12,32,359
41239,9/16/2017 6:00,12,32,360
41240,9/16/2017 7:00,12,32,360
41241,9/16/2017 8:00,12,32,359
41242,9/16/2017 9:00,12,32,357
41243,9/16/2017 10:00,12,32,356
41244,9/16/2017 11:00,12,32,356
41245,9/16/2017 12:00,12,32,355
41246,9/16/2017 13:00,12,32,356
41247,9/16/2017 14:00,12,32,356
41248,9/16/2017 15:00,12,32,357
41249,9/16/2017 16:00,12,32,357
41250,9/16/2017 17:00,12,30,359
41251,9/16/2017 18:00,13,32,363
41252,9/16/2017 19:00,12,32,366
41253,9/16/2017 20:00,12,32,366
41254,9/16/2017 21:00,12,32,368
41255,9/16/2017 22:00,12,32,369
41256,9/16/2017 23:00,12,32,369
41257,9/17/2017 0:00,12,30,369
41258,9/17/2017 1:00,12,32,370
41259,9/17/2017 2:00,12,32,371
41260,9/17/2017 3:00,12,32,372
41261,9/17/2017 4:00,12,32,372
41262,9/17/2017 5:00,12,32,372
41263,9/17/2017 6:00,12,32,373
41264,9/17/2017 7:00,12,30,373
41265,9/17/2017 8:00,12,32,373
41266,9/17/2017 9:00,12,32,373
41267,9/17/2017 10:00,12,32,374
41268,9/17/2017 11:00,12,32,374
41269,9/17/2017 12:00,14,32,374
41270,9/17/2017 13:00,12,32,374
41271,9/17/2017 14:00,12,32,374
41272,9/17/2017 15:00,12,32,374
41273,9/17/2017 16:00,12,32,374
41274,9/17/2017 17:00,12,32,374
41275,9/17/2017 18:00,12,32,374
41276,9/17/2017 19:00,12,32,374
41277,9/17/2017 20:00,12,32,374
41278,9/17/2017 21:00,14,32,374
41279,9/17/2017 22:00,12,32,374
41280,9/17/2017 23:00,12,32,374
41281,9/18/2017 0:00,12,32,374
41282,9/18/2017 1:00,12,32,374
41283,9/18/2017 2:00,12,32,374
41284,9/18/2017 3:00,12,32,374
41285,9/18/2017 4:00,12,32,374
41286,9/18/2017 5:00,12,32,373
41287,9/18/2017 6:00,12,32,373
41288,9/18/2017 7:00,12,32,373
41289,9/18/2017 8:00,12,32,373
41290,9/18/2017 9:00,12,32,374
41291,9/18/2017 10:00,12,32,373
41292,9/18/2017 11:00,12,32,372
41293,9/18/2017 12:00,12,32,372
41294,9/18/2017 13:00,12,32,372
41295,9/18/2017 14:00,12,32,371
41296,9/18/2017 15:00,12,32,371
41297,9/18/2017 16:00,12,32,370
41298,9/18/2017 17:00,12,32,370
41299,9/18/2017 18:00,12,32,371
41300,9/18/2017 19:00,12,32,371
41301,9/18/2017 20:00,12,32,371
41302,9/18/2017 21:00,12,32,370
41303,9/18/2017 22:00,12,32,370
41304,9/18/2017 23:00,12,32,370
41305,9/19/2017 0:00,12,32,370
41306,9/19/2017 1:00,13,32,371
41307,9/19/2017 2:00,12,32,372
41308,9/19/2017 3:00,12,32,371
41309,9/19/2017 4:00,12,30,371
41310,9/19/2017 5:00,12,32,372
41311,9/19/2017 6:00,12,32,371
41312,9/19/2017 7:00,12,32,371
41313,9/19/2017 8:00,12,32,372
41314,9/19/2017 9:00,12,32,373
41315,9/19/2017 10:00,12,32,372
41316,9/19/2017 11:00,12,32,373
41317,9/19/2017 12:00,12,32,374
41318,9/19/2017 13:00,12,32,380
41319,9/19/2017 14:00,12,32,381
41320,9/19/2017 15:00,12,32,382
41321,9/19/2017 16:00,12,32,383
41322,9/19/2017 17:00,12,32,383
41323,9/19/2017 18:00,12,32,383
41324,9/19/2017 19:00,12,32,383
41325,9/19/2017 20:00,12,32,383
41326,9/19/2017 21:00,12,32,388
41327,9/19/2017 22:00,12,32,388
41328,9/19/2017 23:00,12,32,388
41329,9/20/2017 0:00,12,32,389
41330,9/20/2017 1:00,12,32,389
41331,9/20/2017 2:00,12,30,389
41332,9/20/2017 3:00,12,32,389
41333,9/20/2017 4:00,12,32,390
41334,9/20/2017 5:00,13,32,390
41335,9/20/2017 6:00,12,30,389
41336,9/20/2017 7:00,12,32,389
41337,9/20/2017 8:00,12,32,389
41338,9/20/2017 9:00,12,32,389
41339,9/20/2017 10:00,13,32,388
41340,9/20/2017 11:00,12,32,388
41341,9/20/2017 12:00,12,32,388
41342,9/20/2017 13:00,12,32,387
41343,9/20/2017 14:00,12,32,387
41344,9/20/2017 15:00,13,30,387
41345,9/20/2017 16:00,13,32,386
41346,9/20/2017 17:00,12,32,383
41347,9/20/2017 18:00,12,32,383
41348,9/20/2017 19:00,12,32,383
41349,9/20/2017 20:00,12,32,383
41350,9/20/2017 21:00,12,30,383
41351,9/20/2017 22:00,12,35,383
41352,9/20/2017 23:00,12,32,382
41353,9/21/2017 0:00,13,32,382
41354,9/21/2017 1:00,12,32,382
41355,9/21/2017 2:00,12,30,382
41356,9/21/2017 3:00,12,32,382
41357,9/21/2017 4:00,12,32,382
41358,9/21/2017 5:00,12,32,382
41359,9/21/2017 6:00,12,32,382
41360,9/21/2017 7:00,12,32,382
41361,9/21/2017 8:00,12,30,382
41362,9/21/2017 9:00,12,32,382
41363,9/21/2017 10:00,12,32,382
41364,9/21/2017 11:00,12,32,382
41365,9/21/2017 12:00,12,32,382
41366,9/21/2017 13:00,12,30,382
41367,9/21/2017 14:00,12,32,382
41368,9/21/2017 15:00,12,32,382
41369,9/21/2017 16:00,12,32,382
41370,9/21/2017 17:00,12,32,382
41371,9/21/2017 18:00,12,32,382
41372,9/21/2017 19:00,12,32,382
41373,9/21/2017 20:00,12,32,382
41374,9/21/2017 21:00,12,32,382
41375,9/21/2017 22:00,12,32,382
41376,9/21/2017 23:00,12,30,381
41377,9/22/2017 0:00,12,32,381
41378,9/22/2017 1:00,12,30,381
41379,9/22/2017 2:00,12,32,381
41380,9/22/2017 3:00,13,32,381
41381,9/22/2017 4:00,12,30,381
41382,9/22/2017 5:00,12,32,381
41383,9/22/2017 6:00,12,32,381
41384,9/22/2017 7:00,12,32,381
41385,9/22/2017 8:00,12,32,381
41386,9/22/2017 9:00,13,32,381
41387,9/22/2017 10:00,12,32,381
41388,9/22/2017 11:00,12,32,381
41389,9/22/2017 12:00,12,32,381
41390,9/22/2017 13:00,12,32,381
41391,9/22/2017 14:00,12,32,380
41392,9/22/2017 15:00,12,32,380
41393,9/22/2017 16:00,12,32,380
41394,9/22/2017 17:00,12,32,380
41395,9/22/2017 18:00,12,32,380
41396,9/22/2017 19:00,12,32,380
41397,9/22/2017 20:00,12,32,380
41398,9/22/2017 21:00,12,30,380
41399,9/22/2017 22:00,12,32,380
41400,9/22/2017 23:00,12,32,379
41401,9/23/2017 0:00,12,32,379
41402,9/23/2017 1:00,12,32,379
41403,9/23/2017 2:00,12,32,379
41404,9/23/2017 3:00,12,34,379
41405,9/23/2017 4:00,12,32,379
41406,9/23/2017 5:00,12,32,379
41407,9/23/2017 6:00,12,32,379
41408,9/23/2017 7:00,12,32,379
41409,9/23/2017 8:00,12,34,379
41410,9/23/2017 9:00,13,32,378
41411,9/23/2017 10:00,12,32,378
41412,9/23/2017 11:00,12,32,378
41413,9/23/2017 12:00,12,32,378
41414,9/23/2017 13:00,12,32,378
41415,9/23/2017 14:00,12,32,377
41416,9/23/2017 15:00,12,32,376
41417,9/23/2017 16:00,12,32,376
41418,9/23/2017 17:00,12,30,376
41419,9/23/2017 18:00,12,32,375
41420,9/23/2017 19:00,12,32,374
41421,9/23/2017 20:00,12,34,374
41422,9/23/2017 21:00,12,32,374
41423,9/23/2017 22:00,12,32,374
41424,9/23/2017 23:00,12,32,373
41425,9/24/2017 0:00,12,32,373
41426,9/24/2017 1:00,12,32,373
41427,9/24/2017 2:00,12,32,373
41428,9/24/2017 3:00,12,32,372
41429,9/24/2017 4:00,12,32,372
41430,9/24/2017 5:00,12,32,372
41431,9/24/2017 6:00,12,32,372
41432,9/24/2017 7:00,12,32,372
41433,9/24/2017 8:00,12,32,371
41434,9/24/2017 9:00,12,32,370
41435,9/24/2017 10:00,12,30,370
41436,9/24/2017 11:00,12,32,370
41437,9/24/2017 12:00,12,32,369
41438,9/24/2017 13:00,12,32,369
41439,9/24/2017 14:00,12,32,369
41440,9/24/2017 15:00,12,32,368
41441,9/24/2017 16:00,12,32,366
41442,9/24/2017 17:00,12,34,365
41443,9/24/2017 18:00,12,32,364
41444,9/24/2017 19:00,12,32,364
41445,9/24/2017 20:00,12,30,363
41446,9/24/2017 21:00,12,32,363
41447,9/24/2017 22:00,12,32,363
41448,9/24/2017 23:00,12,32,362
41449,9/25/2017 0:00,12,32,362
41450,9/25/2017 1:00,12,32,361
41451,9/25/2017 2:00,12,30,361
41452,9/25/2017 3:00,12,32,361
41453,9/25/2017 4:00,12,32,361
41454,9/25/2017 5:00,12,32,361
41455,9/25/2017 6:00,12,32,360
41456,9/25/2017 7:00,12,32,360
41457,9/25/2017 8:00,12,32,360
41458,9/25/2017 9:00,12,32,360
41459,9/25/2017 10:00,12,32,360
41460,9/25/2017 11:00,12,32,359
41461,9/25/2017 12:00,12,32,359
41462,9/25/2017 13:00,12,32,359
41463,9/25/2017 14:00,12,32,358
41464,9/25/2017 15:00,12,32,358
41465,9/25/2017 16:00,12,32,357
41466,9/25/2017 17:00,12,32,357
41467,9/25/2017 18:00,12,32,356
41468,9/25/2017 19:00,12,32,356
41469,9/25/2017 20:00,12,32,356
41470,9/25/2017 21:00,12,32,355
41471,9/25/2017 22:00,12,32,355
41472,9/25/2017 23:00,12,32,355
41473,9/26/2017 0:00,12,32,355
41474,9/26/2017 1:00,12,30,354
41475,9/26/2017 2:00,12,32,354
41476,9/26/2017 3:00,12,32,355
41477,9/26/2017 4:00,12,32,355
41478,9/26/2017 5:00,12,32,355
41479,9/26/2017 6:00,12,32,354
41480,9/26/2017 7:00,12,32,354
41481,9/26/2017 8:00,12,32,354
41482,9/26/2017 9:00,12,32,354
41483,9/26/2017 10:00,12,32,354
41484,9/26/2017 11:00,12,32,353
41485,9/26/2017 12:00,12,30,354
41486,9/26/2017 13:00,12,32,354
41487,9/26/2017 14:00,12,32,354
41488,9/26/2017 15:00,12,32,355
41489,9/26/2017 16:00,12,32,354
41490,9/26/2017 17:00,12,32,354
41491,9/26/2017 18:00,12,32,355
41492,9/26/2017 19:00,12,32,356
41493,9/26/2017 20:00,12,32,356
41494,9/26/2017 21:00,12,32,355
41495,9/26/2017 22:00,12,32,354
41496,9/26/2017 23:00,12,32,354
41497,9/27/2017 0:00,12,32,354
41498,9/27/2017 1:00,12,32,354
41499,9/27/2017 2:00,12,32,354
41500,9/27/2017 3:00,12,32,355
41501,9/27/2017 4:00,14,32,354
41502,9/27/2017 5:00,12,32,355
41503,9/27/2017 6:00,12,32,355
41504,9/27/2017 7:00,11,32,355
41505,9/27/2017 8:00,12,32,355
41506,9/27/2017 9:00,12,30,355
41507,9/27/2017 10:00,13,32,355
41508,9/27/2017 11:00,13,30,355
41509,9/27/2017 12:00,12,32,355
41510,9/27/2017 13:00,12,32,354
41511,9/27/2017 14:00,12,32,354
41512,9/27/2017 15:00,13,32,354
41513,9/27/2017 16:00,12,32,354
41514,9/27/2017 17:00,12,32,355
41515,9/27/2017 18:00,12,32,355
41516,9/27/2017 19:00,12,32,355
41517,9/27/2017 20:00,12,32,354
41518,9/27/2017 21:00,12,32,353
41519,9/27/2017 22:00,12,33,352
41520,9/27/2017 23:00,12,32,348
41521,9/28/2017 0:00,13,32,348
41522,9/28/2017 1:00,12,32,348
41523,9/28/2017 2:00,12,32,348
41524,9/28/2017 3:00,12,32,348
41525,9/28/2017 4:00,12,32,348
41526,9/28/2017 5:00,12,30,346
41527,9/28/2017 6:00,12,32,345
41528,9/28/2017 7:00,12,32,343
41529,9/28/2017 8:00,12,32,345
41530,9/28/2017 9:00,12,32,342
41531,9/28/2017 10:00,12,32,339
41532,9/28/2017 11:00,12,32,342
41533,9/28/2017 12:00,13,30,342
41534,9/28/2017 13:00,12,32,339
41535,9/28/2017 14:00,12,33,339
41536,9/28/2017 15:00,12,32,342
41537,9/28/2017 16:00,12,32,345
41538,9/28/2017 17:00,12,32,345
41539,9/28/2017 18:00,12,32,344
41540,9/28/2017 19:00,12,32,345
41541,9/28/2017 20:00,12,32,346
41542,9/28/2017 21:00,12,32,345
41543,9/28/2017 22:00,12,32,344
41544,9/28/2017 23:00,12,32,339
41545,9/29/2017 0:00,12,30,337
41546,9/29/2017 1:00,12,32,335
41547,9/29/2017 2:00,13,32,337
41548,9/29/2017 3:00,12,34,344
41549,9/29/2017 4:00,12,32,344
41550,9/29/2017 5:00,12,32,344
41551,9/29/2017 6:00,12,30,344
41552,9/29/2017 7:00,12,32,345
41553,9/29/2017 8:00,12,32,345
41554,9/29/2017 9:00,12,32,345
41555,9/29/2017 10:00,12,32,345
41556,9/29/2017 11:00,12,32,344
41557,9/29/2017 12:00,12,32,344
41558,9/29/2017 13:00,12,32,342
41559,9/29/2017 14:00,12,32,343
41560,9/29/2017 15:00,12,32,345
41561,9/29/2017 16:00,12,32,347
41562,9/29/2017 17:00,12,32,346
41563,9/29/2017 18:00,12,32,345
41564,9/29/2017 19:00,12,32,344
41565,9/29/2017 20:00,12,32,343
41566,9/29/2017 21:00,12,30,342
41567,9/29/2017 22:00,12,32,339
41568,9/29/2017 23:00,12,30,339
41569,9/30/2017 0:00,13,32,342
41570,9/30/2017 1:00,12,32,339
41571,9/30/2017 2:00,12,32,339
41572,9/30/2017 3:00,12,34,338
41573,9/30/2017 4:00,13,32,341
41574,9/30/2017 5:00,12,32,341
41575,9/30/2017 6:00,12,32,339
41576,9/30/2017 7:00,12,32,340
41577,9/30/2017 8:00,12,32,341
41578,9/30/2017 9:00,12,32,338
41579,9/30/2017 10:00,12,32,337
41580,9/30/2017 11:00,12,32,335
41581,9/30/2017 12:00,13,30,335
41582,9/30/2017 13:00,13,32,336
41583,9/30/2017 14:00,12,32,335
41584,9/30/2017 15:00,12,30,336
41585,9/30/2017 16:00,12,30,335
41586,9/30/2017 17:00,12,32,336
41587,9/30/2017 18:00,12,32,336
41588,9/30/2017 19:00,12,32,335
41589,9/30/2017 20:00,12,32,335
41590,9/30/2017 21:00,12,32,333
41591,9/30/2017 22:00,12,32,338
41592,9/30/2017 23:00,13,32,338
41593,10/1/2017 0:00,12,32,338
41594,10/1/2017 1:00,12,32,339
41595,10/1/2017 2:00,12,32,339
41596,10/1/2017 3:00,12,32,344
41597,10/1/2017 4:00,12,32,344
41598,10/1/2017 5:00,12,32,344
41599,10/1/2017 6:00,13,32,344
41600,10/1/2017 7:00,12,34,344
41601,10/1/2017 8:00,12,32,344
41602,10/1/2017 9:00,12,32,344
41603,10/1/2017 10:00,12,32,345
41604,10/1/2017 11:00,12,32,345
41605,10/1/2017 12:00,12,32,345
41606,10/1/2017 13:00,12,32,346
41607,10/1/2017 14:00,12,32,346
41608,10/1/2017 15:00,12,32,346
41609,10/1/2017 16:00,12,32,345
41610,10/1/2017 17:00,12,32,345
41611,10/1/2017 18:00,13,32,346
41612,10/1/2017 19:00,12,32,345
41613,10/1/2017 20:00,11,32,345
41614,10/1/2017 21:00,12,34,346
41615,10/1/2017 22:00,12,30,346
41616,10/1/2017 23:00,12,32,346
41617,10/2/2017 0:00,12,32,346
41618,10/2/2017 1:00,12,32,346
41619,10/2/2017 2:00,12,32,346
41620,10/2/2017 3:00,13,32,347
41621,10/2/2017 4:00,12,32,347
41622,10/2/2017 5:00,12,32,347
41623,10/2/2017 6:00,13,33,347
41624,10/2/2017 7:00,12,31,347
41625,10/2/2017 8:00,12,32,346
41626,10/2/2017 9:00,13,33,333
41627,10/2/2017 10:00,12,33,332
41628,10/2/2017 11:00,12,33,326
41629,10/2/2017 12:00,12,33,328
41630,10/2/2017 13:00,12,34,335
41631,10/2/2017 14:00,12,33,328
41632,10/2/2017 15:00,12,33,328
41633,10/2/2017 16:00,12,33,327
41634,10/2/2017 17:00,12,33,330
41635,10/2/2017 18:00,12,33,328
41636,10/2/2017 19:00,12,34,326
41637,10/2/2017 20:00,12,33,327
41638,10/2/2017 21:00,12,33,326
41639,10/2/2017 22:00,12,33,328
41640,10/2/2017 23:00,12,33,327
41641,10/3/2017 0:00,12,33,328
41642,10/3/2017 1:00,12,33,327
41643,10/3/2017 2:00,12,33,326
41644,10/3/2017 3:00,12,34,324
41645,10/3/2017 4:00,12,33,321
41646,10/3/2017 5:00,13,33,324
41647,10/3/2017 6:00,12,33,326
41648,10/3/2017 7:00,12,33,325
41649,10/3/2017 8:00,13,33,325
41650,10/3/2017 9:00,12,33,324
41651,10/3/2017 10:00,12,33,327
41652,10/3/2017 11:00,12,33,324
41653,10/3/2017 12:00,12,33,324
41654,10/3/2017 13:00,12,33,325
41655,10/3/2017 14:00,12,34,324
41656,10/3/2017 15:00,13,33,321
41657,10/3/2017 16:00,12,33,324
41658,10/3/2017 17:00,12,33,333
41659,10/3/2017 18:00,12,33,334
41660,10/3/2017 19:00,13,33,337
41661,10/3/2017 20:00,12,33,339
41662,10/3/2017 21:00,12,33,340
41663,10/3/2017 22:00,13,33,342
41664,10/3/2017 23:00,12,33,343
41665,10/4/2017 0:00,12,33,343
41666,10/4/2017 1:00,12,33,344
41667,10/4/2017 2:00,13,33,344
41668,10/4/2017 3:00,13,33,345
41669,10/4/2017 4:00,12,33,345
41670,10/4/2017 5:00,12,33,345
41671,10/4/2017 6:00,12,33,346
41672,10/4/2017 7:00,12,33,346
41673,10/4/2017 8:00,12,33,346
41674,10/4/2017 9:00,12,33,346
41675,10/4/2017 10:00,13,33,346
41676,10/4/2017 11:00,12,33,347
41677,10/4/2017 12:00,12,33,347
41678,10/4/2017 13:00,12,33,347
41679,10/4/2017 14:00,12,33,347
41680,10/4/2017 15:00,12,33,347
41681,10/4/2017 16:00,12,33,348
41682,10/4/2017 17:00,12,33,348
41683,10/4/2017 18:00,12,33,348
41684,10/4/2017 19:00,12,33,348
41685,10/4/2017 20:00,12,33,348
41686,10/4/2017 21:00,13,33,348
41687,10/4/2017 22:00,12,33,348
41688,10/4/2017 23:00,13,33,348
41689,10/5/2017 0:00,12,33,348
41690,10/5/2017 1:00,12,33,348
41691,10/5/2017 2:00,12,33,348
41692,10/5/2017 3:00,12,34,348
41693,10/5/2017 4:00,12,33,348
41694,10/5/2017 5:00,12,33,348
41695,10/5/2017 6:00,13,33,348
41696,10/5/2017 7:00,12,33,348
41697,10/5/2017 8:00,12,33,348
41698,10/5/2017 9:00,13,34,348
41699,10/5/2017 10:00,12,33,348
41700,10/5/2017 11:00,12,33,348
41701,10/5/2017 12:00,12,33,348
41702,10/5/2017 13:00,13,33,348
41703,10/5/2017 14:00,12,33,348
41704,10/5/2017 15:00,12,33,348
41705,10/5/2017 16:00,12,33,348
41706,10/5/2017 17:00,12,33,349
41707,10/5/2017 18:00,11,33,349
41708,10/5/2017 19:00,12,33,348
41709,10/5/2017 20:00,12,33,348
41710,10/5/2017 21:00,12,33,348
41711,10/5/2017 22:00,12,31,348
41712,10/5/2017 23:00,12,33,352
41713,10/6/2017 0:00,12,34,348
41714,10/6/2017 1:00,12,33,347
41715,10/6/2017 2:00,12,33,346
41716,10/6/2017 3:00,12,33,345
41717,10/6/2017 4:00,12,33,345
41718,10/6/2017 5:00,12,33,344
41719,10/6/2017 6:00,12,33,343
41720,10/6/2017 7:00,12,33,419
41721,10/6/2017 8:00,12,33,418
41722,10/6/2017 9:00,12,33,350
41723,10/6/2017 10:00,12,33,364
41724,10/6/2017 11:00,12,33,404
41725,10/6/2017 12:00,12,33,404
41726,10/6/2017 13:00,13,33,403
41727,10/6/2017 14:00,12,33,398
41728,10/6/2017 15:00,13,33,401
41729,10/6/2017 16:00,12,33,401
41730,10/6/2017 17:00,12,33,398
41731,10/6/2017 18:00,12,33,398
41732,10/6/2017 19:00,13,33,400
41733,10/6/2017 20:00,13,33,398
41734,10/6/2017 21:00,12,33,398
41735,10/6/2017 22:00,12,34,398
41736,10/6/2017 23:00,12,33,397
41737,10/7/2017 0:00,12,33,399
41738,10/7/2017 1:00,13,33,397
41739,10/7/2017 2:00,12,33,397
41740,10/7/2017 3:00,12,33,402
41741,10/7/2017 4:00,12,33,396
41742,10/7/2017 5:00,12,33,382
41743,10/7/2017 6:00,12,33,369
41744,10/7/2017 7:00,12,33,335
41745,10/7/2017 8:00,12,33,335
41746,10/7/2017 9:00,12,33,337
41747,10/7/2017 10:00,12,33,338
41748,10/7/2017 11:00,12,33,338
41749,10/7/2017 12:00,12,33,337
41750,10/7/2017 13:00,12,33,337
41751,10/7/2017 14:00,13,33,338
41752,10/7/2017 15:00,12,33,337
41753,10/7/2017 16:00,12,33,337
41754,10/7/2017 17:00,12,33,338
41755,10/7/2017 18:00,12,33,338
41756,10/7/2017 19:00,12,33,338
41757,10/7/2017 20:00,12,33,360
41758,10/7/2017 21:00,12,33,380
41759,10/7/2017 22:00,12,33,393
41760,10/7/2017 23:00,12,33,346
41761,10/8/2017 0:00,12,33,374
41762,10/8/2017 1:00,12,33,360
41763,10/8/2017 2:00,12,33,368
41764,10/8/2017 3:00,12,33,347
41765,10/8/2017 4:00,12,33,343
41766,10/8/2017 5:00,12,33,338
41767,10/8/2017 6:00,12,33,344
41768,10/8/2017 7:00,12,33,345
41769,10/8/2017 8:00,12,33,345
41770,10/8/2017 9:00,12,33,344
41771,10/8/2017 10:00,12,33,344
41772,10/8/2017 11:00,12,33,344
41773,10/8/2017 12:00,14,33,344
41774,10/8/2017 13:00,12,33,345
41775,10/8/2017 14:00,12,33,344
41776,10/8/2017 15:00,12,33,344
41777,10/8/2017 16:00,12,33,344
41778,10/8/2017 17:00,12,33,344
41779,10/8/2017 18:00,14,33,344
41780,10/8/2017 19:00,12,33,343
41781,10/8/2017 20:00,12,33,343
41782,10/8/2017 21:00,12,33,343
41783,10/8/2017 22:00,11,33,342
41784,10/8/2017 23:00,12,33,342
41785,10/9/2017 0:00,12,33,342
41786,10/9/2017 1:00,12,33,342
41787,10/9/2017 2:00,12,33,342
41788,10/9/2017 3:00,12,33,340
41789,10/9/2017 4:00,12,33,339
41790,10/9/2017 5:00,12,33,339
41791,10/9/2017 6:00,12,33,339
41792,10/9/2017 7:00,11,33,338
41793,10/9/2017 8:00,12,33,339
41794,10/9/2017 9:00,12,33,338
41795,10/9/2017 10:00,12,33,338
41796,10/9/2017 11:00,12,33,338
41797,10/9/2017 12:00,12,33,338
41798,10/9/2017 13:00,12,33,338
41799,10/9/2017 14:00,13,33,337
41800,10/9/2017 15:00,12,33,337
41801,10/9/2017 16:00,12,33,337
41802,10/9/2017 17:00,12,33,337
41803,10/9/2017 18:00,12,33,337
41804,10/9/2017 19:00,12,33,337
41805,10/9/2017 20:00,13,33,337
41806,10/9/2017 21:00,12,33,337
41807,10/9/2017 22:00,12,33,337
41808,10/9/2017 23:00,12,33,337
41809,10/10/2017 0:00,12,33,337
41810,10/10/2017 1:00,12,33,337
41811,10/10/2017 2:00,12,33,337
41812,10/10/2017 3:00,12,33,336
41813,10/10/2017 4:00,13,33,336
41814,10/10/2017 5:00,12,33,336
41815,10/10/2017 6:00,12,33,336
41816,10/10/2017 7:00,13,33,336
41817,10/10/2017 8:00,12,33,336
41818,10/10/2017 9:00,12,33,335
41819,10/10/2017 10:00,12,33,335
41820,10/10/2017 11:00,12,33,335
41821,10/10/2017 12:00,12,33,335
41822,10/10/2017 13:00,12,33,335
41823,10/10/2017 14:00,12,33,335
41824,10/10/2017 15:00,13,33,335
41825,10/10/2017 16:00,12,33,335
41826,10/10/2017 17:00,12,33,335
41827,10/10/2017 18:00,12,33,334
41828,10/10/2017 19:00,12,33,334
41829,10/10/2017 20:00,12,33,335
41830,10/10/2017 21:00,12,33,335
41831,10/10/2017 22:00,12,33,335
41832,10/10/2017 23:00,12,34,334
41833,10/11/2017 0:00,12,33,335
41834,10/11/2017 1:00,12,33,335
41835,10/11/2017 2:00,12,33,335
41836,10/11/2017 3:00,12,33,335
41837,10/11/2017 4:00,12,33,335
41838,10/11/2017 5:00,12,33,335
41839,10/11/2017 6:00,13,33,335
41840,10/11/2017 7:00,12,33,335
41841,10/11/2017 8:00,12,33,335
41842,10/11/2017 9:00,12,33,335
41843,10/11/2017 10:00,12,33,335
41844,10/11/2017 11:00,12,33,335
41845,10/11/2017 12:00,12,33,335
41846,10/11/2017 13:00,12,33,335
41847,10/11/2017 14:00,12,34,335
41848,10/11/2017 15:00,12,33,334
41849,10/11/2017 16:00,12,33,335
41850,10/11/2017 17:00,12,33,334
41851,10/11/2017 18:00,12,34,335
41852,10/11/2017 19:00,12,33,334
41853,10/11/2017 20:00,12,33,335
41854,10/11/2017 21:00,12,33,334
41855,10/11/2017 22:00,12,34,335
41856,10/11/2017 23:00,12,33,334
41857,10/12/2017 0:00,12,33,334
41858,10/12/2017 1:00,12,33,335
41859,10/12/2017 2:00,12,33,335
41860,10/12/2017 3:00,12,33,335
41861,10/12/2017 4:00,14,33,335
41862,10/12/2017 5:00,12,33,335
41863,10/12/2017 6:00,12,33,335
41864,10/12/2017 7:00,12,33,335
41865,10/12/2017 8:00,12,33,335
41866,10/12/2017 9:00,12,33,335
41867,10/12/2017 10:00,12,33,335
41868,10/12/2017 11:00,12,33,335
41869,10/12/2017 12:00,12,33,335
41870,10/12/2017 13:00,12,34,335
41871,10/12/2017 14:00,12,33,335
41872,10/12/2017 15:00,12,33,335
41873,10/12/2017 16:00,12,33,335
41874,10/12/2017 17:00,11,33,335
41875,10/12/2017 18:00,12,33,335
41876,10/12/2017 19:00,12,33,335
41877,10/12/2017 20:00,12,33,336
41878,10/12/2017 21:00,12,34,336
41879,10/12/2017 22:00,12,33,336
41880,10/12/2017 23:00,12,33,336
41881,10/13/2017 0:00,12,33,336
41882,10/13/2017 1:00,12,33,336
41883,10/13/2017 2:00,12,33,336
41884,10/13/2017 3:00,12,33,336
41885,10/13/2017 4:00,14,33,336
41886,10/13/2017 5:00,12,33,336
41887,10/13/2017 6:00,12,33,336
41888,10/13/2017 7:00,12,33,336
41889,10/13/2017 8:00,12,33,336
41890,10/13/2017 9:00,12,33,336
41891,10/13/2017 10:00,12,33,336
41892,10/13/2017 11:00,12,33,336
41893,10/13/2017 12:00,12,33,336
41894,10/13/2017 13:00,12,33,336
41895,10/13/2017 14:00,11,33,335
41896,10/13/2017 15:00,12,33,336
41897,10/13/2017 16:00,12,33,335
41898,10/13/2017 17:00,12,34,335
41899,10/13/2017 18:00,12,33,335
41900,10/13/2017 19:00,12,33,335
41901,10/13/2017 20:00,12,34,335
41902,10/13/2017 21:00,12,33,335
41903,10/13/2017 22:00,12,33,335
41904,10/13/2017 23:00,12,33,335
41905,10/14/2017 0:00,11,34,335
41906,10/14/2017 1:00,11,34,335
41907,10/14/2017 2:00,12,33,335
41908,10/14/2017 3:00,13,33,335
41909,10/14/2017 4:00,12,33,335
41910,10/14/2017 5:00,11,33,335
41911,10/14/2017 6:00,11,34,334
41912,10/14/2017 7:00,12,33,335
41913,10/14/2017 8:00,11,33,335
41914,10/14/2017 9:00,12,33,335
41915,10/14/2017 10:00,12,33,335
41916,10/14/2017 11:00,12,33,335
41917,10/14/2017 12:00,11,33,335
41918,10/14/2017 13:00,11,33,335
41919,10/14/2017 14:00,12,33,335
41920,10/14/2017 15:00,11,33,335
41921,10/14/2017 16:00,12,33,334
41922,10/14/2017 17:00,11,33,334
41923,10/14/2017 18:00,11,33,334
41924,10/14/2017 19:00,12,33,334
41925,10/14/2017 20:00,11,33,334
41926,10/14/2017 21:00,12,33,334
41927,10/14/2017 22:00,12,33,334
41928,10/14/2017 23:00,11,33,334
41929,10/15/2017 0:00,12,33,334
41930,10/15/2017 1:00,12,33,334
41931,10/15/2017 2:00,11,33,334
41932,10/15/2017 3:00,12,33,334
41933,10/15/2017 4:00,12,33,334
41934,10/15/2017 5:00,11,33,334
41935,10/15/2017 6:00,12,33,334
41936,10/15/2017 7:00,11,33,334
41937,10/15/2017 8:00,11,33,334
41938,10/15/2017 9:00,12,33,334
41939,10/15/2017 10:00,12,33,334
41940,10/15/2017 11:00,12,33,334
41941,10/15/2017 12:00,12,33,334
41942,10/15/2017 13:00,11,33,334
41943,10/15/2017 14:00,12,33,334
41944,10/15/2017 15:00,13,33,334
41945,10/15/2017 16:00,12,33,334
41946,10/15/2017 17:00,12,33,334
41947,10/15/2017 18:00,10,33,334
41948,10/15/2017 19:00,11,33,334
41949,10/15/2017 20:00,12,33,334
41950,10/15/2017 21:00,12,33,334
41951,10/15/2017 22:00,13,33,334
41952,10/15/2017 23:00,12,33,334
41953,10/16/2017 0:00,12,33,334
41954,10/16/2017 1:00,11,33,334
41955,10/16/2017 2:00,11,33,334
41956,10/16/2017 3:00,12,33,334
41957,10/16/2017 4:00,12,33,334
41958,10/16/2017 5:00,12,33,334
41959,10/16/2017 6:00,12,33,333
41960,10/16/2017 7:00,12,33,334
41961,10/16/2017 8:00,12,33,333
41962,10/16/2017 9:00,12,33,333
41963,10/16/2017 10:00,12,33,333
41964,10/16/2017 11:00,12,33,333
41965,10/16/2017 12:00,12,33,333
41966,10/16/2017 13:00,12,33,333
41967,10/16/2017 14:00,12,33,333
41968,10/16/2017 15:00,12,33,333
41969,10/16/2017 16:00,12,33,333
41970,10/16/2017 17:00,12,33,333
41971,10/16/2017 18:00,12,33,333
41972,10/16/2017 19:00,12,33,333
41973,10/16/2017 20:00,12,33,333
41974,10/16/2017 21:00,12,33,333
41975,10/16/2017 22:00,12,33,333
41976,10/16/2017 23:00,12,33,333
41977,10/17/2017 0:00,12,33,333
41978,10/17/2017 1:00,12,33,333
41979,10/17/2017 2:00,12,33,333
41980,10/17/2017 3:00,12,33,333
41981,10/17/2017 4:00,11,33,333
41982,10/17/2017 5:00,12,33,333
41983,10/17/2017 6:00,12,33,333
41984,10/17/2017 7:00,12,33,333
41985,10/17/2017 8:00,12,34,333
41986,10/17/2017 9:00,13,33,333
41987,10/17/2017 10:00,12,33,334
41988,10/17/2017 11:00,12,33,334
41989,10/17/2017 12:00,12,33,334
41990,10/17/2017 13:00,12,33,333
41991,10/17/2017 14:00,12,33,333
41992,10/17/2017 15:00,12,33,333
41993,10/17/2017 16:00,12,33,333
41994,10/17/2017 17:00,12,33,333
41995,10/17/2017 18:00,12,33,333
41996,10/17/2017 19:00,12,33,333
41997,10/17/2017 20:00,11,33,333
41998,10/17/2017 21:00,11,33,333
41999,10/17/2017 22:00,11,33,333
42000,10/17/2017 23:00,12,33,333
42001,10/18/2017 0:00,11,33,333
42002,10/18/2017 1:00,11,33,333
42003,10/18/2017 2:00,12,33,333
42004,10/18/2017 3:00,12,33,333
42005,10/18/2017 4:00,12,33,333
42006,10/18/2017 5:00,12,33,333
42007,10/18/2017 6:00,12,33,333
42008,10/18/2017 7:00,12,34,333
42009,10/18/2017 8:00,12,33,333
42010,10/18/2017 9:00,12,33,333
42011,10/18/2017 10:00,12,33,333
42012,10/18/2017 11:00,12,33,333
42013,10/18/2017 12:00,12,33,332
42014,10/18/2017 13:00,12,33,333
42015,10/18/2017 14:00,12,33,332
42016,10/18/2017 15:00,12,33,332
42017,10/18/2017 16:00,12,33,331
42018,10/18/2017 17:00,12,33,331
42019,10/18/2017 18:00,11,33,331
42020,10/18/2017 19:00,13,33,331
42021,10/18/2017 20:00,13,33,331
42022,10/18/2017 21:00,12,33,331
42023,10/18/2017 22:00,12,33,331
42024,10/18/2017 23:00,12,33,331
42025,10/19/2017 0:00,12,33,331
42026,10/19/2017 1:00,12,33,331
42027,10/19/2017 2:00,10,33,331
42028,10/19/2017 3:00,12,33,331
42029,10/19/2017 4:00,12,33,331
42030,10/19/2017 5:00,12,33,331
42031,10/19/2017 6:00,12,33,331
42032,10/19/2017 7:00,12,33,331
42033,10/19/2017 8:00,12,33,331
42034,10/19/2017 9:00,12,33,331
42035,10/19/2017 10:00,12,33,331
42036,10/19/2017 11:00,12,33,330
42037,10/19/2017 12:00,12,33,331
42038,10/19/2017 13:00,12,33,331
42039,10/19/2017 14:00,12,33,330
42040,10/19/2017 15:00,12,33,330
42041,10/19/2017 16:00,12,33,330
42042,10/19/2017 17:00,12,34,330
42043,10/19/2017 18:00,12,33,330
42044,10/19/2017 19:00,12,33,330
42045,10/19/2017 20:00,12,33,330
42046,10/19/2017 21:00,12,33,330
42047,10/19/2017 22:00,12,33,330
42048,10/19/2017 23:00,12,33,330
42049,10/20/2017 0:00,12,33,330
42050,10/20/2017 1:00,12,33,330
42051,10/20/2017 2:00,12,33,330
42052,10/20/2017 3:00,12,33,330
42053,10/20/2017 4:00,12,33,330
42054,10/20/2017 5:00,12,33,330
42055,10/20/2017 6:00,12,33,330
42056,10/20/2017 7:00,12,33,330
42057,10/20/2017 8:00,12,33,330
42058,10/20/2017 9:00,12,33,330
42059,10/20/2017 10:00,12,33,330
42060,10/20/2017 11:00,12,33,329
42061,10/20/2017 12:00,12,33,329
42062,10/20/2017 13:00,10,33,329
42063,10/20/2017 14:00,12,33,329
42064,10/20/2017 15:00,12,33,328
42065,10/20/2017 16:00,12,33,328
42066,10/20/2017 17:00,12,33,328
42067,10/20/2017 18:00,12,33,328
42068,10/20/2017 19:00,12,33,328
42069,10/20/2017 20:00,12,33,328
42070,10/20/2017 21:00,12,33,328
42071,10/20/2017 22:00,12,33,328
42072,10/20/2017 23:00,12,33,328
42073,10/21/2017 0:00,12,33,328
42074,10/21/2017 1:00,12,33,328
42075,10/21/2017 2:00,12,33,328
42076,10/21/2017 3:00,12,33,327
42077,10/21/2017 4:00,12,34,327
42078,10/21/2017 5:00,12,33,327
42079,10/21/2017 6:00,12,33,327
42080,10/21/2017 7:00,12,33,327
42081,10/21/2017 8:00,10,33,327
42082,10/21/2017 9:00,11,33,327
42083,10/21/2017 10:00,12,33,327
42084,10/21/2017 11:00,10,33,327
42085,10/21/2017 12:00,12,33,327
42086,10/21/2017 13:00,15,33,327
42087,10/21/2017 14:00,12,33,327
42088,10/21/2017 15:00,12,33,326
42089,10/21/2017 16:00,12,33,326
42090,10/21/2017 17:00,12,33,326
42091,10/21/2017 18:00,12,33,326
42092,10/21/2017 19:00,12,33,326
42093,10/21/2017 20:00,12,33,326
42094,10/21/2017 21:00,12,33,326
42095,10/21/2017 22:00,13,33,326
42096,10/21/2017 23:00,11,33,326
42097,10/22/2017 0:00,12,33,326
42098,10/22/2017 1:00,12,34,326
42099,10/22/2017 2:00,12,34,326
42100,10/22/2017 3:00,12,33,326
42101,10/22/2017 4:00,12,33,326
42102,10/22/2017 5:00,12,33,326
42103,10/22/2017 6:00,12,33,326
42104,10/22/2017 7:00,12,33,326
42105,10/22/2017 8:00,12,33,325
42106,10/22/2017 9:00,13,33,325
42107,10/22/2017 10:00,12,33,325
42108,10/22/2017 11:00,12,33,325
42109,10/22/2017 12:00,12,33,325
42110,10/22/2017 13:00,11,33,325
42111,10/22/2017 14:00,12,33,324
42112,10/22/2017 15:00,12,33,324
42113,10/22/2017 16:00,12,33,324
42114,10/22/2017 17:00,12,33,325
42115,10/22/2017 18:00,12,33,325
42116,10/22/2017 19:00,12,33,325
42117,10/22/2017 20:00,12,33,325
42118,10/22/2017 21:00,12,33,324
42119,10/22/2017 22:00,12,33,324
42120,10/22/2017 23:00,12,33,324
42121,10/23/2017 0:00,12,33,322
42122,10/23/2017 1:00,12,33,324
42123,10/23/2017 2:00,12,33,324
42124,10/23/2017 3:00,12,33,322
42125,10/23/2017 4:00,12,33,324
42126,10/23/2017 5:00,12,33,324
42127,10/23/2017 6:00,12,34,323
42128,10/23/2017 7:00,12,33,321
42129,10/23/2017 8:00,12,33,321
42130,10/23/2017 9:00,12,33,322
42131,10/23/2017 10:00,12,33,322
42132,10/23/2017 11:00,15,33,322
42133,10/23/2017 12:00,12,34,321
42134,10/23/2017 13:00,12,33,321
42135,10/23/2017 14:00,14,33,322
42136,10/23/2017 15:00,14,33,321
42137,10/23/2017 16:00,12,33,321
42138,10/23/2017 17:00,12,32,321
42139,10/23/2017 18:00,12,33,321
42140,10/23/2017 19:00,12,33,321
42141,10/23/2017 20:00,12,34,322
42142,10/23/2017 21:00,12,33,321
42143,10/23/2017 22:00,12,33,322
42144,10/23/2017 23:00,12,33,322
42145,10/24/2017 0:00,12,33,322
42146,10/24/2017 1:00,12,33,322
42147,10/24/2017 2:00,12,33,322
42148,10/24/2017 3:00,12,33,321
42149,10/24/2017 4:00,12,34,322
42150,10/24/2017 5:00,12,33,322
42151,10/24/2017 6:00,12,34,322
42152,10/24/2017 7:00,12,33,322
42153,10/24/2017 8:00,12,33,322
42154,10/24/2017 9:00,14,33,322
42155,10/24/2017 10:00,12,33,322
42156,10/24/2017 11:00,12,35,322
42157,10/24/2017 12:00,12,33,322
42158,10/24/2017 13:00,12,33,321
42159,10/24/2017 14:00,12,33,322
42160,10/24/2017 15:00,12,33,322
42161,10/24/2017 16:00,12,34,321
42162,10/24/2017 17:00,13,37,322
42163,10/24/2017 18:00,9,35,322
42164,10/24/2017 19:00,12,34,322
42165,10/24/2017 20:00,12,33,322
42166,10/24/2017 21:00,28,33,322
42167,10/24/2017 22:00,12,36,322
42168,10/24/2017 23:00,12,33,322
42169,10/25/2017 0:00,12,37,322
42170,10/25/2017 1:00,12,36,322
42171,10/25/2017 2:00,12,33,322
42172,10/25/2017 3:00,12,33,322
42173,10/25/2017 4:00,12,33,322
42174,10/25/2017 5:00,12,34,322
42175,10/25/2017 6:00,12,36,322
42176,10/25/2017 7:00,12,33,322
42177,10/25/2017 8:00,12,33,322
42178,10/25/2017 9:00,12,33,322
42179,10/25/2017 10:00,12,34,322
42180,10/25/2017 11:00,12,33,322
42181,10/25/2017 12:00,15,33,321
42182,10/25/2017 13:00,12,33,322
42183,10/25/2017 14:00,12,36,322
42184,10/25/2017 15:00,12,37,322
42185,10/25/2017 16:00,12,33,322
42186,10/25/2017 17:00,12,36,322
42187,10/25/2017 18:00,12,35,322
42188,10/25/2017 19:00,12,33,322
42189,10/25/2017 20:00,12,33,322
42190,10/25/2017 21:00,12,33,322
42191,10/25/2017 22:00,12,33,322
42192,10/25/2017 23:00,12,35,322
42193,10/26/2017 0:00,12,33,322
42194,10/26/2017 1:00,12,36,322
42195,10/26/2017 2:00,10,33,322
42196,10/26/2017 3:00,15,33,322
42197,10/26/2017 4:00,12,33,322
42198,10/26/2017 5:00,12,32,322
42199,10/26/2017 6:00,12,33,323
42200,10/26/2017 7:00,12,37,323
42201,10/26/2017 8:00,12,33,324
42202,10/26/2017 9:00,15,34,324
42203,10/26/2017 10:00,12,33,324
42204,10/26/2017 11:00,12,34,324
42205,10/26/2017 12:00,12,34,324
42206,10/26/2017 13:00,12,33,324
42207,10/26/2017 14:00,12,36,324
42208,10/26/2017 15:00,12,34,324
42209,10/26/2017 16:00,11,34,324
42210,10/26/2017 17:00,12,34,324
42211,10/26/2017 18:00,12,34,324
42212,10/26/2017 19:00,12,34,324
42213,10/26/2017 20:00,12,34,324
42214,10/26/2017 21:00,12,34,324
42215,10/26/2017 22:00,12,35,324
42216,10/26/2017 23:00,12,34,324
42217,10/27/2017 0:00,12,34,324
42218,10/27/2017 1:00,12,33,324
42219,10/27/2017 2:00,12,33,324
42220,10/27/2017 3:00,12,34,324
42221,10/27/2017 4:00,12,34,324
42222,10/27/2017 5:00,12,34,324
42223,10/27/2017 6:00,12,36,324
42224,10/27/2017 7:00,12,34,324
42225,10/27/2017 8:00,12,34,324
42226,10/27/2017 9:00,12,34,324
42227,10/27/2017 10:00,12,34,324
42228,10/27/2017 11:00,12,36,324
42229,10/27/2017 12:00,12,34,324
42230,10/27/2017 13:00,12,35,324
42231,10/27/2017 14:00,12,34,324
42232,10/27/2017 15:00,12,32,324
42233,10/27/2017 16:00,12,34,324
42234,10/27/2017 17:00,12,34,324
42235,10/27/2017 18:00,12,34,324
42236,10/27/2017 19:00,12,34,324
42237,10/27/2017 20:00,12,34,324
42238,10/27/2017 21:00,12,34,324
42239,10/27/2017 22:00,12,34,324
42240,10/27/2017 23:00,12,34,324
42241,10/28/2017 0:00,12,34,323
42242,10/28/2017 1:00,12,36,323
42243,10/28/2017 2:00,12,34,323
42244,10/28/2017 3:00,12,34,323
42245,10/28/2017 4:00,12,34,323
42246,10/28/2017 5:00,12,34,323
42247,10/28/2017 6:00,13,34,323
42248,10/28/2017 7:00,12,35,324
42249,10/28/2017 8:00,12,34,323
42250,10/28/2017 9:00,12,34,323
42251,10/28/2017 10:00,12,34,323
42252,10/28/2017 11:00,12,35,323
42253,10/28/2017 12:00,12,34,324
42254,10/28/2017 13:00,11,34,322
42255,10/28/2017 14:00,12,36,322
42256,10/28/2017 15:00,12,34,322
42257,10/28/2017 16:00,12,34,322
42258,10/28/2017 17:00,12,34,322
42259,10/28/2017 18:00,12,37,322
42260,10/28/2017 19:00,12,34,322
42261,10/28/2017 20:00,12,34,323
42262,10/28/2017 21:00,12,34,322
42263,10/28/2017 22:00,12,36,322
42264,10/28/2017 23:00,12,35,322
42265,10/29/2017 0:00,12,34,322
42266,10/29/2017 1:00,12,34,322
42267,10/29/2017 2:00,12,34,322
42268,10/29/2017 3:00,12,34,322
42269,10/29/2017 4:00,12,34,322
42270,10/29/2017 5:00,12,37,322
42271,10/29/2017 6:00,12,34,322
42272,10/29/2017 7:00,12,36,322
42273,10/29/2017 8:00,12,34,322
42274,10/29/2017 9:00,12,34,322
42275,10/29/2017 10:00,12,34,322
42276,10/29/2017 11:00,12,34,322
42277,10/29/2017 12:00,12,34,322
42278,10/29/2017 13:00,12,37,322
42279,10/29/2017 14:00,12,35,322
42280,10/29/2017 15:00,11,34,322
42281,10/29/2017 16:00,12,35,322
42282,10/29/2017 17:00,12,34,322
42283,10/29/2017 18:00,12,34,322
42284,10/29/2017 19:00,12,34,322
42285,10/29/2017 20:00,12,34,322
42286,10/29/2017 21:00,12,36,322
42287,10/29/2017 22:00,12,36,322
42288,10/29/2017 23:00,12,34,322
42289,10/30/2017 0:00,12,34,321
42290,10/30/2017 1:00,13,34,322
42291,10/30/2017 2:00,12,34,322
42292,10/30/2017 3:00,12,34,322
42293,10/30/2017 4:00,12,34,322
42294,10/30/2017 5:00,11,34,322
42295,10/30/2017 6:00,11,34,321
42296,10/30/2017 7:00,12,34,321
42297,10/30/2017 8:00,12,34,321
42298,10/30/2017 9:00,12,34,321
42299,10/30/2017 10:00,12,34,321
42300,10/30/2017 11:00,12,34,321
42301,10/30/2017 12:00,11,34,321
42302,10/30/2017 13:00,11,34,321
42303,10/30/2017 14:00,12,32,321
42304,10/30/2017 15:00,12,34,321
42305,10/30/2017 16:00,12,36,321
42306,10/30/2017 17:00,11,36,321
42307,10/30/2017 18:00,12,34,321
42308,10/30/2017 19:00,12,34,321
42309,10/30/2017 20:00,12,34,321
42310,10/30/2017 21:00,11,34,321
42311,10/30/2017 22:00,12,34,321
42312,10/30/2017 23:00,12,37,321
42313,10/31/2017 0:00,11,34,321
42314,10/31/2017 1:00,12,34,321
42315,10/31/2017 2:00,12,34,321
42316,10/31/2017 3:00,12,34,321
42317,10/31/2017 4:00,12,34,321
42318,10/31/2017 5:00,12,34,321
42319,10/31/2017 6:00,12,34,321
42320,10/31/2017 7:00,12,34,321
42321,10/31/2017 8:00,12,34,321
42322,10/31/2017 9:00,12,34,321
42323,10/31/2017 10:00,11,32,321
42324,10/31/2017 11:00,12,36,321
42325,10/31/2017 12:00,12,34,321
42326,10/31/2017 13:00,13,34,321
42327,10/31/2017 14:00,11,34,321
42328,10/31/2017 15:00,12,34,321
42329,10/31/2017 16:00,12,34,321
42330,10/31/2017 17:00,11,34,321
42331,10/31/2017 18:00,11,34,321
42332,10/31/2017 19:00,12,34,321
42333,10/31/2017 20:00,11,34,321
42334,10/31/2017 21:00,12,34,321
42335,10/31/2017 22:00,12,34,321
42336,10/31/2017 23:00,11,34,320
42337,11/1/2017 0:00,11,34,321
42338,11/1/2017 1:00,12,34,321
42339,11/1/2017 2:00,11,34,321
42340,11/1/2017 3:00,12,34,321
42341,11/1/2017 4:00,12,36,320
42342,11/1/2017 5:00,11,35,321
42343,11/1/2017 6:00,12,34,321
42344,11/1/2017 7:00,11,34,320
42345,11/1/2017 8:00,12,37,321
42346,11/1/2017 9:00,12,34,321
42347,11/1/2017 10:00,12,34,321
42348,11/1/2017 11:00,11,34,321
42349,11/1/2017 12:00,12,34,320
42350,11/1/2017 13:00,11,34,321
42351,11/1/2017 14:00,12,34,321
42352,11/1/2017 15:00,12,34,321
42353,11/1/2017 16:00,11,34,321
42354,11/1/2017 17:00,11,34,321
42355,11/1/2017 18:00,13,34,321
42356,11/1/2017 19:00,12,34,321
42357,11/1/2017 20:00,11,34,321
42358,11/1/2017 21:00,12,37,321
42359,11/1/2017 22:00,12,34,321
42360,11/1/2017 23:00,12,36,321
42361,11/2/2017 0:00,12,34,320
42362,11/2/2017 1:00,12,34,320
42363,11/2/2017 2:00,12,34,320
42364,11/2/2017 3:00,12,34,320
42365,11/2/2017 4:00,11,34,320
42366,11/2/2017 5:00,12,34,321
42367,11/2/2017 6:00,12,34,320
42368,11/2/2017 7:00,12,34,320
42369,11/2/2017 8:00,12,34,320
42370,11/2/2017 9:00,12,34,320
42371,11/2/2017 10:00,12,34,320
42372,11/2/2017 11:00,11,34,320
42373,11/2/2017 12:00,12,34,320
42374,11/2/2017 13:00,11,34,320
42375,11/2/2017 14:00,11,34,320
42376,11/2/2017 15:00,11,34,320
42377,11/2/2017 16:00,11,34,320
42378,11/2/2017 17:00,12,34,320
42379,11/2/2017 18:00,12,37,320
42380,11/2/2017 19:00,12,34,320
42381,11/2/2017 20:00,12,34,320
42382,11/2/2017 21:00,12,34,320
42383,11/2/2017 22:00,11,34,320
42384,11/2/2017 23:00,12,34,319
42385,11/3/2017 0:00,12,34,320
42386,11/3/2017 1:00,12,34,320
42387,11/3/2017 2:00,13,34,320
42388,11/3/2017 3:00,11,34,320
42389,11/3/2017 4:00,12,34,320
42390,11/3/2017 5:00,11,34,320
42391,11/3/2017 6:00,11,34,320
42392,11/3/2017 7:00,12,35,320
42393,11/3/2017 8:00,11,34,320
42394,11/3/2017 9:00,11,34,320
42395,11/3/2017 10:00,12,34,319
42396,11/3/2017 11:00,12,34,320
42397,11/3/2017 12:00,12,34,319
42398,11/3/2017 13:00,12,34,319
42399,11/3/2017 14:00,12,34,319
42400,11/3/2017 15:00,12,34,319
42401,11/3/2017 16:00,12,34,319
42402,11/3/2017 17:00,12,34,319
42403,11/3/2017 18:00,12,34,319
42404,11/3/2017 19:00,12,34,319
42405,11/3/2017 20:00,11,32,319
42406,11/3/2017 21:00,11,34,319
42407,11/3/2017 22:00,12,34,319
42408,11/3/2017 23:00,12,34,319
42409,11/4/2017 0:00,12,34,319
42410,11/4/2017 1:00,12,34,319
42411,11/4/2017 2:00,12,34,319
42412,11/4/2017 3:00,11,36,319
42413,11/4/2017 4:00,11,34,319
42414,11/4/2017 5:00,12,34,319
42415,11/4/2017 6:00,12,34,319
42416,11/4/2017 7:00,11,34,319
42417,11/4/2017 8:00,11,34,319
42418,11/4/2017 9:00,12,34,319
42419,11/4/2017 10:00,11,34,319
42420,11/4/2017 11:00,11,34,319
42421,11/4/2017 12:00,12,34,319
42422,11/4/2017 13:00,11,34,319
42423,11/4/2017 14:00,12,35,319
42424,11/4/2017 15:00,11,34,319
42425,11/4/2017 16:00,11,34,319
42426,11/4/2017 17:00,12,34,319
42427,11/4/2017 18:00,12,34,319
42428,11/4/2017 19:00,11,34,319
42429,11/4/2017 20:00,12,34,319
42430,11/4/2017 21:00,11,34,319
42431,11/4/2017 22:00,12,34,319
42432,11/4/2017 23:00,12,34,319
42433,11/5/2017 0:00,11,34,319
42434,11/5/2017 1:00,11,34,318
42435,11/5/2017 2:00,12,34,319
42436,11/5/2017 3:00,11,37,319
42437,11/5/2017 4:00,12,36,318
42438,11/5/2017 5:00,12,34,319
42439,11/5/2017 6:00,11,34,318
42440,11/5/2017 7:00,12,34,318
42441,11/5/2017 8:00,12,34,318
42442,11/5/2017 9:00,11,34,318
42443,11/5/2017 10:00,11,34,318
42444,11/5/2017 11:00,12,34,318
42445,11/5/2017 12:00,11,36,318
42446,11/5/2017 13:00,12,34,318
42447,11/5/2017 14:00,12,35,318
42448,11/5/2017 15:00,11,34,318
42449,11/5/2017 16:00,12,34,318
42450,11/5/2017 17:00,12,34,318
42451,11/5/2017 18:00,11,34,318
42452,11/5/2017 19:00,12,34,318
42453,11/5/2017 20:00,12,34,318
42454,11/5/2017 21:00,11,34,318
42455,11/5/2017 22:00,12,34,318
42456,11/5/2017 23:00,12,37,318
42457,11/6/2017 0:00,11,35,318
42458,11/6/2017 1:00,12,37,318
42459,11/6/2017 2:00,11,34,318
42460,11/6/2017 3:00,12,37,318
42461,11/6/2017 4:00,11,37,318
42462,11/6/2017 5:00,12,37,318
42463,11/6/2017 6:00,11,34,318
42464,11/6/2017 7:00,12,34,318
42465,11/6/2017 8:00,12,34,317
42466,11/6/2017 9:00,12,34,318
42467,11/6/2017 10:00,12,34,318
42468,11/6/2017 11:00,12,34,318
42469,11/6/2017 12:00,12,37,318
42470,11/6/2017 13:00,11,34,318
42471,11/6/2017 14:00,11,34,318
42472,11/6/2017 15:00,11,34,318
42473,11/6/2017 16:00,12,34,317
42474,11/6/2017 17:00,11,34,317
42475,11/6/2017 18:00,12,34,317
42476,11/6/2017 19:00,12,34,317
42477,11/6/2017 20:00,12,34,316
42478,11/6/2017 21:00,12,34,316
42479,11/6/2017 22:00,12,34,317
42480,11/6/2017 23:00,11,34,316
42481,11/7/2017 0:00,12,34,316
42482,11/7/2017 1:00,13,34,316
42483,11/7/2017 2:00,13,34,316
42484,11/7/2017 3:00,12,34,316
42485,11/7/2017 4:00,11,34,316
42486,11/7/2017 5:00,12,34,316
42487,11/7/2017 6:00,12,34,316
42488,11/7/2017 7:00,11,34,316
42489,11/7/2017 8:00,12,34,316
42490,11/7/2017 9:00,12,34,316
42491,11/7/2017 10:00,12,34,316
42492,11/7/2017 11:00,13,34,316
42493,11/7/2017 12:00,12,34,316
42494,11/7/2017 13:00,12,34,316
42495,11/7/2017 14:00,12,34,316
42496,11/7/2017 15:00,12,34,316
42497,11/7/2017 16:00,12,34,316
42498,11/7/2017 17:00,12,34,316
42499,11/7/2017 18:00,12,34,316
42500,11/7/2017 19:00,12,37,316
42501,11/7/2017 20:00,11,34,316
42502,11/7/2017 21:00,12,34,316
42503,11/7/2017 22:00,12,34,316
42504,11/7/2017 23:00,11,34,316
42505,11/8/2017 0:00,12,34,316
42506,11/8/2017 1:00,12,34,316
42507,11/8/2017 2:00,11,34,316
42508,11/8/2017 3:00,12,34,316
42509,11/8/2017 4:00,13,34,316
42510,11/8/2017 5:00,12,34,316
42511,11/8/2017 6:00,11,34,316
42512,11/8/2017 7:00,12,34,316
42513,11/8/2017 8:00,12,34,316
42514,11/8/2017 9:00,12,34,316
42515,11/8/2017 10:00,11,36,316
42516,11/8/2017 11:00,12,34,316
42517,11/8/2017 12:00,12,34,316
42518,11/8/2017 13:00,11,34,316
42519,11/8/2017 14:00,12,33,316
42520,11/8/2017 15:00,12,34,316
42521,11/8/2017 16:00,12,34,316
42522,11/8/2017 17:00,12,34,316
42523,11/8/2017 18:00,12,34,316
42524,11/8/2017 19:00,12,34,316
42525,11/8/2017 20:00,12,34,316
42526,11/8/2017 21:00,12,34,316
42527,11/8/2017 22:00,12,34,316
42528,11/8/2017 23:00,12,34,316
42529,11/9/2017 0:00,12,34,316
42530,11/9/2017 1:00,12,37,316
42531,11/9/2017 2:00,11,34,316
42532,11/9/2017 3:00,11,34,316
42533,11/9/2017 4:00,11,34,316
42534,11/9/2017 5:00,11,33,316
42535,11/9/2017 6:00,12,34,316
42536,11/9/2017 7:00,12,34,316
42537,11/9/2017 8:00,12,34,316
42538,11/9/2017 9:00,12,34,316
42539,11/9/2017 10:00,12,34,316
42540,11/9/2017 11:00,12,34,316
42541,11/9/2017 12:00,12,34,316
42542,11/9/2017 13:00,12,37,316
42543,11/9/2017 14:00,11,34,316
42544,11/9/2017 15:00,12,34,316
42545,11/9/2017 16:00,12,34,316
42546,11/9/2017 17:00,12,34,316
42547,11/9/2017 18:00,12,36,316
42548,11/9/2017 19:00,13,34,316
42549,11/9/2017 20:00,12,34,316
42550,11/9/2017 21:00,12,34,316
42551,11/9/2017 22:00,12,34,316
42552,11/9/2017 23:00,12,34,316
42553,11/10/2017 0:00,12,34,316
42554,11/10/2017 1:00,12,34,316
42555,11/10/2017 2:00,11,34,316
42556,11/10/2017 3:00,12,34,316
42557,11/10/2017 4:00,12,34,316
42558,11/10/2017 5:00,12,34,316
42559,11/10/2017 6:00,12,34,316
42560,11/10/2017 7:00,12,34,316
42561,11/10/2017 8:00,12,34,316
42562,11/10/2017 9:00,12,34,316
42563,11/10/2017 10:00,12,34,316
42564,11/10/2017 11:00,12,34,316
42565,11/10/2017 12:00,12,34,316
42566,11/10/2017 13:00,12,34,316
42567,11/10/2017 14:00,12,34,316
42568,11/10/2017 15:00,12,34,316
42569,11/10/2017 16:00,12,34,316
42570,11/10/2017 17:00,12,37,316
42571,11/10/2017 18:00,13,34,316
42572,11/10/2017 19:00,12,32,316
42573,11/10/2017 20:00,12,34,316
42574,11/10/2017 21:00,12,34,316
42575,11/10/2017 22:00,11,34,316
42576,11/10/2017 23:00,11,34,316
42577,11/11/2017 0:00,11,36,316
42578,11/11/2017 1:00,12,34,315
42579,11/11/2017 2:00,11,34,315
42580,11/11/2017 3:00,11,34,315
42581,11/11/2017 4:00,12,34,315
42582,11/11/2017 5:00,12,34,315
42583,11/11/2017 6:00,11,34,315
42584,11/11/2017 7:00,12,34,315
42585,11/11/2017 8:00,11,34,315
42586,11/11/2017 9:00,12,34,315
42587,11/11/2017 10:00,12,34,315
42588,11/11/2017 11:00,12,36,315
42589,11/11/2017 12:00,12,34,315
42590,11/11/2017 13:00,12,34,315
42591,11/11/2017 14:00,11,34,315
42592,11/11/2017 15:00,11,37,315
42593,11/11/2017 16:00,11,34,315
42594,11/11/2017 17:00,12,34,315
42595,11/11/2017 18:00,11,34,315
42596,11/11/2017 19:00,12,34,315
42597,11/11/2017 20:00,11,34,315
42598,11/11/2017 21:00,12,34,315
42599,11/11/2017 22:00,11,34,315
42600,11/11/2017 23:00,12,34,315
42601,11/12/2017 0:00,11,36,315
42602,11/12/2017 1:00,12,34,315
42603,11/12/2017 2:00,11,34,315
42604,11/12/2017 3:00,12,34,315
42605,11/12/2017 4:00,12,34,315
42606,11/12/2017 5:00,11,34,315
42607,11/12/2017 6:00,12,34,315
42608,11/12/2017 7:00,12,34,315
42609,11/12/2017 8:00,12,34,315
42610,11/12/2017 9:00,12,34,315
42611,11/12/2017 10:00,11,34,315
42612,11/12/2017 11:00,12,34,315
42613,11/12/2017 12:00,12,34,314
42614,11/12/2017 13:00,12,34,314
42615,11/12/2017 14:00,12,34,314
42616,11/12/2017 15:00,11,34,314
42617,11/12/2017 16:00,12,34,314
42618,11/12/2017 17:00,11,34,314
42619,11/12/2017 18:00,12,34,313
42620,11/12/2017 19:00,11,34,313
42621,11/12/2017 20:00,11,34,313
42622,11/12/2017 21:00,11,34,313
42623,11/12/2017 22:00,12,34,313
42624,11/12/2017 23:00,11,34,313
42625,11/13/2017 0:00,12,34,313
42626,11/13/2017 1:00,12,34,313
42627,11/13/2017 2:00,12,34,313
42628,11/13/2017 3:00,12,34,313
42629,11/13/2017 4:00,11,36,313
42630,11/13/2017 5:00,11,34,313
42631,11/13/2017 6:00,12,34,313
42632,11/13/2017 7:00,12,34,313
42633,11/13/2017 8:00,12,34,313
42634,11/13/2017 9:00,12,34,313
42635,11/13/2017 10:00,12,34,313
42636,11/13/2017 11:00,12,34,313
42637,11/13/2017 12:00,12,34,313
42638,11/13/2017 13:00,12,37,313
42639,11/13/2017 14:00,11,35,313
42640,11/13/2017 15:00,12,36,313
42641,11/13/2017 16:00,12,34,313
42642,11/13/2017 17:00,12,34,313
42643,11/13/2017 18:00,11,34,313
42644,11/13/2017 19:00,12,34,313
42645,11/13/2017 20:00,11,34,313
42646,11/13/2017 21:00,12,34,313
42647,11/13/2017 22:00,11,34,313
42648,11/13/2017 23:00,12,34,313
42649,11/14/2017 0:00,11,34,313
42650,11/14/2017 1:00,11,37,313
42651,11/14/2017 2:00,12,34,313
42652,11/14/2017 3:00,12,34,313
42653,11/14/2017 4:00,11,34,313
42654,11/14/2017 5:00,12,34,313
42655,11/14/2017 6:00,11,34,312
42656,11/14/2017 7:00,12,34,313
42657,11/14/2017 8:00,11,34,313
42658,11/14/2017 9:00,12,34,313
42659,11/14/2017 10:00,11,34,312
42660,11/14/2017 11:00,11,34,313
42661,11/14/2017 12:00,11,34,312
42662,11/14/2017 13:00,12,34,312
42663,11/14/2017 14:00,11,34,312
42664,11/14/2017 15:00,12,34,312
42665,11/14/2017 16:00,12,34,312
42666,11/14/2017 17:00,11,37,312
42667,11/14/2017 18:00,11,34,312
42668,11/14/2017 19:00,12,34,312
42669,11/14/2017 20:00,12,34,312
42670,11/14/2017 21:00,12,34,312
42671,11/14/2017 22:00,12,34,312
42672,11/14/2017 23:00,12,37,312
42673,11/15/2017 0:00,11,34,312
42674,11/15/2017 1:00,12,34,312
42675,11/15/2017 2:00,12,34,312
42676,11/15/2017 3:00,12,34,312
42677,11/15/2017 4:00,12,34,312
42678,11/15/2017 5:00,12,34,312
42679,11/15/2017 6:00,11,34,312
42680,11/15/2017 7:00,12,34,312
42681,11/15/2017 8:00,12,34,312
42682,11/15/2017 9:00,12,34,312
42683,11/15/2017 10:00,12,34,312
42684,11/15/2017 11:00,12,34,312
42685,11/15/2017 12:00,12,34,312
42686,11/15/2017 13:00,11,34,312
42687,11/15/2017 14:00,12,34,312
42688,11/15/2017 15:00,12,34,312
42689,11/15/2017 16:00,12,34,312
42690,11/15/2017 17:00,12,34,312
42691,11/15/2017 18:00,12,34,312
42692,11/15/2017 19:00,11,34,312
42693,11/15/2017 20:00,12,34,312
42694,11/15/2017 21:00,12,34,312
42695,11/15/2017 22:00,11,34,312
42696,11/15/2017 23:00,12,34,312
42697,11/16/2017 0:00,12,34,312
42698,11/16/2017 1:00,11,34,312
42699,11/16/2017 2:00,12,34,312
42700,11/16/2017 3:00,11,34,312
42701,11/16/2017 4:00,12,34,312
42702,11/16/2017 5:00,12,34,311
42703,11/16/2017 6:00,12,34,312
42704,11/16/2017 7:00,11,34,311
42705,11/16/2017 8:00,12,34,311
42706,11/16/2017 9:00,11,34,311
42707,11/16/2017 10:00,12,34,311
42708,11/16/2017 11:00,11,34,311
42709,11/16/2017 12:00,11,34,311
42710,11/16/2017 13:00,11,34,311
42711,11/16/2017 14:00,12,34,311
42712,11/16/2017 15:00,12,34,311
42713,11/16/2017 16:00,12,34,311
42714,11/16/2017 17:00,12,34,311
42715,11/16/2017 18:00,12,34,311
42716,11/16/2017 19:00,12,34,311
42717,11/16/2017 20:00,12,34,311
42718,11/16/2017 21:00,12,34,311
42719,11/16/2017 22:00,12,34,311
42720,11/16/2017 23:00,12,34,311
42721,11/17/2017 0:00,12,34,311
42722,11/17/2017 1:00,12,34,311
42723,11/17/2017 2:00,12,34,311
42724,11/17/2017 3:00,11,34,311
42725,11/17/2017 4:00,12,34,311
42726,11/17/2017 5:00,12,34,311
42727,11/17/2017 6:00,12,34,311
42728,11/17/2017 7:00,12,34,311
42729,11/17/2017 8:00,11,34,311
42730,11/17/2017 9:00,11,34,311
42731,11/17/2017 10:00,12,37,310
42732,11/17/2017 11:00,12,34,310
42733,11/17/2017 12:00,12,34,310
42734,11/17/2017 13:00,11,34,310
42735,11/17/2017 14:00,12,34,310
42736,11/17/2017 15:00,12,34,310
42737,11/17/2017 16:00,12,34,310
42738,11/17/2017 17:00,11,36,310
42739,11/17/2017 18:00,12,34,309
42740,11/17/2017 19:00,12,34,309
42741,11/17/2017 20:00,12,34,309
42742,11/17/2017 21:00,12,34,309
42743,11/17/2017 22:00,12,34,309
42744,11/17/2017 23:00,12,34,309
42745,11/18/2017 0:00,12,37,309
42746,11/18/2017 1:00,12,34,309
42747,11/18/2017 2:00,12,34,309
42748,11/18/2017 3:00,12,34,308
42749,11/18/2017 4:00,12,34,308
42750,11/18/2017 5:00,12,34,308
42751,11/18/2017 6:00,12,37,308
42752,11/18/2017 7:00,12,34,308
42753,11/18/2017 8:00,12,34,308
42754,11/18/2017 9:00,12,34,308
42755,11/18/2017 10:00,12,37,308
42756,11/18/2017 11:00,11,34,307
42757,11/18/2017 12:00,12,34,307
42758,11/18/2017 13:00,11,34,307
42759,11/18/2017 14:00,12,34,306
42760,11/18/2017 15:00,12,34,306
42761,11/18/2017 16:00,12,34,306
42762,11/18/2017 17:00,12,34,304
42763,11/18/2017 18:00,12,34,304
42764,11/18/2017 19:00,11,34,304
42765,11/18/2017 20:00,12,34,304
42766,11/18/2017 21:00,12,34,303
42767,11/18/2017 22:00,12,34,303
42768,11/18/2017 23:00,12,34,303
42769,11/19/2017 0:00,11,34,303
42770,11/19/2017 1:00,12,34,303
42771,11/19/2017 2:00,12,34,302
42772,11/19/2017 3:00,12,34,302
42773,11/19/2017 4:00,12,34,301
42774,11/19/2017 5:00,11,34,302
42775,11/19/2017 6:00,12,34,301
42776,11/19/2017 7:00,12,34,302
42777,11/19/2017 8:00,12,34,303
42778,11/19/2017 9:00,12,37,303
42779,11/19/2017 10:00,11,34,303
42780,11/19/2017 11:00,12,35,304
42781,11/19/2017 12:00,12,34,304
42782,11/19/2017 13:00,13,34,304
42783,11/19/2017 14:00,12,34,304
42784,11/19/2017 15:00,11,34,304
42785,11/19/2017 16:00,12,34,305
42786,11/19/2017 17:00,11,34,306
42787,11/19/2017 18:00,12,34,306
42788,11/19/2017 19:00,11,34,307
42789,11/19/2017 20:00,12,34,307
42790,11/19/2017 21:00,12,34,306
42791,11/19/2017 22:00,12,34,307
42792,11/19/2017 23:00,12,35,307
42793,11/20/2017 0:00,12,34,307
42794,11/20/2017 1:00,12,34,306
42795,11/20/2017 2:00,12,34,307
42796,11/20/2017 3:00,12,34,306
42797,11/20/2017 4:00,12,34,305
42798,11/20/2017 5:00,11,34,307
42799,11/20/2017 6:00,12,36,308
42800,11/20/2017 7:00,12,34,307
42801,11/20/2017 8:00,12,34,308
42802,11/20/2017 9:00,12,34,308
42803,11/20/2017 10:00,11,34,308
42804,11/20/2017 11:00,11,34,308
42805,11/20/2017 12:00,12,34,308
42806,11/20/2017 13:00,12,34,308
42807,11/20/2017 14:00,11,34,308
42808,11/20/2017 15:00,12,34,308
42809,11/20/2017 16:00,12,34,308
42810,11/20/2017 17:00,12,34,308
42811,11/20/2017 18:00,12,34,308
42812,11/20/2017 19:00,12,34,308
42813,11/20/2017 20:00,12,34,308
42814,11/20/2017 21:00,12,34,308
42815,11/20/2017 22:00,12,34,308
42816,11/20/2017 23:00,12,34,308
42817,11/21/2017 0:00,12,34,308
42818,11/21/2017 1:00,12,34,308
42819,11/21/2017 2:00,12,34,308
42820,11/21/2017 3:00,12,34,308
42821,11/21/2017 4:00,12,34,308
42822,11/21/2017 5:00,12,34,308
42823,11/21/2017 6:00,12,34,308
42824,11/21/2017 7:00,12,34,308
42825,11/21/2017 8:00,12,34,308
42826,11/21/2017 9:00,12,34,308
42827,11/21/2017 10:00,11,37,308
42828,11/21/2017 11:00,12,34,308
42829,11/21/2017 12:00,12,37,307
42830,11/21/2017 13:00,12,34,308
42831,11/21/2017 14:00,12,34,307
42832,11/21/2017 15:00,12,34,308
42833,11/21/2017 16:00,12,34,307
42834,11/21/2017 17:00,12,34,307
42835,11/21/2017 18:00,12,34,307
42836,11/21/2017 19:00,12,36,307
42837,11/21/2017 20:00,12,34,307
42838,11/21/2017 21:00,12,34,306
42839,11/21/2017 22:00,12,34,306
42840,11/21/2017 23:00,12,34,306
42841,11/22/2017 0:00,11,34,306
42842,11/22/2017 1:00,11,34,306
42843,11/22/2017 2:00,12,34,305
42844,11/22/2017 3:00,12,34,305
42845,11/22/2017 4:00,12,34,304
42846,11/22/2017 5:00,12,34,304
42847,11/22/2017 6:00,12,34,306
42848,11/22/2017 7:00,12,34,304
42849,11/22/2017 8:00,12,34,305
42850,11/22/2017 9:00,11,34,305
42851,11/22/2017 10:00,12,34,304
42852,11/22/2017 11:00,12,34,304
42853,11/22/2017 12:00,12,34,306
42854,11/22/2017 13:00,12,34,306
42855,11/22/2017 14:00,12,35,306
42856,11/22/2017 15:00,12,34,307
42857,11/22/2017 16:00,12,34,307
42858,11/22/2017 17:00,12,36,307
42859,11/22/2017 18:00,12,34,307
42860,11/22/2017 19:00,12,35,307
42861,11/22/2017 20:00,12,34,307
42862,11/22/2017 21:00,11,36,307
42863,11/22/2017 22:00,12,34,306
42864,11/22/2017 23:00,11,34,306
42865,11/23/2017 0:00,11,34,305
42866,11/23/2017 1:00,12,34,304
42867,11/23/2017 2:00,12,34,305
42868,11/23/2017 3:00,12,34,304
42869,11/23/2017 4:00,12,34,304
42870,11/23/2017 5:00,12,34,304
42871,11/23/2017 6:00,11,34,305
42872,11/23/2017 7:00,12,34,306
42873,11/23/2017 8:00,12,34,306
42874,11/23/2017 9:00,12,34,304
42875,11/23/2017 10:00,12,34,304
42876,11/23/2017 11:00,11,34,304
42877,11/23/2017 12:00,12,34,304
42878,11/23/2017 13:00,11,34,304
42879,11/23/2017 14:00,12,34,304
42880,11/23/2017 15:00,12,34,304
42881,11/23/2017 16:00,12,34,304
42882,11/23/2017 17:00,12,34,304
42883,11/23/2017 18:00,11,34,304
42884,11/23/2017 19:00,11,34,304
42885,11/23/2017 20:00,11,34,304
42886,11/23/2017 21:00,12,34,304
42887,11/23/2017 22:00,11,34,304
42888,11/23/2017 23:00,12,34,304
42889,11/24/2017 0:00,11,34,304
42890,11/24/2017 1:00,11,34,304
42891,11/24/2017 2:00,11,34,304
42892,11/24/2017 3:00,11,37,304
42893,11/24/2017 4:00,11,34,303
42894,11/24/2017 5:00,11,34,303
42895,11/24/2017 6:00,11,34,303
42896,11/24/2017 7:00,11,34,303
42897,11/24/2017 8:00,11,34,304
42898,11/24/2017 9:00,11,37,303
42899,11/24/2017 10:00,11,34,303
42900,11/24/2017 11:00,11,34,303
42901,11/24/2017 12:00,11,34,302
42902,11/24/2017 13:00,11,34,302
42903,11/24/2017 14:00,12,34,302
42904,11/24/2017 15:00,11,34,302
42905,11/24/2017 16:00,12,34,302
42906,11/24/2017 17:00,11,34,302
42907,11/24/2017 18:00,11,34,301
42908,11/24/2017 19:00,12,34,301
42909,11/24/2017 20:00,11,34,301
42910,11/24/2017 21:00,11,34,302
42911,11/24/2017 22:00,11,34,301
42912,11/24/2017 23:00,11,37,302
42913,11/25/2017 0:00,11,36,301
42914,11/25/2017 1:00,11,34,301
42915,11/25/2017 2:00,11,34,301
42916,11/25/2017 3:00,11,34,301
42917,11/25/2017 4:00,11,34,301
42918,11/25/2017 5:00,11,34,301
42919,11/25/2017 6:00,11,34,301
42920,11/25/2017 7:00,11,34,301
42921,11/25/2017 8:00,11,34,300
42922,11/25/2017 9:00,11,34,300
42923,11/25/2017 10:00,11,35,300
42924,11/25/2017 11:00,11,34,300
42925,11/25/2017 12:00,11,36,301
42926,11/25/2017 13:00,11,34,300
42927,11/25/2017 14:00,11,34,300
42928,11/25/2017 15:00,11,34,300
42929,11/25/2017 16:00,11,34,300
42930,11/25/2017 17:00,11,34,300
42931,11/25/2017 18:00,11,34,300
42932,11/25/2017 19:00,11,34,300
42933,11/25/2017 20:00,11,34,300
42934,11/25/2017 21:00,11,34,301
42935,11/25/2017 22:00,11,34,300
42936,11/25/2017 23:00,12,32,301
42937,11/26/2017 0:00,12,34,300
42938,11/26/2017 1:00,11,34,300
42939,11/26/2017 2:00,11,34,300
42940,11/26/2017 3:00,11,34,300
42941,11/26/2017 4:00,11,34,300
42942,11/26/2017 5:00,11,36,300
42943,11/26/2017 6:00,11,34,300
42944,11/26/2017 7:00,11,34,300
42945,11/26/2017 8:00,11,34,300
42946,11/26/2017 9:00,11,34,300
42947,11/26/2017 10:00,11,34,300
42948,11/26/2017 11:00,11,34,300
42949,11/26/2017 12:00,11,34,300
42950,11/26/2017 13:00,11,34,300
42951,11/26/2017 14:00,11,34,300
42952,11/26/2017 15:00,11,34,300
42953,11/26/2017 16:00,11,35,301
42954,11/26/2017 17:00,11,34,301
42955,11/26/2017 18:00,11,34,301
42956,11/26/2017 19:00,11,34,302
42957,11/26/2017 20:00,11,34,301
42958,11/26/2017 21:00,11,34,301
42959,11/26/2017 22:00,11,34,301
42960,11/26/2017 23:00,11,36,300
42961,11/27/2017 0:00,11,34,300
42962,11/27/2017 1:00,11,34,300
42963,11/27/2017 2:00,11,34,299
42964,11/27/2017 3:00,11,34,300
42965,11/27/2017 4:00,11,34,300
42966,11/27/2017 5:00,11,34,300
42967,11/27/2017 6:00,11,34,300
42968,11/27/2017 7:00,11,34,299
42969,11/27/2017 8:00,11,34,299
42970,11/27/2017 9:00,11,34,298
42971,11/27/2017 10:00,11,34,299
42972,11/27/2017 11:00,11,37,300
42973,11/27/2017 12:00,11,34,300
42974,11/27/2017 13:00,11,34,300
42975,11/27/2017 14:00,11,34,299
42976,11/27/2017 15:00,11,34,301
42977,11/27/2017 16:00,11,34,300
42978,11/27/2017 17:00,11,34,299
42979,11/27/2017 18:00,11,34,299
42980,11/27/2017 19:00,11,34,299
42981,11/27/2017 20:00,11,34,300
42982,11/27/2017 21:00,11,34,299
42983,11/27/2017 22:00,11,34,299
42984,11/27/2017 23:00,11,34,299
42985,11/28/2017 0:00,11,34,299
42986,11/28/2017 1:00,11,34,299
42987,11/28/2017 2:00,11,34,299
42988,11/28/2017 3:00,11,34,299
42989,11/28/2017 4:00,11,34,298
42990,11/28/2017 5:00,11,34,299
42991,11/28/2017 6:00,11,34,299
42992,11/28/2017 7:00,11,34,299
42993,11/28/2017 8:00,11,34,299
42994,11/28/2017 9:00,11,34,299
42995,11/28/2017 10:00,11,34,299
42996,11/28/2017 11:00,11,34,299
42997,11/28/2017 12:00,11,34,300
42998,11/28/2017 13:00,11,34,298
42999,11/28/2017 14:00,11,34,298
43000,11/28/2017 15:00,11,34,299
43001,11/28/2017 16:00,11,34,299
43002,11/28/2017 17:00,11,34,298
43003,11/28/2017 18:00,11,37,298
43004,11/28/2017 19:00,11,36,298
43005,11/28/2017 20:00,11,34,298
43006,11/28/2017 21:00,11,34,297
43007,11/28/2017 22:00,11,34,295
43008,11/28/2017 23:00,11,34,296
43009,11/29/2017 0:00,11,34,297
43010,11/29/2017 1:00,11,34,296
43011,11/29/2017 2:00,11,35,296
43012,11/29/2017 3:00,11,34,296
43013,11/29/2017 4:00,11,34,297
43014,11/29/2017 5:00,11,34,296
43015,11/29/2017 6:00,11,34,297
43016,11/29/2017 7:00,11,34,295
43017,11/29/2017 8:00,11,34,296
43018,11/29/2017 9:00,11,34,296
43019,11/29/2017 10:00,11,34,296
43020,11/29/2017 11:00,11,34,295
43021,11/29/2017 12:00,11,34,295
43022,11/29/2017 13:00,11,34,295
43023,11/29/2017 14:00,12,34,295
43024,11/29/2017 15:00,11,34,294
43025,11/29/2017 16:00,11,34,294
43026,11/29/2017 17:00,11,34,295
43027,11/29/2017 18:00,11,34,294
43028,11/29/2017 19:00,11,34,295
43029,11/29/2017 20:00,11,34,295
43030,11/29/2017 21:00,11,34,295
43031,11/29/2017 22:00,11,34,294
43032,11/29/2017 23:00,11,34,294
43033,11/30/2017 0:00,11,34,293
43034,11/30/2017 1:00,11,34,294
43035,11/30/2017 2:00,11,34,294
43036,11/30/2017 3:00,11,34,294
43037,11/30/2017 4:00,11,34,291
43038,11/30/2017 5:00,11,34,292
43039,11/30/2017 6:00,11,34,291
43040,11/30/2017 7:00,11,34,293
43041,11/30/2017 8:00,11,34,291
43042,11/30/2017 9:00,11,34,291
43043,11/30/2017 10:00,11,34,291
43044,11/30/2017 11:00,11,34,288
43045,11/30/2017 12:00,11,34,288
43046,11/30/2017 13:00,11,34,287
43047,11/30/2017 14:00,11,34,274
43048,11/30/2017 15:00,11,34,282
43049,11/30/2017 16:00,11,36,283
43050,11/30/2017 17:00,11,34,282
43051,11/30/2017 18:00,11,34,283
43052,11/30/2017 19:00,11,34,283
43053,11/30/2017 20:00,11,34,283
43054,11/30/2017 21:00,11,33,283
43055,11/30/2017 22:00,11,34,283
43056,11/30/2017 23:00,11,34,283
43057,12/1/2017 0:00,11,34,283
43058,12/1/2017 1:00,11,34,283
43059,12/1/2017 2:00,11,34,283
43060,12/1/2017 3:00,11,34,283
43061,12/1/2017 4:00,11,33,283
43062,12/1/2017 5:00,11,34,283
43063,12/1/2017 6:00,11,34,284
43064,12/1/2017 7:00,12,34,283
43065,12/1/2017 8:00,11,34,283
43066,12/1/2017 9:00,11,34,284
43067,12/1/2017 10:00,11,34,285
43068,12/1/2017 11:00,11,34,285
43069,12/1/2017 12:00,11,34,285
43070,12/1/2017 13:00,11,33,284
43071,12/1/2017 14:00,11,34,284
43072,12/1/2017 15:00,11,34,284
43073,12/1/2017 16:00,11,33,284
43074,12/1/2017 17:00,11,33,284
43075,12/1/2017 18:00,11,34,283
43076,12/1/2017 19:00,11,34,284
43077,12/1/2017 20:00,11,34,283
43078,12/1/2017 21:00,11,34,283
43079,12/1/2017 22:00,11,34,283
43080,12/1/2017 23:00,11,33,283
43081,12/2/2017 0:00,11,34,283
43082,12/2/2017 1:00,11,34,283
43083,12/2/2017 2:00,12,33,283
43084,12/2/2017 3:00,11,34,283
43085,12/2/2017 4:00,11,33,283
43086,12/2/2017 5:00,11,34,283
43087,12/2/2017 6:00,11,34,283
43088,12/2/2017 7:00,11,33,283
43089,12/2/2017 8:00,11,36,283
43090,12/2/2017 9:00,11,36,283
43091,12/2/2017 10:00,11,34,283
43092,12/2/2017 11:00,11,34,283
43093,12/2/2017 12:00,11,33,283
43094,12/2/2017 13:00,11,33,284
43095,12/2/2017 14:00,11,33,284
43096,12/2/2017 15:00,11,33,283
43097,12/2/2017 16:00,11,33,283
43098,12/2/2017 17:00,11,34,283
43099,12/2/2017 18:00,11,33,283
43100,12/2/2017 19:00,11,34,283
43101,12/2/2017 20:00,11,33,283
43102,12/2/2017 21:00,11,35,283
43103,12/2/2017 22:00,11,33,283
43104,12/2/2017 23:00,11,33,283
43105,12/3/2017 0:00,11,33,283
43106,12/3/2017 1:00,11,33,283
43107,12/3/2017 2:00,12,33,283
43108,12/3/2017 3:00,11,33,283
43109,12/3/2017 4:00,11,33,283
43110,12/3/2017 5:00,11,33,284
43111,12/3/2017 6:00,11,33,283
43112,12/3/2017 7:00,11,33,283
43113,12/3/2017 8:00,12,34,283
43114,12/3/2017 9:00,11,33,283
43115,12/3/2017 10:00,11,33,283
43116,12/3/2017 11:00,11,33,283
43117,12/3/2017 12:00,11,35,283
43118,12/3/2017 13:00,11,35,283
43119,12/3/2017 14:00,11,33,283
43120,12/3/2017 15:00,11,33,283
43121,12/3/2017 16:00,11,33,283
43122,12/3/2017 17:00,11,36,283
43123,12/3/2017 18:00,11,33,283
43124,12/3/2017 19:00,11,33,282
43125,12/3/2017 20:00,11,33,283
43126,12/3/2017 21:00,11,33,283
43127,12/3/2017 22:00,11,33,283
43128,12/3/2017 23:00,11,33,283
43129,12/4/2017 0:00,11,33,283
43130,12/4/2017 1:00,11,34,283
43131,12/4/2017 2:00,11,33,283
43132,12/4/2017 3:00,11,33,283
43133,12/4/2017 4:00,11,33,283
43134,12/4/2017 5:00,11,33,283
43135,12/4/2017 6:00,11,33,282
43136,12/4/2017 7:00,11,33,283
43137,12/4/2017 8:00,11,33,283
43138,12/4/2017 9:00,11,33,283
43139,12/4/2017 10:00,11,33,283
43140,12/4/2017 11:00,11,33,283
43141,12/4/2017 12:00,11,33,283
43142,12/4/2017 13:00,11,33,283
43143,12/4/2017 14:00,11,35,283
43144,12/4/2017 15:00,11,33,283
43145,12/4/2017 16:00,11,33,283
43146,12/4/2017 17:00,11,33,283
43147,12/4/2017 18:00,11,33,282
43148,12/4/2017 19:00,11,33,282
43149,12/4/2017 20:00,11,33,283
43150,12/4/2017 21:00,11,33,283
43151,12/4/2017 22:00,11,33,282
43152,12/4/2017 23:00,11,36,282
43153,12/5/2017 0:00,11,35,282
43154,12/5/2017 1:00,12,33,282
43155,12/5/2017 2:00,11,33,282
43156,12/5/2017 3:00,11,33,282
43157,12/5/2017 4:00,11,33,282
43158,12/5/2017 5:00,11,34,282
43159,12/5/2017 6:00,11,33,282
43160,12/5/2017 7:00,11,33,282
43161,12/5/2017 8:00,11,33,282
43162,12/5/2017 9:00,11,33,282
43163,12/5/2017 10:00,11,36,283
43164,12/5/2017 11:00,11,33,283
43165,12/5/2017 12:00,11,33,283
43166,12/5/2017 13:00,11,35,283
43167,12/5/2017 14:00,11,33,283
43168,12/5/2017 15:00,11,33,283
43169,12/5/2017 16:00,11,33,283
43170,12/5/2017 17:00,11,34,283
43171,12/5/2017 18:00,11,33,283
43172,12/5/2017 19:00,11,33,283
43173,12/5/2017 20:00,11,33,283
43174,12/5/2017 21:00,11,33,283
43175,12/5/2017 22:00,11,33,283
43176,12/5/2017 23:00,11,33,283
43177,12/6/2017 0:00,11,33,283
43178,12/6/2017 1:00,11,33,283
43179,12/6/2017 2:00,11,35,283
43180,12/6/2017 3:00,11,33,283
43181,12/6/2017 4:00,11,33,283
43182,12/6/2017 5:00,11,33,282
43183,12/6/2017 6:00,11,33,282
43184,12/6/2017 7:00,11,33,283
43185,12/6/2017 8:00,12,36,282
43186,12/6/2017 9:00,11,34,283
43187,12/6/2017 10:00,11,34,283
43188,12/6/2017 11:00,11,33,283
43189,12/6/2017 12:00,11,33,282
43190,12/6/2017 13:00,11,33,282
43191,12/6/2017 14:00,11,33,282
43192,12/6/2017 15:00,11,33,282
43193,12/6/2017 16:00,11,33,282
43194,12/6/2017 17:00,11,33,282
43195,12/6/2017 18:00,11,34,282
43196,12/6/2017 19:00,11,33,282
43197,12/6/2017 20:00,11,33,282
43198,12/6/2017 21:00,11,33,282
43199,12/6/2017 22:00,11,33,282
43200,12/6/2017 23:00,11,34,282
43201,12/7/2017 0:00,11,33,282
43202,12/7/2017 1:00,11,36,282
43203,12/7/2017 2:00,11,33,282
43204,12/7/2017 3:00,11,33,282
43205,12/7/2017 4:00,11,33,282
43206,12/7/2017 5:00,11,34,282
43207,12/7/2017 6:00,11,33,282
43208,12/7/2017 7:00,11,33,282
43209,12/7/2017 8:00,11,33,282
43210,12/7/2017 9:00,11,34,282
43211,12/7/2017 10:00,11,33,282
43212,12/7/2017 11:00,11,33,282
43213,12/7/2017 12:00,11,33,282
43214,12/7/2017 13:00,11,33,282
43215,12/7/2017 14:00,11,34,282
43216,12/7/2017 15:00,11,33,282
43217,12/7/2017 16:00,11,33,282
43218,12/7/2017 17:00,11,34,282
43219,12/7/2017 18:00,11,33,282
43220,12/7/2017 19:00,11,33,282
43221,12/7/2017 20:00,11,33,282
43222,12/7/2017 21:00,11,33,282
43223,12/7/2017 22:00,11,33,282
43224,12/7/2017 23:00,11,34,282
43225,12/8/2017 0:00,11,35,282
43226,12/8/2017 1:00,11,33,282
43227,12/8/2017 2:00,11,33,282
43228,12/8/2017 3:00,11,34,282
43229,12/8/2017 4:00,11,34,282
43230,12/8/2017 5:00,11,34,282
43231,12/8/2017 6:00,11,33,282
43232,12/8/2017 7:00,11,34,282
43233,12/8/2017 8:00,11,34,282
43234,12/8/2017 9:00,11,34,282
43235,12/8/2017 10:00,11,34,282
43236,12/8/2017 11:00,11,34,282
43237,12/8/2017 12:00,11,34,282
43238,12/8/2017 13:00,11,34,281
43239,12/8/2017 14:00,11,35,281
43240,12/8/2017 15:00,11,34,281
43241,12/8/2017 16:00,11,34,281
43242,12/8/2017 17:00,11,33,281
43243,12/8/2017 18:00,12,33,281
43244,12/8/2017 19:00,11,34,281
43245,12/8/2017 20:00,11,33,281
43246,12/8/2017 21:00,11,33,280
43247,12/8/2017 22:00,11,34,278
43248,12/8/2017 23:00,11,36,278
43249,12/9/2017 0:00,11,36,278
43250,12/9/2017 1:00,11,33,277
43251,12/9/2017 2:00,11,33,277
43252,12/9/2017 3:00,11,34,276
43253,12/9/2017 4:00,11,35,276
43254,12/9/2017 5:00,11,34,276
43255,12/9/2017 6:00,11,36,276
43256,12/9/2017 7:00,12,36,276
43257,12/9/2017 8:00,11,34,275
43258,12/9/2017 9:00,11,33,273
43259,12/9/2017 10:00,11,34,266
43260,12/9/2017 11:00,11,34,264
43261,12/9/2017 12:00,11,35,283
43262,12/9/2017 13:00,11,34,283
43263,12/9/2017 14:00,11,34,276
43264,12/9/2017 15:00,11,34,267
43265,12/9/2017 16:00,11,34,267
43266,12/9/2017 17:00,11,36,251
43267,12/9/2017 18:00,11,34,291
43268,12/9/2017 19:00,11,35,294
43269,12/9/2017 20:00,11,34,295
43270,12/9/2017 21:00,11,34,294
43271,12/9/2017 22:00,11,34,296
43272,12/9/2017 23:00,11,35,296
43273,12/10/2017 0:00,11,35,298
43274,12/10/2017 1:00,11,34,300
43275,12/10/2017 2:00,11,34,296
43276,12/10/2017 3:00,11,34,301
43277,12/10/2017 4:00,11,34,301
43278,12/10/2017 5:00,11,34,299
43279,12/10/2017 6:00,11,34,299
43280,12/10/2017 7:00,11,34,301
43281,12/10/2017 8:00,11,34,299
43282,12/10/2017 9:00,11,34,299
43283,12/10/2017 10:00,11,34,296
43284,12/10/2017 11:00,11,34,299
43285,12/10/2017 12:00,11,36,299
43286,12/10/2017 13:00,11,34,300
43287,12/10/2017 14:00,11,34,301
43288,12/10/2017 15:00,11,34,301
43289,12/10/2017 16:00,11,34,301
43290,12/10/2017 17:00,11,34,298
43291,12/10/2017 18:00,11,34,300
43292,12/10/2017 19:00,11,34,300
43293,12/10/2017 20:00,11,34,299
43294,12/10/2017 21:00,11,34,300
43295,12/10/2017 22:00,11,34,300
43296,12/10/2017 23:00,11,34,300
43297,12/11/2017 0:00,11,34,300
43298,12/11/2017 1:00,11,33,299
43299,12/11/2017 2:00,11,34,299
43300,12/11/2017 3:00,11,34,299
43301,12/11/2017 4:00,11,34,300
43302,12/11/2017 5:00,11,34,300
43303,12/11/2017 6:00,11,36,300
43304,12/11/2017 7:00,11,34,299
43305,12/11/2017 8:00,11,34,299
43306,12/11/2017 9:00,11,34,301
43307,12/11/2017 10:00,11,35,302
43308,12/11/2017 11:00,11,34,298
43309,12/11/2017 12:00,11,35,301
43310,12/11/2017 13:00,11,34,298
43311,12/11/2017 14:00,11,34,298
43312,12/11/2017 15:00,11,34,299
43313,12/11/2017 16:00,11,34,296
43314,12/11/2017 17:00,11,37,298
43315,12/11/2017 18:00,11,34,298
43316,12/11/2017 19:00,11,34,298
43317,12/11/2017 20:00,11,34,298
43318,12/11/2017 21:00,11,36,298
43319,12/11/2017 22:00,11,34,298
43320,12/11/2017 23:00,11,34,298
43321,12/12/2017 0:00,11,34,296
43322,12/12/2017 1:00,11,34,296
43323,12/12/2017 2:00,11,34,296
43324,12/12/2017 3:00,11,34,298
43325,12/12/2017 4:00,11,34,296
43326,12/12/2017 5:00,11,34,296
43327,12/12/2017 6:00,11,34,296
43328,12/12/2017 7:00,11,34,296
43329,12/12/2017 8:00,11,37,296
43330,12/12/2017 9:00,11,37,296
43331,12/12/2017 10:00,11,37,296
43332,12/12/2017 11:00,11,34,296
43333,12/12/2017 12:00,11,34,298
43334,12/12/2017 13:00,11,34,298
43335,12/12/2017 14:00,11,35,296
43336,12/12/2017 15:00,11,34,296
43337,12/12/2017 16:00,11,35,296
43338,12/12/2017 17:00,11,34,295
43339,12/12/2017 18:00,11,34,300
43340,12/12/2017 19:00,11,34,295
43341,12/12/2017 20:00,11,34,296
43342,12/12/2017 21:00,11,33,296
43343,12/12/2017 22:00,11,34,295
43344,12/12/2017 23:00,11,34,295
43345,12/13/2017 0:00,11,37,295
43346,12/13/2017 1:00,11,35,298
43347,12/13/2017 2:00,11,34,295
43348,12/13/2017 3:00,11,34,295
43349,12/13/2017 4:00,11,34,295
43350,12/13/2017 5:00,11,34,295
43351,12/13/2017 6:00,11,36,295
43352,12/13/2017 7:00,11,32,296
43353,12/13/2017 8:00,11,34,293
43354,12/13/2017 9:00,11,34,294
43355,12/13/2017 10:00,11,35,296
43356,12/13/2017 11:00,12,34,298
43357,12/13/2017 12:00,11,34,299
43358,12/13/2017 13:00,11,34,299
43359,12/13/2017 14:00,11,34,299
43360,12/13/2017 15:00,11,34,299
43361,12/13/2017 16:00,11,34,299
43362,12/13/2017 17:00,11,34,299
43363,12/13/2017 18:00,11,34,295
43364,12/13/2017 19:00,11,34,296
43365,12/13/2017 20:00,11,33,298
43366,12/13/2017 21:00,11,34,298
43367,12/13/2017 22:00,11,34,299
43368,12/13/2017 23:00,11,34,299
43369,12/14/2017 0:00,11,34,295
43370,12/14/2017 1:00,11,32,298
43371,12/14/2017 2:00,11,35,298
43372,12/14/2017 3:00,11,34,298
43373,12/14/2017 4:00,11,34,299
43374,12/14/2017 5:00,11,34,295
43375,12/14/2017 6:00,11,33,298
43376,12/14/2017 7:00,11,33,297
43377,12/14/2017 8:00,11,33,298
43378,12/14/2017 9:00,11,33,299
43379,12/14/2017 10:00,11,33,299
43380,12/14/2017 11:00,11,34,299
43381,12/14/2017 12:00,11,34,299
43382,12/14/2017 13:00,11,33,299
43383,12/14/2017 14:00,11,33,295
43384,12/14/2017 15:00,11,33,294
43385,12/14/2017 16:00,11,33,294
43386,12/14/2017 17:00,11,33,293
43387,12/14/2017 18:00,11,33,285
43388,12/14/2017 19:00,11,33,293
43389,12/14/2017 20:00,11,33,293
43390,12/14/2017 21:00,11,33,291
43391,12/14/2017 22:00,11,33,292
43392,12/14/2017 23:00,11,33,285
43393,12/15/2017 0:00,11,33,291
43394,12/15/2017 1:00,11,33,292
43395,12/15/2017 2:00,11,33,291
43396,12/15/2017 3:00,11,33,291
43397,12/15/2017 4:00,11,33,291
43398,12/15/2017 5:00,11,33,291
43399,12/15/2017 6:00,11,33,292
43400,12/15/2017 7:00,11,33,292
43401,12/15/2017 8:00,11,33,293
43402,12/15/2017 9:00,11,33,293
43403,12/15/2017 10:00,11,33,293
43404,12/15/2017 11:00,11,33,293
43405,12/15/2017 12:00,11,33,291
43406,12/15/2017 13:00,11,33,291
43407,12/15/2017 14:00,11,33,284
43408,12/15/2017 15:00,11,33,287
43409,12/15/2017 16:00,11,33,286
43410,12/15/2017 17:00,11,33,289
43411,12/15/2017 18:00,11,33,289
43412,12/15/2017 19:00,11,33,289
43413,12/15/2017 20:00,11,33,294
43414,12/15/2017 21:00,11,33,290
43415,12/15/2017 22:00,11,33,290
43416,12/15/2017 23:00,11,33,295
43417,12/16/2017 0:00,11,32,295
43418,12/16/2017 1:00,11,33,287
43419,12/16/2017 2:00,11,33,290
43420,12/16/2017 3:00,11,33,290
43421,12/16/2017 4:00,11,33,289
43422,12/16/2017 5:00,11,33,291
43423,12/16/2017 6:00,11,33,294
43424,12/16/2017 7:00,11,32,290
43425,12/16/2017 8:00,11,32,289
43426,12/16/2017 9:00,11,32,293
43427,12/16/2017 10:00,11,32,293
43428,12/16/2017 11:00,11,33,293
43429,12/16/2017 12:00,11,32,293
43430,12/16/2017 13:00,11,32,293
43431,12/16/2017 14:00,11,32,293
43432,12/16/2017 15:00,11,32,292
43433,12/16/2017 16:00,11,32,293
43434,12/16/2017 17:00,11,32,293
43435,12/16/2017 18:00,11,32,293
43436,12/16/2017 19:00,11,32,293
43437,12/16/2017 20:00,11,32,292
43438,12/16/2017 21:00,11,32,291
43439,12/16/2017 22:00,11,32,291
43440,12/16/2017 23:00,11,32,291
43441,12/17/2017 0:00,11,32,290
43442,12/17/2017 1:00,11,32,285
43443,12/17/2017 2:00,12,32,294
43444,12/17/2017 3:00,11,32,293
43445,12/17/2017 4:00,11,32,293
43446,12/17/2017 5:00,11,32,293
43447,12/17/2017 6:00,11,32,294
43448,12/17/2017 7:00,11,32,293
43449,12/17/2017 8:00,11,32,293
43450,12/17/2017 9:00,12,32,293
43451,12/17/2017 10:00,11,32,291
43452,12/17/2017 11:00,11,32,295
43453,12/17/2017 12:00,11,32,296
43454,12/17/2017 13:00,11,32,297
43455,12/17/2017 14:00,11,32,298
43456,12/17/2017 15:00,11,32,298
43457,12/17/2017 16:00,11,32,298
43458,12/17/2017 17:00,11,32,298
43459,12/17/2017 18:00,11,32,298
43460,12/17/2017 19:00,11,32,297
43461,12/17/2017 20:00,11,32,292
43462,12/17/2017 21:00,11,32,291
43463,12/17/2017 22:00,11,32,293
43464,12/17/2017 23:00,11,32,291
43465,12/18/2017 0:00,11,32,293
43466,12/18/2017 1:00,11,32,292
43467,12/18/2017 2:00,11,32,291
43468,12/18/2017 3:00,10,32,293
43469,12/18/2017 4:00,11,32,294
43470,12/18/2017 5:00,11,32,294
43471,12/18/2017 6:00,13,32,295
43472,12/18/2017 7:00,12,32,295
43473,12/18/2017 8:00,11,32,296
43474,12/18/2017 9:00,9,32,296
43475,12/18/2017 10:00,10,32,296
43476,12/18/2017 11:00,11,32,297
43477,12/18/2017 12:00,13,32,297
43478,12/18/2017 13:00,11,32,297
43479,12/18/2017 14:00,10,32,296
43480,12/18/2017 15:00,11,32,295
43481,12/18/2017 16:00,9,32,295
43482,12/18/2017 17:00,10,32,296
43483,12/18/2017 18:00,11,32,296
43484,12/18/2017 19:00,11,32,296
43485,12/18/2017 20:00,11,32,295
43486,12/18/2017 21:00,11,32,295
43487,12/18/2017 22:00,10,32,295
43488,12/18/2017 23:00,11,32,297
43489,12/19/2017 0:00,11,32,295
43490,12/19/2017 1:00,11,32,295
43491,12/19/2017 2:00,11,32,295
43492,12/19/2017 3:00,11,32,295
43493,12/19/2017 4:00,11,32,295
43494,12/19/2017 5:00,11,32,295
43495,12/19/2017 6:00,10,32,294
43496,12/19/2017 7:00,9,32,295
43497,12/19/2017 8:00,11,32,294
43498,12/19/2017 9:00,10,32,295
43499,12/19/2017 10:00,10,32,290
43500,12/19/2017 11:00,11,32,287
43501,12/19/2017 12:00,11,32,287
43502,12/19/2017 13:00,11,32,287
43503,12/19/2017 14:00,11,32,287
43504,12/19/2017 15:00,10,32,286
43505,12/19/2017 16:00,11,32,294
43506,12/19/2017 17:00,10,32,294
43507,12/19/2017 18:00,11,32,294
43508,12/19/2017 19:00,11,32,295
43509,12/19/2017 20:00,11,32,295
43510,12/19/2017 21:00,12,32,295
43511,12/19/2017 22:00,11,32,295
43512,12/19/2017 23:00,9,32,295
43513,12/20/2017 0:00,11,32,295
43514,12/20/2017 1:00,11,32,295
43515,12/20/2017 2:00,11,32,296
43516,12/20/2017 3:00,11,32,296
43517,12/20/2017 4:00,11,32,295
43518,12/20/2017 5:00,11,32,296
43519,12/20/2017 6:00,10,32,296
43520,12/20/2017 7:00,11,32,296
43521,12/20/2017 8:00,11,32,296
43522,12/20/2017 9:00,11,32,295
43523,12/20/2017 10:00,13,32,296
43524,12/20/2017 11:00,12,32,296
43525,12/20/2017 12:00,11,32,295
43526,12/20/2017 13:00,12,32,294
43527,12/20/2017 14:00,10,32,296
43528,12/20/2017 15:00,11,32,296
43529,12/20/2017 16:00,11,32,296
43530,12/20/2017 17:00,11,32,296
43531,12/20/2017 18:00,11,32,296
43532,12/20/2017 19:00,11,32,295
43533,12/20/2017 20:00,11,32,297
43534,12/20/2017 21:00,11,32,297
43535,12/20/2017 22:00,10,32,298
43536,12/20/2017 23:00,11,32,298
43537,12/21/2017 0:00,11,32,298
43538,12/21/2017 1:00,11,32,298
43539,12/21/2017 2:00,11,32,298
43540,12/21/2017 3:00,10,32,298
43541,12/21/2017 4:00,12,32,298
43542,12/21/2017 5:00,10,32,297
43543,12/21/2017 6:00,11,32,295
43544,12/21/2017 7:00,12,32,295
43545,12/21/2017 8:00,11,32,295
43546,12/21/2017 9:00,11,32,296
43547,12/21/2017 10:00,11,32,296
43548,12/21/2017 11:00,11,32,296
43549,12/21/2017 12:00,11,32,294
43550,12/21/2017 13:00,11,32,294
43551,12/21/2017 14:00,11,32,295
43552,12/21/2017 15:00,12,32,295
43553,12/21/2017 16:00,11,32,295
43554,12/21/2017 17:00,10,32,296
43555,12/21/2017 18:00,11,33,295
43556,12/21/2017 19:00,11,33,293
43557,12/21/2017 20:00,11,32,295
43558,12/21/2017 21:00,11,32,295
43559,12/21/2017 22:00,11,32,296
43560,12/21/2017 23:00,10,32,296
43561,12/22/2017 0:00,11,32,296
43562,12/22/2017 1:00,11,32,297
43563,12/22/2017 2:00,11,32,297
43564,12/22/2017 3:00,10,32,297
43565,12/22/2017 4:00,11,32,298
43566,12/22/2017 5:00,11,32,298
43567,12/22/2017 6:00,10,32,298
43568,12/22/2017 7:00,11,32,298
43569,12/22/2017 8:00,11,32,298
43570,12/22/2017 9:00,11,32,297
43571,12/22/2017 10:00,9,32,297
43572,12/22/2017 11:00,11,32,296
43573,12/22/2017 12:00,11,32,296
43574,12/22/2017 13:00,11,32,295
43575,12/22/2017 14:00,10,32,295
43576,12/22/2017 15:00,10,32,295
43577,12/22/2017 16:00,11,32,296
43578,12/22/2017 17:00,11,32,296
43579,12/22/2017 18:00,11,32,296
43580,12/22/2017 19:00,11,32,296
43581,12/22/2017 20:00,11,32,297
43582,12/22/2017 21:00,9,32,297
43583,12/22/2017 22:00,11,32,297
43584,12/22/2017 23:00,10,32,297
43585,12/23/2017 0:00,11,35,297
43586,12/23/2017 1:00,11,32,298
43587,12/23/2017 2:00,11,32,298
43588,12/23/2017 3:00,11,31,298
43589,12/23/2017 4:00,11,34,298
43590,12/23/2017 5:00,9,31,297
43591,12/23/2017 6:00,10,32,298
43592,12/23/2017 7:00,11,32,298
43593,12/23/2017 8:00,10,32,297
43594,12/23/2017 9:00,11,32,298
43595,12/23/2017 10:00,11,32,297
43596,12/23/2017 11:00,11,32,297
43597,12/23/2017 12:00,11,32,297
43598,12/23/2017 13:00,10,32,296
43599,12/23/2017 14:00,10,32,296
43600,12/23/2017 15:00,11,32,296
43601,12/23/2017 16:00,11,32,295
43602,12/23/2017 17:00,11,32,296
43603,12/23/2017 18:00,11,32,295
43604,12/23/2017 19:00,11,32,295
43605,12/23/2017 20:00,11,32,295
43606,12/23/2017 21:00,11,32,295
43607,12/23/2017 22:00,11,33,295
43608,12/23/2017 23:00,11,32,294
43609,12/24/2017 0:00,11,32,294
43610,12/24/2017 1:00,11,32,294
43611,12/24/2017 2:00,11,32,295
43612,12/24/2017 3:00,11,35,295
43613,12/24/2017 4:00,11,32,295
43614,12/24/2017 5:00,11,32,295
43615,12/24/2017 6:00,12,32,296
43616,12/24/2017 7:00,11,32,296
43617,12/24/2017 8:00,10,32,296
43618,12/24/2017 9:00,10,32,296
43619,12/24/2017 10:00,11,32,295
43620,12/24/2017 11:00,11,32,296
43621,12/24/2017 12:00,11,32,296
43622,12/24/2017 13:00,11,32,295
43623,12/24/2017 14:00,11,32,296
43624,12/24/2017 15:00,9,32,296
43625,12/24/2017 16:00,11,32,296
43626,12/24/2017 17:00,11,32,296
43627,12/24/2017 18:00,11,32,295
43628,12/24/2017 19:00,11,32,296
43629,12/24/2017 20:00,11,32,296
43630,12/24/2017 21:00,11,32,295
43631,12/24/2017 22:00,11,32,295
43632,12/24/2017 23:00,11,32,295
43633,12/25/2017 0:00,11,32,295
43634,12/25/2017 1:00,11,32,296
43635,12/25/2017 2:00,12,32,295
43636,12/25/2017 3:00,10,32,296
43637,12/25/2017 4:00,11,32,296
43638,12/25/2017 5:00,11,32,295
43639,12/25/2017 6:00,11,35,295
43640,12/25/2017 7:00,11,32,294
43641,12/25/2017 8:00,11,32,291
43642,12/25/2017 9:00,11,32,290
43643,12/25/2017 10:00,11,32,290
43644,12/25/2017 11:00,11,32,295
43645,12/25/2017 12:00,11,32,296
43646,12/25/2017 13:00,11,32,296
43647,12/25/2017 14:00,11,32,297
43648,12/25/2017 15:00,11,32,296
43649,12/25/2017 16:00,11,32,297
43650,12/25/2017 17:00,11,32,298
43651,12/25/2017 18:00,11,32,298
43652,12/25/2017 19:00,11,32,298
43653,12/25/2017 20:00,10,32,298
43654,12/25/2017 21:00,10,32,299
43655,12/25/2017 22:00,11,32,299
43656,12/25/2017 23:00,11,32,299
43657,12/26/2017 0:00,10,32,299
43658,12/26/2017 1:00,11,32,299
43659,12/26/2017 2:00,11,32,299
43660,12/26/2017 3:00,11,32,299
43661,12/26/2017 4:00,11,32,300
43662,12/26/2017 5:00,11,32,300
43663,12/26/2017 6:00,11,32,300
43664,12/26/2017 7:00,11,32,299
43665,12/26/2017 8:00,11,32,299
43666,12/26/2017 9:00,11,32,299
43667,12/26/2017 10:00,11,32,299
43668,12/26/2017 11:00,12,32,298
43669,12/26/2017 12:00,12,32,294
43670,12/26/2017 13:00,9,32,299
43671,12/26/2017 14:00,11,32,299
43672,12/26/2017 15:00,10,32,300
43673,12/26/2017 16:00,11,32,300
43674,12/26/2017 17:00,11,32,300
43675,12/26/2017 18:00,11,32,300
43676,12/26/2017 19:00,11,32,300
43677,12/26/2017 20:00,11,32,300
43678,12/26/2017 21:00,11,32,294
43679,12/26/2017 22:00,11,32,294
43680,12/26/2017 23:00,11,32,296
43681,12/27/2017 0:00,11,32,297
43682,12/27/2017 1:00,11,32,298
43683,12/27/2017 2:00,11,32,299
43684,12/27/2017 3:00,11,32,299
43685,12/27/2017 4:00,11,32,299
43686,12/27/2017 5:00,11,32,299
43687,12/27/2017 6:00,11,32,299
43688,12/27/2017 7:00,11,32,299
43689,12/27/2017 8:00,11,32,299
43690,12/27/2017 9:00,11,32,299
43691,12/27/2017 10:00,9,32,299
43692,12/27/2017 11:00,11,32,299
43693,12/27/2017 12:00,11,32,299
43694,12/27/2017 13:00,11,32,299
43695,12/27/2017 14:00,11,32,299
43696,12/27/2017 15:00,11,32,298
43697,12/27/2017 16:00,11,32,298
43698,12/27/2017 17:00,11,32,297
43699,12/27/2017 18:00,11,32,296
43700,12/27/2017 19:00,11,32,296
43701,12/27/2017 20:00,11,32,296
43702,12/27/2017 21:00,11,32,296
43703,12/27/2017 22:00,11,32,296
43704,12/27/2017 23:00,10,32,296
43705,12/28/2017 0:00,11,32,296
43706,12/28/2017 1:00,11,32,296
43707,12/28/2017 2:00,11,32,296
43708,12/28/2017 3:00,11,32,296
43709,12/28/2017 4:00,12,32,296
43710,12/28/2017 5:00,11,32,296
43711,12/28/2017 6:00,11,32,296
43712,12/28/2017 7:00,11,32,296
43713,12/28/2017 8:00,11,32,296
43714,12/28/2017 9:00,11,32,296
43715,12/28/2017 10:00,11,32,296
43716,12/28/2017 11:00,11,32,296
43717,12/28/2017 12:00,12,35,296
43718,12/28/2017 13:00,11,32,291
43719,12/28/2017 14:00,11,32,296
43720,12/28/2017 15:00,11,32,297
43721,12/28/2017 16:00,11,32,294
43722,12/28/2017 17:00,11,32,296
43723,12/28/2017 18:00,13,32,296
43724,12/28/2017 19:00,10,32,297
43725,12/28/2017 20:00,11,32,297
43726,12/28/2017 21:00,11,32,298
43727,12/28/2017 22:00,11,32,297
43728,12/28/2017 23:00,11,32,297
43729,12/29/2017 0:00,11,32,298
43730,12/29/2017 1:00,11,32,297
43731,12/29/2017 2:00,11,32,298
43732,12/29/2017 3:00,11,32,298
43733,12/29/2017 4:00,11,32,297
43734,12/29/2017 5:00,11,32,296
43735,12/29/2017 6:00,10,32,296
43736,12/29/2017 7:00,11,32,296
43737,12/29/2017 8:00,11,32,296
43738,12/29/2017 9:00,11,32,294
43739,12/29/2017 10:00,12,32,295
43740,12/29/2017 11:00,11,32,295
43741,12/29/2017 12:00,11,32,295
43742,12/29/2017 13:00,11,32,295
43743,12/29/2017 14:00,11,32,294
43744,12/29/2017 15:00,11,34,294
43745,12/29/2017 16:00,11,32,293
43746,12/29/2017 17:00,11,32,295
43747,12/29/2017 18:00,11,32,294
43748,12/29/2017 19:00,9,32,294
43749,12/29/2017 20:00,10,32,294
43750,12/29/2017 21:00,11,32,293
43751,12/29/2017 22:00,11,32,293
43752,12/29/2017 23:00,11,32,294
43753,12/30/2017 0:00,11,32,294
43754,12/30/2017 1:00,11,32,293
43755,12/30/2017 2:00,11,32,293
43756,12/30/2017 3:00,11,32,294
43757,12/30/2017 4:00,10,32,294
43758,12/30/2017 5:00,11,32,294
43759,12/30/2017 6:00,10,32,294
43760,12/30/2017 7:00,11,32,294
43761,12/30/2017 8:00,11,32,293
43762,12/30/2017 9:00,12,32,291
43763,12/30/2017 10:00,11,32,294
43764,12/30/2017 11:00,11,32,294
43765,12/30/2017 12:00,11,32,294
43766,12/30/2017 13:00,11,32,294
43767,12/30/2017 14:00,11,32,294
43768,12/30/2017 15:00,9,32,295
43769,12/30/2017 16:00,10,32,294
43770,12/30/2017 17:00,9,32,294
43771,12/30/2017 18:00,11,32,294
43772,12/30/2017 19:00,9,32,293
43773,12/30/2017 20:00,9,32,291
43774,12/30/2017 21:00,9,32,295
43775,12/30/2017 22:00,11,32,295
43776,12/30/2017 23:00,11,32,294
43777,12/31/2017 0:00,11,32,291
43778,12/31/2017 1:00,11,32,291
43779,12/31/2017 2:00,11,32,291
43780,12/31/2017 3:00,11,32,293
43781,12/31/2017 4:00,9,32,294
43782,12/31/2017 5:00,12,32,296
43783,12/31/2017 6:00,11,32,296
43784,12/31/2017 7:00,11,32,297
43785,12/31/2017 8:00,13,32,298
43786,12/31/2017 9:00,11,32,298
43787,12/31/2017 10:00,11,32,298
43788,12/31/2017 11:00,11,32,298
43789,12/31/2017 12:00,11,32,298
43790,12/31/2017 13:00,11,32,298
43791,12/31/2017 14:00,11,32,298
43792,12/31/2017 15:00,11,32,298
43793,12/31/2017 16:00,11,32,298
43794,12/31/2017 17:00,11,32,298
43795,12/31/2017 18:00,11,32,298
43796,12/31/2017 19:00,11,32,298
43797,12/31/2017 20:00,11,32,298
43798,12/31/2017 21:00,11,32,298
43799,12/31/2017 22:00,11,32,298
43800,12/31/2017 23:00,11,32,298
